word	source_kind	sources (page@revision)	note
克林	cgroup	Template:CGroup/DragonBall@92325756	
克林	char	七龍珠 (動畫)@94701288; 七龍珠 摩訶不思議大冒險@93733668; 七龍珠 魔神城內的睡美人@93733678; 七龍珠Z 世界最強的高手@93733633; 七龍珠Z 兩人面臨危機！超戰士難以成眠@93733635; 七龍珠Z 地球超級大決戰@93733641; 七龍珠Z 復活的「F」@93733643; 七龍珠Z 最強對最強@93733646; 七龍珠Z 極限之戰!!三大超級賽亞人@93733647; 七龍珠Z 激突!!100億能量的戰士們@93733648; 七龍珠Z 熱血熱鬥@93733649; 七龍珠Z 燃燒吧!!熱戰·烈戰·超激戰@93733652; 七龍珠Z 超戰士擊破！！勝利屬於我@93733655; 七龍珠Z 超級賽亞人孫悟空@93733657; 七龍珠Z 銀河面臨危機!!身手不凡的高手@93733660; 七龍珠Z 龍拳爆發!!悟空捨我其誰@93733661; 七龍珠大魔@94711250; 七龙珠角色列表@94425793; 爆丸5星域爭霸@90756067	
布瑪	cgroup	Template:CGroup/DragonBall@92325756	
布瑪	char	七龍珠 (動畫)@94701288; 七龍珠 摩訶不思議大冒險@93733668; 七龍珠 神龍傳說@93733675; 七龍珠 魔神城內的睡美人@93733678; 七龍珠Z 世界最強的高手@93733633; 七龍珠Z 地球超級大決戰@93733641; 七龍珠Z 復活的「F」@93733643; 七龍珠Z 復活的融合!!悟空和達爾@93733644; 七龍珠Z 熱血熱鬥@93733649; 七龍珠Z 燃燒吧!!熱戰·烈戰·超激戰@93733652; 七龍珠Z 神與神@93733653; 七龍珠Z 超級賽亞人孫悟空@93733657; 七龍珠Z 銀河面臨危機!!身手不凡的高手@93733660; 七龍珠Z 龍拳爆發!!悟空捨我其誰@93733661; 七龍珠大魔@94711250; 七龍珠超 布羅利@94610603; 七龙珠角色列表@94425793	
特南克斯	cgroup	Template:CGroup/DragonBall@92325756	
特南克斯	char	七龍珠GT@94711068; 七龍珠Z 兩人面臨危機！超戰士難以成眠@93733635; 七龍珠Z 復活的「F」@93733643; 七龍珠Z 復活的融合!!悟空和達爾@93733644; 七龍珠Z 極限之戰!!三大超級賽亞人@93733647; 七龍珠Z 超戰士擊破！！勝利屬於我@93733655; 七龍珠Z 銀河面臨危機!!身手不凡的高手@93733660; 七龍珠Z 龍拳爆發!!悟空捨我其誰@93733661; 七龍珠大魔@94711250; 七龍珠超 布羅利@94610603	
亞古獸	char	数码宝贝大冒险02角色列表@94744398; 数码宝贝大冒险tri.角色列表@94265439; 数码宝贝大冒险角色列表@94744369; 数码宝贝大冒险：角色列表@94538377; 数码宝贝幽灵游戏角色列表@94560916; 數碼寶貝拯救隊角色列表@94177566; 數碼暴龍 LAST EVOLUTION 絆@94708497; 數碼暴龍App世代角色列表@94177588	
貝吉塔	char	七龍珠Z 極限之戰!!三大超級賽亞人@93733647; 七龍珠Z 激突!!100億能量的戰士們@93733648; 七龍珠Z 燃燒吧!!熱戰·烈戰·超激戰@93733652; 七龍珠Z 神與神@93733653; 七龍珠Z 銀河面臨危機!!身手不凡的高手@93733660; 七龍珠Z@94711042; 七龍珠Z：一夫當關的最終決戰～向弗利沙挑戰的Z戰士 孫悟空之父～@93733662; 七龍珠超 布羅利@94610603	
巴達獸	char	数码宝贝大冒险02角色列表@94744398; 数码宝贝大冒险tri.角色列表@94265439; 数码宝贝大冒险角色列表@94744369; 数码宝贝大冒险：角色列表@94538377; 數碼寶貝04無限地帶角色列表@94744460; 數碼寶貝覺醒節拍角色列表@94712797; 數碼暴龍 LAST EVOLUTION 絆@94708497	CHECK
八神太一	char	数码宝贝合体战争角色列表@94717250; 数码宝贝大冒险02角色列表@94744398; 数码宝贝大冒险tri.角色列表@94265439; 数码宝贝大冒险角色列表@94744369; 数码宝贝大冒险：角色列表@94538377; 數碼暴龍 LAST EVOLUTION 絆@94708497	
城戶丈	char	数码宝贝合体战争角色列表@94717250; 数码宝贝大冒险02角色列表@94744398; 数码宝贝大冒险tri.角色列表@94265439; 数码宝贝大冒险角色列表@94744369; 数码宝贝大冒险：角色列表@94538377; 數碼暴龍 LAST EVOLUTION 絆@94708497	
太刀川美美	char	数码宝贝合体战争角色列表@94717250; 数码宝贝大冒险02角色列表@94744398; 数码宝贝大冒险tri.角色列表@94265439; 数码宝贝大冒险角色列表@94744369; 数码宝贝大冒险：角色列表@94538377; 數碼暴龍 LAST EVOLUTION 絆@94708497	
奧米加獸	char	数码宝贝03驯兽师之王角色列表@94744434; 数码宝贝大冒险tri.角色列表@94265439; 数码宝贝大冒险：角色列表@94538377; 數碼寶貝03馴獸師之王@94757540; 數碼寶貝拯救隊角色列表@94177566; 數碼暴龍 LAST EVOLUTION 絆@94708497	
瑪姬	cgroup	Module:CGroup/OnePiece@83858889; Module:CGroup/Pixar@93247177	
瑪姬	char	ONE PIECE FILM RED@94073649; 哈尔的移动城堡@94539471; 天空之城@94400789; 湯姆歷險記 (動畫)@94720074	
石田大和	char	数码宝贝合体战争角色列表@94717250; 数码宝贝大冒险02角色列表@94744398; 数码宝贝大冒险tri.角色列表@94265439; 数码宝贝大冒险角色列表@94744369; 数码宝贝大冒险：角色列表@94538377; 數碼暴龍 LAST EVOLUTION 絆@94708497	
蕾貝卡	cgroup	Module:CGroup/Cyberpunk@85139581; Module:CGroup/My Little Pony@91388064; Module:CGroup/OnePiece@83858889; Module:CGroup/PeppaPig@87025478; Module:CGroup/ResidentEvil@94612703; Template:CGroup/FullmetalAlchemist@48481493	
迪路獸	char	数码宝贝大冒险02角色列表@94744398; 数码宝贝大冒险tri.角色列表@94265439; 数码宝贝大冒险角色列表@94744369; 数码宝贝大冒险：角色列表@94538377; 數碼寶貝覺醒節拍角色列表@94712797; 數碼暴龍 LAST EVOLUTION 絆@94708497	
伊吹摩耶	char	新世纪福音战士@94702846; 福音戰士新劇場版：Q@94407034; 福音戰士新劇場版：序@94682484; 福音戰士新劇場版：破@94719358; 福音戰士新劇場版：終@94465621	
光束軍刀	cgroup	Template:CGroup/GGundam@85035825; Template:CGroup/GundamAGE@51366593; Template:CGroup/GundamSeed@92969101; Template:CGroup/GundamUC@94693163; Template:CGroup/GundamW@87064245	
克莉絲	cgroup	Template:CGroup/GundamUC@94693163; Template:CGroup/Mabinogi@50754648	
克莉絲	char	為美好的世界獻上祝福！角色列表@94474307; 異世界四重奏@93605298; 遊戲王系列角色列表@94649313	
八神光	char	数码宝贝大冒险02角色列表@94744398; 数码宝贝大冒险tri.角色列表@94265439; 数码宝贝大冒险角色列表@94744369; 数码宝贝大冒险：角色列表@94538377; 數碼暴龍 LAST EVOLUTION 絆@94708497	
冬月耕造	char	新世纪福音战士@94702846; 福音戰士新劇場版：Q@94407034; 福音戰士新劇場版：序@94682484; 福音戰士新劇場版：破@94719358; 福音戰士新劇場版：終@94465621	
凱特	cgroup	Template:CGroup/Code Geass@70270136; Template:CGroup/GundamUC@94693163; Template:CGroup/HUNTER@80241645; Template:CGroup/Pichi Pichi Pitch@94608266; Template:CGroup/潘朵拉之心@39382393	
妮妮	cgroup	Module:CGroup/Pixar@93247177; Template:CGroup/CANAAN@79863889	
妮妮	char	CANAAN@94727525; 小魔女DoReMi@94721174; 爆丸@90775249	
文森	cgroup	Module:CGroup/Pixar@93247177; Template:CGroup/GundamUC@94693163; Template:CGroup/潘朵拉之心@39382393; Template:CGroup/黑執事@49361116	
文森	char	SPY×FAMILY間諜家家酒角色列表@94041877	
日向誠	char	新世纪福音战士@94702846; 福音戰士新劇場版：Q@94407034; 福音戰士新劇場版：序@94682484; 福音戰士新劇場版：破@94719358; 福音戰士新劇場版：終@94465621	
札克	cgroup	Module:CGroup/LOL@93322985; Module:CGroup/Pixar@93247177; Module:CGroup/The Promised Neverland@83209401; Module:CGroup/閃電十一人@68657168	zh-hant
札克	char	可塑性記憶@94399638	
武之內空	char	数码宝贝大冒险02角色列表@94744398; 数码宝贝大冒险tri.角色列表@94265439; 数码宝贝大冒险角色列表@94744369; 数码宝贝大冒险：角色列表@94538377; 數碼暴龍 LAST EVOLUTION 絆@94708497	
泉光子郎	char	数码宝贝大冒险02角色列表@94744398; 数码宝贝大冒险tri.角色列表@94265439; 数码宝贝大冒险角色列表@94744369; 数码宝贝大冒险：角色列表@94538377; 數碼暴龍 LAST EVOLUTION 絆@94708497	
渚薰	char	新世纪福音战士@94702846; 福音戰士新劇場版：Q@94407034; 福音戰士新劇場版：序@94682484; 福音戰士新劇場版：破@94719358; 福音戰士新劇場版：終@94465621	
珍娜	cgroup	Module:CGroup/LOL@93322985; Module:CGroup/Wow@94351016; Module:CGroup/美国漫画@94638375; Template:CGroup/Heroes of the Storm@49727842; Template:CGroup/Warcraft@92164655	CHECK,zh-hant
碇源堂	char	新世纪福音战士@94702846; 福音戰士新劇場版：Q@94407034; 福音戰士新劇場版：序@94682484; 福音戰士新劇場版：破@94719358; 福音戰士新劇場版：終@94465621	
碇真嗣	char	新世纪福音战士@94702846; 福音戰士新劇場版：Q@94407034; 福音戰士新劇場版：序@94682484; 福音戰士新劇場版：破@94719358; 福音戰士新劇場版：終@94465621	
綾波零	char	新世纪福音战士@94702846; 福音戰士新劇場版：Q@94407034; 福音戰士新劇場版：序@94682484; 福音戰士新劇場版：破@94719358; 福音戰士新劇場版：終@94465621	
羅德	cgroup	Module:CGroup/Square Enix@93012351; Module:CGroup/美国漫画@94638375; Template:CGroup/Family Guy@79259281; Template:CGroup/GundamAGE@51366593; Template:CGroup/Transformers@87179168	
葛城美里	char	新世纪福音战士@94702846; 福音戰士新劇場版：Q@94407034; 福音戰士新劇場版：序@94682484; 福音戰士新劇場版：破@94719358; 福音戰士新劇場版：終@94465621	
蜜雪兒	cgroup	Module:CGroup/美国漫画@94638375; Template:CGroup/Aikatsu@68312381; Template:CGroup/ED@94768974; Template:CGroup/GundamUC@94693163; Template:CGroup/四驅兄弟@86987120	zh-hant
赤木律子	char	新世纪福音战士@94702846; 福音戰士新劇場版：Q@94407034; 福音戰士新劇場版：序@94682484; 福音戰士新劇場版：破@94719358; 福音戰士新劇場版：終@94465621	
青葉茂	char	新世纪福音战士@94702846; 福音戰士新劇場版：Q@94407034; 福音戰士新劇場版：序@94682484; 福音戰士新劇場版：破@94719358; 福音戰士新劇場版：終@94465621	
高石岳	char	数码宝贝大冒险02角色列表@94744398; 数码宝贝大冒险tri.角色列表@94265439; 数码宝贝大冒险角色列表@94744369; 数码宝贝大冒险：角色列表@94538377; 數碼暴龍 LAST EVOLUTION 絆@94708497	
一乘寺賢	char	数码宝贝合体战争角色列表@94717250; 数码宝贝大冒险02角色列表@94744398; 数码宝贝大冒险tri.角色列表@94265439; 數碼暴龍 LAST EVOLUTION 絆@94708497	
一角獸	char	数码宝贝大冒险tri.角色列表@94265439; 数码宝贝大冒险：角色列表@94538377; 數碼寶貝覺醒節拍角色列表@94712797; 數碼暴龍 LAST EVOLUTION 絆@94708497	
井上京	char	数码宝贝大冒险02角色列表@94744398; 数码宝贝大冒险tri.角色列表@94265439; 数码宝贝大冒险角色列表@94744369; 數碼暴龍 LAST EVOLUTION 絆@94708497	
企鵝獸	char	数码宝贝大冒险：角色列表@94538377; 数码宝贝幽灵游戏角色列表@94560916; 數碼寶貝04無限地帶角色列表@94744460; 數碼寶貝覺醒節拍角色列表@94712797	
加支獸	char	数码宝贝大冒险角色列表@94744369; 数码宝贝大冒险：角色列表@94538377; 数码宝贝幽灵游戏角色列表@94560916; 數碼寶貝覺醒節拍角色列表@94712797	
加魯魯獸	char	数码宝贝大冒险tri.角色列表@94265439; 数码宝贝大冒险角色列表@94744369; 数码宝贝大冒险：角色列表@94538377; 數碼暴龍 LAST EVOLUTION 絆@94708497	
南瓜獸	char	数码宝贝大冒险角色列表@94744369; 数码宝贝幽灵游戏角色列表@94560916; 數碼寶貝拯救隊角色列表@94177566; 數碼暴龍 LAST EVOLUTION 絆@94708497	
向日葵獸	char	数码宝贝大冒险：角色列表@94538377; 数码宝贝幽灵游戏角色列表@94560916; 數碼寶貝拯救隊角色列表@94177566; 數碼寶貝覺醒節拍角色列表@94712797	
喬伊	char	劇場版 寶可夢 就決定是你了！@90262215; 午睡公主～不為人知的故事～@94260985; 寶可夢動畫角色列表@93411809; 神奇寶貝劇場版：幻影的霸者 索羅亞克@93873090	
天使獸	char	数码宝贝大冒险tri.角色列表@94265439; 数码宝贝大冒险角色列表@94744369; 数码宝贝大冒险：角色列表@94538377; 數碼暴龍 LAST EVOLUTION 絆@94708497	
天女獸	char	数码宝贝大冒险tri.角色列表@94265439; 数码宝贝大冒险角色列表@94744369; 数码宝贝大冒险：角色列表@94538377; 數碼暴龍 LAST EVOLUTION 絆@94708497	
妮娜	char	可塑性記憶@94399638; 哆啦A梦角色列表@94533440; 少女與戰車角色列表@93320972; 萬里尋親記@94719791	CHECK
席德	cgroup	Module:CGroup/Square Enix@93012351; Template:CGroup/GundamAGE@51366593; Template:CGroup/KamenRider@94225985; Template:CGroup/爆丸@31893398	
戰鬥暴龍獸	char	数码宝贝大冒险tri.角色列表@94265439; 数码宝贝大冒险角色列表@94744369; 数码宝贝大冒险：角色列表@94538377; 數碼暴龍App世代角色列表@94177588	
拉布拉獸	char	数码宝贝03驯兽师之王角色列表@94744434; 数码宝贝大冒险：角色列表@94538377; 数码宝贝幽灵游戏角色列表@94560916; 數碼寶貝03馴獸師之王@94757540	
本宮大輔	char	数码宝贝合体战争角色列表@94717250; 数码宝贝大冒险02角色列表@94744398; 数码宝贝大冒险tri.角色列表@94265439; 數碼暴龍 LAST EVOLUTION 絆@94708497	
桃樂絲	cgroup	Template:CGroup/ED@94768974	zh-hant
桃樂絲	char	大欺诈师@90518284; 愛的小婦人物語@94856165; 魔法使光之美少女！@94758670	
機械暴龍獸	cgroup	Template:CGroup/Digimon@94687201	
機械暴龍獸	char	数码宝贝大冒险02角色列表@94744398; 数码宝贝大冒险角色列表@94744369; 數碼暴龍App世代角色列表@94177588	
烏龜獸	char	数码宝贝大冒险：角色列表@94538377; 数码宝贝幽灵游戏角色列表@94560916; 數碼寶貝拯救隊角色列表@94177566; 數碼寶貝覺醒節拍角色列表@94712797	
狼人加魯魯獸	char	数码宝贝大冒险tri.角色列表@94265439; 数码宝贝大冒险：角色列表@94538377; 數碼寶貝覺醒節拍角色列表@94712797; 數碼暴龍 LAST EVOLUTION 絆@94708497	
獅子獸	char	数码宝贝03驯兽师之王角色列表@94744434; 数码宝贝大冒险tri.角色列表@94265439; 数码宝贝大冒险角色列表@94744369; 数码宝贝大冒险：角色列表@94538377	
玄內	char	数码宝贝大冒险02角色列表@94744398; 数码宝贝大冒险tri.角色列表@94265439; 数码宝贝大冒险角色列表@94744369; 數碼暴龍 LAST EVOLUTION 絆@94708497	
瓢蟲獸	char	数码宝贝大冒险tri.角色列表@94265439; 数码宝贝大冒险：角色列表@94538377; 數碼寶貝覺醒節拍角色列表@94712797; 數碼暴龍 LAST EVOLUTION 絆@94708497	
相田劍介	char	新世纪福音战士@94702846; 福音戰士新劇場版：序@94682484; 福音戰士新劇場版：破@94719358; 福音戰士新劇場版：終@94465621	
祖頓獸	char	数码宝贝大冒险tri.角色列表@94265439; 数码宝贝大冒险角色列表@94744369; 数码宝贝大冒险：角色列表@94538377; 數碼寶貝拯救隊角色列表@94177566	
秋山遼	char	数码宝贝03驯兽师之王角色列表@94744434; 数码宝贝大冒险02角色列表@94744398; 数码宝贝大冒险tri.角色列表@94265439; 数码宝贝大冒险角色列表@94744369	
美美	cgroup	Module:CGroup/OshinoKo@84428949; Module:CGroup/Pixar@93247177; Template:CGroup/Yes! 光之美少女5@89217113; Template:CGroup/魔法咪路咪路@26972197	
艾爾	cgroup	Module:CGroup/Pixar@93247177; Template:CGroup/Adventure Time@90284406; Template:CGroup/GundamAGE@51366593	
艾爾	char	少女與戰車角色列表@93320972	
蘑菇獸	char	数码宝贝大冒险角色列表@94744369; 数码宝贝大冒险：角色列表@94538377; 数码宝贝幽灵游戏角色列表@94560916; 數碼寶貝覺醒節拍角色列表@94712797	
辛普森家庭	cgroup	Module:CGroup/Cartoon@93410586; Module:CGroup/Simpsons@84869408; Template:CGroup/Futurama@34999934; Template:CGroup/SouthPark@86964006	
金剛戰神	cgroup	Module:CGroup/Anime@94680982; Template:CGroup/Mazinger@84157445; Template:CGroup/Power Rangers@27638544	zh-hant
金剛戰神	title	金剛戰神@91363742	
金屬暴龍獸	char	数码宝贝大冒险tri.角色列表@94265439; 数码宝贝大冒险：角色列表@94538377; 數碼寶貝覺醒節拍角色列表@94712797; 數碼暴龍 LAST EVOLUTION 絆@94708497	
針刺獸	char	数码宝贝大冒险tri.角色列表@94265439; 数码宝贝大冒险：角色列表@94538377; 數碼寶貝覺醒節拍角色列表@94712797; 數碼暴龍 LAST EVOLUTION 絆@94708497	
鈴原冬二	char	新世纪福音战士@94702846; 福音戰士新劇場版：序@94682484; 福音戰士新劇場版：破@94719358; 福音戰士新劇場版：終@94465621	
雪人獸	char	数码宝贝大冒险角色列表@94744369; 数码宝贝大冒险：角色列表@94538377; 数码宝贝幽灵游戏角色列表@94560916; 數碼寶貝覺醒節拍角色列表@94712797	
電力獸	char	数码宝贝大冒险tri.角色列表@94265439; 数码宝贝大冒险：角色列表@94538377; 数码宝贝幽灵游戏角色列表@94560916; 數碼寶貝覺醒節拍角色列表@94712797	
頑石獸	char	数码宝贝大冒险：角色列表@94538377; 数码宝贝幽灵游戏角色列表@94560916; 數碼寶貝覺醒節拍角色列表@94712797; 數碼暴龍 LAST EVOLUTION 絆@94708497	
鸚鵡獸	char	数码宝贝大冒险角色列表@94744369; 数码宝贝大冒险：角色列表@94538377; 数码宝贝幽灵游戏角色列表@94560916; 數碼暴龍 LAST EVOLUTION 絆@94708497	
齒輪獸	char	数码宝贝大冒险：角色列表@94538377; 数码宝贝幽灵游戏角色列表@94560916; 數碼寶貝拯救隊角色列表@94177566; 數碼寶貝覺醒節拍角色列表@94712797	
丁香獸	char	数码宝贝大冒险：角色列表@94538377; 數碼寶貝拯救隊角色列表@94177566; 數碼寶貝覺醒節拍角色列表@94712797	
三角龍獸	char	数码宝贝大冒险tri.角色列表@94265439; 数码宝贝大冒险：角色列表@94538377; 數碼寶貝覺醒節拍角色列表@94712797	
丘加利	cgroup	Module:CGroup/Wow@94351016; Template:CGroup/Heroes of the Storm@49727842; Template:CGroup/Warcraft@92164655	zh-hant
人生街道	cgroup	Module:CGroup/Games@94658856; Module:CGroup/Nintendo@94745610; Module:CGroup/Square Enix@93012351	
伽樓達獸	cgroup	Template:CGroup/Digimon@94687201	
伽樓達獸	char	数码宝贝大冒险角色列表@94744369; 數碼寶貝拯救隊角色列表@94177566	
使魔獸	char	数码宝贝大冒险：角色列表@94538377; 数码宝贝幽灵游戏角色列表@94560916; 數碼寶貝覺醒節拍角色列表@94712797	
倉橋	char	刀劍神域劇場版：序列爭戰@94170207; 刀劍神域角色列表@94550774; 東京殘響@90132994	
傑爾	cgroup	Module:CGroup/Square Enix@93012351; Module:CGroup/閃電十一人@68657168; Template:CGroup/進擊的巨人@76977335	
凱莉根	cgroup	Template:CGroup/Heroes of the Storm@49727842; Template:CGroup/StarCraft2@39914602; Template:CGroup/StarCraft@73588136	
凱西	cgroup	Module:CGroup/美国漫画@94638375; Template:CGroup/Pokemon@85444397	CHECK
凱西	char	遊戲王ZEXAL@93180378	CHECK
加持良治	char	新世纪福音战士@94702846; 福音戰士新劇場版：破@94719358; 福音戰士新劇場版：終@94465621	
半魚獸	char	数码宝贝大冒险tri.角色列表@94265439; 数码宝贝大冒险：角色列表@94538377; 数码宝贝幽灵游戏角色列表@94560916	
占卜婆婆	cgroup	Template:CGroup/DragonBall@92325756	
占卜婆婆	char	七龙珠角色列表@94425793; 天气之子@94186671	
卡莉娜	char	數碼寶貝覺醒節拍角色列表@94712797; 航海王電影：GOLD@93412929; 鋼之鍊金術師 嘆息之丘的聖星@94607076	CHECK
卡蓮	cgroup	Template:CGroup/Code Geass@70270136	
卡蓮	char	愛少女波麗安娜物語@94856145; 愛的小婦人物語@94856165	
古尼獸	char	数码宝贝大冒险02角色列表@94744398; 数码宝贝大冒险：角色列表@94538377; 数码宝贝幽灵游戏角色列表@94560916	
古爾	cgroup	Template:CGroup/GundamTWFM@82129397	
古爾	char	大雄的新恐龍@93357386; 能量獸之戰獸旋戰鬥@93872390	
吉克	cgroup	Module:CGroup/SAO@89298185; Template:CGroup/ED@94768974; Template:CGroup/進擊的巨人@76977335	zh-hant
吉魯	cgroup	Module:CGroup/Jewelpet@81833309; Template:CGroup/DragonBall@92325756	
吉魯	char	七龍珠GT@94711068	
吸血魔獸	char	数码宝贝大冒险角色列表@94744369; 数码宝贝幽灵游戏角色列表@94560916; 數碼寶貝覺醒節拍角色列表@94712797	
哈妮	cgroup	Module:CGroup/Jewelpet@81833309	
哈妮	char	哈尔的移动城堡@94539471; 星之卡比 (動畫)@94160462	
哈德利	cgroup	Module:CGroup/OnePiece@83858889; Template:CGroup/CANAAN@79863889	
哈德利	char	CANAAN@94727525	
哥布林獸	char	数码宝贝大冒险：角色列表@94538377; 数码宝贝幽灵游戏角色列表@94560916; 數碼寶貝覺醒節拍角色列表@94712797	
哥頓	cgroup	Template:CGroup/KamenRider@94225985	
哥頓	char	功夫貓黨@94855681; 爆丸5星域爭霸@90756067	
單角龍獸	char	数码宝贝03驯兽师之王角色列表@94744434; 数码宝贝幽灵游戏角色列表@94560916; 數碼寶貝覺醒節拍角色列表@94712797	
噬魂者	cgroup	Module:CGroup/Anime@94680982; Module:CGroup/Counter-Strike@85677571; Module:CGroup/Cyberpunk@85139581	zh-hant
墨魚獸	char	数码宝贝大冒险角色列表@94744369; 数码宝贝大冒险：角色列表@94538377; 數碼寶貝覺醒節拍角色列表@94712797	
墮天地獄獸	cgroup	Template:CGroup/Digimon@94687201	CHECK
墮天地獄獸	char	数码宝贝03驯兽师之王角色列表@94744434; 數碼寶貝拯救隊角色列表@94177566	CHECK
多多利	cgroup	Template:CGroup/DragonBall@92325756	
多多利	char	Suite 光之美少女♪@92951168; 七龍珠Z：一夫當關的最終決戰～向弗利沙挑戰的Z戰士 孫悟空之父～@93733662	
大耳獸	cgroup	Template:CGroup/Digimon@94687201	
大耳獸	char	数码宝贝03驯兽师之王角色列表@94744434; 数码宝贝大冒险02角色列表@94744398	
小丑獸	char	数码宝贝大冒险tri.角色列表@94265439; 数码宝贝大冒险角色列表@94744369; 数码宝贝幽灵游戏角色列表@94560916	
小妖獸	char	数码宝贝03驯兽师之王角色列表@94744434; 数码宝贝幽灵游戏角色列表@94560916; 數碼寶貝覺醒節拍角色列表@94712797	
小熊獸	char	数码宝贝大冒险tri.角色列表@94265439; 数码宝贝大冒险：角色列表@94538377; 数码宝贝幽灵游戏角色列表@94560916	
小猴獸	char	数码宝贝大冒险：角色列表@94538377; 数码宝贝幽灵游戏角色列表@94560916; 數碼寶貝覺醒節拍角色列表@94712797	
小田切敏郎	char	名侦探柯南：天空的遇难船@94562607; 名侦探柯南：沉默的15分钟@94454904; 名偵探柯南：瞳孔中的暗殺者@94403739	
小莉	cgroup	Module:CGroup/Simpsons@84869408; Template:CGroup/Family Guy@79259281	
小莉	char	哆啦A梦角色列表@94533440	
尼爾	cgroup	Template:CGroup/DragonBall@92325756; Template:CGroup/GundamTWFM@82129397	
尼爾	char	森林王子 少年毛克利@94715809	
巨人獸	char	数码宝贝大冒险：角色列表@94538377; 数码宝贝幽灵游戏角色列表@94560916; 數碼寶貝覺醒節拍角色列表@94712797	
巫師獸	char	数码宝贝大冒险tri.角色列表@94265439; 数码宝贝大冒险角色列表@94744369; 數碼寶貝覺醒節拍角色列表@94712797	
布加獸	char	数码宝贝大冒险tri.角色列表@94265439; 数码宝贝幽灵游戏角色列表@94560916; 數碼寶貝覺醒節拍角色列表@94712797	
希特隆	char	Pokemon the movie XY 光環的超魔神 胡帕@93394331; Pokemon the movie XY 破壞之繭與蒂安希@88421944; Pokemon the movie XY&Z 波爾凱尼恩與機關人偶 瑪機雅娜@92337863	
帕克	cgroup	Module:CGroup/美国漫画@94638375; Template:CGroup/NARUTO@86143617	
帕克	char	異世界四重奏@93605298	
帕古獸	char	数码宝贝大冒险：角色列表@94538377; 数码宝贝幽灵游戏角色列表@94560916; 數碼寶貝覺醒節拍角色列表@94712797	
帝皇龍甲獸	cgroup	Template:CGroup/Digimon@94687201	
帝皇龍甲獸	char	数码宝贝大冒险tri.角色列表@94265439; 數碼寶貝拯救隊角色列表@94177566	
座天使獸	char	数码宝贝大冒险tri.角色列表@94265439; 数码宝贝大冒险：角色列表@94538377; 數碼寶貝04無限地帶角色列表@94744460	
廣美	cgroup	Template:CGroup/愛天使傳說@43103330	
廣美	char	猫的报恩@93936394; 神奇寶貝劇場版：蒼海的王子 瑪納霏@92979568	
弗利茲	cgroup	Template:CGroup/Cyber Formula@68486475; Template:CGroup/進擊的巨人@76977335	CHECK
弗利茲	char	光之美少女@94825358	CHECK
德雷	cgroup	Template:CGroup/DragonBall@92325756; Template:CGroup/GundamAGE@51366593	
德雷	char	七龍珠Z 最強對最強@93733646	
快速龍	char	七龍珠Z 地球超級大決戰@93733641; 七龍珠Z 最強對最強@93733646; 七龍珠Z 超級賽亞人孫悟空@93733657	
怪蛙獸	char	数码宝贝大冒险角色列表@94744369; 数码宝贝大冒险：角色列表@94538377; 数码宝贝幽灵游戏角色列表@94560916	
惡門左衛獸	char	数码宝贝大冒险：角色列表@94538377; 数码宝贝幽灵游戏角色列表@94560916; 數碼寶貝覺醒節拍角色列表@94712797	
惡魔獵人	cgroup	Module:CGroup/Games@94658856; Module:CGroup/Wow@94351016	
惡魔獵人	title	惡魔獵人 (動畫)@87369648	
惡魔獸	char	数码宝贝大冒险tri.角色列表@94265439; 数码宝贝大冒险角色列表@94744369; 数码宝贝大冒险：角色列表@94538377	
戈格馬獸	char	数码宝贝大冒险：角色列表@94538377; 数码宝贝幽灵游戏角色列表@94560916; 數碼寶貝覺醒節拍角色列表@94712797	
拉爾	cgroup	Template:CGroup/GundamUC@94693163; Template:CGroup/Reborn@29403199; Template:CGroup/進擊的巨人@76977335	
數碼寶貝大匯戰	cgroup	Module:CGroup/Anime@94680982; Template:CGroup/Digimon@94687201	
數碼寶貝大匯戰	title	数码宝贝合体战争@94740332	
數碼寶貝拯救隊	cgroup	Module:CGroup/Anime@94680982; Template:CGroup/Digimon@94687201	
數碼寶貝拯救隊	title	數碼寶貝拯救隊@94733000	
斑海豹獸	char	数码宝贝大冒险tri.角色列表@94265439; 数码宝贝大冒险：角色列表@94538377; 數碼暴龍 LAST EVOLUTION 絆@94708497	
時光巡邏隊	cgroup	Module:CGroup/Doraemon@88509940	
時光巡邏隊	char	哆啦A梦角色列表@94533440; 大雄的新恐龍@93357386	
暴羅剎獸	char	数码宝贝大冒险02角色列表@94744398; 数码宝贝大冒险角色列表@94744369; 數碼寶貝拯救隊角色列表@94177566	
最終千年獸	char	数码宝贝大冒险：角色列表@94538377; 数码宝贝幽灵游戏角色列表@94560916; 數碼寶貝覺醒節拍角色列表@94712797	
月光獸	char	数码宝贝大冒险：角色列表@94538377; 数码宝贝幽灵游戏角色列表@94560916; 數碼寶貝覺醒節拍角色列表@94712797	
木乃伊獸	char	数码宝贝大冒险02角色列表@94744398; 数码宝贝幽灵游戏角色列表@94560916; 數碼寶貝覺醒節拍角色列表@94712797	
柚麗嘉	char	Pokemon the movie XY 光環的超魔神 胡帕@93394331; Pokemon the movie XY 破壞之繭與蒂安希@88421944; Pokemon the movie XY&Z 波爾凱尼恩與機關人偶 瑪機雅娜@92337863	CHECK
查普獸	char	数码宝贝大冒险：角色列表@94538377; 数码宝贝幽灵游戏角色列表@94560916; 數碼寶貝覺醒節拍角色列表@94712797	
桃莉	cgroup	Module:CGroup/Pixar@93247177; Template:CGroup/Toaru@89726592	
桃莉	char	清秀佳人 (動畫)@94720065	
梅莉	cgroup	Module:CGroup/Jewelpet@81833309	
梅莉	char	愛少女波麗安娜物語@94856145; 長腿叔叔 (動畫)@94856329	
梅菲斯獸	char	数码宝贝大冒险：角色列表@94538377; 数码宝贝幽灵游戏角色列表@94560916; 數碼寶貝覺醒節拍角色列表@94712797	
棕櫚獸	char	数码宝贝大冒险tri.角色列表@94265439; 数码宝贝大冒险：角色列表@94538377; 數碼暴龍 LAST EVOLUTION 絆@94708497	
樹靈獸	char	数码宝贝大冒险：角色列表@94538377; 数码宝贝幽灵游戏角色列表@94560916; 數碼寶貝覺醒節拍角色列表@94712797	
武士獸	char	数码宝贝大冒险02角色列表@94744398; 数码宝贝大冒险：角色列表@94538377; 数码宝贝幽灵游戏角色列表@94560916	
死亡筆記本	cgroup	Module:CGroup/Anime@94680982; Template:CGroup/Bakuman@59602158; Template:CGroup/Death Note@84122694	
死鬥模式	cgroup	Module:CGroup/Counter-Strike@85677571; Module:CGroup/Half-Life@94355597; Template:CGroup/Crazyracing Kartrider@60141039	zh-hant
毒古尼獸	char	数码宝贝大冒险：角色列表@94538377; 数码宝贝幽灵游戏角色列表@94560916; 數碼寶貝覺醒節拍角色列表@94712797	
汪喵獸	char	数码宝贝大冒险：角色列表@94538377; 数码宝贝幽灵游戏角色列表@94560916; 數碼寶貝覺醒節拍角色列表@94712797	
沙蜥蜴獸	char	数码宝贝大冒险：角色列表@94538377; 数码宝贝幽灵游戏角色列表@94560916; 數碼寶貝覺醒節拍角色列表@94712797	
河童獸	char	数码宝贝大冒险：角色列表@94538377; 数码宝贝幽灵游戏角色列表@94560916; 數碼寶貝拯救隊角色列表@94177566	
波拉	cgroup	Module:CGroup/Pixar@93247177	
波拉	char	七龍珠 摩訶不思議大冒險@93733668; 七龙珠角色列表@94425793	
波高獸	char	数码宝贝大冒险：角色列表@94538377; 数码宝贝幽灵游戏角色列表@94560916; 數碼寶貝04無限地帶角色列表@94744460	
泰科斯	cgroup	Template:CGroup/Heroes of the Storm@49727842; Template:CGroup/StarCraft2@39914602; Template:CGroup/StarCraft@73588136	
泰蘭妲	cgroup	Module:CGroup/Wow@94351016; Template:CGroup/Heroes of the Storm@49727842; Template:CGroup/Warcraft@92164655	zh-hant
洛奇亞	cgroup	Template:CGroup/Pokemon@85444397	
洛奇亞	char	Pokemon the movie XY 光環的超魔神 胡帕@93394331; 劇場版 寶可夢 我們的故事@86542622	
洞木光	char	新世纪福音战士@94702846; 福音戰士新劇場版：序@94682484; 福音戰士新劇場版：破@94719358	
海惡魔獸	char	数码宝贝大冒险02角色列表@94744398; 数码宝贝大冒险：角色列表@94538377; 數碼寶貝覺醒節拍角色列表@94712797	
潘琪	cgroup	Template:CGroup/DragonBall@92325756	
潘琪	char	七龍珠 神龍傳說@93733675; 七龙珠角色列表@94425793	
激流獸	char	数码宝贝大冒险：角色列表@94538377; 数码宝贝幽灵游戏角色列表@94560916; 數碼寶貝覺醒節拍角色列表@94712797	
火田伊織	char	数码宝贝大冒险02角色列表@94744398; 数码宝贝大冒险tri.角色列表@94265439; 數碼暴龍 LAST EVOLUTION 絆@94708497	
烏帕獸	char	数码宝贝大冒险：角色列表@94538377; 数码宝贝幽灵游戏角色列表@94560916; 數碼暴龍 LAST EVOLUTION 絆@94708497	
烏瑟	cgroup	Module:CGroup/Wow@94351016; Template:CGroup/Heroes of the Storm@49727842; Template:CGroup/Warcraft@92164655	zh-hant
熱帶獸	char	数码宝贝大冒险：角色列表@94538377; 数码宝贝幽灵游戏角色列表@94560916; 數碼寶貝覺醒節拍角色列表@94712797	
熾天使獸	char	数码宝贝大冒险tri.角色列表@94265439; 数码宝贝大冒险：角色列表@94538377; 數碼寶貝04無限地帶角色列表@94744460	
爛泥獸	char	数码宝贝大冒险角色列表@94744369; 数码宝贝大冒险：角色列表@94538377; 數碼寶貝覺醒節拍角色列表@94712797	
犄角獸	char	数码宝贝大冒险tri.角色列表@94265439; 数码宝贝大冒险：角色列表@94538377; 數碼暴龍 LAST EVOLUTION 絆@94708497	
狩魔獵人	cgroup	Template:CGroup/Diablo@94495831; Template:CGroup/Heroes of the Storm@49727842; Template:CGroup/Warcraft@92164655	zh-hant
獠牙獸	char	数码宝贝大冒险：角色列表@94538377; 数码宝贝幽灵游戏角色列表@94560916; 數碼寶貝覺醒節拍角色列表@94712797	
獨角仙獸	char	数码宝贝大冒险tri.角色列表@94265439; 数码宝贝大冒险：角色列表@94538377; 數碼暴龍 LAST EVOLUTION 絆@94708497	
瑪法里恩	cgroup	Module:CGroup/Wow@94351016; Template:CGroup/Heroes of the Storm@49727842; Template:CGroup/Warcraft@92164655	zh-hant
皇家騎士團	cgroup	Template:CGroup/MapleStory@57794822	
皇家騎士團	char	数码宝贝合体战争@94740332; 數碼寶貝拯救隊角色列表@94177566	
皺褶獸	char	数码宝贝大冒险：角色列表@94538377; 数码宝贝幽灵游戏角色列表@94560916; 數碼寶貝覺醒節拍角色列表@94712797	
神聖天使獸	char	数码宝贝大冒险tri.角色列表@94265439; 数码宝贝大冒险角色列表@94744369; 数码宝贝大冒险：角色列表@94538377	
科學超電磁砲	cgroup	Module:CGroup/Anime@94680982; Module:CGroup/BlueArchive@93972468; Template:CGroup/Toaru@89726592	zh-hant
究極魔獸	cgroup	Template:CGroup/Digimon@94687201	
究極魔獸	char	数码宝贝大冒险02角色列表@94744398; 數碼寶貝拯救隊角色列表@94177566	
紅蓮騎士獸	cgroup	Template:CGroup/Digimon@94687201	
紅蓮騎士獸	char	数码宝贝03驯兽师之王角色列表@94744434; 數碼寶貝拯救隊角色列表@94177566	
絕對武力	cgroup	Module:CGroup/Counter-Strike@85677571; Module:CGroup/Games@94658856; Module:CGroup/Half-Life@94355597	zh-hant
老爺怪蛙獸	char	数码宝贝大冒险角色列表@94744369; 数码宝贝大冒险：角色列表@94538377; 数码宝贝幽灵游戏角色列表@94560916	
肯尼	cgroup	Module:CGroup/Disney@93925402; Module:CGroup/Pixar@93247177; Template:CGroup/進擊的巨人@76977335	
腕龍獸	char	数码宝贝大冒险：角色列表@94538377; 数码宝贝幽灵游戏角色列表@94560916; 數碼寶貝覺醒節拍角色列表@94712797	
艾瑞克	cgroup	Module:CGroup/Disney@93925402; Module:CGroup/美国漫画@94638375	
艾瑞克	char	長腿叔叔 (動畫)@94856329	
艾蓮娜	cgroup	Template:CGroup/HUNTER@80241645	CHECK
艾蓮娜	char	DARKER THAN BLACK@93233512; LAZARUS 拉撒路@93570101	CHECK
英格麗特	cgroup	Template:CGroup/GundamSeed@92969101; Template:CGroup/小魔女DoReMi@65858319	CHECK
英格麗特	char	小魔女DoReMi@94721174	CHECK
莉佳	cgroup	Module:CGroup/OnePiece@83858889; Template:CGroup/Pokemon@85444397	
莉佳	char	劇場版 寶可夢 就決定是你了！@90262215	
葛屁	cgroup	Module:CGroup/Simpsons@84869408; Template:CGroup/Family Guy@79259281; Template:CGroup/SouthPark@86964006	
葛雷邁恩	cgroup	Module:CGroup/Wow@94351016; Template:CGroup/Heroes of the Storm@49727842; Template:CGroup/Warcraft@92164655	zh-hant
蓋亞	cgroup	Module:CGroup/閃電十一人@68657168; Template:CGroup/Crazyracing Kartrider@60141039; Template:CGroup/Ultraman@94663541	
蓋酷家庭	cgroup	Module:CGroup/Cartoon@93410586; Module:CGroup/Simpsons@84869408; Template:CGroup/Family Guy@79259281	
蕾蒂	cgroup	Template:CGroup/GundamW@87064245	
蕾蒂	char	哈尔的移动城堡@94539471; 惡魔獵人系列角色列表@92426452	
薔薇獸	char	数码宝贝大冒险tri.角色列表@94265439; 数码宝贝大冒险：角色列表@94538377; 數碼寶貝拯救隊角色列表@94177566	
蘭琪	cgroup	Template:CGroup/DragonBall@92325756	
蘭琪	char	七龍珠 摩訶不思議大冒險@93733668; 七龍珠 魔神城內的睡美人@93733678	
蝌蚪獸	char	数码宝贝大冒险角色列表@94744369; 数码宝贝幽灵游戏角色列表@94560916; 數碼寶貝覺醒節拍角色列表@94712797	
計程車司機	char	名偵探柯南：引爆摩天樓@94461938; 名偵探柯南：迷宮的十字路@94462568; 東京教父@92832083	
豆豆獸	char	数码宝贝大冒险：角色列表@94538377; 数码宝贝幽灵游戏角色列表@94560916; 數碼寶貝覺醒節拍角色列表@94712797	
貝魯	char	DokiDoki! 光之美少女@93549956; 光之美少女@94825358; 哆啦A梦角色列表@94533440	
費倫	cgroup	Module:CGroup/Frieren@82010966; Module:CGroup/Wow@94351016; Template:CGroup/Warcraft@92164655	zh-hant
迪亞布羅	cgroup	Template:CGroup/Diablo@94495831; Template:CGroup/Heroes of the Storm@49727842	
迪亞布羅	char	光之美少女：食尚甜心@92951245	
達茲	cgroup	Template:CGroup/GundamAGE@51366593	CHECK
達茲	char	七龍珠Z 地球超級大決戰@93733641; 遊戲王系列角色列表@94649313	CHECK
那魯	cgroup	Module:CGroup/Wow@94351016; Template:CGroup/StarCraft2@39914602; Template:CGroup/StarCraft@73588136	
金剛獸	char	数码宝贝大冒险角色列表@94744369; 数码宝贝大冒险：角色列表@94538377; 数码宝贝幽灵游戏角色列表@94560916	
鍬形蟲獸	char	数码宝贝大冒险：角色列表@94538377; 数码宝贝幽灵游戏角色列表@94560916; 數碼寶貝覺醒節拍角色列表@94712797	
門左衛獸	char	数码宝贝大冒险：角色列表@94538377; 数码宝贝幽灵游戏角色列表@94560916; 數碼寶貝覺醒節拍角色列表@94712797	
閃電霹靂車	cgroup	Module:CGroup/Anime@94680982; Template:CGroup/Cyber Formula@68486475; Template:CGroup/GundamSeed@92969101	
阿爾法獸	cgroup	Template:CGroup/Digimon@94687201	
阿爾法獸	char	数码宝贝大冒险tri.角色列表@94265439; 數碼寶貝拯救隊角色列表@94177566	
阿耳戈獸	char	数码宝贝大冒险：角色列表@94538377; 數碼寶貝拯救隊@94733000; 數碼寶貝覺醒節拍角色列表@94712797	
阿薩斯	cgroup	Module:CGroup/Wow@94351016; Template:CGroup/Heroes of the Storm@49727842; Template:CGroup/Warcraft@92164655	zh-hant
雪球獸	char	数码宝贝大冒险：角色列表@94538377; 数码宝贝幽灵游戏角色列表@94560916; 數碼寶貝覺醒節拍角色列表@94712797	
雷歐	cgroup	Template:CGroup/ED@94768974; Template:CGroup/FullmetalAlchemist@48481493; Template:CGroup/Ultraman@94663541	zh-hant
飛出個未來	cgroup	Module:CGroup/Cartoon@93410586; Module:CGroup/Simpsons@84869408; Template:CGroup/Futurama@34999934	
馬格斯	cgroup	Template:CGroup/BUDDYCOMPLEX@77221119; Template:CGroup/Transformers@87179168	
馬格斯	char	爆丸5星域爭霸@90756067	
駿鷹獸	char	数码宝贝大冒险tri.角色列表@94265439; 数码宝贝幽灵游戏角色列表@94560916; 數碼寶貝04無限地帶@94757548	
魯邦三世	cgroup	Module:CGroup/Anime@94680982; Template:CGroup/名偵探柯南@93449521	
魯邦三世	char	魯邦三世 卡里奧斯特羅之城@93074151	
鮑伯	cgroup	Module:CGroup/Pixar@93247177	
鮑伯	char	DARKER THAN BLACK@93233512; 湯姆歷險記 (動畫)@94720074	
麻鷹獸	char	数码宝贝大冒险02角色列表@94744398; 数码宝贝幽灵游戏角色列表@94560916; 數碼暴龍 LAST EVOLUTION 絆@94708497	
黃蜂獸	char	数码宝贝大冒险：角色列表@94538377; 数码宝贝幽灵游戏角色列表@94560916; 數碼寶貝覺醒節拍角色列表@94712797	
黑球獸	char	数码宝贝大冒险tri.角色列表@94265439; 数码宝贝大冒险：角色列表@94538377; 數碼寶貝覺醒節拍角色列表@94712797	
鼻涕獸	char	数码宝贝大冒险角色列表@94744369; 数码宝贝大冒险：角色列表@94538377; 数码宝贝幽灵游戏角色列表@94560916	
上原南	char	数码宝贝03驯兽师之王角色列表@94744434; 數碼寶貝03馴獸師之王@94757540	
不理不理王國的秘寶	cgroup	Module:CGroup/Anime@94680982; Module:CGroup/蠟筆小新@93760288	CHECK
丘貝雷	cgroup	Template:CGroup/GBF@82201572; Template:CGroup/GundamUC@94693163	
乘浪之約	cgroup	Module:CGroup/Anime@94680982	
乘浪之約	title	乘浪之約@93582562	
也也獸	char	数码宝贝大冒险：角色列表@94538377; 数码宝贝幽灵游戏角色列表@94560916	
五彩獸	char	数码宝贝大冒险：角色列表@94538377; 数码宝贝幽灵游戏角色列表@94560916	
亞修	cgroup	Template:CGroup/GundamSeed@92969101; Template:CGroup/黑執事@49361116	zh-hant
亞坦尼斯	cgroup	Template:CGroup/Heroes of the Storm@49727842; Template:CGroup/StarCraft@73588136	
亞奇洛貝	cgroup	Template:CGroup/DragonBall@92325756	
亞奇洛貝	char	七龙珠角色列表@94425793	
亞妮	cgroup	Template:CGroup/Code Geass@70270136; Template:CGroup/進擊的巨人@76977335	
亞拉瑞克	cgroup	Template:CGroup/StarCraft2@39914602; Template:CGroup/StarCraft@73588136	
亞歷山卓斯	cgroup	Module:CGroup/Wow@94351016; Template:CGroup/Warcraft@92164655	zh-hant
亞羅德	cgroup	Module:CGroup/Wow@94351016; Template:CGroup/Warcraft@92164655	zh-hant
亞莉莎	cgroup	Module:CGroup/Square Enix@93012351; Template:CGroup/GundamAGE@51366593	CHECK
亞蒙	cgroup	Template:CGroup/StarCraft2@39914602; Template:CGroup/StarCraft@73588136	
今井拓海	cgroup	Template:CGroup/妖怪手錶@75937932	CHECK
今井拓海	char	妖怪手錶系列@93337229	CHECK
仲村百合	char	Angel Beats!@94727485; Angel Beats!角色列表@87218149	
伊崗	cgroup	Template:CGroup/StarCraft2@39914602; Template:CGroup/StarCraft@73588136	CHECK
伊扎克	cgroup	Template:CGroup/KamenRider@94225985	
伊扎克	char	DARKER THAN BLACK@93233512	
伊茲夏	cgroup	Template:CGroup/StarCraft2@39914602; Template:CGroup/StarCraft@73588136	CHECK
伊蕾莎	cgroup	Module:CGroup/美国漫画@94638375; Template:CGroup/GundamTWFM@82129397	CHECK
伊薩克	cgroup	Module:CGroup/Half-Life@94355597; Template:CGroup/GundamSeed@92969101	
伊賀獸	char	数码宝贝大冒险02角色列表@94744398; 數碼寶貝覺醒節拍角色列表@94712797	
伊露恩	cgroup	Module:CGroup/Wow@94351016; Template:CGroup/Warcraft@92164655	zh-hant
佛格森	char	愛的小婦人物語@94856165; 湯姆歷險記 (動畫)@94720074	
佛洛拉獸	char	数码宝贝大冒险：角色列表@94538377; 数码宝贝幽灵游戏角色列表@94560916	
佩佩	cgroup	Module:CGroup/PeppaPig@87025478	
佩佩	char	萬里尋親記@94719791	
佩德羅	cgroup	Template:CGroup/GundamIBO@91631774	
佩德羅	char	萬里尋親記@94719791	
來自紅花坂	cgroup	Module:CGroup/Anime@94680982	
來自紅花坂	title	來自紅花坂@90527579	
來自繽紛世界的明日	cgroup	Module:CGroup/Anime@94680982	
來自繽紛世界的明日	title	來自繽紛世界的明日@94729384	
來自風平浪靜的明日	cgroup	Module:CGroup/Anime@94680982	
來自風平浪靜的明日	title	来自风平浪静的明天@94727749	
來西	cgroup	Module:CGroup/Simpsons@84869408; Template:CGroup/Family Guy@79259281	CHECK
保政良	cgroup	Template:CGroup/GundamUC@94693163	
保政良	char	機動戰士GUNDAM@94721023	
借物少女艾莉緹	cgroup	Module:CGroup/Anime@94680982	
借物少女艾莉緹	title	借物少女艾莉緹@89682636	
傑克斯	cgroup	Module:CGroup/OnePiece@83858889; Template:CGroup/GundamW@87064245	
傑斯	cgroup	Module:CGroup/SAO@89298185; Template:CGroup/Ultraman@94663541	
傑斯獸	char	数码宝贝大冒险tri.角色列表@94265439; 數碼寶貝拯救隊角色列表@94177566	
傑特	cgroup	Template:CGroup/GundamUC@94693163; Template:CGroup/Ultraman@94663541	
光明獸	char	数码宝贝幽灵游戏角色列表@94560916; 數碼寶貝04無限地帶角色列表@94744460	
光束加農	cgroup	Template:CGroup/GundamSeed@92969101; Template:CGroup/GundamUC@94693163	
光譜資訊	cgroup	Module:CGroup/Games-zh@90861641; Module:CGroup/Games@94658856	zh-hant
克普魯星區	cgroup	Template:CGroup/StarCraft2@39914602; Template:CGroup/StarCraft@73588136	
克維拉	cgroup	Template:CGroup/DragonBall@92325756	
克維拉	char	七龍珠Z 最強對最強@93733646	
克莉絲汀娜	cgroup	Template:CGroup/GundamUC@94693163	CHECK
克莉絲汀娜	char	阿爾卑斯物語 我的安妮特@94720095	CHECK
克雷多	cgroup	Template:CGroup/Cyber Formula@68486475	
克雷多	char	惡魔獵人系列角色列表@92426452	
兒時的點點滴滴	cgroup	Module:CGroup/Anime@94680982	
兒時的點點滴滴	title	岁月的童话@92224070	
入侵獸	char	数码宝贝大冒险角色列表@94744369; 数码宝贝大冒险：角色列表@94538377	
內茲	cgroup	Template:CGroup/DragonBall@92325756	CHECK
內茲	char	七龍珠Z 最強對最強@93733646	CHECK
八咫烏獸	char	数码宝贝幽灵游戏角色列表@94560916; 數碼寶貝覺醒節拍角色列表@94712797	
八神疾風	char	魔法少女奈葉系列角色列表@93877995; 魔法少女小圓角色列表@94590242	
冰涼獸	char	数码宝贝幽灵游戏角色列表@94560916; 數碼寶貝覺醒節拍角色列表@94712797	
凡蕾莎	cgroup	Module:CGroup/Wow@94351016; Template:CGroup/Warcraft@92164655	CHECK,zh-hant
凱因茲	cgroup	Module:CGroup/SAO@89298185; Template:CGroup/黑執事@49361116	CHECK
凱洛與塔斯黛	cgroup	Module:CGroup/Anime@94680982	
凱洛與塔斯黛	title	凱洛與塔斯黛@92015221	
凱琳	cgroup	Template:CGroup/Mabinogi@50754648; Template:CGroup/Power Rangers@27638544	zh-hant
凱雷斯塔茲	cgroup	Module:CGroup/Wow@94351016; Template:CGroup/Warcraft@92164655	CHECK,zh-hant
刀鋒女皇	cgroup	Template:CGroup/Heroes of the Storm@49727842; Template:CGroup/StarCraft@73588136	
列車獸	char	数码宝贝大冒险：角色列表@94538377; 數碼暴龍App世代角色列表@94177588	
刻耳柏洛獸	char	数码宝贝大冒险：角色列表@94538377; 数码宝贝幽灵游戏角色列表@94560916	
則卷千兵衛	cgroup	Template:CGroup/DragonBall@92325756	
則卷千兵衛	char	七龍珠 摩訶不思議大冒險@93733668	
則卷阿拉蕾	cgroup	Template:CGroup/DragonBall@92325756	
則卷阿拉蕾	char	七龙珠角色列表@94425793	
副櫛龍獸	char	数码宝贝大冒险：角色列表@94538377; 数码宝贝幽灵游戏角色列表@94560916	
劍善次郎	char	数码宝贝合体战争@94740332; 数码宝贝合体战争角色列表@94717250	
加儂	cgroup	Module:CGroup/Nintendo@94745610; Template:CGroup/The World God Only Knows@50754307	
加藤樹莉	char	数码宝贝03驯兽师之王角色列表@94744434; 玲音@94565560	
勞勃	cgroup	Module:CGroup/Frozen@82365390; Module:CGroup/美国漫画@94638375	
包利	cgroup	Module:CGroup/OnePiece@83858889; Template:CGroup/Reborn@29403199	
千年獸	char	数码宝贝大冒险02角色列表@94744398; 数码宝贝大冒险：角色列表@94538377	
卡亞	char	學校怪談 (動畫)@92145862; 森林王子 少年毛克利@94715809	
卡敏柯斯	cgroup	Template:CGroup/CANAAN@79863889	
卡敏柯斯	char	CANAAN@94727525	
卡普	cgroup	Module:CGroup/OnePiece@83858889; Template:CGroup/Transformers@87179168	
卡普利獸	char	数码宝贝大冒险：角色列表@94538377; 数码宝贝幽灵游戏角色列表@94560916	
卡札克	cgroup	Module:CGroup/Wow@94351016; Template:CGroup/Warcraft@92164655	zh-hant
卡林多	cgroup	Module:CGroup/Wow@94351016; Template:CGroup/Warcraft@92164655	zh-hant
卡比	char	星之卡比 (動畫)@94160462; 星之卡比系列角色列表@94293609	
卡洛	cgroup	Module:CGroup/The Promised Neverland@83209401	
卡洛	char	萬里尋親記@94719791	
卡爾洛斯	cgroup	Module:CGroup/Wow@94351016; Template:CGroup/Warcraft@92164655	zh-hant
卡羅	cgroup	Module:CGroup/SAO@89298185; Template:CGroup/四驅兄弟@86987120	
卡臣斯基	cgroup	Template:CGroup/StarCraft2@39914602; Template:CGroup/StarCraft@73588136	
卡薩斯	cgroup	Module:CGroup/Wow@94351016; Template:CGroup/Warcraft@92164655	zh-hant
卡蜜拉	cgroup	Template:CGroup/GOSICK@62514366; Template:CGroup/Ultraman@94663541	
卡迪爾	cgroup	Template:CGroup/StarCraft2@39914602; Template:CGroup/StarCraft@73588136	
卡達力斯	cgroup	Template:CGroup/StarCraft2@39914602; Template:CGroup/StarCraft@73588136	
反叛的魯路修	cgroup	Module:CGroup/Anime@94680982; Template:CGroup/Code Geass@70270136	
古加獸	cgroup	Template:CGroup/Digimon@94687201	
古加獸	char	数码宝贝大冒险角色列表@94744369	
古拉迪斯	cgroup	Module:CGroup/OnePiece@83858889; Template:CGroup/GundamSeed@92969101	
古泉一樹	char	涼宮春日的消失@94676932; 涼宮春日系列@94449678	
可愛獸	char	数码宝贝大冒险：角色列表@94538377; 數碼寶貝覺醒節拍角色列表@94712797	
可蒙犬獸	char	数码宝贝大冒险：角色列表@94538377; 數碼寶貝覺醒節拍角色列表@94712797	
史拉格	cgroup	Template:CGroup/DragonBall@92325756	
史拉格	char	七龍珠Z 超級賽亞人孫悟空@93733657	
史提夫	cgroup	Module:CGroup/Disney@93925402; Module:CGroup/Pixar@93247177	zh-hant
史東	cgroup	Module:CGroup/美国漫画@94638375; Template:CGroup/GundamAGE@51366593	
史汪	cgroup	Template:CGroup/StarCraft2@39914602; Template:CGroup/StarCraft@73588136	
史賓賽夫人	char	愛的小婦人物語@94856165; 清秀佳人 (動畫)@94720065	
史迪奇	cgroup	Module:CGroup/Disney@93925402	
史迪奇	char	星際寶貝：神奇大冒險@94779708	
史黛菈	cgroup	Template:CGroup/GundamSeed@92969101	
史黛菈	char	航海王電影：GOLD@93412929	
吉尼	cgroup	Module:CGroup/閃電十一人@68657168; Template:CGroup/Gundam00@70972545	
吉比特	cgroup	Module:CGroup/Games-zh@90861641; Template:CGroup/DragonBall@92325756	zh-hant
吉胖喵	cgroup	Template:CGroup/妖怪手錶@75937932	
吉胖喵	char	妖怪手錶系列@93337229	
名取早耶香	char	你的名字。@94061490; 天气之子@94186671	
后蟲	cgroup	Template:CGroup/StarCraft2@39914602; Template:CGroup/StarCraft@73588136	
吱吱獸	char	数码宝贝大冒险：角色列表@94538377; 数码宝贝幽灵游戏角色列表@94560916	
咪咪流浪記	cgroup	Module:CGroup/Anime@94680982	
咪咪流浪記	title	咪咪流浪记@89758855	
咪姆	title	咪姆@93202945	
咪姆	char	咪姆@93202945	
哈奴獸	char	数码宝贝大冒险：角色列表@94538377; 数码宝贝幽灵游戏角色列表@94560916	
哈洛德	cgroup	Template:CGroup/黑執事@49361116	
哈洛德	char	愛少女波麗安娜物語@94856145	
哥爾	cgroup	Module:CGroup/OnePiece@83858889; Template:CGroup/Getter Robo@89726924	
哥瑪獸	char	数码宝贝大冒险02角色列表@94744398; 数码宝贝大冒险角色列表@94744369	
喀耳刻的魔女	cgroup	Module:CGroup/Anime@94680982; Template:CGroup/GundamUC@94693163	CHECK
喪屍撒旦獸	cgroup	Template:CGroup/Digimon@94687201	
喪屍撒旦獸	char	数码宝贝大冒险02角色列表@94744398	
喪屍暴龍獸	cgroup	Template:CGroup/Digimon@94687201	
喪屍暴龍獸	char	数码宝贝大冒险角色列表@94744369	
喬瑟與虎與魚群動畫版	cgroup	Module:CGroup/Anime@94680982	CHECK
喬瑟與虎與魚群動畫版	title	喬瑟與虎與魚群動畫版@94591558	CHECK
喵喵獸	char	数码宝贝大冒险tri.角色列表@94265439; 数码宝贝幽灵游戏角色列表@94560916	
嘿嘿獸	char	数码宝贝大冒险：角色列表@94538377; 數碼寶貝覺醒節拍角色列表@94712797	
噴射風靈獸	cgroup	Template:CGroup/Digimon@94687201	
噴射風靈獸	char	數碼寶貝04無限地帶角色列表@94744460	
四道跨	char	拜託了☆老師@90724500; 拜託了☆雙子星@90723419	
國木田	char	涼宮春日的消失@94676932; 涼宮春日系列@94449678	
地海戰記	cgroup	Module:CGroup/Anime@94680982	
地海戰記	title	地海傳說@94685926	
地球聯邦	cgroup	Template:CGroup/Gundam00@70972545; Template:CGroup/GundamAGE@51366593	
地龍獸	char	数码宝贝大冒险：角色列表@94538377; 數碼寶貝覺醒節拍角色列表@94712797	
坦克獸	char	数码宝贝大冒险角色列表@94744369; 数码宝贝大冒险：角色列表@94538377	
垃圾桶獸	char	数码宝贝大冒险角色列表@94744369; 数码宝贝大冒险：角色列表@94538377	
埃薩	cgroup	Module:CGroup/Wow@94351016; Template:CGroup/Warcraft@92164655	zh-hant
基斯	cgroup	Module:CGroup/KingOfFighters@91481321; Template:CGroup/GundamUC@94693163	
塔克斯	char	最终幻想VII系列角色列表@92525651; 高立的未來世界@90116301	
塔拉格	cgroup	Module:CGroup/Wow@94351016; Template:CGroup/Warcraft@92164655	zh-hant
塔達力姆	cgroup	Template:CGroup/StarCraft2@39914602; Template:CGroup/StarCraft@73588136	
塞爾奇	cgroup	Template:CGroup/MyHeroAcademia@87565804	
塞爾奇	char	我的英雄学院角色列表@94403792	
塞皮克獸	char	数码宝贝大冒险：角色列表@94538377; 数码宝贝幽灵游戏角色列表@94560916	
壘牙	cgroup	Template:CGroup/NARUTO@86143617	
壘牙	char	火影忍者角色列表@94671076	
夏姆	cgroup	Template:CGroup/CANAAN@79863889	
夏姆	char	CANAAN@94727525	
夏特	char	Go Princess 光之美少女@94065409; 音速小子X@94737938	
夏珂	cgroup	Template:CGroup/CANAAN@79863889	
夏珂	char	CANAAN@94727525	
多明尼克	cgroup	Module:CGroup/Counter-Strike@85677571; Template:CGroup/FullmetalAlchemist@48481493	zh-hant
多雷古	cgroup	Module:CGroup/OnePiece@83858889	
多雷古	char	ONE PIECE角色列表@94658502	
夜精靈	cgroup	Module:CGroup/Wow@94351016; Template:CGroup/Warcraft@92164655	zh-hant
夢貘獸	char	数码宝贝大冒险tri.角色列表@94265439; 数码宝贝幽灵游戏角色列表@94560916	
大企鵝獸	char	数码宝贝大冒险：角色列表@94538377; 數碼寶貝04無限地帶角色列表@94744460	
大便獸	char	数码宝贝大冒险角色列表@94744369; 数码宝贝大冒险：角色列表@94538377	
大型電玩	cgroup	Module:CGroup/Games@94658856; Module:CGroup/Simpsons@84869408	
大宇資訊	cgroup	Module:CGroup/Games-zh@90861641; Module:CGroup/Games@94658856	zh-hant
大蛇獸	char	数码宝贝大冒险tri.角色列表@94265439; 数码宝贝大冒险：角色列表@94538377	
大鍬形蟲獸	char	数码宝贝大冒险：角色列表@94538377; 數碼寶貝覺醒節拍角色列表@94712797	
大雄的新恐龍	cgroup	Module:CGroup/Doraemon@88509940	
大雄的新恐龍	title	大雄的新恐龍@93357386	
大雄的月球探測記	cgroup	Module:CGroup/Doraemon@88509940	
大雄的月球探測記	title	大雄的月球探測記@93357355	
大雄的金銀島	cgroup	Module:CGroup/Doraemon@88509940	
大雄的金銀島	title	大雄的金银岛@93512797	
天使的脈動	cgroup	Module:CGroup/Anime@94680982	
天使的脈動	title	Angel Beats!@94727485	
天空的劫難船	cgroup	Module:CGroup/Anime@94680982; Template:CGroup/名偵探柯南@93449521	
天鵝獸	char	数码宝贝大冒险：角色列表@94538377; 数码宝贝幽灵游戏角色列表@94560916	
失落的帝國	cgroup	Module:CGroup/Disney@93925402; Module:CGroup/Games@94658856	
夾竹桃獸	char	数码宝贝幽灵游戏角色列表@94560916; 數碼寶貝覺醒節拍角色列表@94712797	
奇可	cgroup	Module:CGroup/Nintendo@94745610	
奇可	char	怪物的孩子@93936285	
奇斯	cgroup	Module:CGroup/SPY×FAMILY@86080268; Template:CGroup/進擊的巨人@76977335	
奇美拉獸	char	数码宝贝大冒险：角色列表@94538377; 數碼寶貝覺醒節拍角色列表@94712797	
奇蝦獸	char	数码宝贝大冒险：角色列表@94538377; 數碼寶貝覺醒節拍角色列表@94712797	CHECK
奧格林	cgroup	Module:CGroup/Wow@94351016; Template:CGroup/Warcraft@92164655	zh-hant
奧茲	cgroup	Module:CGroup/Counter-Strike@85677571; Template:CGroup/潘朵拉之心@39382393	CHECK,zh-hant
奪寶奇謀	cgroup	Module:CGroup/Anime@94680982	CHECK
奪寶奇謀	title	飛虎奇兵@90162991	CHECK
女惡魔獸	char	数码宝贝大冒险02角色列表@94744398; 数码宝贝大冒险角色列表@94744369	
妖狐獸	char	数码宝贝03驯兽师之王角色列表@94744434; 数码宝贝幽灵游戏角色列表@94560916	
妮亞	cgroup	Template:CGroup/Yes! 光之美少女5@89217113	
妮亞	char	天元突破 紅蓮螺巖@93776700	
威斯頓公爵	cgroup	Module:CGroup/Disney@93925402; Module:CGroup/Frozen@82365390	
威洛	cgroup	Template:CGroup/DragonBall@92325756; Template:CGroup/Mabinogi@50754648	
娜塔莉亞	char	偶像大師 灰姑娘女孩角色列表@91786822; 萬里尋親記@94719791	CHECK
娜塔莎	cgroup	Template:CGroup/小魔女DoReMi@65858319	CHECK
娜塔莎	char	小魔女DoReMi@94721174	CHECK
娜米	cgroup	Module:CGroup/LOL@93322985	CHECK
娜米	char	追逐繁星的孩子@94412901	CHECK
孜孜獸	char	数码宝贝大冒险：角色列表@94538377; 數碼寶貝覺醒節拍角色列表@94712797	
孵化池	cgroup	Template:CGroup/StarCraft2@39914602; Template:CGroup/StarCraft@73588136	
宇智波信	cgroup	Template:CGroup/NARUTO@86143617	
宇智波信	char	BORUTO-火影新世代-NARUTO NEXT GENERATIONS-角色列表@94842050	
守衛機器人獸	char	数码宝贝大冒险：角色列表@94538377; 数码宝贝幽灵游戏角色列表@94560916	
守衛獸	char	数码宝贝03驯兽师之王角色列表@94744434; 数码宝贝大冒险角色列表@94744369	
安底羅獸	char	数码宝贝大冒险：角色列表@94538377; 数码宝贝幽灵游戏角色列表@94560916	
安杜因	cgroup	Module:CGroup/Wow@94351016; Template:CGroup/Warcraft@92164655	zh-hant
安杜路獸	char	数码宝贝03驯兽师之王角色列表@94744434; 数码宝贝大冒险角色列表@94744369	
安潔拉	cgroup	Module:CGroup/Jewelpet@81833309; Template:CGroup/黑執事@49361116	
安琪拉	cgroup	Template:CGroup/小魔女DoReMi@65858319	
安琪拉	char	小魔女DoReMi@94721174	
安納克羅斯	cgroup	Module:CGroup/Wow@94351016; Template:CGroup/Warcraft@92164655	zh-hant
安納斯提安	cgroup	Module:CGroup/Wow@94351016; Template:CGroup/Warcraft@92164655	zh-hant
安錫	cgroup	Module:CGroup/Anime@94680982; Module:CGroup/Cartoon@93410586	zh-hant
安錫國際動畫影展	cgroup	Module:CGroup/Anime@94680982; Module:CGroup/Cartoon@93410586	zh-hant
宮水三葉	char	你的名字。@94061490; 天气之子@94186671	
宮水四葉	char	你的名字。@94061490; 天气之子@94186671	
密卡登	cgroup	Template:CGroup/Transformers@87179168	
密卡登	char	變形金剛：超能連結@94758428	
寇爾提拉	cgroup	Module:CGroup/Wow@94351016; Template:CGroup/Warcraft@92164655	zh-hant
寒冰霸權	cgroup	Module:CGroup/Games@94658856; Template:CGroup/Warcraft@92164655	zh-hant
對魔力	char	Fate/Apocrypha@90728159; Fate/stay night角色列表@94041607	
小倉健次	cgroup	Template:CGroup/小魔女DoReMi@65858319	
小倉健次	char	小魔女DoReMi@94721174	
小傑	cgroup	Module:CGroup/Pixar@93247177; Template:CGroup/HUNTER@80241645	
小小獸	char	数码宝贝大冒险：角色列表@94538377; 数码宝贝幽灵游戏角色列表@94560916	
小惡魔獸	char	数码宝贝大冒险角色列表@94744369; 数码宝贝幽灵游戏角色列表@94560916	
小櫻	cgroup	Module:CGroup/Hayate the Combat Butler@81833661; Template:CGroup/NARUTO@86143617	
小獨角仙獸	char	数码宝贝幽灵游戏角色列表@94560916; 數碼寶貝04無限地帶角色列表@94744460	
小石次郎	cgroup	Template:CGroup/妖怪手錶@75937932	
小石次郎	char	妖怪手錶系列@93337229	
小石獅	cgroup	Template:CGroup/妖怪手錶@75937932	
小石獅	char	妖怪手錶系列@93337229	
小舞	cgroup	Template:CGroup/DragonBall@92325756	
小舞	char	七龍珠 摩訶不思議大冒險@93733668	
小芳	cgroup	Template:CGroup/DragonBall@92325756	
小芳	char	七龍珠GT@94711068	
小英的故事	cgroup	Module:CGroup/Anime@94680982	
小英的故事	title	佩琳物語@94719893	
小象寶寶	cgroup	Template:CGroup/小魔女DoReMi@65858319	
小象寶寶	char	小魔女DoReMi@94721174	
小鍬形蟲獸	char	数码宝贝大冒险：角色列表@94538377; 数码宝贝幽灵游戏角色列表@94560916	
小飛	cgroup	Module:CGroup/Pixar@93247177; Template:CGroup/魔法咪路咪路@26972197	
小龍獸	char	数码宝贝大冒险：角色列表@94538377; 數碼寶貝覺醒節拍角色列表@94712797	
少年悍將	cgroup	Module:CGroup/Cartoon@93410586; Module:CGroup/美国漫画@94638375	
少年超人隊	cgroup	Module:CGroup/Cartoon@93410586; Module:CGroup/美国漫画@94638375	zh-hant
尖峰時刻	cgroup	Module:CGroup/Games@94658856; Template:CGroup/Sim@37867988	
尚波	cgroup	Template:CGroup/DragonBall@92325756; Template:CGroup/GBF@82201572	
尤娜	cgroup	Module:CGroup/My Little Pony@91388064; Module:CGroup/SAO@89298185	CHECK
尤摩捷	cgroup	Template:CGroup/StarCraft2@39914602; Template:CGroup/StarCraft@73588136	
尤格薩倫	cgroup	Module:CGroup/Wow@94351016; Template:CGroup/Warcraft@92164655	zh-hant
尼可	cgroup	Template:CGroup/GOSICK@62514366; Template:CGroup/GundamSeed@92969101	
崔希爾	cgroup	Module:CGroup/Wow@94351016; Template:CGroup/Warcraft@92164655	zh-hant
崖上的波妞	cgroup	Module:CGroup/Anime@94680982	
崖上的波妞	title	崖上的波妞@94592545	
川木	cgroup	Template:CGroup/NARUTO@86143617	
川木	char	火影忍者角色列表@94671076	
工程機器人	cgroup	Template:CGroup/Gundam00@70972545; Template:CGroup/MyHeroAcademia@87565804	
工蟲	cgroup	Template:CGroup/StarCraft2@39914602; Template:CGroup/StarCraft@73588136	
巧克力獸	char	数码宝贝幽灵游戏角色列表@94560916; 數碼寶貝大冒險02@94757504	
巧洛獸	char	数码宝贝大冒险：角色列表@94538377; 數碼寶貝覺醒節拍角色列表@94712797	
巨人之壁	cgroup	Module:CGroup/Danball Senki@81863967; Module:CGroup/閃電十一人@68657168	
巨雞獸	char	数码宝贝大冒险角色列表@94744369; 數碼寶貝拯救隊角色列表@94177566	
巨鯨獸	char	数码宝贝大冒险角色列表@94744369; 数码宝贝大冒险：角色列表@94538377	
巨龍獸	char	数码宝贝大冒险角色列表@94744369; 数码宝贝大冒险：角色列表@94538377	
巨龜獸	char	数码宝贝幽灵游戏角色列表@94560916; 數碼寶貝拯救隊角色列表@94177566	
巴哈姆特電玩資訊站	cgroup	Module:CGroup/Games-zh@90861641; Module:CGroup/Games@94658856	zh-hant
巴拉卡斯	cgroup	Template:CGroup/DragonBall@92325756	CHECK
巴拉卡斯	char	七龍珠Z 燃燒吧!!熱戰·烈戰·超激戰@93733652	CHECK
巴撒獸	cgroup	Template:CGroup/Digimon@94687201	CHECK
巴撒獸	char	數碼寶貝04無限地帶角色列表@94744460	CHECK
巴斯特獸	char	数码宝贝幽灵游戏角色列表@94560916; 數碼寶貝覺醒節拍角色列表@94712797	CHECK
巴特拉	cgroup	Module:CGroup/KingOfFighters@91481321; Template:CGroup/HUNTER@80241645	CHECK
巴納札爾	cgroup	Module:CGroup/Wow@94351016; Template:CGroup/Warcraft@92164655	CHECK,zh-hant
巴隆獸	char	数码宝贝大冒险：角色列表@94538377; 數碼寶貝拯救隊角色列表@94177566	CHECK
巴魯獸	char	数码宝贝大冒险02角色列表@94744398; 数码宝贝大冒险角色列表@94744369	CHECK
布塔	cgroup	Template:CGroup/愛天使傳說@43103330	
布塔	char	天元突破 紅蓮螺巖@93776700	
布布	char	新·大雄的宇宙開拓史@94688485; 飛天小女警Z@94716201	
布萊安	cgroup	Module:CGroup/KingOfFighters@91481321; Template:CGroup/Gundam00@70972545	
布萊特	cgroup	Module:CGroup/Cyberpunk@85139581; Template:CGroup/GundamUC@94693163	
布萊西斯	cgroup	Template:CGroup/StarCraft2@39914602; Template:CGroup/StarCraft@73588136	CHECK
布魯將軍	cgroup	Template:CGroup/DragonBall@92325756	
布魯將軍	char	七龍珠 摩訶不思議大冒險@93733668	
希絲妮	cgroup	Module:CGroup/Square Enix@93012351	
希絲妮	char	最终幻想VII系列角色列表@92525651	
希羅	cgroup	Template:CGroup/StarCraft2@39914602; Template:CGroup/StarCraft@73588136	
帕姆	cgroup	Template:CGroup/Aikatsu@68312381	
帕姆	char	星之卡比 (動畫)@94160462	
帝帝帝大王	char	星之卡比 (動畫)@94160462; 星之卡比系列角色列表@94293609	
席古	cgroup	Template:CGroup/FullmetalAlchemist@48481493; Template:CGroup/GundamSeed@92969101	
平成狸合戰	cgroup	Module:CGroup/Anime@94680982	
平成狸合戰	title	平成狸合战@94636493	
年糕獸	char	数码宝贝大冒险tri.角色列表@94265439; 数码宝贝幽灵游戏角色列表@94560916	
幸福美滿	cgroup	Template:CGroup/小魔女DoReMi@65858319	
幸福美滿	char	小魔女DoReMi@94721174	
幻蜂獸	char	数码宝贝大冒险：角色列表@94538377; 數碼寶貝覺醒節拍角色列表@94712797	
幼龍獸	char	数码宝贝幽灵游戏角色列表@94560916; 數碼寶貝覺醒節拍角色列表@94712797	
幾維鳥獸	char	数码宝贝大冒险：角色列表@94538377; 数码宝贝幽灵游戏角色列表@94560916	
庫卡	cgroup	Module:CGroup/Counter-Strike@85677571; Module:CGroup/閃電十一人@68657168	zh-hant
引爆摩天樓	cgroup	Module:CGroup/Anime@94680982; Template:CGroup/名偵探柯南@93449521	
弗瑞德	cgroup	Template:CGroup/Mazinger@84157445; Template:CGroup/黑執事@49361116	
強盜的女兒	cgroup	Module:CGroup/Anime@94680982	
強盜的女兒	title	綠林女兒羅妮婭@90192211	
強襲龍獸	char	数码宝贝03驯兽师之王角色列表@94744434; 数码宝贝幽灵游戏角色列表@94560916	
彈力獸	char	数码宝贝大冒险：角色列表@94538377; 數碼寶貝覺醒節拍角色列表@94712797	
彩虹小馬	cgroup	Module:CGroup/Cartoon@93410586; Module:CGroup/My Little Pony@91388064	
影片串流	cgroup	Module:CGroup/Anime@94680982; Module:CGroup/Games@94658856	
彼得獸	char	数码宝贝幽灵游戏角色列表@94560916; 數碼寶貝覺醒節拍角色列表@94712797	
往天國的倒數計時	cgroup	Module:CGroup/Anime@94680982; Template:CGroup/名偵探柯南@93449521	
德姆	cgroup	Template:CGroup/GundamSeed@92969101; Template:CGroup/GundamUC@94693163	
心之谷	cgroup	Module:CGroup/Anime@94680982	
心之谷	title	心之谷@88760045	
志乃	cgroup	Template:CGroup/NARUTO@86143617	
志乃	char	最終幻想 零式與Agito角色列表@93380052	
快樂快樂月刊	cgroup	Module:CGroup/Danball Senki@81863967; Module:CGroup/Doraemon@88509940	
怒火燎原	cgroup	Module:CGroup/Games@94658856; Template:CGroup/StarCraft@73588136	
怪博士與機器娃娃	cgroup	Module:CGroup/Anime@94680982; Template:CGroup/DragonBall@92325756	
怪物的孩子	cgroup	Module:CGroup/Anime@94680982	
怪物的孩子	title	怪物的孩子@93936285	
恐星大王費加	cgroup	Template:CGroup/Mazinger@84157445	
恐星大王費加	char	金剛戰神@91363742	
恰克	cgroup	Template:CGroup/GundamUC@94693163	
恰克	char	音速小子X@94737938	
悟空獸	char	数码宝贝大冒险角色列表@94744369; 數碼寶貝覺醒節拍角色列表@94712797	
惠惠	char	為美好的世界獻上祝福！角色列表@94474307; 異世界四重奏@93605298	
惡靈勢力	cgroup	Module:CGroup/Games@94658856; Module:CGroup/Half-Life@94355597	
惡靈古堡	cgroup	Module:CGroup/Games@94658856; Module:CGroup/ResidentEvil@94612703	
惡鬼獸	char	数码宝贝大冒险tri.角色列表@94265439; 数码宝贝大冒险：角色列表@94538377	
愛心炸彈	cgroup	Module:CGroup/Counter-Strike@85677571	zh-hant
愛心炸彈	char	DokiDoki! 光之美少女@93549956	
愛精靈獸	char	数码宝贝大冒险：角色列表@94538377; 数码宝贝幽灵游戏角色列表@94560916	
戈登	cgroup	Module:CGroup/Pixar@93247177; Template:CGroup/GundamIBO@91631774	
戈魯爾	cgroup	Module:CGroup/Wow@94351016; Template:CGroup/Warcraft@92164655	zh-hant
我和我的宇宙公主	cgroup	Module:CGroup/Anime@94680982; Module:CGroup/蠟筆小新@93760288	
我愛美樂蒂	cgroup	Module:CGroup/Anime@94680982; Module:CGroup/Jewelpet@81833309	
我的超時空新娘	cgroup	Module:CGroup/Anime@94680982; Module:CGroup/蠟筆小新@93760288	
戰慄時空	cgroup	Module:CGroup/Games@94658856; Module:CGroup/Half-Life@94355597	
戰狼獸	cgroup	Template:CGroup/Digimon@94687201	
戰狼獸	char	數碼寶貝04無限地帶角色列表@94744460	
戴因	cgroup	Module:CGroup/SAO@89298185; Template:CGroup/GundamIBO@91631774	
戴斯蒙德	cgroup	Module:CGroup/SPY×FAMILY@86080268	
戴斯蒙德	char	凱洛與塔斯黛@92015221	
托德	cgroup	Template:CGroup/GundamIBO@91631774	
托德	char	魔法使光之美少女！@94758670	
托許	cgroup	Template:CGroup/StarCraft2@39914602; Template:CGroup/StarCraft@73588136	
拉拉獸	char	数码宝贝大冒险：角色列表@94538377; 數碼寶貝拯救隊角色列表@94177566	
拉比獸	cgroup	Template:CGroup/Digimon@94687201	
拉比獸	char	数码宝贝03驯兽师之王角色列表@94744434	
拉琪	cgroup	Module:CGroup/Pixar@93247177	
拉琪	char	七龙珠角色列表@94425793	
拉薩德	cgroup	Template:CGroup/進擊的巨人@76977335	
拉薩德	char	最终幻想VII系列角色列表@92525651	
拜斯	cgroup	Module:CGroup/KingOfFighters@91481321	
拜斯	char	異世界四重奏@93605298	
探險活寶	cgroup	Module:CGroup/Cartoon@93410586; Template:CGroup/Adventure Time@90284406	
搞怪遊樂園大冒險	cgroup	Module:CGroup/Anime@94680982; Module:CGroup/蠟筆小新@93760288	
撥片獸	char	数码宝贝大冒险：角色列表@94538377; 数码宝贝幽灵游戏角色列表@94560916	
政權戰爭	cgroup	Template:CGroup/StarCraft2@39914602; Template:CGroup/StarCraft@73588136	
救難小福星	cgroup	Module:CGroup/Cartoon@93410586; Module:CGroup/Disney@93925402	
救難小英雄	cgroup	Module:CGroup/Anime@94680982; Module:CGroup/Disney@93925402	
數位修復	cgroup	Module:CGroup/Anime@94680982; Module:CGroup/Cartoon@93410586	
數位版	cgroup	Module:CGroup/Cartoon@93410586; Module:CGroup/Games@94658856	
數位重	cgroup	Module:CGroup/Anime@94680982; Module:CGroup/Cartoon@93410586	CHECK
數碼寶貝大冒險	cgroup	Template:CGroup/Digimon@94687201	
數碼寶貝大冒險	title	數碼寶貝大冒險@94757482	
數碼寶貝覺醒節拍	cgroup	Module:CGroup/Anime@94680982; Template:CGroup/Digimon@94687201	
斯巴達獸	char	数码宝贝大冒险：角色列表@94538377; 數碼寶貝覺醒節拍角色列表@94712797	
斯杜科夫	cgroup	Template:CGroup/StarCraft2@39914602; Template:CGroup/StarCraft@73588136	
斯特曼	cgroup	Template:CGroup/StarCraft2@39914602; Template:CGroup/StarCraft@73588136	
斯麥爾	cgroup	Template:CGroup/Battle Spirits@29023902; Template:CGroup/NARUTO@86143617	
日光獸	char	数码宝贝幽灵游戏角色列表@94560916; 數碼寶貝覺醒節拍角色列表@94712797	
日向秀樹	char	Angel Beats!@94727485; Angel Beats!角色列表@87218149	
日輪獸	char	数码宝贝大冒险：角色列表@94538377; 數碼寶貝覺醒節拍角色列表@94712797	
明星獸	char	数码宝贝大冒险：角色列表@94538377; 數碼寶貝覺醒節拍角色列表@94712797	
星光樂園	cgroup	Module:CGroup/Anime@94680982; Template:CGroup/Pretty Rhythm@77221109	zh-hant
星海遊俠	cgroup	Module:CGroup/Games@94658856; Module:CGroup/Square Enix@93012351	
星風綺羅羅	cgroup	Template:CGroup/妖怪手錶@75937932	
星風綺羅羅	char	妖怪手錶系列@93337229	
普勞德摩爾	cgroup	Module:CGroup/Wow@94351016; Template:CGroup/Warcraft@92164655	zh-hant
普尼獸	char	数码宝贝大冒险：角色列表@94538377; 數碼寶貝覺醒節拍角色列表@94712797	
普崔司	cgroup	Module:CGroup/Wow@94351016; Template:CGroup/Warcraft@92164655	zh-hant
普斯利獸	char	数码宝贝大冒险：角色列表@94538377; 数码宝贝幽灵游戏角色列表@94560916	
普斯獸	char	数码宝贝大冒险：角色列表@94538377; 數碼寶貝覺醒節拍角色列表@94712797	
普普獸	char	数码宝贝大冒险：角色列表@94538377; 數碼寶貝覺醒節拍角色列表@94712797	
普羅米亞	cgroup	Module:CGroup/Anime@94680982	
普羅米亞	title	普羅米亞@93548677	
普羅羅獸	char	数码宝贝大冒险：角色列表@94538377; 数码宝贝幽灵游戏角色列表@94560916	
智天使獸	char	数码宝贝大冒险：角色列表@94538377; 數碼寶貝04無限地帶角色列表@94744460	
暮蟬悲鳴時	cgroup	Module:CGroup/Anime@94680982; Module:CGroup/Games@94658856	
暴雪英霸	cgroup	Module:CGroup/Games@94658856; Template:CGroup/Heroes of the Storm@49727842	
暴龍改造者	cgroup	Template:CGroup/Digimon@94687201	
暴龍改造者	char	数码宝贝大冒险02角色列表@94744398	
月之千年獸	char	数码宝贝大冒险：角色列表@94538377; 数码宝贝幽灵游戏角色列表@94560916	
月神獸	char	数码宝贝大冒险：角色列表@94538377; 數碼寶貝覺醒節拍角色列表@94712797	
朝比奈實玖瑠	char	涼宮春日的消失@94676932; 涼宮春日系列@94449678	
木村高雄	cgroup	Template:CGroup/小魔女DoReMi@65858319	
木村高雄	char	小魔女DoReMi@94721174	
未來少年柯南	cgroup	Module:CGroup/Anime@94680982	
未來少年柯南	title	高立的未來世界@90116301	
末日鎚	cgroup	Module:CGroup/Wow@94351016; Template:CGroup/Warcraft@92164655	zh-hant
札迦拉	cgroup	Template:CGroup/StarCraft2@39914602; Template:CGroup/StarCraft@73588136	
李歐	cgroup	Template:CGroup/四驅兄弟@86987120; Template:CGroup/潘朵拉之心@39382393	
李鎭宇	char	数码宝贝03驯兽师之王角色列表@94744434; 數碼寶貝03馴獸師之王@94757540	
杜洛坦	cgroup	Module:CGroup/Wow@94351016; Template:CGroup/Warcraft@92164655	zh-hant
杜賓犬獸	char	数码宝贝03驯兽师之王角色列表@94744434; 数码宝贝大冒险：角色列表@94538377	
松田啟人	char	数码宝贝03驯兽师之王角色列表@94744434; 数码宝贝合体战争角色列表@94717250	
柏納	cgroup	Module:CGroup/Solo Leveling@86308871; Template:CGroup/進擊的巨人@76977335	
柯倫	cgroup	Template:CGroup/Mabinogi@50754648; Template:CGroup/名偵探柯南@93449521	
根首	char	半妖的夜叉姬@87932716; 犬夜叉角色列表@94790447	
格鬥天王	cgroup	Module:CGroup/Games@94658856; Module:CGroup/KingOfFighters@91481321	
格魯米斯王	cgroup	Template:CGroup/DragonBall@92325756	
格魯米斯王	char	七龍珠 神龍傳說@93733675	
桑達	char	Fractale@90968404; 森林王子 少年毛克利@94715809	
梅比斯	cgroup	Template:CGroup/Ultraman@94663541	
梅比斯	char	FRESH光之美少女！@93922959	
梅鐸	cgroup	Module:CGroup/美国漫画@94638375; Template:CGroup/GundamSeed@92969101	
梗犬獸助手	char	数码宝贝幽灵游戏角色列表@94560916; 數碼寶貝覺醒節拍角色列表@94712797	
梣谷	cgroup	Module:CGroup/Wow@94351016; Template:CGroup/Warcraft@92164655	zh-hant
森野莓	char	拜託了☆老師@90724500; 拜託了☆雙子星@90723419	
森野葉子	cgroup	Template:CGroup/妖怪手錶@75937932	
森野葉子	char	妖怪手錶系列@93337229	
模擬市民	cgroup	Module:CGroup/Games@94658856; Template:CGroup/Sim@37867988	
樹蟲獸	char	数码宝贝大冒险：角色列表@94538377; 數碼寶貝覺醒節拍角色列表@94712797	
機械人獸	char	数码宝贝大冒险：角色列表@94538377; 數碼寶貝覺醒節拍角色列表@94712797	
機械邪龍獸	cgroup	Template:CGroup/Digimon@94687201	
機械邪龍獸	char	数码宝贝大冒险角色列表@94744369	
歐哈拉	cgroup	Module:CGroup/OnePiece@83858889; Module:CGroup/美国漫画@94638375	
歐斯	cgroup	Module:CGroup/OnePiece@83858889; Template:CGroup/愛天使傳說@43103330	
歐格	cgroup	Module:CGroup/閃電十一人@68657168; Template:CGroup/GundamIBO@91631774	
武藤遊戲	char	10th週年劇場版 遊戲王 ～超融合！跨越時空的羈絆～@93383120; 遊戲王系列角色列表@94649313	
武藤雙六	char	10th週年劇場版 遊戲王 ～超融合！跨越時空的羈絆～@93383120; 遊戲王系列角色列表@94649313	
死神鐮刀	cgroup	Module:CGroup/Counter-Strike@85677571; Template:CGroup/黑執事@49361116	zh-hant
毒蘑菇獸	char	数码宝贝幽灵游戏角色列表@94560916; 數碼寶貝覺醒節拍角色列表@94712797	
毒蜘蛛獸	char	数码宝贝大冒险：角色列表@94538377; 数码宝贝幽灵游戏角色列表@94560916	
毒蠍獸	char	数码宝贝大冒险：角色列表@94538377; 數碼寶貝覺醒節拍角色列表@94712797	
比克大魔王	cgroup	Template:CGroup/DragonBall@92325756	
比克大魔王	char	七龍珠 (動畫)@94701288	
比司吉	cgroup	Template:CGroup/GundamIBO@91631774; Template:CGroup/HUNTER@80241645	
比特獸	char	数码宝贝大冒险：角色列表@94538377; 数码宝贝幽灵游戏角色列表@94560916	
毛人獸	char	数码宝贝大冒险角色列表@94744369; 数码宝贝大冒险：角色列表@94538377	
水之都	cgroup	Template:CGroup/MapleStory@57794822; Template:CGroup/Toaru@89726592	
水果獸	char	数码宝贝大冒险：角色列表@94538377; 數碼寶貝覺醒節拍角色列表@94712797	
水野伍郎	char	数码宝贝03驯兽师之王角色列表@94744434; 數碼寶貝03馴獸師之王@94757540	
決勝之日	cgroup	Module:CGroup/Games@94658856; Module:CGroup/Half-Life@94355597	
決勝時刻	cgroup	Module:CGroup/Games@94658856; Template:CGroup/Death Note@84122694	
沃菲爾	cgroup	Template:CGroup/StarCraft2@39914602; Template:CGroup/StarCraft@73588136	
沙悟淨獸	char	数码宝贝幽灵游戏角色列表@94560916; 數碼寶貝拯救隊角色列表@94177566	
沙沙美	cgroup	Template:CGroup/NARUTO@86143617	
沙沙美	char	火影忍者角色列表@94671076	
沙礫獸	char	数码宝贝大冒险：角色列表@94538377; 數碼寶貝覺醒節拍角色列表@94712797	
沙維札	cgroup	Template:CGroup/DragonBall@92325756	
沙維札	char	七龍珠Z 最強對最強@93733646	
法蘭茲	cgroup	Template:CGroup/Cyber Formula@68486475; Template:CGroup/Transformers@87179168	CHECK
泡泡大亂鬥	cgroup	Module:CGroup/Games@94658856; Template:CGroup/Crazyracing Kartrider@60141039	
泡泡獸	char	数码宝贝大冒险：角色列表@94538377; 數碼寶貝覺醒節拍角色列表@94712797	
波比	char	爆丸5星域爭霸@90756067; 異域天使@91247092	
波麗	char	名偵探福爾摩斯@94071005; 愛的小婦人物語@94856165	CHECK
泰洛苟莎	cgroup	Module:CGroup/Wow@94351016; Template:CGroup/Warcraft@92164655	CHECK,zh-hant
泰瑞	cgroup	Module:CGroup/KingOfFighters@91481321; Module:CGroup/Square Enix@93012351	
洛伊德	cgroup	Module:CGroup/BLEACH@81833737; Module:CGroup/SPY×FAMILY@86080268	
洛克漢	cgroup	Module:CGroup/Wow@94351016; Template:CGroup/Warcraft@92164655	zh-hant
洛戈許	cgroup	Module:CGroup/Wow@94351016; Template:CGroup/Warcraft@92164655	zh-hant
洛索瑪	cgroup	Module:CGroup/Wow@94351016; Template:CGroup/Warcraft@92164655	zh-hant
派屈克	cgroup	Template:CGroup/Gundam00@70972545; Template:CGroup/GundamSeed@92969101	
流光獸	char	数码宝贝大冒险：角色列表@94538377; 數碼寶貝04無限地帶角色列表@94744460	
海天使獸	char	数码宝贝03驯兽师之王角色列表@94744434; 数码宝贝大冒险：角色列表@94538377	
海姆	cgroup	Module:CGroup/SAO@89298185; Template:CGroup/GundamSeed@92969101	
海底兩萬哩	cgroup	Module:CGroup/Anime@94680982	
海底兩萬哩	title	冒險少女娜汀亞@94740490	
海潮之聲	cgroup	Module:CGroup/Anime@94680982	
海潮之聲	title	海潮之声@94677880	
海王滿	cgroup	Template:CGroup/Sailor Moon@93051346	
海王滿	char	美少女戰士角色列表@94852109	
海王龍獸	char	数码宝贝大冒险：角色列表@94538377; 數碼寶貝覺醒節拍角色列表@94712797	
海美	char	給小桃的信@94607052; 萬里尋親記@94719791	
海萊恩	cgroup	Module:CGroup/Wow@94351016; Template:CGroup/Warcraft@92164655	zh-hant
海藤渡	char	Go Princess 光之美少女@94065409; 名偵探柯南：水平線上的陰謀@94562230	
海豹龍獸	char	数码宝贝幽灵游戏角色列表@94560916; 數碼寶貝覺醒節拍角色列表@94712797	
海貓悲鳴時	cgroup	Module:CGroup/Anime@94680982; Module:CGroup/Games@94658856	
海龍獸	char	数码宝贝大冒险角色列表@94744369; 数码宝贝大冒险：角色列表@94538377	
涼宮春日	char	涼宮春日的消失@94676932; 涼宮春日系列@94449678	
漂流家園	cgroup	Module:CGroup/Anime@94680982	
漂流家園	title	漂流家園@87146899	
漂游獸	char	数码宝贝大冒险：角色列表@94538377; 數碼寶貝覺醒節拍角色列表@94712797	
漆黑的追跡者	cgroup	Module:CGroup/Anime@94680982; Template:CGroup/名偵探柯南@93449521	
漢吉	cgroup	Template:CGroup/進擊的巨人@76977335; Template:CGroup/魔法咪路咪路@26972197	
漢堡獸	char	数码宝贝大冒险：角色列表@94538377; 數碼寶貝覺醒節拍角色列表@94712797	
潘朵拉	cgroup	Module:CGroup/Games@94658856; Template:CGroup/潘朵拉之心@39382393	
火神獸	cgroup	Template:CGroup/Digimon@94687201	
火神獸	char	數碼寶貝04無限地帶角色列表@94744460	
火野麗	cgroup	Template:CGroup/Sailor Moon@93051346	CHECK
火野麗	char	美少女戰士角色列表@94852109	CHECK
火龍獸	cgroup	Template:CGroup/Digimon@94687201	
火龍獸	char	數碼寶貝04無限地帶角色列表@94744460	
灰熊獸	char	数码宝贝大冒险：角色列表@94538377; 数码宝贝幽灵游戏角色列表@94560916	
災厄獸	char	数码宝贝大冒险：角色列表@94538377; 数码宝贝幽灵游戏角色列表@94560916	
炎龍獸	cgroup	Template:CGroup/Digimon@94687201	
炎龍獸	char	數碼寶貝04無限地帶角色列表@94744460	
炸彈獸	char	数码宝贝大冒险：角色列表@94538377; 數碼寶貝覺醒節拍角色列表@94712797	
炸雞球獸	char	数码宝贝大冒险：角色列表@94538377; 数码宝贝幽灵游戏角色列表@94560916	
烏帕	char	七龍珠 摩訶不思議大冒險@93733668; 七龙珠角色列表@94425793	
烏賊獸	char	数码宝贝大冒险：角色列表@94538377; 数码宝贝幽灵游戏角色列表@94560916	
無敵鐵金剛凱撒	cgroup	Module:CGroup/Anime@94680982; Template:CGroup/Mazinger@84157445	
無限龍獸	char	数码宝贝大冒险tri.角色列表@94265439; 数码宝贝大冒险：角色列表@94538377	
熊貓獸	char	数码宝贝幽灵游戏角色列表@94560916; 數碼寶貝覺醒節拍角色列表@94712797	
熾天使鋼彈	cgroup	Template:CGroup/GBF@82201572; Template:CGroup/Gundam00@70972545	
爆熱神威掌	cgroup	Template:CGroup/GBF@82201572; Template:CGroup/GGundam@85035825	
爆爆王	cgroup	Module:CGroup/Games@94658856; Template:CGroup/Crazyracing Kartrider@60141039	
牛人獸	char	数码宝贝大冒险02角色列表@94744398; 数码宝贝大冒险：角色列表@94538377	
牧野留姬	char	数码宝贝03驯兽师之王角色列表@94744434; 数码宝贝合体战争角色列表@94717250	
特洛瓦	cgroup	Template:CGroup/GundamW@87064245	
特洛瓦	char	遊戲王ZEXAL@93180378	
特蘭克斯	char	七龍珠Z 燃燒吧!!熱戰·烈戰·超激戰@93733652; 七龍珠Z@94711042	
犬王	title	犬王 (動畫電影)@90346257	
犬王	char	犬王 (動畫電影)@90346257	
狙擊獸	char	数码宝贝大冒险：角色列表@94538377; 數碼寶貝覺醒節拍角色列表@94712797	
狡猾飛天德	cgroup	Module:CGroup/Cartoon@93410586; Module:CGroup/Disney@93925402	
狡詐獸	char	数码宝贝大冒险：角色列表@94538377; 數碼寶貝覺醒節拍角色列表@94712797	
猞猁獸	char	数码宝贝幽灵游戏角色列表@94560916; 數碼寶貝覺醒節拍角色列表@94712797	
猿猴獸	char	数码宝贝大冒险tri.角色列表@94265439; 数码宝贝大冒险：角色列表@94538377	
玉兔獸	cgroup	Template:CGroup/Digimon@94687201	
玉兔獸	char	数码宝贝03驯兽师之王角色列表@94744434	
琉妮	cgroup	Template:CGroup/The World God Only Knows@50754307	
琉妮	char	大雄的月球探測記@93357355	
瑪利歐綜合運動	cgroup	Module:CGroup/Nintendo@94745610; Module:CGroup/Square Enix@93012351	
瑪奇	cgroup	Template:CGroup/HUNTER@80241645; Template:CGroup/Mabinogi@50754648	
瑪瑟爾	cgroup	Module:CGroup/Counter-Strike@85677571; Template:CGroup/Diablo@94495831	zh-hant
瑪翼夫	cgroup	Module:CGroup/Wow@94351016; Template:CGroup/Warcraft@92164655	zh-hant
瑪莉安妮	cgroup	Template:CGroup/小魔女DoReMi@65858319	
瑪莉安妮	char	小魔女DoReMi@94721174	
瑪裘亞	cgroup	Module:CGroup/KingOfFighters@91481321; Module:CGroup/閃電十一人@68657168	
瑪麗娜	cgroup	Module:CGroup/BlueArchive@93972468	CHECK,zh-hant
瑪麗娜	char	寶可夢動畫角色列表@93411809	CHECK
瑪麗與魔女之花	cgroup	Module:CGroup/Anime@94680982	
瑪麗與魔女之花	title	瑪麗與魔女之花@91378747	
瑪麗葉特	char	小公主莎拉@94856128; 萬里尋親記@94719791	
瓦倫蒂娜	cgroup	Module:CGroup/Pixar@93247177; Template:CGroup/GundamSeed@92969101	CHECK
瓦利歐	cgroup	Module:CGroup/Games@94658856; Module:CGroup/Nintendo@94745610	
瓦利歐製造	cgroup	Module:CGroup/Games@94658856; Module:CGroup/Nintendo@94745610	
瓦古娜利亞	cgroup	Module:CGroup/SAO@89298185; Template:CGroup/WORKING!!@28976859	CHECK
瓦爾基麗	cgroup	Module:CGroup/美国漫画@94638375; Template:CGroup/KamenRider@94225985	CHECK
瓦豆魯迪	char	星之卡比 (動畫)@94160462; 星之卡比系列角色列表@94293609	
甲蟲獸	char	数码宝贝大冒险02角色列表@94744398; 数码宝贝大冒险角色列表@94744369	
甲鐵城的卡巴內里	cgroup	Module:CGroup/Anime@94680982	CHECK
甲鐵城的卡巴內里	title	甲鐵城的卡巴內里@93830519	CHECK
畢娜	cgroup	Module:CGroup/SAO@89298185	CHECK
畢娜	char	刀劍神域角色列表@94550774	CHECK
畫家獸	char	数码宝贝大冒险：角色列表@94538377; 数码宝贝幽灵游戏角色列表@94560916	
異世界自殺突擊隊	cgroup	Module:CGroup/Anime@94680982; Module:CGroup/美国漫画@94638375	
異域神兵	cgroup	Module:CGroup/Games@94658856; Module:CGroup/Square Enix@93012351	
痞德	cgroup	Module:CGroup/Simpsons@84869408; Template:CGroup/Family Guy@79259281	
百合獸	char	数码宝贝大冒险tri.角色列表@94265439; 数码宝贝大冒险：角色列表@94538377	
百萬龍獸	char	数码宝贝大冒险tri.角色列表@94265439; 数码宝贝大冒险：角色列表@94538377	
百變金剛	cgroup	Module:CGroup/Cartoon@93410586; Template:CGroup/Transformers@87179168	
皮克斯動畫工作室	cgroup	Module:CGroup/Disney@93925402; Module:CGroup/Pixar@93247177	
皮皮獸	char	数码宝贝大冒险：角色列表@94538377; 數碼寶貝覺醒節拍角色列表@94712797	
皮耶爾	cgroup	Module:CGroup/OnePiece@83858889	
皮耶爾	char	阿爾卑斯物語 我的安妮特@94720095	
皮諾	char	我的英雄学院角色列表@94403792; 死亡代理人@93463069	
盧拉拉	cgroup	Module:CGroup/Simpsons@84869408; Template:CGroup/Family Guy@79259281	
目標軟件	cgroup	Module:CGroup/Games-zh@90861641; Module:CGroup/Games@94658856	zh-hant
盾神京谷	cgroup	Template:CGroup/戰鬥陀螺 鋼鐵奇兵@68490308	
盾神京谷	char	戰鬥陀螺 鋼鐵奇兵角色列表@94643342	
破曉之戰	cgroup	Module:CGroup/Games@94658856; Template:CGroup/Warhammer@93295042	
破滅魔龍獸	cgroup	Template:CGroup/Digimon@94687201	
破滅魔龍獸	char	数码宝贝03驯兽师之王角色列表@94744434	
硨磲獸	char	数码宝贝大冒险：角色列表@94538377; 數碼寶貝覺醒節拍角色列表@94712797	
礦石獸	char	数码宝贝大冒险角色列表@94744369; 數碼寶貝拯救隊角色列表@94177566	
祖利獸	char	数码宝贝大冒险角色列表@94744369; 數碼寶貝拯救隊角色列表@94177566	
神切	cgroup	Template:CGroup/NARUTO@86143617	
神切	char	火影忍者角色列表@94671076	
神力女超人	cgroup	Module:CGroup/美国漫画@94638375; Template:CGroup/DCComics@83473348	
神威鋼彈	cgroup	Template:CGroup/GBF@82201572; Template:CGroup/GGundam@85035825	
神族	cgroup	Template:CGroup/StarCraft2@39914602; Template:CGroup/StarCraft@73588136	
神隱少女	cgroup	Module:CGroup/Anime@94680982	
神隱少女	title	千与千寻@94787677	
稀有爛泥獸	char	数码宝贝大冒险：角色列表@94538377; 数码宝贝幽灵游戏角色列表@94560916	
穿山獸	cgroup	Template:CGroup/Digimon@94687201	
穿山獸	char	数码宝贝大冒险02角色列表@94744398	
立花瀧	char	你的名字。@94061490; 天气之子@94186671	
章魚獸	char	数码宝贝幽灵游戏角色列表@94560916; 數碼寶貝覺醒節拍角色列表@94712797	
童話槍手小紅帽	cgroup	Module:CGroup/Anime@94680982; Template:CGroup/童話槍手小紅帽@22981301	
米克羅斯	char	大雄與鐵人兵團@93724405; 新·大雄與鐵人兵團@94468775	
米凱爾	cgroup	Template:CGroup/Pichi Pichi Pitch@94608266	
米凱爾	char	阿爾卑斯物語 我的安妮特@94720095	
米卡	char	Lycoris Recoil 莉可麗絲@94031169; 少女與戰車角色列表@93320972	
米妮瓦	cgroup	Module:CGroup/Danball Senki@81863967; Template:CGroup/GundamUC@94693163	
米格爾	char	劇場版 咒術迴戰 0@94201844; 萬里尋親記@94719791	
米特	cgroup	Template:CGroup/HUNTER@80241645	
米特	char	風之谷 (電影)@94844860	
米蓋爾	cgroup	Module:CGroup/美国漫画@94638375; Template:CGroup/GundamSeed@92969101	
粉紅豬小妹	cgroup	Module:CGroup/Cartoon@93410586; Module:CGroup/PeppaPig@87025478	
粒粒獸	char	数码宝贝大冒险：角色列表@94538377; 數碼寶貝覺醒節拍角色列表@94712797	
精靈少女組	cgroup	Module:CGroup/Cartoon@93410586; Module:CGroup/Disney@93925402	
精靈遊俠	cgroup	Module:CGroup/Counter-Strike@85677571; Template:CGroup/MapleStory@57794822	zh-hant
紅菜獸	char	数码宝贝大冒险：角色列表@94538377; 數碼寶貝覺醒節拍角色列表@94712797	
納米獸	char	数码宝贝大冒险：角色列表@94538377; 数码宝贝幽灵游戏角色列表@94560916	
紐佛森	cgroup	Template:CGroup/StarCraft2@39914602; Template:CGroup/StarCraft@73588136	
紐奇獸	char	数码宝贝大冒险：角色列表@94538377; 數碼寶貝覺醒節拍角色列表@94712797	
絕地要塞	cgroup	Module:CGroup/Games@94658856; Module:CGroup/Half-Life@94355597	
絕海的偵探	cgroup	Module:CGroup/Anime@94680982; Template:CGroup/名偵探柯南@93449521	
給小桃的信	cgroup	Module:CGroup/Anime@94680982	
給小桃的信	title	給小桃的信@94607052	
絹代	char	心之谷@88760045; 鈴芽之旅@94338447	
維京獸	char	数码宝贝大冒险tri.角色列表@94265439; 数码宝贝大冒险：角色列表@94538377	
維克多	cgroup	Module:CGroup/Counter-Strike@85677571; Template:CGroup/KamenRider@94225985	zh-hant
維勒安	cgroup	Template:CGroup/StarCraft2@39914602; Template:CGroup/StarCraft@73588136	CHECK
緋色的彈丸	cgroup	Module:CGroup/Anime@94680982; Template:CGroup/名偵探柯南@93449521	
緬因貓獸	char	数码宝贝大冒险tri.角色列表@94265439; 数码宝贝幽灵游戏角色列表@94560916	
緬破獸	char	数码宝贝大冒险tri.角色列表@94265439; 数码宝贝幽灵游戏角色列表@94560916	
繽紛色彩	cgroup	Module:CGroup/Games@94658856; Module:CGroup/SAO@89298185	
羅倫佐	cgroup	Module:CGroup/Pixar@93247177	
羅倫佐	char	萬里尋親記@94719791	
羅密歐的藍天	cgroup	Module:CGroup/Anime@94680982	
羅密歐的藍天	title	羅密歐的藍天@91519228	
羅根	cgroup	Module:CGroup/美国漫画@94638375; Template:CGroup/GBF@82201572	
羅登	cgroup	Module:CGroup/閃電十一人@68657168; Template:CGroup/GundamAGE@51366593	
羅貝	cgroup	Module:CGroup/Pixar@93247177; Template:CGroup/Cyber Formula@68486475	
羅迪	cgroup	Template:CGroup/GundamAGE@51366593	
羅迪	char	凱洛與塔斯黛@92015221	
美波	cgroup	Module:CGroup/OshinoKo@84428949	
美波	char	光之美少女@94825358	
美雅麗	char	愛少女波麗安娜物語@94856145; 湯姆歷險記 (動畫)@94720074	CHECK
翡翠森林狼與羊	cgroup	Module:CGroup/Anime@94680982	
翡翠森林狼與羊	title	翡翠森林狼与羊@94607128	
翼神世音	cgroup	Module:CGroup/Anime@94680982	
翼神世音	title	翼神世音@94041722	
考雷斯塔茲	cgroup	Module:CGroup/Wow@94351016; Template:CGroup/Warcraft@92164655	CHECK,zh-hant
聖火降魔錄	cgroup	Module:CGroup/Games@94658856; Module:CGroup/Nintendo@94745610	
聖龍獸	char	数码宝贝大冒险tri.角色列表@94265439; 数码宝贝大冒险：角色列表@94538377	
肯恩	cgroup	Template:CGroup/C&C@83793789	
肯恩	char	BLEACH角色列表@94571323	
肯普法	cgroup	Template:CGroup/GBF@82201572; Template:CGroup/GundamUC@94693163	
胖可丁	cgroup	Template:CGroup/Pokemon@85444397	
胖可丁	char	寶可夢動畫角色列表@93411809	
胡立歐	cgroup	Module:CGroup/Pixar@93247177; Template:CGroup/GBF@82201572	
胡蜂獸	char	数码宝贝大冒险：角色列表@94538377; 數碼寶貝覺醒節拍角色列表@94712797	
艾兒	cgroup	Module:CGroup/開闊天空！光之美少女@83218661	
艾兒	char	爆丸5星域爭霸@90756067	
艾凡斯夫人	char	愛的小婦人物語@94856165; 清秀佳人 (動畫)@94720065	
艾力克希	cgroup	Template:CGroup/StarCraft2@39914602; Template:CGroup/StarCraft@73588136	
艾可	cgroup	Template:CGroup/潘朵拉之心@39382393	
艾可	char	高譚角色列表@92146409	
艾咪	char	翠星上的加爾岡緹亞@91223485; 音速小子X@94737938	
艾德蒙	cgroup	Module:CGroup/PeppaPig@87025478; Template:CGroup/StarCraft2@39914602	
艾拉	cgroup	Template:CGroup/GBF@82201572	
艾拉	char	可塑性記憶@94399638	
艾爾加隆	cgroup	Module:CGroup/Wow@94351016; Template:CGroup/Warcraft@92164655	zh-hant
艾瑞兒	cgroup	Template:CGroup/StarCraft2@39914602; Template:CGroup/StarCraft@73588136	
艾莎	cgroup	Module:CGroup/Disney@93925402; Module:CGroup/Frozen@82365390	CHECK
艾蘭里亞	cgroup	Module:CGroup/Wow@94351016; Template:CGroup/Warcraft@92164655	zh-hant
艾露	cgroup	Template:CGroup/GundamUC@94693163	
艾露	char	機動戰士GUNDAM SEED系列角色列表@94694324	
芭芭	cgroup	Template:CGroup/小魔女DoReMi@65858319	
芭芭	char	小魔女DoReMi@94721174	
花蕾獸	char	数码宝贝大冒险：角色列表@94538377; 数码宝贝幽灵游戏角色列表@94560916	
花開物語	cgroup	Module:CGroup/Anime@94680982	
花開物語	title	花開物語@94760130	
英雄大帝	cgroup	Module:CGroup/Games@94658856; Template:CGroup/Might&Magic@42603917	
茱莉	cgroup	Module:CGroup/BlueArchive@93972468; Template:CGroup/GOSICK@62514366	zh-hant
茲卡克	cgroup	Template:CGroup/GundamSeed@92969101; Template:CGroup/GundamUC@94693163	CHECK
茲寇克	cgroup	Template:CGroup/GundamSeed@92969101; Template:CGroup/GundamUC@94693163	CHECK
草薙桂	char	拜託了☆老師@90724500; 拜託了☆雙子星@90723419	
莉茲	cgroup	Module:CGroup/Cyberpunk@85139581; Module:CGroup/SAO@89298185	CHECK
莉莉亞	cgroup	Module:CGroup/LOL@93322985	
莉莉亞	char	高譚角色列表@92146409	
莉莉絲獸	char	数码宝贝幽灵游戏角色列表@94560916; 數碼寶貝拯救隊角色列表@94177566	
莎夏	cgroup	Template:CGroup/進擊的巨人@76977335	CHECK
莎夏	char	DARKER THAN BLACK@93233512	CHECK
莫爾墨	cgroup	Module:CGroup/Wow@94351016; Template:CGroup/Warcraft@92164655	zh-hant
莫里斯	cgroup	Template:CGroup/GOSICK@62514366	
莫里斯	char	湯姆歷險記 (動畫)@94720074	
莫魯	cgroup	Module:CGroup/Wow@94351016; Template:CGroup/Warcraft@92164655	zh-hant
華倫	cgroup	Template:CGroup/GundamIBO@91631774; Template:CGroup/GundamUC@94693163	
華力斯	char	数码宝贝大冒险02角色列表@94744398; 數碼寶貝大冒險02@94757504	
華特迪士尼	cgroup	Module:CGroup/Cartoon@93410586; Module:CGroup/Disney@93925402	zh-hant
華麗獸	char	数码宝贝大冒险：角色列表@94538377; 數碼寶貝覺醒節拍角色列表@94712797	
萊德	cgroup	Template:CGroup/GundamIBO@91631774	
萊德	char	翠星上的加爾岡緹亞@91223485	
萊拉	cgroup	Template:CGroup/Code Geass@70270136; Template:CGroup/FullmetalAlchemist@48481493	
萬花筒之星	cgroup	Module:CGroup/Anime@94680982	
萬花筒之星	title	百变之星@94316722	
萬里尋母	cgroup	Module:CGroup/Anime@94680982	
萬里尋母	title	萬里尋親記@94719791	
葛拉克朗	cgroup	Module:CGroup/Wow@94351016; Template:CGroup/Warcraft@92164655	zh-hant
葛拉文	cgroup	Template:CGroup/StarCraft2@39914602; Template:CGroup/StarCraft@73588136	
葛拉漢	cgroup	Module:CGroup/ResidentEvil@94612703; Template:CGroup/Gundam00@70972545	
葛痞德	cgroup	Module:CGroup/Simpsons@84869408; Template:CGroup/Family Guy@79259281	
葛羅	cgroup	Module:CGroup/Wow@94351016; Template:CGroup/Warcraft@92164655	zh-hant
葛羅瑪許	cgroup	Module:CGroup/Wow@94351016; Template:CGroup/Warcraft@92164655	zh-hant
葛莉	cgroup	Module:CGroup/Simpsons@84869408; Template:CGroup/Family Guy@79259281	
葛雷米	cgroup	Module:CGroup/BLEACH@81833737; Template:CGroup/GundamUC@94693163	
葛馬藍	cgroup	Module:CGroup/Simpsons@84869408; Template:CGroup/Family Guy@79259281	
蒙面俠蘇洛傳	cgroup	Module:CGroup/Anime@94680982	
蒙面俠蘇洛傳	title	蒙面俠蘇洛傳 (日本動畫)@90157303	
蒼雷	char	数码宝贝03驯兽师之王角色列表@94744434; 数码宝贝大冒险02角色列表@94744398	
蒼鷺與少年	cgroup	Module:CGroup/Anime@94680982	zh-hant
蒼鷺與少年	title	蒼鷺與少年@94140876	
蓋布瑞	cgroup	Template:CGroup/StarCraft2@39914602; Template:CGroup/StarCraft@73588136	
蓋洛	cgroup	Template:CGroup/DragonBall@92325756; Template:CGroup/GOSICK@62514366	
蓋特機器人	cgroup	Module:CGroup/Anime@94680982; Template:CGroup/Getter Robo@89726924	
蓑蟲獸	char	数码宝贝幽灵游戏角色列表@94560916; 數碼暴龍 LAST EVOLUTION 絆@94708497	
蔚藍檔案	cgroup	Module:CGroup/BlueArchive@93972468; Module:CGroup/Games@94658856	zh-hant
蕾蕾	cgroup	Template:CGroup/小魔女DoReMi@65858319	
蕾蕾	char	小魔女DoReMi@94721174	
薩庫獸	char	数码宝贝大冒险：角色列表@94538377; 數碼寶貝覺醒節拍角色列表@94712797	
薩沙理安	cgroup	Module:CGroup/Wow@94351016; Template:CGroup/Warcraft@92164655	zh-hant
薩爾納加	cgroup	Template:CGroup/StarCraft2@39914602; Template:CGroup/StarCraft@73588136	
薯條獸	char	数码宝贝大冒险：角色列表@94538377; 数码宝贝幽灵游戏角色列表@94560916	
藍寶	cgroup	Module:CGroup/LOL@93322985; Template:CGroup/Crazyracing Kartrider@60141039	CHECK
藍色恐懼	cgroup	Module:CGroup/Anime@94680982	
藍色恐懼	title	藍色恐懼@94281992	
藍道	cgroup	Module:CGroup/Pixar@93247177; Template:CGroup/黑執事@49361116	
藤壺獸	char	数码宝贝幽灵游戏角色列表@94560916; 數碼寶貝覺醒節拍角色列表@94712797	
虛妹	char	涼宮春日的消失@94676932; 涼宮春日系列@94449678	CHECK
虛幻勇士	cgroup	Module:CGroup/Cartoon@93410586; Template:CGroup/CodeLyoko@53054375	
虛空艦	cgroup	Template:CGroup/StarCraft2@39914602; Template:CGroup/StarCraft@73588136	
蜻蜓獸	char	數碼寶貝拯救隊角色列表@94177566; 數碼寶貝覺醒節拍角色列表@94712797	
蝙蝠獸	char	数码宝贝大冒险：角色列表@94538377; 數碼寶貝覺醒節拍角色列表@94712797	
螃蟹獸	char	数码宝贝大冒险：角色列表@94538377; 數碼寶貝覺醒節拍角色列表@94712797	
螢火蟲之墓	cgroup	Module:CGroup/Anime@94680982	
螢火蟲之墓	title	萤火虫之墓@94574839	
螺旋塔	cgroup	Template:CGroup/StarCraft2@39914602; Template:CGroup/StarCraft@73588136	
蟑螂獸	char	数码宝贝大冒险02角色列表@94744398; 数码宝贝大冒险：角色列表@94538377	
蟲巢	cgroup	Template:CGroup/StarCraft2@39914602; Template:CGroup/StarCraft@73588136	
蟲族	cgroup	Template:CGroup/StarCraft2@39914602; Template:CGroup/StarCraft@73588136	
蟲族之心	cgroup	Template:CGroup/StarCraft2@39914602; Template:CGroup/StarCraft@73588136	
蟲蟲獸	cgroup	Template:CGroup/Digimon@94687201	
蟲蟲獸	char	数码宝贝大冒险02角色列表@94744398	
血狼獸	char	数码宝贝幽灵游戏角色列表@94560916; 數碼寶貝覺醒節拍角色列表@94712797	
衝吧烈子	cgroup	Module:CGroup/Anime@94680982	zh-hant
衝吧烈子	title	衝吧烈子@91183058	
裁決獸	cgroup	Template:CGroup/Digimon@94687201	
裁決獸	char	数码宝贝03驯兽师之王角色列表@94744434	
裘莉	cgroup	Module:CGroup/Counter-Strike@85677571; Module:CGroup/Jewelpet@81833309	zh-hant
複眼獸	char	数码宝贝大冒险：角色列表@94538377; 数码宝贝幽灵游戏角色列表@94560916	
複製人	cgroup	Module:CGroup/SAO@89298185; Template:CGroup/GGundam@85035825	
角龍獸	char	数码宝贝大冒险角色列表@94744369; 数码宝贝大冒险：角色列表@94538377	
記憶之鍊	cgroup	Module:CGroup/Games@94658856; Module:CGroup/Square Enix@93012351	zh-hant
諾伊曼	cgroup	Template:CGroup/GundamSeed@92969101	
諾伊曼	char	異世界四重奏@93605298	
諾克斯	cgroup	Template:CGroup/FullmetalAlchemist@48481493; Template:CGroup/黑執事@49361116	
諾娃特務密令	cgroup	Template:CGroup/StarCraft2@39914602; Template:CGroup/StarCraft@73588136	
諾娜	char	少女與戰車角色列表@93320972; 死亡遊行@91275771	CHECK
諾拉	cgroup	Template:CGroup/GundamAGE@51366593; Template:CGroup/The World God Only Knows@50754307	
諾柏多	cgroup	Module:CGroup/Wow@94351016; Template:CGroup/Warcraft@92164655	zh-hant
諾蘭德	cgroup	Module:CGroup/OnePiece@83858889; Template:CGroup/GundamSeed@92969101	
變形金剛進化版	cgroup	Module:CGroup/Cartoon@93410586; Template:CGroup/Transformers@87179168	
豆豆先生	cgroup	Module:CGroup/Cartoon@93410586; Module:CGroup/Disney@93925402	
豚豚	cgroup	Module:CGroup/Pixar@93247177; Template:CGroup/NARUTO@86143617	
貓的報恩	cgroup	Module:CGroup/Anime@94680982	
貓的報恩	title	猫的报恩@93936394	
貝克達	cgroup	Template:CGroup/Transformers@87179168	
貝克達	char	音速小子X@94737938	
貝兒	cgroup	Module:CGroup/My Little Pony@91388064; Template:CGroup/Pretty Rhythm@77221109	
貝卡	cgroup	Module:CGroup/Games@94658856; Template:CGroup/Mabinogi@50754648	
貝比	cgroup	Template:CGroup/DragonBall@92325756	
貝比	char	七龍珠GT@94711068	
貝琪	cgroup	Module:CGroup/SPY×FAMILY@86080268; Template:CGroup/GundamUC@94693163	
貝瑞	cgroup	Module:CGroup/美国漫画@94638375	
貝瑞	char	清秀佳人 (動畫)@94720065	
貞德獸	char	数码宝贝幽灵游戏角色列表@94560916; 數碼寶貝04無限地帶@94757548	
負鼠獸	char	数码宝贝大冒险：角色列表@94538377; 数码宝贝幽灵游戏角色列表@94560916	
費南多	cgroup	Module:CGroup/Counter-Strike@85677571	zh-hant
費南多	char	萬里尋親記@94719791	
賀萊士	cgroup	Template:CGroup/StarCraft2@39914602; Template:CGroup/StarCraft@73588136	
賈維斯	cgroup	Module:CGroup/美国漫画@94638375	
賈維斯	char	Pokemon the movie XY&Z 波爾凱尼恩與機關人偶 瑪機雅娜@92337863	
賈茲	cgroup	Module:CGroup/BLEACH@81833737; Template:CGroup/GundamTWFM@82129397	CHECK
賽拉斯	char	湯姆歷險記 (動畫)@94720074; 長腿叔叔 (動畫)@94856329	
賽維爾	cgroup	Module:CGroup/美国漫画@94638375; Template:CGroup/Mabinogi@50754648	
赫拉克勒獨角仙獸	char	数码宝贝大冒险tri.角色列表@94265439; 数码宝贝大冒险：角色列表@94538377	CHECK
赫杜倫	cgroup	Module:CGroup/Wow@94351016; Template:CGroup/Warcraft@92164655	zh-hant
超時空之鑰	cgroup	Module:CGroup/Games@94658856; Module:CGroup/Square Enix@93012351	
足利義滿	char	機靈小和尚@92445221; 犬王 (動畫電影)@90346257	
跳跳獸	char	数码宝贝大冒险：角色列表@94538377; 数码宝贝幽灵游戏角色列表@94560916	
軟糖獸	char	数码宝贝幽灵游戏角色列表@94560916; 數碼寶貝大冒險02@94757504	
辛德拉苟莎	cgroup	Module:CGroup/Wow@94351016; Template:CGroup/Warcraft@92164655	CHECK,zh-hant
达瑞安	cgroup	Module:CGroup/Wow@94351016; Template:CGroup/Warcraft@92164655	CHECK,zh-hant
迦樓羅獸	char	数码宝贝大冒险tri.角色列表@94265439; 数码宝贝大冒险：角色列表@94538377	
迪傑	cgroup	Template:CGroup/GundamAGE@51366593; Template:CGroup/GundamUC@94693163	
迪哥獸	char	数码宝贝大冒险tri.角色列表@94265439; 数码宝贝大冒险：角色列表@94538377	
迷宮的十字路	cgroup	Module:CGroup/Anime@94680982; Template:CGroup/名偵探柯南@93449521	
逆襲的夏亞	cgroup	Module:CGroup/Anime@94680982; Template:CGroup/GundamUC@94693163	
進化室	cgroup	Template:CGroup/StarCraft2@39914602; Template:CGroup/StarCraft@73588136	
進昇暴龍獸	cgroup	Template:CGroup/Digimon@94687201	
進昇暴龍獸	char	數碼寶貝拯救隊角色列表@94177566	
遊城十代	char	10th週年劇場版 遊戲王 ～超融合！跨越時空的羈絆～@93383120; 游戏王GX@94457844	
達伊的大冒險	cgroup	Module:CGroup/Anime@94680982; Module:CGroup/Square Enix@93012351	
達克妮絲	char	為美好的世界獻上祝福！角色列表@94474307; 異世界四重奏@93605298	
達克汗	cgroup	Module:CGroup/Wow@94351016; Template:CGroup/Warcraft@92164655	zh-hant
達列斯	cgroup	Template:CGroup/DragonBall@92325756	
達列斯	char	七龍珠Z 地球超級大決戰@93733641	
邁爾斯	cgroup	Module:CGroup/美国漫画@94638375; Template:CGroup/FullmetalAlchemist@48481493	
邪龍獸	char	数码宝贝大冒险角色列表@94744369; 数码宝贝大冒险：角色列表@94538377	
重力獸	char	数码宝贝大冒险：角色列表@94538377; 數碼寶貝覺醒節拍角色列表@94712797	
野狼獸	char	数码宝贝大冒险：角色列表@94538377; 數碼寶貝04無限地帶角色列表@94744460	
金剛大魔神	cgroup	Module:CGroup/Anime@94680982; Template:CGroup/Mazinger@84157445	
金剛武神獸	cgroup	Template:CGroup/Digimon@94687201	
金剛武神獸	char	數碼寶貝04無限地帶角色列表@94744460	
金屬加魯魯獸	char	数码宝贝大冒险tri.角色列表@94265439; 数码宝贝大冒险：角色列表@94538377	
金屬幻影獸	char	数码宝贝大冒险：角色列表@94538377; 数码宝贝幽灵游戏角色列表@94560916	
銀狼獸	cgroup	Template:CGroup/Digimon@94687201	
銀狼獸	char	數碼寶貝04無限地帶角色列表@94744460	
銀翼的奇術師	cgroup	Module:CGroup/Anime@94680982; Template:CGroup/名偵探柯南@93449521	
鋼彈創鬥者	cgroup	Module:CGroup/Anime@94680982; Template:CGroup/GBF@82201572	
鋼鐵海龍獸	cgroup	Template:CGroup/Digimon@94687201	
鋼鐵海龍獸	char	数码宝贝大冒险角色列表@94744369	
錢尼	cgroup	Template:CGroup/CANAAN@79863889	
錢尼	char	ONE PIECE角色列表@94658502	
鍵天使獸	char	数码宝贝大冒险：角色列表@94538377; 数码宝贝幽灵游戏角色列表@94560916	
鐵血孤兒	cgroup	Module:CGroup/Anime@94680982; Template:CGroup/GundamIBO@91631774	
鑽地獸	char	数码宝贝大冒险角色列表@94744369; 數碼寶貝拯救隊角色列表@94177566	
長門有希	char	涼宮春日的消失@94676932; 涼宮春日系列@94449678	
閃光的哈薩威	cgroup	Module:CGroup/Anime@94680982; Template:CGroup/GundamUC@94693163	
閃蝶獸	char	数码宝贝幽灵游戏角色列表@94560916; 數碼暴龍 LAST EVOLUTION 絆@94708497	
開膛手傑克	cgroup	Module:CGroup/Counter-Strike@85677571	zh-hant
開膛手傑克	char	名偵探柯南：貝克街的亡靈@94782563	
闇精靈	cgroup	Module:CGroup/SAO@89298185; Template:CGroup/Crazyracing Kartrider@60141039	
阿修	cgroup	Module:CGroup/KingOfFighters@91481321	
阿修	char	七龍珠 摩訶不思議大冒險@93733668	
阿修羅獸	char	数码宝贝幽灵游戏角色列表@94560916; 數碼寶貝覺醒節拍角色列表@94712797	
阿克圖洛斯	cgroup	Template:CGroup/StarCraft2@39914602; Template:CGroup/StarCraft@73588136	
阿克婭	char	為美好的世界獻上祝福！角色列表@94474307; 異世界四重奏@93605298	
阿剌克涅獸	char	数码宝贝幽灵游戏角色列表@94560916; 數碼寶貝覺醒節拍角色列表@94712797	CHECK
阿卡漢	cgroup	Module:CGroup/Games@94658856; Module:CGroup/美国漫画@94638375	
阿基	cgroup	Module:CGroup/Simpsons@84869408	
阿基	char	少女與戰車角色列表@93320972	
阿夫門德	cgroup	Template:CGroup/GundamSeed@92969101	
阿夫門德	char	機動戰士GUNDAM SEED系列角色列表@94694324	
阿徹	char	小魔女DoReMi@94721174; 爆丸5星域爭霸@90756067	
阿格尼	cgroup	Template:CGroup/GundamIBO@91631774; Template:CGroup/黑執事@49361116	
阿爾瑪	cgroup	Template:CGroup/進擊的巨人@76977335	
阿爾瑪	char	DARKER THAN BLACK@93233512	
阿特拉獨角仙獸	char	数码宝贝大冒险tri.角色列表@94265439; 数码宝贝大冒险：角色列表@94538377	
阿虛	char	涼宮春日的消失@94676932; 涼宮春日系列@94449678	
阿達歐	cgroup	Module:CGroup/Wow@94351016; Template:CGroup/Warcraft@92164655	zh-hant
陽本明里	char	数码宝贝合体战争@94740332; 数码宝贝合体战争角色列表@94717250	
隔壁的山田君	cgroup	Module:CGroup/Anime@94680982	
隔壁的山田君	title	隔壁的山田君@94777236	
隕石獸	char	数码宝贝大冒险：角色列表@94538377; 數碼寶貝拯救隊角色列表@94177566	
雅立史卓莎	cgroup	Module:CGroup/Wow@94351016; Template:CGroup/Warcraft@92164655	CHECK,zh-hant
雜草獸	char	数码宝贝大冒险：角色列表@94538377; 数码宝贝幽灵游戏角色列表@94560916	
雪曼	cgroup	Module:CGroup/Pixar@93247177; Template:CGroup/Gundam00@70972545	
雲黑齋的野心	cgroup	Module:CGroup/Anime@94680982; Module:CGroup/蠟筆小新@93760288	
雷傑	cgroup	Module:CGroup/閃電十一人@68657168; Template:CGroup/Ultraman@94663541	
雷恩哈特	cgroup	Module:CGroup/Square Enix@93012351	
雷恩哈特	char	名偵探柯南：黑鐵的魚影@94777147	
雷歐斯	cgroup	Template:CGroup/GundamW@87064245; Template:CGroup/Ultraman@94663541	
雷神之鎚	cgroup	Module:CGroup/Games@94658856; Module:CGroup/美国漫画@94638375	
雷電球獸	char	数码宝贝大冒险：角色列表@94538377; 数码宝贝幽灵游戏角色列表@94560916	
霍克	cgroup	Template:CGroup/GundamSeed@92969101	
霍克	char	湯姆歷險記 (動畫)@94720074	
霍爾的移動城堡	cgroup	Module:CGroup/Anime@94680982	
霍爾的移動城堡	title	哈尔的移动城堡@94539471	
露克蕾琪亞	cgroup	Template:CGroup/GundamW@87064245	
露克蕾琪亞	char	萬里尋親記@94719791	
露琪亞	cgroup	Module:CGroup/BLEACH@81833737	
露琪亞	char	萬里尋親記@94719791	
露莉	char	哆啦A梦角色列表@94533440; 森林王子 少年毛克利@94715809	
霸德	cgroup	Module:CGroup/Wow@94351016; Template:CGroup/Warcraft@92164655	zh-hant
韓森	cgroup	Template:CGroup/StarCraft2@39914602; Template:CGroup/StarCraft@73588136	
音無結弦	char	Angel Beats!@94727485; Angel Beats!角色列表@87218149	
音速小子	cgroup	Module:CGroup/Cartoon@93410586; Module:CGroup/Games@94658856	
音速獸	char	数码宝贝大冒险：角色列表@94538377; 數碼寶貝覺醒節拍角色列表@94712797	
顯示屏獸	cgroup	Template:CGroup/Digimon@94687201	
顯示屏獸	char	数码宝贝幽灵游戏角色列表@94560916	
顯示獸	char	数码宝贝大冒险：角色列表@94538377; 数码宝贝幽灵游戏角色列表@94560916	
風神獸	cgroup	Template:CGroup/Digimon@94687201	
風神獸	char	數碼寶貝04無限地帶角色列表@94744460	
風絲華電	char	数码宝贝03驯兽师之王角色列表@94744434; 数码宝贝大冒险02角色列表@94744398	
風見瑞穗	char	拜託了☆老師@90724500; 拜託了☆雙子星@90723419	CHECK
風起	cgroup	Module:CGroup/Anime@94680982	
風起	title	風起@94842486	
風起雲湧的叢林冒險	cgroup	Module:CGroup/Anime@94680982; Module:CGroup/蠟筆小新@93760288	
飛哥與小佛	cgroup	Module:CGroup/Cartoon@93410586; Module:CGroup/Disney@93925402	
飛螳	cgroup	Template:CGroup/StarCraft2@39914602; Template:CGroup/StarCraft@73588136	
飛龍獸	char	数码宝贝大冒险02角色列表@94744398; 数码宝贝幽灵游戏角色列表@94560916	
飽嗝獸	char	数码宝贝大冒险：角色列表@94538377; 數碼寶貝覺醒節拍角色列表@94712797	
香堤	cgroup	Template:CGroup/GundamTWFM@82129397; Template:CGroup/名偵探柯南@93449521	
駝鹿獸	char	数码宝贝幽灵游戏角色列表@94560916; 數碼寶貝覺醒節拍角色列表@94712797	
騎士獸	char	数码宝贝大冒险02角色列表@94744398; 数码宝贝大冒险：角色列表@94538377	
高力獸	cgroup	Template:CGroup/Digimon@94687201	
高力獸	char	数码宝贝大冒险02角色列表@94744398	
高爾	cgroup	Template:CGroup/GundamTWFM@82129397; Template:CGroup/Mabinogi@50754648	
高町奈葉	char	魔法少女奈葉系列角色列表@93877995; 魔法少女小圓角色列表@94590242	CHECK
鬥陣特攻	cgroup	Module:CGroup/Games@94658856; Template:CGroup/Heroes of the Storm@49727842	
鬼怪獸	char	数码宝贝大冒险：角色列表@94538377; 数码宝贝幽灵游戏角色列表@94560916	
魅塔騎士	char	星之卡比 (動畫)@94160462; 星之卡比系列角色列表@94293609	
魔人普烏	char	七龍珠Z@94711042; 七龍珠大魔@94711250	
魔女乒	cgroup	Template:CGroup/小魔女DoReMi@65858319	
魔女乒	char	小魔女DoReMi@94721174	
魔女乓	cgroup	Template:CGroup/小魔女DoReMi@65858319	
魔女乓	char	小魔女DoReMi@94721174	
魔女史隆	cgroup	Template:CGroup/小魔女DoReMi@65858319	
魔女史隆	char	小魔女DoReMi@94721174	
魔女哈特	cgroup	Template:CGroup/小魔女DoReMi@65858319	
魔女哈特	char	小魔女DoReMi@94721174	
魔女唐	cgroup	Template:CGroup/小魔女DoReMi@65858319	
魔女唐	char	小魔女DoReMi@94721174	
魔女夢露	cgroup	Template:CGroup/小魔女DoReMi@65858319	
魔女夢露	char	小魔女DoReMi@94721174	
魔女帕拉	cgroup	Template:CGroup/小魔女DoReMi@65858319	
魔女帕拉	char	小魔女DoReMi@94721174	
魔女洛克莎	cgroup	Template:CGroup/小魔女DoReMi@65858319	CHECK
魔女洛克莎	char	小魔女DoReMi@94721174	CHECK
魔女琳	cgroup	Template:CGroup/小魔女DoReMi@65858319	
魔女琳	char	小魔女DoReMi@94721174	
魔女萊拉	cgroup	Template:CGroup/小魔女DoReMi@65858319	
魔女萊拉	char	小魔女DoReMi@94721174	
魔法公主	cgroup	Module:CGroup/Anime@94680982	
魔法公主	title	魔法公主@93261509	
魔法咪路咪路	cgroup	Module:CGroup/Anime@94680982; Template:CGroup/魔法咪路咪路@26972197	
鳥龍獸	char	数码宝贝大冒险tri.角色列表@94265439; 数码宝贝大冒险：角色列表@94538377	
鳳王	cgroup	Template:CGroup/Pokemon@85444397	
鳳王	char	劇場版 寶可夢 就決定是你了！@90262215	
鶴屋學姐	char	涼宮春日的消失@94676932; 涼宮春日系列@94449678	
麥利克中士	cgroup	Template:CGroup/DragonBall@92325756	
麥利克中士	char	七龍珠 摩訶不思議大冒險@93733668	
麥洛	cgroup	Template:CGroup/StarCraft2@39914602; Template:CGroup/StarCraft@73588136	
麥特	cgroup	Template:CGroup/StarCraft2@39914602; Template:CGroup/StarCraft@73588136	
黃金劍獅獸	char	数码宝贝大冒险角色列表@94744369; 數碼寶貝拯救隊角色列表@94177566	
黃金鄉獸	char	数码宝贝大冒险：角色列表@94538377; 數碼寶貝拯救隊角色列表@94177566	
黃金間諜大作戰	cgroup	Module:CGroup/Anime@94680982; Module:CGroup/蠟筆小新@93760288	
黑大耳獸	cgroup	Template:CGroup/Digimon@94687201	
黑大耳獸	char	数码宝贝03驯兽师之王角色列表@94744434	
黑暗巨龍獸	char	数码宝贝大冒险角色列表@94744369; 数码宝贝大冒险：角色列表@94538377	
黑暗浪潮	cgroup	Module:CGroup/Games@94658856; Template:CGroup/Warcraft@92164655	zh-hant
黑暗珠珠大追擊	cgroup	Module:CGroup/Anime@94680982; Module:CGroup/蠟筆小新@93760288	
黑暗面編年史	cgroup	Module:CGroup/Games@94658856; Module:CGroup/ResidentEvil@94612703	
黑暗騎士獸	char	数码宝贝大冒险：角色列表@94538377; 数码宝贝幽灵游戏角色列表@94560916	
黛西	cgroup	Module:CGroup/Pixar@93247177	CHECK
黛西	char	数码宝贝03驯兽师之王角色列表@94744434	CHECK
齊克	char	名偵探福爾摩斯@94071005; 終末的伊澤塔@91239289	
龍亞	char	10th週年劇場版 遊戲王 ～超融合！跨越時空的羈絆～@93383120; 游戏王5D's@94440008	
龍可	char	10th週年劇場版 遊戲王 ～超融合！跨越時空的羈絆～@93383120; 游戏王5D's@94440008	
龍與雀斑公主	cgroup	Module:CGroup/Anime@94680982	
龍與雀斑公主	title	龍與雀斑公主@94650173	
一之介	char	數碼寶貝覺醒節拍角色列表@94712797	
一之瀨志希	char	偶像大師 灰姑娘女孩角色列表@91786822	
一之瀨真樹	char	BLEACH角色列表@94571323	
一休	cgroup	Template:CGroup/NARUTO@86143617	
一刀斷罪	cgroup	Module:CGroup/Counter-Strike@85677571	zh-hant
一千零一夜草	cgroup	Module:CGroup/Jewelpet@81833309	
一寸法師之鬼	char	Smile 光之美少女！@93787006	
一支小藍傘	cgroup	Module:CGroup/Pixar@93247177	
一文字隼人	cgroup	Template:CGroup/KamenRider@94225985	
一柳柊生	char	來自繽紛世界的明日@94729384	
一條和希	char	FRESH光之美少女！@93922959	
一條蘭子	char	Go Princess 光之美少女@94065409	
一目連	char	地狱少女@93363580	
一般場	cgroup	Module:CGroup/LOL@93322985	
一般強化零件	cgroup	Module:CGroup/Counter-Strike@85677571	zh-hant
一般模式	cgroup	Module:CGroup/Counter-Strike@85677571	zh-hant
一行瑠璃	char	你好世界 (电影)@94020123	
一週年紀念蛋糕手榴彈	cgroup	Module:CGroup/Counter-Strike@85677571	zh-hant
一郎彥	char	怪物的孩子@93936285	
一顆壞蘋果	cgroup	Module:CGroup/My Little Pony@91388064	
丁字褲男爵	cgroup	Module:CGroup/蠟筆小新@93760288	
丁座	cgroup	Template:CGroup/NARUTO@86143617	
丁次	cgroup	Template:CGroup/NARUTO@86143617	
七個娜娜	cgroup	Module:CGroup/Anime@94680982	CHECK
七助	char	半妖的夜叉姬@87932716	
七大人造人	cgroup	Template:CGroup/FullmetalAlchemist@48481493	
七大原罪	cgroup	Template:CGroup/FullmetalAlchemist@48481493	
七大怪談	cgroup	Module:CGroup/Jewelpet@81833309	
七星勢力	cgroup	Template:CGroup/GundamIBO@91631774	
七條郎	cgroup	Module:CGroup/Pixar@93247177	
七海八千代	char	魔法少女小圓角色列表@94590242	
七海遊龍	cgroup	Module:CGroup/Anime@94680982	
七瀨唯	char	Go Princess 光之美少女@94065409	CHECK
七瀨幸佳	char	魔法少女小圓角色列表@94590242	
七瀨遙	char	Free!@93607624	
七神琳	cgroup	Module:CGroup/BlueArchive@93972468	zh-hant
七魔劍支配天下	cgroup	Module:CGroup/Anime@94680982	
七龍珠大魔	title	七龍珠大魔@94711250	
三一自衛隊	cgroup	Module:CGroup/BlueArchive@93972468	zh-hant
三不管地帶	cgroup	Module:CGroup/Counter-Strike@85677571	zh-hant
三人各代表著業界之闇	char	白箱@94727899	
三人娘	cgroup	Module:CGroup/Hayate the Combat Butler@81833661	CHECK
三加村	cgroup	Template:CGroup/GGundam@85035825	
三叉矛	cgroup	Module:CGroup/Danball Senki@81863967	
三塚映子	char	名偵探柯南：緋色的彈丸@94682470	
三好夏凜	char	結城友奈是勇者@91244822	
三好紗南	char	偶像大師 灰姑娘女孩角色列表@91786822	
三宅日向	char	比宇宙更遠的地方@93910432	
三小豆	cgroup	Module:CGroup/Pixar@93247177	
三島理沙	char	東京殘響@90132994	
三崎卓三	char	花開物語@94760130	
三嶋	char	Charlotte (動畫)@94727945	
三星貓	char	光之美少女：食尚甜心@92951245	
三月鑰	cgroup	Template:CGroup/Warcraft@92164655	zh-hant
三村加奈子	char	偶像大師 灰姑娘女孩角色列表@91786822	
三枝晶	char	Little Busters!角色列表@91842236	
三枝葉留佳	char	Little Busters!角色列表@91842236	
三栗菖蒲	char	魔法少女小圓角色列表@94590242	
三橋悟	char	来自风平浪静的明天@94727749	
三浦明良	char	Heartcatch 光之美少女！@94574540	
三浦秀	char	死亡遊行@91275771	
三澤千秋	char	名偵探柯南：銀翼的奇術師@94771896	
三澤補習班	cgroup	Template:CGroup/Toaru@89726592	
三目上臈	char	半妖的夜叉姬@87932716	CHECK
三眼怪	cgroup	Module:CGroup/Pixar@93247177	
三眼神童	cgroup	Module:CGroup/Anime@94680982	
三矢雪	char	奇巧計程車@89552760	
三科草太	char	K (動畫)@93234659	
三穗野星羅	char	魔法少女小圓角色列表@94590242	
三管霰彈槍	cgroup	Module:CGroup/Counter-Strike@85677571	zh-hant
三船美優	char	偶像大師 灰姑娘女孩角色列表@91786822	
三葉蟲式	cgroup	Template:CGroup/Gundam00@70972545	
三藏獸	char	數碼寶貝覺醒節拍角色列表@94712797	
三角交錯連擊	cgroup	Module:CGroup/Danball Senki@81863967	
三角形炸彈	cgroup	Template:CGroup/Eyeshield21@86998850	
三角洲部隊	cgroup	Module:CGroup/Games@94658856	
三角神力三劍士	cgroup	Module:CGroup/Nintendo@94745610	
三角箭	cgroup	Template:CGroup/四驅兄弟@86987120	
三變金剛	cgroup	Template:CGroup/Transformers@87179168	
三輪一言	char	K (動畫)@93234659	
三輪直美	char	夏日大作戰@94786998	
三重加農砲	cgroup	Module:CGroup/Danball Senki@81863967	
三重小調曲爆彈	char	Suite 光之美少女♪@92951168	
三重爆發力	cgroup	Module:CGroup/閃電十一人@68657168	
三頭狼	char	犬夜叉角色列表@94790447	
三頭龍獸	char	数码宝贝大冒险02角色列表@94744398	
上一代光之美少女公主	char	Go Princess 光之美少女@94065409	
上原小夜子	char	女神异闻录4角色列表@94633370	
上古卷軸	cgroup	Module:CGroup/Games@94658856	zh-hant
上島沙耶香	char	Heartcatch 光之美少女！@94574540	
上杉盛子	char	跳躍吧！時空少女@94438891	
上村幸子	char	死亡遊行@91275771	
上条	cgroup	Template:CGroup/Toaru@89726592	CHECK
上條春菜	char	偶像大師 灰姑娘女孩角色列表@91786822	
上海司機	char	CANAAN@94727525	
上田鈴帆	char	偶像大師 灰姑娘女孩角色列表@91786822	
上級大將	cgroup	Template:CGroup/BUDDYCOMPLEX@77221119	
上螢幕	cgroup	Module:CGroup/Games@94658856	
上西千代子	char	少女與戰車角色列表@93320972	CHECK
上遊信息	cgroup	Module:CGroup/Games-zh@90861641	zh-hant
上遊網絡	cgroup	Module:CGroup/Games-zh@90861641	zh-hant
下柳雄一郎	char	白箱@94727899	
下港鎮	cgroup	Template:CGroup/Family Guy@79259281	
下螢幕	cgroup	Module:CGroup/Games@94658856	
不列顛尼亞	cgroup	Template:CGroup/Code Geass@70270136	
不列顛尼亞合眾國	cgroup	Template:CGroup/Code Geass@70270136	
不列顛萬聖之夜事件	cgroup	Template:CGroup/Toaru@89726592	
不剛好鳥	cgroup	Template:CGroup/妖怪手錶@75937932	
不動遊星	char	10th週年劇場版 遊戲王 ～超融合！跨越時空的羈絆～@93383120	
不可以說	cgroup	Module:CGroup/SpongeBob SquarePants@91129493	
不可思議圖書館	char	Smile 光之美少女！@93787006	
不可思議的帽子	cgroup	Module:CGroup/Games@94658856	
不朽之壁	cgroup	Module:CGroup/SAO@89298185	
不朽先生	cgroup	Module:CGroup/美国漫画@94638375	
不死凶命	cgroup	Module:CGroup/Counter-Strike@85677571	zh-hant
不滅之身	cgroup	Module:CGroup/Counter-Strike@85677571	zh-hant
不理不理左衛門	cgroup	Module:CGroup/蠟筆小新@93760288	
不當哥哥了	cgroup	Module:CGroup/Anime@94680982	zh-hant
不笑子	char	哆啦A梦角色列表@94533440	
不緣	char	火影忍者角色列表@94671076	
不良少年殺法	cgroup	Template:CGroup/Eyeshield21@86998850	
不良首領	char	半妖的夜叉姬@87932716	
不行牆	cgroup	Template:CGroup/妖怪手錶@75937932	
不起眼女主角培育法	cgroup	Module:CGroup/Anime@94680982	zh-hant
不靈夢	char	遊戲王VRAINS@92292355	
不風	char	火影忍者角色列表@94671076	
丑尾寬治	char	名偵探柯南：黑鐵的魚影@94777147	
世仇之戰	cgroup	Module:CGroup/My Little Pony@91388064	
世修	cgroup	Module:CGroup/Doraemon@88509940	
世界傳奇	cgroup	Module:CGroup/Tales@54832633	
世界名作劇場	title	世界名作劇場@93794065	
世界大賽	cgroup	Module:CGroup/LOL@93322985	
世界愛情邱比特	cgroup	Template:CGroup/Pretty Rhythm@77221109	zh-hant
世界戰局	cgroup	Module:CGroup/Games@94658856	
世界救星	cgroup	Module:CGroup/Danball Senki@81863967	
世界末日神模式	cgroup	Template:CGroup/爆丸@31893398	
世界樹都市	cgroup	Module:CGroup/SAO@89298185	
世界樹高塔	cgroup	Template:CGroup/KamenRider@94225985	
世界歷險記	cgroup	Template:CGroup/Sim@37867988	
世界聯軍	cgroup	Module:CGroup/Danball Senki@81863967	
世界街頭賽車	cgroup	Module:CGroup/Games@94658856	
世界足球競賽	cgroup	Module:CGroup/Games@94658856	
世紀帝國	cgroup	Module:CGroup/Games@94658856	
世紀爭霸	cgroup	Module:CGroup/Games@94658856	
世良忠典	char	Free!@93607624	
世足限定版	cgroup	Module:CGroup/Counter-Strike@85677571	zh-hant
丘比	char	魔法少女小圓角色列表@94590242	
丘比獸	char	数码宝贝大冒险：角色列表@94538377	
並木悠斗	char	魔法使光之美少女！@94758670	
並木芽衣子	char	偶像大師 灰姑娘女孩角色列表@91786822	
並盛堂	cgroup	Template:CGroup/Reborn@29403199	
並非最好的辦法	cgroup	Template:CGroup/GundamTWFM@82129397	
中二病也想談戀愛	cgroup	Module:CGroup/Anime@94680982	
中仔	cgroup	Template:CGroup/Eyeshield21@86998850	CHECK
中原瑞希	char	Lycoris Recoil 莉可麗絲@94031169	
中國大陸特種部隊	cgroup	Module:CGroup/Counter-Strike@85677571	zh-hant
中央聖堂	cgroup	Module:CGroup/SAO@89298185	
中富禮次郎	char	名偵探柯南：紺青之拳@94666047	
中屋	char	名偵探柯南：銀翼的奇術師@94771896	
中岡一雅	char	名侦探柯南：第11位前锋@94749116	
中島秀	char	女神异闻录4角色列表@94633370	
中島紀香	char	妖怪手錶系列@93337229	
中嶋麗羅	char	少女與戰車角色列表@93320972	CHECK
中川弓子	char	光之美少女@94825358	
中川翔太	char	Free!@93607624	
中年大叔轉生反派千金	cgroup	Module:CGroup/Anime@94680982	
中性鋼彈	cgroup	Template:CGroup/Gundam00@70972545	
中春鳴	char	白箱@94727899	
中村由香里	char	Little Busters!角色列表@91842236	
中村綠	char	光之美少女：食尚甜心@92951245	
中村詩織	char	妖怪手錶系列@93337229	
中東恐怖遊擊部隊	cgroup	Module:CGroup/Counter-Strike@85677571	zh-hant
中東精銳恐怖份子	cgroup	Module:CGroup/Counter-Strike@85677571	zh-hant
中森青子	char	名偵探柯南角色列表@94461808	
中河	char	涼宮春日系列@94449678	
中澤真那美	char	名偵探柯南：引爆摩天樓@94461938	
中目黒華代	char	飛天小女警Z@94716201	
中禪寺老師妖怪講義錄	cgroup	Module:CGroup/Anime@94680982	
中華合眾國	cgroup	Template:CGroup/Code Geass@70270136	
中野弘樹	char	光之美少女：食尚甜心@92951245	
中野接待員	char	名偵探柯南：瞳孔中的暗殺者@94403739	
中野有香	char	偶像大師 灰姑娘女孩角色列表@91786822	
中野美鶴	char	Heartcatch 光之美少女！@94574540	
中龍貓	char	龙猫@93245446	
丸井瑪莉	char	哆啦A梦角色列表@94533440	
丸山一	char	名偵探柯南：絕海的偵探@94596266	
丸山紗希	char	少女與戰車角色列表@93320972	
丸山美保	char	小魔女DoReMi@94721174	
丸川正人	char	白箱@94727899	
丸把刃	cgroup	Module:CGroup/Simpsons@84869408	
丸藏兆治	char	爆丸@90775249	
丹丹	cgroup	Module:CGroup/Pixar@93247177	
丹佛斯	cgroup	Module:CGroup/美国漫画@94638375	
丹吉	cgroup	Template:CGroup/GundamIBO@91631774	
丹尼耶拉	cgroup	Module:CGroup/Pixar@93247177	
丹斗	cgroup	Template:CGroup/Bakuman@59602158	
丹羽仁美	char	偶像大師 灰姑娘女孩角色列表@91786822	
丹莫洛	cgroup	Module:CGroup/Wow@94351016	
主堡	cgroup	Module:CGroup/LOL@93322985	
主天使鋼彈	cgroup	Template:CGroup/Gundam00@70972545	
主持獸	char	數碼暴龍App世代角色列表@94177588	
主流媒體	cgroup	Module:CGroup/Anime@94680982	
主電腦	cgroup	Template:CGroup/Digimon@94687201	
主魔	cgroup	Template:CGroup/GundamIBO@91631774	
主魔鋼彈	cgroup	Template:CGroup/GundamIBO@91631774	
乃乃	cgroup	Template:CGroup/Aikatsu@68312381	
乃乃親	cgroup	Template:CGroup/Aikatsu@68312381	
乃哥	cgroup	Template:CGroup/Family Guy@79259281	
乃愛	cgroup	Module:CGroup/BlueArchive@93972468	zh-hant
乃木園子	char	結城友奈是勇者@91244822	
乃納	cgroup	Template:CGroup/NARUTO@86143617	
乃音無拍子	char	KILL la KILL@94827565	
久乃木愛	char	白箱@94727899	
久久利武彌	char	PSYCHO-PASS角色列表@93403235	
久住舞子	char	名偵探柯南角色列表@94461808	
久保田凜	char	少女與戰車角色列表@93320972	
久保田志穗	char	光之美少女@94825358	
久寶阿佐美	char	回转企鹅罐@94635162	CHECK
久川凪	char	偶像大師 灰姑娘女孩角色列表@91786822	
久川鐵道	char	我們仍未知道那天所看見的花的名字。@94547300	
久川颯	char	偶像大師 灰姑娘女孩角色列表@91786822	
久沼紗由	char	来自风平浪静的明天@94727749	
久遠寺司	char	數碼寶貝覺醒節拍角色列表@94712797	
久遠寺清治	char	數碼寶貝覺醒節拍角色列表@94712797	
久遠寺誠	char	數碼寶貝覺醒節拍角色列表@94712797	
之芭	char	BLEACH角色列表@94571323	
乙事照琴	char	超時空輝耀姬！@94633982	
乙倉悠貴	char	偶像大師 灰姑娘女孩角色列表@91786822	
乙坂有宇	char	Charlotte (動畫)@94727945	
乙坂步未	char	Charlotte (動畫)@94727945	
乙坂隼翼	char	Charlotte (動畫)@94727945	
乙女櫻	char	Lycoris Recoil 莉可麗絲@94031169	
乙紗	char	Pokemon the movie XY&Z 波爾凱尼恩與機關人偶 瑪機雅娜@92337863	
九九蟾蜍	char	犬夜叉角色列表@94790447	
九九蟾蜍次郎	char	犬夜叉角色列表@94790447	
九九野	cgroup	Template:CGroup/GundamSeed@92969101	
九十九一馬	char	遊戲王ZEXAL@93180378	
九十九明里	char	遊戲王ZEXAL@93180378	
九十九春	char	遊戲王ZEXAL@93180378	
九十九未來	char	遊戲王ZEXAL@93180378	
九十九遊馬	char	遊戲王ZEXAL@93180378	
九尾狐獸	char	数码宝贝03驯兽师之王角色列表@94744434	
九曲蛇刃	cgroup	Module:CGroup/Counter-Strike@85677571	zh-hant
九條九策	cgroup	Template:CGroup/Battle Spirits@29023902	
九條望實	char	BLEACH角色列表@94571323	
九頭蛇	cgroup	Module:CGroup/美国漫画@94638375	
九頭龍	char	BLEACH角色列表@94571323	
乳酪三明治	cgroup	Module:CGroup/My Little Pony@91388064	zh-hant
乾夏寧	cgroup	Module:CGroup/BlueArchive@93972468	zh-hant
乾將一	char	名侦探柯南：世纪末的魔术师@94403742	
乾癟幽靈	cgroup	Module:CGroup/Minecraft@94388709	
亂買貝	cgroup	Template:CGroup/妖怪手錶@75937932	
二之宮瑠美	char	鈴芽之旅@94338447	
二之宮舞	char	喬瑟與虎與魚群動畫版@94591558	
二千佳	char	數碼寶貝覺醒節拍角色列表@94712797	
二宮飛鳥	char	偶像大師 灰姑娘女孩角色列表@91786822	
二木佳奈多	char	Little Busters!角色列表@91842236	
二枯仙	char	半妖的夜叉姬@87932716	
二葉紗奈	char	魔法少女小圓角色列表@94590242	
二郎丸	char	怪物的孩子@93936285	
二郎獸	cgroup	Template:CGroup/Digimon@94687201	
二重召喚	char	Fate/Apocrypha@90728159	
二階堂咲	char	佐賀偶像是傳奇@94005232	
二階堂瑠衣	char	奇巧計程車@89552760	
五十嵐響子	char	偶像大師 灰姑娘女孩角色列表@91786822	
五十鈴憐	char	魔法少女小圓角色列表@94590242	
五十鈴百合	char	少女與戰車角色列表@93320972	
五十鈴華	char	少女與戰車角色列表@93320972	
五島蓮	char	K (動畫)@93234659	
五島隆二	cgroup	Module:CGroup/Solo Leveling@86308871	
五形頭	char	BLEACH角色列表@94571323	
五條露	char	機靈小和尚@92445221	
五條須久那	char	K (動畫)@93234659	
井上文忠	char	名偵探柯南：絕海的偵探@94596266	
井上青治	char	Smile 光之美少女！@93787006	
井之上瀧奈	char	Lycoris Recoil 莉可麗絲@94031169	
井之原真人	char	Little Busters!角色列表@91842236	
井口祐未	char	白箱@94727899	
井村京太郎	char	數碼暴龍 LAST EVOLUTION 絆@94708497	
井村雪菜	char	偶像大師 灰姑娘女孩角色列表@91786822	
井鶴	cgroup	Module:CGroup/BLEACH@81833737	
亞伯獸	char	数码宝贝大冒险角色列表@94744369	
亞伽	cgroup	Template:CGroup/FullmetalAlchemist@48481493	
亞伽里	cgroup	Module:CGroup/BlueArchive@93972468	zh-hant
亞克崔茲	cgroup	Module:CGroup/Wow@94351016	CHECK
亞克托德卡	cgroup	Template:CGroup/GundamUC@94693163	
亞凱	cgroup	Template:CGroup/GundamUC@94693163	
亞刃	char	地海傳說@94685926	
亞列克斯	cgroup	Template:CGroup/GundamUC@94693163	
亞利歐斯	cgroup	Template:CGroup/Sailor Moon@93051346	
亞卡布	char	Vivy -Fluorite Eye's Song-@93702039	
亞哈	cgroup	Template:CGroup/GundamIBO@91631774	
亞哈反應爐	cgroup	Template:CGroup/GundamIBO@91631774	
亞城木夢叶	cgroup	Template:CGroup/Bakuman@59602158	CHECK
亞基利獸	char	数码宝贝大冒险02角色列表@94744398	
亞夏梵穹殿	cgroup	Module:CGroup/Wow@94351016	CHECK
亞多	cgroup	Template:CGroup/Yes! 光之美少女5@89217113	
亞多拉瑪雷克	cgroup	Template:CGroup/打工吧！魔王大人@40273238	
亞多米娜	cgroup	Module:CGroup/SAO@89298185	CHECK
亞多米尼史特蕾達	cgroup	Module:CGroup/SAO@89298185	
亞巴頓獸	char	数码宝贝大冒险：角色列表@94538377	
亞希	cgroup	Template:CGroup/Transformers@87179168	
亞席瑪	cgroup	Template:CGroup/GundamUC@94693163	
亞德曼合金	cgroup	Module:CGroup/美国漫画@94638375	
亞德爾	cgroup	Template:CGroup/GundamUC@94693163	
亞德邦茲	cgroup	Template:CGroup/GundamSeed@92969101	CHECK
亞德里安	cgroup	Module:CGroup/Half-Life@94355597	
亞提蘭	cgroup	Module:CGroup/美国漫画@94638375	
亞摩	cgroup	Template:CGroup/DragonBall@92325756	
亞斯克爾	cgroup	Template:CGroup/The Witcher@86825096	
亞斯塔錄	cgroup	Template:CGroup/GundamIBO@91631774	
亞曼爾達	char	遊戲王系列角色列表@94649313	
亞東家四姊妹	char	東之伊甸@92226285	
亞枇子	cgroup	Module:CGroup/OshinoKo@84428949	
亞根	cgroup	Template:CGroup/DragonBall@92325756	
亞格	cgroup	Template:CGroup/Ultraman@94663541	
亞格利莎	cgroup	Template:CGroup/Gundam00@70972545	CHECK
亞格納斯	char	惡魔獵人系列角色列表@92426452	
亞桑	cgroup	Template:CGroup/GundamUC@94693163	
亞歷克斯	char	寶可夢動畫角色列表@93411809	
亞歷克桑德號	cgroup	Template:CGroup/StarCraft@73588136	
亞歷山大二世	cgroup	Module:CGroup/Simpsons@84869408	
亞歷斯塔	cgroup	Module:CGroup/LOL@93322985	
亞歷漢卓	cgroup	Template:CGroup/Gundam00@70972545	
亞汀傑	cgroup	Template:CGroup/Transformers@87179168	
亞波奇	char	花仙子 (動畫)@93192753	
亞泰爾營地	cgroup	Template:CGroup/MapleStory@57794822	
亞洛斯	cgroup	Template:CGroup/黑執事@49361116	
亞涅紗	cgroup	Template:CGroup/BUDDYCOMPLEX@77221119	
亞潔朵	cgroup	Template:CGroup/ED@94768974	zh-hant
亞烏菈	char	異世界四重奏@93605298	
亞煞拉懼	cgroup	Template:CGroup/Warcraft@92164655	zh-hant
亞爾	cgroup	Template:CGroup/Gundam00@70972545	
亞爾伯特	cgroup	Template:CGroup/Cyber Formula@68486475	
亞爾斯	cgroup	Template:CGroup/GBF@82201572	
亞爾柯	cgroup	Module:CGroup/Square Enix@93012351	
亞爾比翁	cgroup	Template:CGroup/GundamUC@94693163	
亞爾瑪希	cgroup	Module:CGroup/Square Enix@93012351	
亞爾納哈	cgroup	Template:CGroup/進擊的巨人@76977335	
亞爾薩赫	cgroup	Template:CGroup/GundamSeed@92969101	
亞爾麗塔	cgroup	Module:CGroup/OnePiece@83858889	CHECK
亞特蘭提斯傳奇	cgroup	Module:CGroup/美国漫画@94638375	
亞特蘭提斯的王位	cgroup	Module:CGroup/美国漫画@94638375	
亞理紗	char	少女與戰車角色列表@93320972	
亞理蹦	cgroup	Module:CGroup/OshinoKo@84428949	
亞琪蕾拉	cgroup	Template:CGroup/KamenRider@94225985	
亞琳	cgroup	Module:CGroup/Counter-Strike@85677571	zh-hant
亞瑠	cgroup	Module:CGroup/BlueArchive@93972468	zh-hant
亞畢戈拜因	cgroup	Template:CGroup/GBF@82201572	
亞米	cgroup	Template:CGroup/Ultraman@94663541	
亞紀	char	我們仍未知道那天所看見的花的名字。@94547300	
亞納海姆	cgroup	Template:CGroup/GundamUC@94693163	
亞絲	cgroup	Template:CGroup/KamenRider@94225985	
亞絲娜	cgroup	Module:CGroup/SAO@89298185	CHECK
亞羅尼洛	cgroup	Module:CGroup/BLEACH@81833737	
亞羅納克斯	cgroup	Template:CGroup/GundamUC@94693163	
亞美斯多利斯	cgroup	Template:CGroup/FullmetalAlchemist@48481493	
亞茲納布爾	cgroup	Template:CGroup/GundamUC@94693163	CHECK
亞莎	cgroup	Template:CGroup/GBF@82201572	CHECK
亞菲利歐	cgroup	Module:CGroup/LOL@93322985	
亞蒙德	char	七龍珠Z 地球超級大決戰@93733641	
亞蘭納傳奇	cgroup	Module:CGroup/Games@94658856	
亞蘿伊	cgroup	Module:CGroup/miHoYo@93804723	zh-hant
亞裘托倫	cgroup	Module:CGroup/BLEACH@81833737	
亞西吉	cgroup	Template:CGroup/魔法咪路咪路@26972197	CHECK
亞路加獸	char	数码宝贝大冒险角色列表@94744369	
亞迪妮	char	天元突破 紅蓮螺巖@93776700	
亞迪爾哈德	cgroup	Module:CGroup/KingOfFighters@91481321	
亞都梨	cgroup	Module:CGroup/BlueArchive@93972468	zh-hant
亞金斯	cgroup	Template:CGroup/GundamUC@94693163	
亞門迪亞雷斯	cgroup	Module:CGroup/Cyberpunk@85139581	
亞雷克斯	cgroup	Template:CGroup/ED@94768974	zh-hant
亞雷希	cgroup	Template:CGroup/GundamIBO@91631774	
亞露比娜	cgroup	Module:CGroup/Jewelpet@81833309	CHECK
亞馬喬	cgroup	Template:CGroup/GundamUC@94693163	
亞馬基	cgroup	Template:CGroup/GundamIBO@91631774	
亞馬遜潮洪	cgroup	Module:CGroup/閃電十一人@68657168	
亞馬遜百合	cgroup	Module:CGroup/OnePiece@83858889	
亞魯加河	cgroup	Template:CGroup/The Witcher@86825096	
亞魯戈	cgroup	Module:CGroup/SAO@89298185	
亞魯梅拉	cgroup	Module:CGroup/SAO@89298185	
亞魯雷特	cgroup	Template:CGroup/進擊的巨人@76977335	
亞麗莎	cgroup	Module:CGroup/SAO@89298185	CHECK
亞麗雅德妮	cgroup	Template:CGroup/GundamIBO@91631774	CHECK
亞黛爾	cgroup	Template:CGroup/GundamAGE@51366593	
亡命大廈	cgroup	Module:CGroup/Counter-Strike@85677571	zh-hant
亡命天涯	cgroup	Module:CGroup/Games@94658856	
交換卡牌	cgroup	Template:CGroup/Digimon@94687201	
交換身分	cgroup	Module:CGroup/SpongeBob SquarePants@91129493	
交織而成的道路	cgroup	Template:CGroup/GundamTWFM@82129397	
交鋒式格雷茲	cgroup	Template:CGroup/GundamIBO@91631774	CHECK
交錯的想念	cgroup	Module:CGroup/Anime@94680982	zh-hant
交響曲傳奇	cgroup	Module:CGroup/Tales@54832633	
交響詩篇	title	交响诗篇@94703945	
亥一	cgroup	Template:CGroup/NARUTO@86143617	
亥雷普	cgroup	Template:CGroup/MapleStory@57794822	
亨利克	cgroup	Template:CGroup/GundamUC@94693163	
亨德瑞克	char	湯姆歷險記 (動畫)@94720074	
亨德里克	cgroup	Template:CGroup/GundamAGE@51366593	
京篇	cgroup	Template:CGroup/Digimon@94687201	
京谷	cgroup	Template:CGroup/戰鬥陀螺 鋼鐵奇兵@68490308	
京谷大哥	cgroup	Template:CGroup/戰鬥陀螺 鋼鐵奇兵@68490308	
亮晶晶奇跡彩虹	char	光之美少女：食尚甜心@92951245	
亮翼	cgroup	Template:CGroup/Heroes of the Storm@49727842	
人体連動育成手環	cgroup	Template:CGroup/Digimon@94687201	
人体連動育成英雄	cgroup	Template:CGroup/Digimon@94687201	
人偶師	cgroup	Template:CGroup/降世神通@43998034	
人生大冒險	cgroup	Template:CGroup/Sim@37867988	
人生差一點	cgroup	Module:CGroup/Cartoon@93410586	
人肉巨蛋	cgroup	Template:CGroup/Eyeshield21@86998850	
人肉盾牌	cgroup	Module:CGroup/閃電十一人@68657168	
人間炸彈	cgroup	Template:CGroup/Reborn@29403199	
人面戰鷹獸	cgroup	Template:CGroup/Digimon@94687201	
人面肚皮鳥	cgroup	Template:CGroup/妖怪手錶@75937932	
人類士氣指數	cgroup	Module:CGroup/Counter-Strike@85677571	zh-hant
人馬獸	char	数码宝贝大冒险角色列表@94744369	
人魚姊妹	char	凱洛與塔斯黛@92015221	
什麼獸	char	数码宝贝大冒险：角色列表@94538377	
仁子	cgroup	Module:CGroup/BlueArchive@93972468	zh-hant
仁科稔	char	名偵探柯南：第14號獵物@94562556	
仁耶	cgroup	Module:CGroup/BlueArchive@93972468	zh-hant
仁野保	char	名偵探柯南：瞳孔中的暗殺者@94403739	
仁野環	char	名偵探柯南：瞳孔中的暗殺者@94403739	
今井加奈	char	偶像大師 灰姑娘女孩角色列表@91786822	
今井旬	char	奇巧計程車@89552760	
今井綠	char	白箱@94727899	
今井美緒	char	學校怪談 (動畫)@92145862	
今天吃甜甜	cgroup	Module:CGroup/OshinoKo@84428949	
今天甜	cgroup	Module:CGroup/OshinoKo@84428949	
今川秀	char	Go Princess 光之美少女@94065409	
今晚有貓伴身邊	cgroup	Module:CGroup/Anime@94680982	
今津美羽	char	月色真美@90814427	
今田干治	char	妖怪手錶系列@93337229	
仔太郎	char	異邦人 無皇刃譚@86100576	CHECK
他們採納的選擇	cgroup	Template:CGroup/GundamTWFM@82129397	
他利諾	char	爆丸5星域爭霸@90756067	
仙女獸	char	數碼寶貝04無限地帶角色列表@94744460	
仙崎惠磨	char	偶像大師 灰姑娘女孩角色列表@91786822	
代理帝厲魔	char	数码宝贝03驯兽师之王角色列表@94744434	
代碼世紀	cgroup	Module:CGroup/Square Enix@93012351	zh-hant
以下角色資訊及	char	衝吧烈子@91183058	
仰加印古	cgroup	Module:CGroup/Wow@94351016	
仲本長介	char	富豪刑事 Balance:UNLIMITED@93288613	
任天堂樂園	cgroup	Module:CGroup/Nintendo@94745610	
企業人士	cgroup	Module:CGroup/Cyberpunk@85139581	
企業傭兵	cgroup	Module:CGroup/Anime@94680982	
企鵝公路	cgroup	Module:CGroup/Anime@94680982	
企鵝找麻煩	cgroup	Module:CGroup/Anime@94680982	
伊予局	char	機靈小和尚@92445221	
伊亞格	cgroup	Template:CGroup/GundamUC@94693163	
伊佐木要	char	来自风平浪静的明天@94727749	
伊佐美轍夫	char	花開物語@94760130	CHECK
伊佐那社	char	K (動畫)@93234659	
伊修瓦拉	cgroup	Template:CGroup/FullmetalAlchemist@48481493	
伊修瓦爾	cgroup	Template:CGroup/FullmetalAlchemist@48481493	
伊傑康特	cgroup	Template:CGroup/GundamAGE@51366593	
伊克斯塔爾	cgroup	Module:CGroup/LOL@93322985	
伊利亞	cgroup	Template:CGroup/Mabinogi@50754648	
伊利亞大冒險	cgroup	Template:CGroup/Mabinogi@50754648	
伊勢櫻良	char	高校艦隊@93341996	
伊卒爾	cgroup	Template:CGroup/Diablo@94495831	
伊卡利斯	cgroup	Module:CGroup/美国漫画@94638375	
伊卡西亞	cgroup	Module:CGroup/LOL@93322985	
伊古諾	cgroup	Template:CGroup/打工吧！魔王大人@40273238	
伊吹麗良	char	魔法少女小圓角色列表@94590242	CHECK
伊基	char	死亡代理人@93463069	
伊士達	char	太陽之子 (日法合作動畫)@94098493	
伊士麥	cgroup	Template:CGroup/Gundam00@70972545	
伊姿爾	cgroup	Template:CGroup/Pichi Pichi Pitch@94608266	
伊娃柯夫	cgroup	Module:CGroup/OnePiece@83858889	
伊布	cgroup	Template:CGroup/Pokemon@85444397	
伊布拉欽	cgroup	Template:CGroup/Gundam00@70972545	
伊思	cgroup	Template:CGroup/The Witcher@86825096	
伊思崔德	cgroup	Template:CGroup/The Witcher@86825096	
伊斯蘭聖地	cgroup	Module:CGroup/Counter-Strike@85677571	zh-hant
伊普西龍	char	異世界四重奏@93605298	CHECK
伊杜娜	cgroup	Module:CGroup/Frozen@82365390	CHECK
伊東末彥	char	名偵探柯南：偵探們的鎮魂歌@94562297	
伊果	cgroup	Module:CGroup/美国漫画@94638375	
伊格	cgroup	Template:CGroup/愛天使傳說@43103330	
伊格利特	cgroup	Module:CGroup/Solo Leveling@86308871	
伊樹菜	cgroup	Module:CGroup/BlueArchive@93972468	zh-hant
伊歐	cgroup	Template:CGroup/GundamUC@94693163	
伊歐利亞	cgroup	Template:CGroup/Gundam00@70972545	
伊歐古	cgroup	Template:CGroup/GundamIBO@91631774	
伊歐骨架	cgroup	Template:CGroup/GundamIBO@91631774	
伊武姆	cgroup	Module:CGroup/SAO@89298185	
伊比喜	cgroup	Template:CGroup/NARUTO@86143617	
伊澤	cgroup	Module:CGroup/Solo Leveling@86308871	
伊澤塔	char	終末的伊澤塔@91239289	
伊澤洋介	char	名偵探柯南：水平線上的陰謀@94562230	
伊爾	cgroup	Template:CGroup/GundamTWFM@82129397	
伊爾凡古	cgroup	Module:CGroup/SAO@89298185	
伊爾瑪	cgroup	Template:CGroup/GundamUC@94693163	
伊爾登符咒	cgroup	Template:CGroup/The Witcher@86825096	
伊瑞莉雅	cgroup	Module:CGroup/LOL@93322985	
伊瓦伊	char	午睡公主～不為人知的故事～@94260985	
伊瓦克	cgroup	Template:CGroup/GundamAGE@51366593	
伊穆卡	cgroup	Template:CGroup/Valkyria@77221191	
伊絲娜	cgroup	Template:CGroup/Mabinogi@50754648	CHECK
伊織毅	cgroup	Template:CGroup/GBF@82201572	
伊織糸郎	char	KILL la KILL@94827565	
伊織誠	cgroup	Template:CGroup/GBF@82201572	
伊羅旖	cgroup	Module:CGroup/LOL@93322985	
伊美黛	cgroup	Module:CGroup/Pixar@93247177	
伊老師與小蟾蜍大歷險	cgroup	Module:CGroup/Disney@93925402	
伊耳謎	cgroup	Template:CGroup/HUNTER@80241645	
伊舒	cgroup	Template:CGroup/GundamIBO@91631774	
伊良子美甘	char	高校艦隊@93341996	
伊芙	cgroup	Template:CGroup/GBF@82201572	
伊芙琳	cgroup	Module:CGroup/Cyberpunk@85139581	
伊茲卡	cgroup	Template:CGroup/GundamIBO@91631774	CHECK
伊茲米	cgroup	Template:CGroup/FullmetalAlchemist@48481493	CHECK
伊茲納	cgroup	Template:CGroup/NARUTO@86143617	CHECK
伊茲納里歐	cgroup	Template:CGroup/GundamIBO@91631774	CHECK
伊莉夏	cgroup	Template:CGroup/GundamAGE@51366593	
伊莎貝拉	cgroup	Module:CGroup/Counter-Strike@85677571	CHECK,zh-hant
伊莎貝麗達	char	萬里尋親記@94719791	CHECK
伊菲	cgroup	Template:CGroup/Mabinogi@50754648	
伊蒂亞	char	凱洛與塔斯黛@92015221	
伊蓮公主	char	清秀佳人 (動畫)@94720065	
伊薩	char	爆丸5星域爭霸@90756067	
伊薩貝拉	cgroup	Module:CGroup/The Promised Neverland@83209401	zh-hant
伊藤純銘	char	PSYCHO-PASS角色列表@93403235	
伊藤翼	char	哆啦A梦角色列表@94533440	
伊藤鈴鹿	char	白箱@94727899	
伊藤高志	char	小魔女DoReMi@94721174	
伊裴爾塔爾	char	Pokemon the movie XY 破壞之繭與蒂安希@88421944	
伊諾	cgroup	Template:CGroup/GundamUC@94693163	
伊豆山太郎	char	名偵探柯南：紺碧之棺@91454532	
伊豆野山葵	cgroup	Template:CGroup/NARUTO@86143617	
伊迪娜	cgroup	Module:CGroup/Frozen@82365390	CHECK
伊集院佐知子	char	小魔女DoReMi@94721174	
伊集院君麿	char	Go Princess 光之美少女@94065409	
伊集院惠	char	偶像大師 灰姑娘女孩角色列表@91786822	
伊雲	char	數碼寶貝拯救隊角色列表@94177566	
伊露恩的高階女祭司	cgroup	Template:CGroup/Heroes of the Storm@49727842	
伊魯卡	cgroup	Template:CGroup/NARUTO@86143617	
伊黛雅	cgroup	Module:CGroup/Square Enix@93012351	
伍堂信也	char	可塑性記憶@94399638	
伍德里	char	湯姆歷險記 (動畫)@94720074	
伏守者	cgroup	Module:CGroup/Minecraft@94388709	
伏爾坎	cgroup	Template:CGroup/Digimon@94687201	
伏爾坎絲	cgroup	Template:CGroup/The World God Only Knows@50754307	
伏聆	cgroup	Module:CGroup/Minecraft@94388709	
伏見仁希	char	K (動畫)@93234659	CHECK
伏見猿比古	char	K (動畫)@93234659	CHECK
伏黑惠	char	咒術迴戰角色列表@94830133	
休伊	char	能量獸之戰獸旋戰鬥@93872390	
休庫利	char	光之美少女：食尚甜心@92951245	
休拉薩盆地	cgroup	Module:CGroup/Wow@94351016	
休格特	cgroup	Template:CGroup/GundamUC@94693163	
休特里涅	cgroup	Module:CGroup/SAO@89298185	
休米	cgroup	Template:CGroup/四驅兄弟@86987120	
伯克市長	char	高譚角色列表@92146409	
伯力卡爾	char	佩琳物語@94719893	
伯勞隊	cgroup	Template:CGroup/GundamUC@94693163	
伯吉	char	森林王子 少年毛克利@94715809	
伯明格斯	cgroup	Template:CGroup/GundamAGE@51366593	
伯林特	cgroup	Module:CGroup/SPY×FAMILY@86080268	
伯特	cgroup	Template:CGroup/愛天使傳說@43103330	
伯納多	char	萬里尋親記@94719791	
伯納德	cgroup	Template:CGroup/GundamUC@94693163	
伯羅肯	cgroup	Template:CGroup/Mazinger@84157445	
伯羅肯伯爵	cgroup	Template:CGroup/Mazinger@84157445	
伴亨	char	名偵探柯南：銀翼的奇術師@94771896	
伸助	cgroup	Module:CGroup/Doraemon@88509940	
伸縮自在的愛	cgroup	Template:CGroup/HUNTER@80241645	
似鳥愛一郎	char	Free!@93607624	
伽巴魯	char	天元突破 紅蓮螺巖@93776700	CHECK
伽美茨	char	魔法使光之美少女！@94758670	
伽莫夫	cgroup	Template:CGroup/GundamSeed@92969101	
伽馬獸	char	数码宝贝幽灵游戏角色列表@94560916	
但丁惡魔獸	char	数码宝贝大冒险：角色列表@94538377	
但丁獸	char	數碼暴龍App世代角色列表@94177588	
低等階級	cgroup	Template:CGroup/GundamIBO@91631774	
住家蝙蝠	cgroup	Template:CGroup/妖怪手錶@75937932	
佐久夜	char	交响诗篇@94703945	
佐久茂	cgroup	Template:CGroup/NARUTO@86143617	zh-hant
佐久間廣美	char	白箱@94727899	
佐久間敬	char	夏日大作戰@94786998	
佐久間淑子	char	Heartcatch 光之美少女！@94574540	
佐久間重吾	char	名偵探柯南：絕海的偵探@94596266	CHECK
佐久間麻由	char	偶像大師 灰姑娘女孩角色列表@91786822	
佐伊	cgroup	Template:CGroup/GundamAGE@51366593	
佐伯真幌	char	富豪刑事 Balance:UNLIMITED@93288613	
佐佐木千枝	char	偶像大師 灰姑娘女孩角色列表@91786822	
佐佐木巡査	char	天气之子@94186671	CHECK
佐佐木惠	char	妖怪手錶系列@93337229	
佐佐木木通	char	少女與戰車角色列表@93320972	
佐佐木杏奈	char	回憶中的瑪妮@94615795	
佐佐木波江	char	Smile 光之美少女！@93787006	
佐佐木賴子	char	回憶中的瑪妮@94615795	
佐倉杏子	char	魔法少女小圓角色列表@94590242	
佐倉良樹	char	白箱@94727899	
佐原美世子	char	電影版 聲之形@93974890	
佐城智惠	cgroup	Module:CGroup/BlueArchive@93972468	zh-hant
佐城雪美	char	偶像大師 灰姑娘女孩角色列表@91786822	
佐崎	cgroup	Template:CGroup/GBF@82201572	
佐川原治	cgroup	Template:CGroup/小魔女DoReMi@65858319	
佐彌諾	char	航海王電影：Z@94840945	
佐恩	cgroup	Module:CGroup/LOL@93322985	
佐渡守男	char	午睡公主～不為人知的故事～@94260985	
佐渥特	cgroup	Template:CGroup/GundamTWFM@82129397	
佐爾上校	cgroup	Template:CGroup/KamenRider@94225985	
佐爾坦	cgroup	Template:CGroup/GundamUC@94693163	
佐田明代	char	刀劍神域角色列表@94550774	
佐耶	cgroup	Template:CGroup/進擊的巨人@76977335	
佐艾伯格	cgroup	Template:CGroup/Futurama@34999934	
佐菲	cgroup	Template:CGroup/Ultraman@94663541	
佐菲雅	cgroup	Template:CGroup/C&C@83793789	
佐藤和真	char	為美好的世界獻上祝福！角色列表@94474307	
佐藤夏美	char	小魔女DoReMi@94721174	
佐藤心	char	偶像大師 灰姑娘女孩角色列表@91786822	
佐藤沙羅	char	白箱@94727899	
佐藤淳	char	小魔女DoReMi@94721174	
佐藤節子	char	月色真美@90814427	
佐藤紀子	char	Heartcatch 光之美少女！@94574540	
佐諾	cgroup	Template:CGroup/GundamSeed@92969101	
佐賀偶像是傳奇	title	佐賀偶像是傳奇@94005232	
佐野啟子	cgroup	Template:CGroup/GBF@82201572	
佐馬利	cgroup	Module:CGroup/BLEACH@81833737	
何力蜥	cgroup	Module:CGroup/Disney@93925402	
何布雷	cgroup	Module:CGroup/SAO@89298185	
何望	cgroup	Template:CGroup/四驅兄弟@86987120	
何村長	char	高立的未來世界@90116301	
佘蓋瑞	cgroup	Module:CGroup/Disney@93925402	
佛修里文	char	悲慘世界 少女珂賽特@94720109	
佛傑	cgroup	Module:CGroup/SPY×FAMILY@86080268	
佛勒斯泰格	cgroup	Module:CGroup/美国漫画@94638375	CHECK
佛夏村	cgroup	Module:CGroup/OnePiece@83858889	
佛拉那甘	cgroup	Template:CGroup/GundamUC@94693163	
佛拉那甘機關	cgroup	Template:CGroup/GundamUC@94693163	
佛朗吉	char	翠星上的加爾岡緹亞@91223485	
佛朗基	cgroup	Module:CGroup/OnePiece@83858889	
佛格斯	cgroup	Template:CGroup/Mabinogi@50754648	
佛格森夫人	char	湯姆歷險記 (動畫)@94720074	
佛特斯特	cgroup	Template:CGroup/The Witcher@86825096	
佛瑞	cgroup	Template:CGroup/GundamSeed@92969101	
佛瑞哲	cgroup	Template:CGroup/Mabinogi@50754648	
佛締岡	cgroup	Module:CGroup/Half-Life@94355597	
佛羅星	cgroup	Module:CGroup/Pixar@93247177	
佛萊格	cgroup	Module:CGroup/美国漫画@94638375	
佛萊肯	cgroup	Module:CGroup/美国漫画@94638375	
佛萊迪	cgroup	Template:CGroup/GBF@82201572	
佛雷康柏	cgroup	Template:CGroup/Transformers@87179168	
佛雷迪的五夜驚魂	cgroup	Module:CGroup/Games@94658856	
作弊雞	cgroup	Template:CGroup/妖怪手錶@75937932	
作永君	char	你的顏色@90891573	
你的顏色	title	你的顏色@90891573	
你看起來很好吃	cgroup	Module:CGroup/Anime@94680982	zh-hant
佩多羅	char	電影版 聲之形@93974890	
佩姬	cgroup	Module:CGroup/美国漫画@94638375	
佩帕羅妮	char	少女與戰車角色列表@93320972	
佩托拉	cgroup	Template:CGroup/進擊的巨人@76977335	
佩拉瑞茲	cgroup	Module:CGroup/Cyberpunk@85139581	CHECK
佩波	char	巖窟王@93890339	
佩洛洛吉拉	cgroup	Module:CGroup/BlueArchive@93972468	zh-hant
佩爾	char	光之美少女@94825358	
佩琪	char	小公主莎拉@94856128	
佩維斯	cgroup	Module:CGroup/Pixar@93247177	
佩芭	cgroup	Module:CGroup/Disney@93925402	
佩蒂	cgroup	Template:CGroup/ThePeanuts@54446337	
佩里遜先生	char	名偵探福爾摩斯@94071005	
佩里遜夫人	char	名偵探福爾摩斯@94071005	
佩默特雷基斯	char	Fate/Apocrypha@90728159	
佳世子	cgroup	Module:CGroup/BlueArchive@93972468	zh-hant
佳娜德	cgroup	Module:CGroup/Jewelpet@81833309	CHECK
佳穗	cgroup	Module:CGroup/BlueArchive@93972468	zh-hant
佳節時刻	cgroup	Template:CGroup/Sim@37867988	
佳那子	char	光之美少女：食尚甜心@92951245	
來栖	char	甲鐵城的卡巴內里@93830519	
來海桃香	char	Heartcatch 光之美少女！@94574540	
來海櫻	char	Heartcatch 光之美少女！@94574540	
來海流之助	char	Heartcatch 光之美少女！@94574540	
來谷唯湖	char	Little Busters!角色列表@91842236	CHECK
侍魂無雙	cgroup	Module:CGroup/Games@94658856	
侑那	char	甲鐵城的卡巴內里@93830519	
侖格沙漠	cgroup	Template:CGroup/Mabinogi@50754648	
侘助	char	BLEACH角色列表@94571323	
供奉院亞里沙	char	罪惡王冠@87767894	
供奉院翁	char	罪惡王冠@87767894	
供給部	cgroup	Module:CGroup/BlueArchive@93972468	zh-hant
依妲	cgroup	Template:CGroup/HUNTER@80241645	
依琉	cgroup	Template:CGroup/Shugo Chara!@81936822	
依田芳乃	char	偶像大師 灰姑娘女孩角色列表@91786822	
依米倫	cgroup	Module:CGroup/Wow@94351016	
依羅	char	星之卡比 (動畫)@94160462	
侯陪襯	cgroup	Module:CGroup/Simpsons@84869408	
侵略性脈動	cgroup	Module:CGroup/閃電十一人@68657168	
侵略鋼彈	cgroup	Template:CGroup/GundamSeed@92969101	
俄特加德之巔	cgroup	Module:CGroup/Wow@94351016	CHECK
俄特加德要塞	cgroup	Module:CGroup/Wow@94351016	CHECK
俄羅士	cgroup	Module:CGroup/Danball Senki@81863967	CHECK
俄羅斯特種部隊	cgroup	Module:CGroup/Counter-Strike@85677571	CHECK,zh-hant
俄羅斯的守護者	cgroup	Template:CGroup/Heroes of the Storm@49727842	CHECK
俏皮小花仙	cgroup	Module:CGroup/Anime@94680982	
俏麗芳香水花	cgroup	Template:CGroup/Pretty Rhythm@77221109	zh-hant
保倫	char	光之美少女@94825358	
保力美達	cgroup	Template:CGroup/打工吧！魔王大人@40273238	
保可洛老爹	char	红猪@94562543	
保時捷的榮耀	cgroup	Module:CGroup/Games@94658856	
保澄雫	char	魔法少女小圓角色列表@94590242	
保羅獄長	cgroup	Module:CGroup/Counter-Strike@85677571	zh-hant
保衛巴特	cgroup	Template:CGroup/Transformers@87179168	CHECK
信息服務有限公司	cgroup	Module:CGroup/Games-zh@90861641	zh-hant
信息獸	char	數碼暴龍App世代角色列表@94177588	
信息科技有限公司	cgroup	Module:CGroup/Games-zh@90861641	zh-hant
信異區	cgroup	Module:CGroup/Simpsons@84869408	
修之	cgroup	Module:CGroup/OshinoKo@84428949	
修亞	cgroup	Template:CGroup/CANAAN@79863889	
修伊	cgroup	Template:CGroup/GOSICK@62514366	
修克菈	cgroup	Module:CGroup/Jewelpet@81833309	
修卡	cgroup	Template:CGroup/KamenRider@94225985	
修塔爾克	cgroup	Module:CGroup/Frieren@82010966	
修奈傑爾	cgroup	Template:CGroup/Code Geass@70270136	zh-hant
修女日吉子	char	你的顏色@90891573	
修女會	cgroup	Module:CGroup/BlueArchive@93972468	zh-hant
修拉特	cgroup	Template:CGroup/Aikatsu@68312381	
修改型	cgroup	Template:CGroup/GundamTWFM@82129397	
修斯庫	char	富豪刑事 Balance:UNLIMITED@93288613	
修泰拿	cgroup	Template:CGroup/GundamUC@94693163	
修泰納	cgroup	Template:CGroup/Code Geass@70270136	
修瓦爾茲	cgroup	Template:CGroup/Getter Robo@89726924	CHECK
修瓦爾茲科夫	cgroup	Template:CGroup/Getter Robo@89726924	CHECK
修繕王阿修	cgroup	Module:CGroup/Disney@93925402	
修罕貝克	cgroup	Template:CGroup/Gundam00@70972545	
修羅小石	cgroup	Template:CGroup/妖怪手錶@75937932	
修羅耶	cgroup	Template:CGroup/Shugo Chara!@81936822	
修補友誼之籬	cgroup	Module:CGroup/My Little Pony@91388064	
修馬赫	cgroup	Template:CGroup/Cyber Formula@68486475	
倉儲空間	cgroup	Template:CGroup/Mabinogi@50754648	
倉助	char	異世界四重奏@93605298	
倉庫火拼	cgroup	Module:CGroup/Counter-Strike@85677571	zh-hant
倉庫突擊	cgroup	Module:CGroup/Counter-Strike@85677571	zh-hant
倉田正明	char	名偵探柯南：絕海的偵探@94596266	
倉知	char	罪惡王冠@87767894	
倉鼠醫生	cgroup	Module:CGroup/PeppaPig@87025478	zh-hant
倒影大廳	cgroup	Module:CGroup/Wow@94351016	
倒楣楣鳥	cgroup	Template:CGroup/妖怪手錶@75937932	
倫迦	cgroup	Template:CGroup/Reborn@29403199	
倫達	cgroup	Template:CGroup/Mabinogi@50754648	
偃月加魯魯獸	char	数码宝贝大冒险：角色列表@94538377	
假冒者	cgroup	Template:CGroup/Toaru@89726592	
假想國	cgroup	Module:CGroup/Danball Senki@81863967	
假想課	cgroup	Module:CGroup/SAO@89298185	
假日爸爸	cgroup	Template:CGroup/妖怪手錶@75937932	
假狐	char	功夫貓黨@94855681	
假面博士	cgroup	Template:CGroup/Crazyracing Kartrider@60141039	
假面血族獸	char	數碼寶貝覺醒節拍角色列表@94712797	
假面騎士劍	cgroup	Template:CGroup/KamenRider@94225985	
假面騎士對修卡	cgroup	Template:CGroup/KamenRider@94225985	
假面騎士布拉弗	cgroup	Template:CGroup/KamenRider@94225985	
假面騎士強人	cgroup	Template:CGroup/KamenRider@94225985	
假面騎士忍者	cgroup	Template:CGroup/KamenRider@94225985	
假面騎士斯特琉斯	cgroup	Template:CGroup/KamenRider@94225985	
假面騎士月讀	cgroup	Template:CGroup/KamenRider@94225985	
假面騎士機械	cgroup	Template:CGroup/KamenRider@94225985	
假面騎士權杖	cgroup	Template:CGroup/KamenRider@94225985	
假面騎士猜謎	cgroup	Template:CGroup/KamenRider@94225985	
假面騎士空我	cgroup	Template:CGroup/KamenRider@94225985	
假面騎士納克爾	cgroup	Template:CGroup/KamenRider@94225985	
假面騎士聖刃	cgroup	Template:CGroup/KamenRider@94225985	
假面騎士聖杯	cgroup	Template:CGroup/KamenRider@94225985	
假面騎士迪克	cgroup	Template:CGroup/KamenRider@94225985	
假面騎士部	cgroup	Template:CGroup/KamenRider@94225985	
假面騎士金幣	cgroup	Template:CGroup/KamenRider@94225985	
假面騎士鎧武	cgroup	Template:CGroup/KamenRider@94225985	
假面騎士電王	cgroup	Template:CGroup/KamenRider@94225985	
假面騎士顎門	cgroup	Template:CGroup/KamenRider@94225985	
假面騎士齊格飛	cgroup	Template:CGroup/KamenRider@94225985	
假面騎士龍騎	cgroup	Template:CGroup/KamenRider@94225985	
偉佐	cgroup	Module:CGroup/BLEACH@81833737	
偉大的航路	cgroup	Module:CGroup/OnePiece@83858889	
偏心鬼	cgroup	Template:CGroup/妖怪手錶@75937932	
做目前力所能及之事	cgroup	Template:CGroup/GundamTWFM@82129397	
停止打嗝君	cgroup	Module:CGroup/Jewelpet@81833309	
側掃	cgroup	Template:CGroup/Transformers@87179168	
偵察獸	char	数码宝贝幽灵游戏角色列表@94560916	
偵查事件簿	cgroup	Module:CGroup/Counter-Strike@85677571	zh-hant
偶像一方通行大人	cgroup	Template:CGroup/Toaru@89726592	
偶像學園	cgroup	Template:CGroup/Aikatsu@68312381	
偶像學園角色列表	cgroup	Template:CGroup/Aikatsu@68312381	
偶像宣言	cgroup	Module:CGroup/Anime@94680982	
偶像活動卡	cgroup	Template:CGroup/Aikatsu@68312381	
偶像活動電話	cgroup	Template:CGroup/Aikatsu@68312381	
偷吃鬼之助	cgroup	Template:CGroup/妖怪手錶@75937932	
偽冒七號	cgroup	Template:CGroup/Ultraman@94663541	
偽冒亞格	cgroup	Template:CGroup/Ultraman@94663541	
偽冒喬尼斯	cgroup	Template:CGroup/Ultraman@94663541	
偽冒帝納	cgroup	Template:CGroup/Ultraman@94663541	
偽冒梅比斯	cgroup	Template:CGroup/Ultraman@94663541	
偽冒茲爾基	cgroup	Template:CGroup/Ultraman@94663541	CHECK
偽冒蓋亞	cgroup	Template:CGroup/Ultraman@94663541	
偽冒超人力霸王	cgroup	Template:CGroup/Ultraman@94663541	
偽冒阿斯多拉	cgroup	Template:CGroup/Ultraman@94663541	
偽冒高斯	cgroup	Template:CGroup/Ultraman@94663541	
偽裝獸	char	數碼暴龍App世代角色列表@94177588	
偽鑽頭鼴鼠獸	char	数码宝贝大冒险：角色列表@94538377	
傀儡師左近	cgroup	Module:CGroup/Anime@94680982	
傀儡馬戲團	cgroup	Module:CGroup/Anime@94680982	
傅伊利	char	悲慘世界 少女珂賽特@94720109	
傅麗達	cgroup	Template:CGroup/ThePeanuts@54446337	CHECK
傑佛利	char	FRESH光之美少女！@93922959	
傑克騎士	cgroup	Template:CGroup/Battle Spirits@29023902	
傑利	cgroup	Template:CGroup/Gundam00@70972545	
傑利姆	cgroup	Template:CGroup/FullmetalAlchemist@48481493	
傑利特	cgroup	Template:CGroup/GundamUC@94693163	
傑剛	cgroup	Template:CGroup/GundamUC@94693163	
傑力	cgroup	Module:CGroup/OnePiece@83858889	
傑吾士王	char	戰鬥陀螺 鋼鐵奇兵角色列表@94643342	
傑圖亞	char	異世界四重奏@93605298	
傑基	char	动物新世代 BNA@91791723	
傑多博士	char	寶可夢：皮卡丘與可可的冒險@94117602	
傑奇	cgroup	Template:CGroup/Cyber Formula@68486475	
傑尼斯汀	cgroup	Template:CGroup/GundamAGE@51366593	
傑尼絲王立學院	cgroup	Template:CGroup/ED@94768974	zh-hant
傑尼茲	cgroup	Module:CGroup/KingOfFighters@91481321	CHECK
傑尼龜	cgroup	Template:CGroup/Pokemon@85444397	
傑布	cgroup	Template:CGroup/黑執事@49361116	
傑弗森	cgroup	Module:CGroup/Cyberpunk@85139581	
傑德	cgroup	Template:CGroup/GBF@82201572	
傑拉爾德	cgroup	Module:CGroup/BLEACH@81833737	
傑拉菲爾	cgroup	Template:CGroup/BUDDYCOMPLEX@77221119	
傑斯利刃型	cgroup	Template:CGroup/GundamAGE@51366593	
傑杜	cgroup	Template:CGroup/FullmetalAlchemist@48481493	
傑森	char	蒸汽男孩@94420408	
傑歐	cgroup	Template:CGroup/GundamIBO@91631774	
傑洛	cgroup	Template:CGroup/Ultraman@94663541	
傑洛姆	cgroup	Module:CGroup/BLEACH@81833737	
傑洛特	cgroup	Template:CGroup/The Witcher@86825096	
傑爾古格	cgroup	Template:CGroup/GundamUC@94693163	
傑爾古格猛士	cgroup	Template:CGroup/GundamSeed@92969101	
傑爾森	cgroup	Template:CGroup/FullmetalAlchemist@48481493	
傑爾茲克	cgroup	Template:CGroup/GundamSeed@92969101	CHECK
傑特蘭	cgroup	Template:CGroup/Code Geass@70270136	
傑瑞米亞	cgroup	Template:CGroup/Code Geass@70270136	
傑諾	cgroup	Template:CGroup/MapleStory@57794822	
傑諾亞斯	cgroup	Template:CGroup/GundamAGE@51366593	
傑諾塔姆	cgroup	Template:CGroup/FullmetalAlchemist@48481493	
傑諾瓦	cgroup	Module:CGroup/Square Enix@93012351	
傑邦尼	cgroup	Template:CGroup/Death Note@84122694	
傘電蜥	cgroup	Template:CGroup/Pokemon@85444397	
備前平四郎	char	名偵探柯南：迷宮的十字路@94462568	
傲慢伏擊者	cgroup	Module:CGroup/LOL@93322985	
傳奇女王	char	魔法使光之美少女！@94758670	
傳奇工作室	cgroup	Module:CGroup/Tales@54832633	
傳奇永不消逝	cgroup	Module:CGroup/LOL@93322985	
傳奇系列	cgroup	Module:CGroup/Tales@54832633	
傳奇網路	cgroup	Module:CGroup/Games-zh@90861641	zh-hant
傳奇釀酒大師	cgroup	Template:CGroup/Heroes of the Storm@49727842	
傳聞獸	char	數碼暴龍App世代角色列表@94177588	
傳說巨神伊甸王	cgroup	Module:CGroup/Anime@94680982	
傳輸稜鏡	cgroup	Template:CGroup/StarCraft2@39914602	
傻傻	cgroup	Module:CGroup/Cyberpunk@85139581	
傻瓜頭巾	cgroup	Template:CGroup/妖怪手錶@75937932	
傾聽神諭	cgroup	Module:CGroup/閃電十一人@68657168	
僅限跟班	cgroup	Module:CGroup/My Little Pony@91388064	
像素軟件	cgroup	Module:CGroup/Games-zh@90861641	zh-hant
僵硬型	cgroup	Template:CGroup/GundamAGE@51366593	
儀典用裝飾型	cgroup	Template:CGroup/GundamSeed@92969101	
優哈巴哈	cgroup	Module:CGroup/BLEACH@81833737	
優娜	cgroup	Module:CGroup/Square Enix@93012351	CHECK
優尼	cgroup	Template:CGroup/Reborn@29403199	
優木沙沙	char	魔法少女小圓角色列表@94590242	
優格比爾	cgroup	Module:CGroup/Disney@93925402	
優絲姆	cgroup	Module:CGroup/蠟筆小新@93760288	
優谷拉姆	cgroup	Module:CGroup/BLEACH@81833737	
優雅光點	cgroup	Template:CGroup/Pretty Rhythm@77221109	
儲物箱	cgroup	Module:CGroup/Minecraft@94388709	
儲物箱竹筏	cgroup	Module:CGroup/Minecraft@94388709	
儲物箱船	cgroup	Module:CGroup/Minecraft@94388709	
儲能陀螺	cgroup	Module:CGroup/閃電十一人@68657168	
儲藏槽	cgroup	Template:CGroup/Gundam00@70972545	
兀兒德	cgroup	Module:CGroup/SAO@89298185	
元帥獸	cgroup	Template:CGroup/Digimon@94687201	
元氣史萊姆	cgroup	Module:CGroup/Square Enix@93012351	
元氣小子	cgroup	Module:CGroup/Anime@94680982	
元素方城市	cgroup	Module:CGroup/Pixar@93247177	
兄弟趣味競賽	cgroup	Module:CGroup/My Little Pony@91388064	
兄役	char	千与千寻@94787677	
充風	cgroup	Template:CGroup/Transformers@87179168	
兇猛掃擊	cgroup	Module:CGroup/Counter-Strike@85677571	zh-hant
先島光	char	来自风平浪静的明天@94727749	
先島明	char	来自风平浪静的明天@94727749	
先島燈	char	来自风平浪静的明天@94727749	
先知艦	cgroup	Template:CGroup/StarCraft2@39914602	
先進世代	cgroup	Template:CGroup/GundamAGE@51366593	
先進戰士	cgroup	Module:CGroup/Games@94658856	
先進智慧機器	cgroup	Module:CGroup/美国漫画@94638375	
先鋒集團	cgroup	Module:CGroup/Counter-Strike@85677571	zh-hant
先驅式	cgroup	Template:CGroup/Gundam00@70972545	
先驅音速	cgroup	Template:CGroup/四驅兄弟@86987120	
光之國	cgroup	Template:CGroup/Ultraman@94663541	
光之女神	cgroup	Template:CGroup/Mabinogi@50754648	
光之少女	cgroup	Module:CGroup/LOL@93322985	
光之戰士	cgroup	Module:CGroup/Square Enix@93012351	
光之玫瑰園	cgroup	Template:CGroup/Yes! 光之美少女5@89217113	
光之精靈	cgroup	Module:CGroup/SAO@89298185	
光之糖果	char	光之美少女：食尚甜心@92951245	
光之美少女	title	光之美少女@94825358	
光之貴公子	cgroup	Template:CGroup/Battle Spirits@29023902	
光人	cgroup	Module:CGroup/OnePiece@83858889	
光圈號	cgroup	Template:CGroup/GundamAGE@51366593	
光子力熱線	cgroup	Template:CGroup/Mazinger@84157445	
光子加農砲	cgroup	Template:CGroup/StarCraft2@39914602	
光屁屁	cgroup	Module:CGroup/SpongeBob SquarePants@91129493	
光岡純子	char	光之美少女：食尚甜心@92951245	
光明之子	cgroup	Module:CGroup/Games@94658856	
光明與黑暗	cgroup	Module:CGroup/Games@94658856	
光明點心	cgroup	Template:CGroup/KamenRider@94225985	
光束劍	cgroup	Module:CGroup/Counter-Strike@85677571	zh-hant
光束加農砲	cgroup	Template:CGroup/GundamSeed@92969101	
光束噴槍	cgroup	Template:CGroup/GundamAGE@51366593	
光束斬刀	cgroup	Template:CGroup/GundamUC@94693163	
光束武器試驗型	cgroup	Template:CGroup/GundamSeed@92969101	
光照會	cgroup	Module:CGroup/美国漫画@94638375	
光田健二	cgroup	Template:CGroup/GundamUC@94693163	
光蠍號原型機	cgroup	Template:CGroup/四驅兄弟@86987120	
光輝型	cgroup	Template:CGroup/GundamAGE@51366593	
光輝巨蟒獸	char	數碼寶貝覺醒節拍角色列表@94712797	
光輝軟件	cgroup	Module:CGroup/Games-zh@90861641	zh-hant
光輪之矢	cgroup	Module:CGroup/閃電十一人@68657168	
光逝去的夏天	cgroup	Module:CGroup/Anime@94680982	
克伊娜	cgroup	Module:CGroup/OnePiece@83858889	CHECK
克休里納達	cgroup	Template:CGroup/GundamW@87064245	
克利夫家庭	cgroup	Module:CGroup/Cartoon@93410586	
克利普頓石	cgroup	Module:CGroup/美国漫画@94638375	
克利耶爾	cgroup	Module:CGroup/OnePiece@83858889	
克力司	cgroup	Template:CGroup/GundamIBO@91631774	
克勞	cgroup	Module:CGroup/美国漫画@94638375	
克勞蕾	cgroup	Template:CGroup/GundamUC@94693163	
克勞薩	cgroup	Module:CGroup/KingOfFighters@91481321	
克勞迪亞	cgroup	Template:CGroup/GundamUC@94693163	
克吉洛	cgroup	Template:CGroup/GundamSeed@92969101	
克哈	cgroup	Template:CGroup/StarCraft2@39914602	
克塞特斯河	cgroup	Template:CGroup/Digimon@94687201	
克塞魯克塞斯	cgroup	Template:CGroup/FullmetalAlchemist@48481493	
克夫勒防彈背心	cgroup	Module:CGroup/Counter-Strike@85677571	CHECK,zh-hant
克希拉獸	char	数码宝贝幽灵游戏角色列表@94560916	
克拉伊卡納島	cgroup	Module:CGroup/OnePiece@83858889	
克拉倫斯	char	東京殘響@90132994	
克拉克里	cgroup	Template:CGroup/Battle Spirits@29023902	
克拉多	cgroup	Template:CGroup/愛天使傳說@43103330	
克拉帝爾	cgroup	Module:CGroup/SAO@89298185	
克拉斯寇	cgroup	Module:CGroup/Square Enix@93012351	
克拉桑瓦	cgroup	Template:CGroup/Gundam00@70972545	
克拉維斯	char	死亡遊行@91275771	
克拉莉絲	char	偶像大師 灰姑娘女孩角色列表@91786822	
克拉辛	cgroup	Template:CGroup/Heroes of the Storm@49727842	
克林特	cgroup	Module:CGroup/美国漫画@94638375	
克比	cgroup	Module:CGroup/OnePiece@83858889	
克洛克達爾	cgroup	Module:CGroup/OnePiece@83858889	
克洛凱特	cgroup	Template:CGroup/GGundam@85035825	
克洛巴博士	cgroup	Module:CGroup/OnePiece@83858889	CHECK
克洛斯羅德	cgroup	Template:CGroup/Gundam00@70972545	
克洛盧斯	cgroup	Module:CGroup/BlueArchive@93972468	zh-hant
克洛維	char	NOIR@90119310	
克洛艾	cgroup	Template:CGroup/Code Geass@70270136	
克洛西	char	萬里尋親記@94719791	CHECK
克烏拉	cgroup	Module:CGroup/閃電十一人@68657168	
克爾菲萊克	char	悲慘世界 少女珂賽特@94720109	
克琪	cgroup	Template:CGroup/GundamIBO@91631774	
克瑞爾神父	char	高譚角色列表@92146409	
克瓦特羅	cgroup	Template:CGroup/GundamUC@94693163	
克米	cgroup	Template:CGroup/KamenRider@94225985	
克羅傑古	char	魔法少女奈葉系列角色列表@93877995	
克羅奎斯	char	ONE PIECE STAMPEDE@94401180	
克羅妮	cgroup	Module:CGroup/The Promised Neverland@83209401	
克羅德	char	DARKER THAN BLACK@93233512	
克羅托瓦	char	風之谷 (電影)@94844860	
克羅拉	cgroup	Template:CGroup/爆丸@31893398	
克羅斯	char	劇場版 寶可夢 就決定是你了！@90262215	
克羅畢斯	cgroup	Module:CGroup/SAO@89298185	
克羅茲	char	Go Princess 光之美少女@94065409	CHECK
克羅魯巴	cgroup	Template:CGroup/進擊的巨人@76977335	CHECK
克茵哈伯	cgroup	Template:CGroup/GundamTWFM@82129397	
克莉絲提亞	cgroup	Template:CGroup/打工吧！魔王大人@40273238	
克菈卡	cgroup	Template:CGroup/GundamIBO@91631774	
克萊因貝克	cgroup	Template:CGroup/BUDDYCOMPLEX@77221119	
克萊文	cgroup	Module:CGroup/美国漫画@94638375	
克萊曼	cgroup	Template:CGroup/Code Geass@70270136	
克萊登	cgroup	Template:CGroup/The Witcher@86825096	
克蕾絲妲	cgroup	Template:CGroup/The World God Only Knows@50754307	
克蕾雅	cgroup	Template:CGroup/Cyber Formula@68486475	
克蘭格	char	DARKER THAN BLACK@93233512	
克蘭雪	cgroup	Template:CGroup/GundamAGE@51366593	
克蘿依	cgroup	Module:CGroup/PeppaPig@87025478	
克蘿蒂雅	cgroup	Template:CGroup/ED@94768974	zh-hant
克蘿賽	cgroup	Template:CGroup/ED@94768974	zh-hant
克諾斯	cgroup	Template:CGroup/Mabinogi@50754648	
克路比茲	char	爆丸5星域爭霸@90756067	CHECK
克里帝國	cgroup	Module:CGroup/美国漫画@94638375	
克里斯塔	cgroup	Template:CGroup/進擊的巨人@76977335	
克里斯塔兒	char	凱洛與塔斯黛@92015221	
克里斯多福	cgroup	Module:CGroup/美国漫画@94638375	
克里斯海特	cgroup	Module:CGroup/SAO@89298185	
克里斯護衛保全	cgroup	Template:CGroup/GundamIBO@91631774	
克里柏利	cgroup	Template:CGroup/GundamTWFM@82129397	
克里門森	cgroup	Module:CGroup/KingOfFighters@91481321	
克雷	cgroup	Template:CGroup/FullmetalAlchemist@48481493	
克雷仙多	char	Suite 光之美少女♪@92951168	
克雷德	cgroup	Module:CGroup/LOL@93322985	
克雷林	cgroup	Module:CGroup/美国漫画@94638375	
克雷瑪	cgroup	Module:CGroup/Square Enix@93012351	
克雷飛天神	cgroup	Template:CGroup/Mazinger@84157445	
克馬艾爾聖	char	航海王電影：GOLD@93412929	
克魯卡姆	cgroup	Module:CGroup/SAO@89298185	
克魯夫人	char	小公主莎拉@94856128	
克魯德大王	cgroup	Template:CGroup/DragonBall@92325756	
克魯澤	cgroup	Template:CGroup/GundamSeed@92969101	
克魯迪奧	char	91Days@89878470	
克黎思妲	cgroup	Module:CGroup/LOL@93322985	
兒玉繪美留	char	光之美少女：食尚甜心@92951245	
兒童票選獎	cgroup	Module:CGroup/Cartoon@93410586	
兔仔獸	char	数码宝贝幽灵游戏角色列表@94560916	CHECK
兔兒爺獸	char	数码宝贝大冒险：角色列表@94538377	
兔內夏芽	char	漂流家園@87146899	
兔內里子	char	漂流家園@87146899	
兔寶	char	FRESH光之美少女！@93922959	CHECK
兔爺爺	cgroup	Module:CGroup/PeppaPig@87025478	
兔窩鎮	cgroup	Module:CGroup/Disney@93925402	
兜帽蝠獸	char	數碼寶貝覺醒節拍角色列表@94712797	
入侵型	cgroup	Template:CGroup/GBF@82201572	
入口網站	cgroup	Template:CGroup/Code Geass@70270136	
入圍賽	cgroup	Module:CGroup/LOL@93322985	
入夏	cgroup	Template:CGroup/Mabinogi@50754648	
入江一途	char	PSYCHO-PASS角色列表@93403235	
入間安奈	char	少女與戰車角色列表@93320972	
內田守	char	藍色恐懼@94281992	
內田由加里	char	聖天空戰記@94720493	
內田真由美	char	高校艦隊@93341996	
內田茜	char	白箱@94727899	
內田麻美	char	名偵探柯南角色列表@94461808	
內糊	cgroup	Module:CGroup/Simpsons@84869408	CHECK
內藤真司	char	魔法使光之美少女！@94758670	
內褲隊長歷險記	cgroup	Module:CGroup/Cartoon@93410586	
全備型鋼彈	cgroup	Template:CGroup/GundamUC@94693163	
全民公敵	cgroup	Module:CGroup/Games@94658856	
全民瘋賓果	cgroup	Module:CGroup/Counter-Strike@85677571	zh-hant
全民高爾夫	cgroup	Module:CGroup/Games@94658856	
全球攻勢	cgroup	Module:CGroup/Counter-Strike@85677571	zh-hant
全球獸	char	數碼暴龍App世代角色列表@94177588	
全球防禦組織	cgroup	Template:CGroup/C&C@83793789	
全罩型幻魔	cgroup	Template:CGroup/GundamIBO@91631774	
全罩型幻魔鋼彈	cgroup	Template:CGroup/GundamIBO@91631774	
全美民選獎	cgroup	Module:CGroup/Cartoon@93410586	
全能攻擊自由	cgroup	Template:CGroup/GundamSeed@92969101	
全能攻擊自由鋼彈	cgroup	Template:CGroup/GundamSeed@92969101	
全自動迷你砲台	cgroup	Module:CGroup/Counter-Strike@85677571	zh-hant
全裝甲型獨角獸	cgroup	Template:CGroup/GundamUC@94693163	
全裝甲型鋼彈	cgroup	Template:CGroup/GundamUC@94693163	
全軍破敵	cgroup	Module:CGroup/Games@94658856	
兩人三腳	cgroup	Module:CGroup/閃電十一人@68657168	
兩棲型	cgroup	Template:CGroup/Digimon@94687201	
兩面宿儺	char	咒術迴戰角色列表@94830133	
八九寺真宵	char	魔法少女小圓角色列表@94590242	
八代延太郎	char	名偵探柯南：水平線上的陰謀@94562230	
八代英人	char	名偵探柯南：水平線上的陰謀@94562230	
八代貴江	char	名偵探柯南：水平線上的陰謀@94562230	
八千流	cgroup	Module:CGroup/BLEACH@81833737	
八卦婆	cgroup	Template:CGroup/妖怪手錶@75937932	CHECK
八卦謠言	cgroup	Module:CGroup/My Little Pony@91388064	
八咫鴉獸	char	數碼寶貝拯救隊角色列表@94177566	
八太郎	char	小魔女DoReMi@94721174	
八木鶇	char	高校艦隊@93341996	
八洲	cgroup	Template:CGroup/GundamUC@94693163	
八爪	cgroup	Template:CGroup/MyHeroAcademia@87565804	
八爪博士	cgroup	Module:CGroup/美国漫画@94638375	
八田美咲	char	K (動畫)@93234659	
八百比邦夫	char	玉子市場@93415198	
八神牧野	char	偶像大師 灰姑娘女孩角色列表@91786822	
八腳神馬號	cgroup	Template:CGroup/GundamIBO@91631774	
八腳馬獸	cgroup	Template:CGroup/Digimon@94687201	
八雲美玉	char	魔法少女小圓角色列表@94590242	
公主之冕	cgroup	Module:CGroup/Games@94658856	
公主之夢	cgroup	Module:CGroup/My Little Pony@91388064	
公主天使	cgroup	Module:CGroup/開闊天空！光之美少女@83218661	
公主闖天關	cgroup	Module:CGroup/Cartoon@93410586	
公公獸	char	数码宝贝大冒险：角色列表@94538377	
公寓生活	cgroup	Template:CGroup/Sim@37867988	
公敬	char	小魔女DoReMi@94721174	CHECK
公會會長	cgroup	Template:CGroup/MapleStory@57794822	
公牛獸	char	数码宝贝大冒险：角色列表@94538377	
公理號	cgroup	Module:CGroup/Pixar@93247177	
公貝	cgroup	Module:CGroup/OnePiece@83858889	CHECK
六個分歧路	cgroup	Template:CGroup/MapleStory@57794822	
六刃凶蛇	char	爆丸5星域爭霸@90756067	
六合塚彌生	char	PSYCHO-PASS角色列表@93403235	
六太	char	半妖的夜叉姬@87932716	
六導玲霞	char	Fate/Apocrypha@90728159	
六神合體雷霆王	cgroup	Module:CGroup/Anime@94680982	
六笠	char	東京殘響@90132994	
六等爵士家	cgroup	Module:CGroup/SAO@89298185	
六翅獸	cgroup	Template:CGroup/Digimon@94687201	
六角恐龍	cgroup	Module:CGroup/Minecraft@94388709	
六連殺	cgroup	Module:CGroup/LOL@93322985	
兵卒獸	char	数码宝贝大冒险：角色列表@94538377	
兵藤麗奈	char	偶像大師 灰姑娘女孩角色列表@91786822	CHECK
具現化系	cgroup	Template:CGroup/HUNTER@80241645	zh-hant
具足獸	char	数码宝贝大冒险：角色列表@94538377	
冉則	cgroup	Module:CGroup/Frieren@82010966	
冒充獸	char	数码宝贝幽灵游戏角色列表@94560916	
冒煙湯姆	cgroup	Module:CGroup/OnePiece@83858889	
冒牌女服務生	char	名侦探柯南：天空的遇难船@94562607	
冒險五傑	cgroup	Module:CGroup/Anime@94680982	
冒險者之戰鬥	cgroup	Template:CGroup/Digimon@94687201	
冠軍模式	cgroup	Template:CGroup/Crazyracing Kartrider@60141039	
冥王獸	char	半妖的夜叉姬@87932716	
冥王計劃傑歐萊馬	cgroup	Module:CGroup/Anime@94680982	
冥黑王	cgroup	Template:CGroup/KamenRider@94225985	
冬之靈	cgroup	Module:CGroup/My Little Pony@91388064	zh-hant
冬季三角之網	cgroup	Module:CGroup/閃電十一人@68657168	
冬季派對組合	cgroup	Template:CGroup/Sim@37867988	
冬季賽	cgroup	Module:CGroup/LOL@93322985	
冬嵐	char	犬夜叉角色列表@94790447	
冬握湖	cgroup	Module:CGroup/Wow@94351016	
冬胖熊	cgroup	Module:CGroup/蠟筆小新@93760288	
冬蜂	char	妄想代理人@91610420	
冬襲	cgroup	Template:CGroup/Warhammer@93295042	
冰冠城塞	cgroup	Module:CGroup/Wow@94351016	
冰冷眼瞳所映照之物	cgroup	Template:CGroup/GundamTWFM@82129397	
冰凍之心	cgroup	Module:CGroup/Frozen@82365390	
冰凍之鍊金術師	cgroup	Template:CGroup/FullmetalAlchemist@48481493	
冰凍抄截	cgroup	Module:CGroup/閃電十一人@68657168	
冰凍暴風雪	char	光之美少女@94825358	
冰原雪域	cgroup	Template:CGroup/MapleStory@57794822	
冰天使	cgroup	Template:CGroup/Yes! 光之美少女5@89217113	
冰室弦馬	char	獸兵衛忍風帖@94218789	
冰封射門	cgroup	Module:CGroup/閃電十一人@68657168	
冰山企鵝戰士	cgroup	Template:CGroup/Crazyracing Kartrider@60141039	
冰山恐懼之峰	cgroup	Template:CGroup/Crazyracing Kartrider@60141039	
冰川尚吾	char	名侦探柯南：沉默的15分钟@94454904	
冰巫師獸	cgroup	Template:CGroup/Digimon@94687201	
冰河獸	char	數碼寶貝覺醒節拍角色列表@94712797	
冰河破碎的冰山	cgroup	Template:CGroup/Crazyracing Kartrider@60141039	
冰流天鵝	cgroup	Template:CGroup/戰鬥陀螺 鋼鐵奇兵@68490308	
冰淇淋震盪	char	光之美少女：食尚甜心@92951245	
冰湖	char	灰羽連盟@94642936	
冰焱	char	大欺诈师@90518284	
冰熊獸	char	數碼寶貝04無限地帶角色列表@94744460	
冰石獸	char	数码宝贝幽灵游戏角色列表@94560916	
冰空防護罩	cgroup	Template:CGroup/Yes! 光之美少女5@89217113	
冰象獸	char	数码宝贝幽灵游戏角色列表@94560916	
冰雪竹姬	cgroup	Template:CGroup/Sailor Moon@93051346	
冰霸后	cgroup	Template:CGroup/Adventure Time@90284406	
冰風之谷	cgroup	Module:CGroup/Games@94658856	
冰魔	char	戰鬥陀螺 鋼鐵奇兵角色列表@94643342	
冴島清美	char	偶像大師 灰姑娘女孩角色列表@91786822	
冴木達也	char	Vivy -Fluorite Eye's Song-@93702039	
冷凍光線	cgroup	Template:CGroup/Mazinger@84157445	
冷劍風雲	cgroup	Template:CGroup/Might&Magic@42603917	
冷泉久子	char	少女與戰車角色列表@93320972	
冷泉麻子	char	少女與戰車角色列表@93320972	
冷知識魔	cgroup	Template:CGroup/妖怪手錶@75937932	
冷雨煙	cgroup	Module:CGroup/Counter-Strike@85677571	zh-hant
凋零怪	cgroup	Module:CGroup/Minecraft@94388709	
凋零骷髏	cgroup	Module:CGroup/Minecraft@94388709	
凜子	cgroup	Template:CGroup/GBF@82201572	
凜音	cgroup	Template:CGroup/Pretty Rhythm@77221109	
凜風峽灣	cgroup	Module:CGroup/Wow@94351016	
凝神射擊	cgroup	Module:CGroup/Counter-Strike@85677571	zh-hant
凝視大師	cgroup	Module:CGroup/My Little Pony@91388064	
凝邪聖命	cgroup	Module:CGroup/Counter-Strike@85677571	zh-hant
凡凡	cgroup	Template:CGroup/愛天使傳說@43103330	
凡多姆	cgroup	Template:CGroup/黑執事@49361116	
凡多姆海伍	cgroup	Template:CGroup/黑執事@49361116	
凡妮莎	cgroup	Module:CGroup/KingOfFighters@91481321	CHECK
凡娜	cgroup	Template:CGroup/Mabinogi@50754648	CHECK
凡娜蒂絲	cgroup	Template:CGroup/GundamIBO@91631774	CHECK
凡格	char	91Days@89878470	
凡格斯	cgroup	Template:CGroup/GundamAGE@51366593	
凡格爾堡	cgroup	Template:CGroup/The Witcher@86825096	
凡格爾堡的葉妮芙	cgroup	Template:CGroup/The Witcher@86825096	
凱伊	char	少女與戰車角色列表@93320972	
凱伊爾	cgroup	Module:CGroup/閃電十一人@68657168	
凱倫	cgroup	Module:CGroup/Pixar@93247177	
凱凱	cgroup	Template:CGroup/Family Guy@79259281	
凱南吉	cgroup	Template:CGroup/GundamTWFM@82129397	
凱因	cgroup	Template:CGroup/FullmetalAlchemist@48481493	
凱坦澤	cgroup	Module:CGroup/BlueArchive@93972468	zh-hant
凱子貝殼	cgroup	Template:CGroup/妖怪手錶@75937932	
凱寧	cgroup	Module:CGroup/Square Enix@93012351	
凱德	cgroup	Template:CGroup/Transformers@87179168	
凱恩	cgroup	Template:CGroup/GundamUC@94693163	
凱拉	cgroup	Template:CGroup/GundamUC@94693163	
凱拉克	cgroup	Template:CGroup/StarCraft@73588136	
凱拉克西亞	cgroup	Template:CGroup/Sailor Moon@93051346	
凱撒寶劍	cgroup	Template:CGroup/Mazinger@84157445	
凱撒指揮艇	cgroup	Template:CGroup/Mazinger@84157445	
凱撒新星	cgroup	Template:CGroup/Mazinger@84157445	
凱撒暴龍獸	char	數碼寶貝04無限地帶角色列表@94744460	
凱撒獅子獸	char	數碼寶貝04無限地帶角色列表@94744460	
凱撒飛翼	cgroup	Template:CGroup/Mazinger@84157445	
凱洛琳	cgroup	Template:CGroup/GBF@82201572	
凱爾	cgroup	Template:CGroup/Gundam00@70972545	
凱爾妲	cgroup	Template:CGroup/GundamIBO@91631774	
凱爾帝薩	char	B傳說！戰鬥彈珠人@94175384	
凱爾文	cgroup	Template:CGroup/黑執事@49361116	
凱爾莫瑞亞	cgroup	Template:CGroup/StarCraft@73588136	
凱爾莫瑞亞集團	cgroup	Template:CGroup/StarCraft2@39914602	
凱特天使	char	DokiDoki! 光之美少女@93549956	
凱特夫人	char	湯姆歷險記 (動畫)@94720074	
凱瑞	cgroup	Module:CGroup/Cyberpunk@85139581	
凱瑟	cgroup	Module:CGroup/BlueArchive@93972468	zh-hant
凱絲阿姨	cgroup	Module:CGroup/Disney@93925402	
凱老師	cgroup	Module:CGroup/Pixar@93247177	
凱耶	cgroup	Template:CGroup/GundamIBO@91631774	
凱能	cgroup	Module:CGroup/LOL@93322985	
凱莉芙拉	cgroup	Template:CGroup/DragonBall@92325756	
凱莉莎	cgroup	Template:CGroup/Valkyria@77221191	CHECK
凱莎	cgroup	Module:CGroup/LOL@93322985	CHECK
凱萊爾	cgroup	Template:CGroup/GundamIBO@91631774	
凱蒂	char	Vivy -Fluorite Eye's Song-@93702039	
凱蒂絲	cgroup	Module:CGroup/BLEACH@81833737	
凱薩里亞	cgroup	Template:CGroup/GundamUC@94693163	
凱贊	cgroup	Module:CGroup/Wow@94351016	
凱辛克	cgroup	Template:CGroup/GundamTWFM@82129397	
凱迪爾	cgroup	Module:CGroup/KingOfFighters@91481321	
凱里神	cgroup	Template:CGroup/DragonBall@92325756	
凱里聖地	cgroup	Template:CGroup/DragonBall@92325756	
凶兆鋼彈	cgroup	Template:CGroup/GBF@82201572	
出入禁止的鼴鼠	cgroup	Module:CGroup/Anime@94680982	
出包王女	cgroup	Module:CGroup/Anime@94680982	
出水明日香	cgroup	Module:CGroup/The Promised Neverland@83209401	
出租女友	cgroup	Module:CGroup/Anime@94680982	
出羽將臣	char	K (動畫)@93234659	
函館臣子	char	KILL la KILL@94827565	
刀刀齋	char	半妖的夜叉姬@87932716	
刀客湯姆	char	高譚角色列表@92146409	
刀秋	char	犬夜叉角色列表@94790447	
刀鋒戰士	cgroup	Module:CGroup/美国漫画@94638375	
刀騎士	char	星之卡比 (動畫)@94160462	
刃式	cgroup	Template:CGroup/GundamSeed@92969101	
刃棒	cgroup	Template:CGroup/GundamIBO@91631774	
刃鍬形蟲獸	char	数码宝贝大冒险：角色列表@94538377	
刃龍獸	char	数码宝贝幽灵游戏角色列表@94560916	
分割畫面	cgroup	Module:CGroup/Games@94658856	
分子獸	char	数码宝贝大冒险角色列表@94744369	
分歧的道路	cgroup	Template:CGroup/Warcraft@92164655	zh-hant
分解武器	cgroup	Module:CGroup/Counter-Strike@85677571	zh-hant
分身欺敵之術	cgroup	Module:CGroup/閃電十一人@68657168	
分鐘小姐	cgroup	Module:CGroup/美国漫画@94638375	
切割流星鎚	cgroup	Template:CGroup/GundamIBO@91631774	
切拉姆	cgroup	Module:CGroup/Square Enix@93012351	
切札勝利	char	決鬥大師@92994775	
切札勝太	char	決鬥大師@92994775	
切札勝舞	char	決鬥大師@92994775	
切片秋山	char	魔法少女小圓角色列表@94590242	
切碎者	cgroup	Template:CGroup/FullmetalAlchemist@48481493	
列威	cgroup	Template:CGroup/Reborn@29403199	
列恩	cgroup	Template:CGroup/Reborn@29403199	
列魯寧	cgroup	Module:CGroup/Frieren@82010966	
初始化零件	cgroup	Module:CGroup/Counter-Strike@85677571	zh-hant
初學者鯊	cgroup	Template:CGroup/妖怪手錶@75937932	
初學者鯊魚	cgroup	Template:CGroup/妖怪手錶@75937932	
初心皇后	cgroup	Module:CGroup/My Little Pony@91388064	
初擊勝負	cgroup	Module:CGroup/SAO@89298185	
初次啟航	cgroup	Module:CGroup/Square Enix@93012351	
初級治療券	cgroup	Module:CGroup/Counter-Strike@85677571	zh-hant
初陣對抗賽	cgroup	Module:CGroup/LOL@93322985	
別墅風雲	cgroup	Module:CGroup/Counter-Strike@85677571	zh-hant
別所艾瑪	char	遊戲王VRAINS@92292355	
別西卜的頭骨	cgroup	Template:CGroup/GOSICK@62514366	CHECK
別讓風雪掩埋愛	cgroup	Module:CGroup/Frozen@82365390	
利傑尼	cgroup	Template:CGroup/Gundam00@70972545	
利克	cgroup	Template:CGroup/FullmetalAlchemist@48481493	
利克姆	cgroup	Template:CGroup/DragonBall@92325756	
利卡德	cgroup	Template:CGroup/GBF@82201572	
利塞布爾	cgroup	Template:CGroup/FullmetalAlchemist@48481493	
利塞布爾的母豹	cgroup	Template:CGroup/FullmetalAlchemist@48481493	
利奧高	cgroup	Template:CGroup/CodeLyoko@53054375	
利岡優斗	char	Heartcatch 光之美少女！@94574540	
利布斯	cgroup	Template:CGroup/進擊的巨人@76977335	
利希塔	cgroup	Module:CGroup/Frieren@82010966	
利摩那	cgroup	Template:CGroup/愛天使傳說@43103330	
利普	char	爆丸5星域爭霸@90756067	
利歐路	cgroup	Template:CGroup/Pokemon@85444397	
利洛德	cgroup	Template:CGroup/GundamIBO@91631774	
利涅爾	char	吊带袜天使@94456883	
利爾德	cgroup	Template:CGroup/DragonBall@92325756	
利特納	cgroup	Template:CGroup/Gundam00@70972545	
利維	char	DokiDoki! 光之美少女@93549956	
利維亞的傑洛特	cgroup	Template:CGroup/The Witcher@86825096	
利華弗	cgroup	Template:CGroup/Gundam00@70972545	
利邦提	cgroup	Module:CGroup/SAO@89298185	
利酷	char	劇場版 寶可夢 我們的故事@86542622	
利里亞	cgroup	Template:CGroup/The Witcher@86825096	
利鈕	cgroup	Module:CGroup/Doraemon@88509940	
利鯨	cgroup	Module:CGroup/Pixar@93247177	
刳屋敷劍八	char	BLEACH角色列表@94571323	
制定式	cgroup	Template:CGroup/Gundam00@70972545	
制輪機	cgroup	Template:CGroup/Transformers@87179168	
刺刺栗子	cgroup	Template:CGroup/妖怪手錶@75937932	
刺客任務	cgroup	Module:CGroup/Games@94658856	
刺客任務系列	cgroup	Module:CGroup/Games@94658856	
刺客教條	cgroup	Module:CGroup/Games@94658856	
刺客聯盟	cgroup	Module:CGroup/美国漫画@94638375	
刺蛇獸穴	cgroup	Template:CGroup/StarCraft2@39914602	
刺蝟獸	char	数码宝贝幽灵游戏角色列表@94560916	
刺釘獸	char	數碼暴龍 LAST EVOLUTION 絆@94708497	
刺針獸	char	数码宝贝大冒险：角色列表@94538377	
刺針釘鎚	cgroup	Module:CGroup/閃電十一人@68657168	
刻印術式	char	咒術迴戰角色列表@94830133	
剁碎手巴利	cgroup	Template:CGroup/FullmetalAlchemist@48481493	CHECK
剃刀型	cgroup	Template:CGroup/GundamAGE@51366593	
則卷卡斯拉	char	七龍珠 摩訶不思議大冒險@93733668	
則卷怪博士與機器娃娃	char	七龍珠 摩訶不思議大冒險@93733668	
前導軟件	cgroup	Module:CGroup/Games-zh@90861641	zh-hant
前川佳苗	char	比宇宙更遠的地方@93910432	
前川未來	char	偶像大師 灰姑娘女孩角色列表@91786822	
前所未有的感覺	cgroup	Module:CGroup/Frozen@82365390	
前田裡奈	char	妖怪手錶系列@93337229	
前輩有夠煩	cgroup	Module:CGroup/Anime@94680982	zh-hant
前進大都會	cgroup	Module:CGroup/My Little Pony@91388064	
前進梅利號	cgroup	Module:CGroup/OnePiece@83858889	
剎那爆射	cgroup	Module:CGroup/閃電十一人@68657168	
剛力步	char	奇巧計程車@89552760	
剛彈勇士	cgroup	Template:CGroup/GundamUC@94693163	
剛德拉克	cgroup	Module:CGroup/Wow@94351016	
剛母星球	cgroup	Module:CGroup/Pixar@93247177	
剛諾斯	char	B傳說！戰鬥彈珠人@94175384	
剝落列夫	cgroup	Template:CGroup/HUNTER@80241645	
剪鉗盾	cgroup	Template:CGroup/GundamIBO@91631774	
割喉作戰	cgroup	Template:CGroup/GundamSeed@92969101	
割喉戰	cgroup	Template:CGroup/GundamSeed@92969101	
割喉者	cgroup	Template:CGroup/進擊的巨人@76977335	
創世之女	cgroup	Template:CGroup/MyHeroAcademia@87565804	
創世傳說	cgroup	Module:CGroup/閃電十一人@68657168	
創世小玩家	cgroup	Module:CGroup/Square Enix@93012351	
創世神	cgroup	Module:CGroup/SAO@89298185	
創業育成派對	cgroup	Template:CGroup/GundamTWFM@82129397	
創聖機械天使	cgroup	Module:CGroup/Anime@94680982	
創鬥	cgroup	Template:CGroup/GBF@82201572	
創鬥幣	cgroup	Template:CGroup/GBF@82201572	
創鬥貼紙	cgroup	Template:CGroup/GBF@82201572	
劇場模式	cgroup	Template:CGroup/Crazyracing Kartrider@60141039	
劇毒弒神者	cgroup	Module:CGroup/Counter-Strike@85677571	zh-hant
劇毒的傷處	cgroup	Module:CGroup/Counter-Strike@85677571	zh-hant
劇毒瞬殺者	cgroup	Module:CGroup/Counter-Strike@85677571	zh-hant
劈斬司令	char	寶可夢動畫角色列表@93411809	
劈斬獸	char	星之卡比 (動畫)@94160462	
劉志剛	cgroup	Module:CGroup/Solo Leveling@86308871	
劉曉	char	大欺诈师@90518284	
劉神槍	cgroup	Template:CGroup/GundamSeed@92969101	
劉里昂	char	名偵探柯南：紺青之拳@94666047	
劉飽節	cgroup	Module:CGroup/Simpsons@84869408	
劍之裝	char	KILL la KILL@94827565	
劍刃山脈	cgroup	Module:CGroup/Wow@94351016	
劍刃競技場	cgroup	Module:CGroup/Wow@94351016	
劍城富	char	光之美少女：食尚甜心@92951245	
劍城美久	char	光之美少女：食尚甜心@92951245	
劍王模式	cgroup	Template:CGroup/KamenRider@94225985	
劍的重量	cgroup	Module:CGroup/SAO@89298185	
劍皇獸	cgroup	Template:CGroup/Digimon@94687201	
劍美澄	cgroup	Template:CGroup/NARUTO@86143617	
劍蠍	cgroup	Template:CGroup/KamenRider@94225985	
劍術優待生	cgroup	Module:CGroup/SAO@89298185	
劍術指導官	cgroup	Module:CGroup/SAO@89298185	
劍騎士	char	星之卡比 (動畫)@94160462	
劍魂	cgroup	Module:CGroup/Games@94658856	
劍龍獸	char	数码宝贝大冒险：角色列表@94538377	
力克德姆	cgroup	Template:CGroup/GundamUC@94693163	
力克迪亞斯	cgroup	Template:CGroup/GundamUC@94693163	
力克迪傑	cgroup	Template:CGroup/GundamUC@94693163	
力士踏地	cgroup	Module:CGroup/閃電十一人@68657168	
力天使鋼彈	cgroup	Template:CGroup/Gundam00@70972545	
力奇	char	功夫貓黨@94855681	
力石戰士	cgroup	Module:CGroup/Games@94658856	
力量寶石	cgroup	Module:CGroup/美国漫画@94638375	
力量麻吉	cgroup	Template:CGroup/妖怪手錶@75937932	
功夫貓黨	title	功夫貓黨@94855681	
加列特	cgroup	Template:CGroup/GundamAGE@51366593	
加卡	cgroup	Module:CGroup/OnePiece@83858889	
加多貝爾	char	爆丸5星域爭霸@90756067	
加夫蘭	cgroup	Template:CGroup/GundamAGE@51366593	
加布里耶爾少尉	char	蒙面俠蘇洛傳 (日本動畫)@90157303	
加拉西亞老大	char	91Days@89878470	
加文	cgroup	Template:CGroup/Code Geass@70270136	
加斯	char	凱洛與塔斯黛@92015221	
加斯特	char	七龍珠 魔神城內的睡美人@93733678	
加爾達克	cgroup	Template:CGroup/KamenRider@94225985	
加爾達克家族	cgroup	Template:CGroup/KamenRider@94225985	
加特林手機	cgroup	Template:CGroup/KamenRider@94225985	
加特林機槍	cgroup	Template:CGroup/GundamUC@94693163	
加百羅涅	cgroup	Template:CGroup/Reborn@29403199	
加米	char	光之美少女：食尚甜心@92951245	
加索姆	cgroup	Template:CGroup/GundamUC@94693163	
加茂劉芳	char	K (動畫)@93234659	
加茲伍特	cgroup	Template:CGroup/GundamSeed@92969101	CHECK
加茲星人	cgroup	Template:CGroup/Ultraman@94663541	CHECK,zh-hant
加菲爾	char	異世界四重奏@93605298	
加藤先生	char	爆丸@90775249	
加藤孝一	char	妖怪手錶系列@93337229	
加藤春	char	富豪刑事 Balance:UNLIMITED@93288613	
加藤英美里	cgroup	Module:CGroup/BlueArchive@93972468	zh-hant
加蘭德	cgroup	Module:CGroup/Square Enix@93012351	
加蘭特	cgroup	Template:CGroup/BUDDYCOMPLEX@77221119	
加賀山美羽	char	光之美少女@94825358	
加賀志津子	char	名偵探柯南：漆黑的追跡者@94634868	
加賀見真良	char	魔法少女小圓角色列表@94590242	CHECK
加迪拉薩	cgroup	Template:CGroup/Gundam00@70972545	
加迪薩	cgroup	Template:CGroup/Gundam00@70972545	
加那巴迪	cgroup	Template:CGroup/Code Geass@70270136	CHECK
加里歐	cgroup	Module:CGroup/LOL@93322985	
加魯哥獸	char	数码宝贝03驯兽师之王角色列表@94744434	
加魯斯	cgroup	Template:CGroup/GundamIBO@91631774	
助之新王子	cgroup	Module:CGroup/蠟筆小新@93760288	
助川電六	char	花開物語@94760130	
努比斯山脈	cgroup	Template:CGroup/Mabinogi@50754648	
努波	char	花仙子 (動畫)@93192753	
勁勁	cgroup	Template:CGroup/Mazinger@84157445	
勁爆美國職籃	cgroup	Module:CGroup/Games@94658856	CHECK
勁爆美式足球	cgroup	Module:CGroup/Games@94658856	CHECK
勁霸安哥拉獸	char	数码宝贝幽灵游戏角色列表@94560916	
勁香	cgroup	Module:CGroup/Simpsons@84869408	
勃更	char	悲慘世界 少女珂賽特@94720109	
勃羅	cgroup	Template:CGroup/NARUTO@86143617	
勅使河原克彥	char	天气之子@94186671	
勇哥	cgroup	Module:CGroup/Simpsons@84869408	
勇基拉	cgroup	Template:CGroup/Pokemon@85444397	
勇士之村	cgroup	Template:CGroup/MapleStory@57794822	
勇士勳章	cgroup	Module:CGroup/Games@94658856	
勇士試煉	cgroup	Module:CGroup/Wow@94351016	
勇敢傳說	cgroup	Module:CGroup/Pixar@93247177	
勇武之環	cgroup	Module:CGroup/Wow@94351016	
勇氣勁射	cgroup	Module:CGroup/閃電十一人@68657168	
勇氣精靈	char	光之美少女@94825358	
勇猛的致命劍	cgroup	Template:CGroup/愛天使傳說@43103330	
勇者式	cgroup	Template:CGroup/Gundam00@70972545	
勇者有點太囂張	cgroup	Module:CGroup/Games@94658856	
勇者萊汀	cgroup	Module:CGroup/Anime@94680982	
勇者訓育師	cgroup	Template:CGroup/Digimon@94687201	
勇者鬥惡龍	cgroup	Module:CGroup/Square Enix@93012351	zh-hant
勒克斯獸	char	數碼寶貝覺醒節拍角色列表@94712797	CHECK
動人的新娘捧花	cgroup	Template:CGroup/愛天使傳說@43103330	
動力滑翔	cgroup	Template:CGroup/Transformers@87179168	
動感假面	cgroup	Module:CGroup/蠟筆小新@93760288	
動物吉田	char	FRESH光之美少女！@93922959	
動物小町	cgroup	Module:CGroup/Anime@94680982	CHECK
動物方城市	cgroup	Module:CGroup/Disney@93925402	
動物樂團	char	ONE PIECE FILM RED@94073649	
動物金銀島	cgroup	Module:CGroup/Anime@94680982	
勘九郎	cgroup	Template:CGroup/NARUTO@86143617	CHECK
勘解由小路三鈴	char	你好世界 (电影)@94020123	CHECK
勝利猛獅	cgroup	Template:CGroup/Transformers@87179168	
勝利衝撞	cgroup	Module:CGroup/Counter-Strike@85677571	zh-hant
勝利衝鋒	cgroup	Template:CGroup/四驅兄弟@86987120	
勝利飛車	cgroup	Template:CGroup/四驅兄弟@86987120	
勝又水菜	char	名偵探柯南角色列表@94461808	
勝木加奈	char	魔法使光之美少女！@94758670	
勝澤	char	Little Busters!角色列表@91842236	
勝生利也	char	Yuri!!! on ICE@90120235	
勝生勇利	char	Yuri!!! on ICE@90120235	
勝生寛子	char	Yuri!!! on ICE@90120235	
勝生真利	char	Yuri!!! on ICE@90120235	
勝田聰子	char	高校艦隊@93341996	
勝矢梅格	char	少女與戰車角色列表@93320972	
勝與敗	cgroup	Module:CGroup/Pixar@93247177	
勝負士	cgroup	Template:CGroup/妖怪手錶@75937932	
勞爾	char	死亡代理人@93463069	
勞菲	cgroup	Module:CGroup/美国漫画@94638375	
勤博士	cgroup	Module:CGroup/Simpsons@84869408	
包添丁	cgroup	Module:CGroup/Simpsons@84869408	
匕諾透	cgroup	Template:CGroup/HUNTER@80241645	
化工集團案	cgroup	Module:CGroup/美国漫画@94638375	
化石病	cgroup	Template:CGroup/FullmetalAlchemist@48481493	
化石翼龍	cgroup	Template:CGroup/Pokemon@85444397	
化身武裝	cgroup	Module:CGroup/閃電十一人@68657168	
北佳魯特	cgroup	Template:CGroup/童話槍手小紅帽@22981301	
北境之怒	cgroup	Module:CGroup/LOL@93322985	
北境之王	cgroup	Template:CGroup/Might&Magic@42603917	
北島梓	char	名偵探柯南：漆黑的追跡者@94634868	
北川健太	char	数码宝贝03驯兽师之王角色列表@94744434	
北川真尋	char	偶像大師 灰姑娘女孩角色列表@91786822	
北斗之拳	cgroup	Module:CGroup/Anime@94680982	
北方基地	cgroup	Template:CGroup/KamenRider@94225985	
北方洞窟	cgroup	Module:CGroup/SAO@89298185	
北方藍	cgroup	Module:CGroup/OnePiece@83858889	
北村元康	char	異世界四重奏@93605298	
北条司	cgroup	Module:CGroup/Anime@94680982	zh-hant
北林淑子	char	東之伊甸@92226285	
北條加蓮	char	偶像大師 灰姑娘女孩角色列表@91786822	
北條弘明	char	白箱@94727899	
北條燦	char	謝謝你，在世界角落中找到我 (電影)@94721128	
北條秋時	char	犬夜叉角色列表@94790447	
北條里美	char	星之聲@92143926	
北海小英雄	title	北海小英雄@94804099	
北澤賢	char	飛天小女警Z@94716201	
北烏卓	cgroup	Module:CGroup/Frozen@82365390	
北白川玉子	char	玉子市場@93415198	
北白川福	char	玉子市場@93415198	
北白川豆大	char	玉子市場@93415198	
北白川雛子	char	玉子市場@93415198	
北白川餡子	char	玉子市場@93415198	
北裂境	cgroup	Module:CGroup/Wow@94351016	
北裂境的海岸	cgroup	Template:CGroup/Warcraft@92164655	zh-hant
北鄉	cgroup	Module:CGroup/OnePiece@83858889	
北野三郎	char	白箱@94727899	
北風凍原	cgroup	Module:CGroup/Wow@94351016	
北風明日香	char	Go Princess 光之美少女@94065409	
匹斯	cgroup	Template:CGroup/Bakuman@59602158	
匹斯克拉福特	cgroup	Template:CGroup/GundamW@87064245	
匹諾曹獸	char	数码宝贝大冒险tri.角色列表@94265439	
十字光盾劍	cgroup	Template:CGroup/爆丸@31893398	
十字獸	char	数码宝贝大冒险：角色列表@94538377	
十字神名	cgroup	Module:CGroup/BlueArchive@93972468	zh-hant
十字衝擊	cgroup	Module:CGroup/閃電十一人@68657168	
十字軍的呼喚	cgroup	Module:CGroup/Wow@94351016	
十字輪迴	cgroup	Module:CGroup/Counter-Strike@85677571	zh-hant
十年後火箭筒	cgroup	Template:CGroup/Reborn@29403199	
十數獸	char	数码宝贝大冒险：角色列表@94538377	
十星蝗蟲	cgroup	Template:CGroup/KamenRider@94225985	
十時愛梨	char	偶像大師 灰姑娘女孩角色列表@91786822	
十束多多良	char	K (動畫)@93234659	
十環幫	cgroup	Module:CGroup/美国漫画@94638375	
十種影法術最著名式神	char	咒術迴戰角色列表@94830133	
十萬伏特	cgroup	Module:CGroup/Counter-Strike@85677571	zh-hant
十里火車	cgroup	Template:CGroup/KamenRider@94225985	
千古恆久	char	你好世界 (电影)@94020123	
千唾馬宮	char	少女革命@93843108	
千奈	cgroup	Template:CGroup/GBF@82201572	
千川千尋	char	偶像大師 灰姑娘女孩角色列表@91786822	
千年女優	title	千年女優@90709801	
千年島	cgroup	Template:CGroup/GundamIBO@91631774	
千年科學	cgroup	Module:CGroup/BlueArchive@93972468	zh-hant
千本櫻	char	BLEACH角色列表@94571323	
千歲洋	char	K (動畫)@93234659	
千歲由真	char	魔法少女小圓角色列表@94590242	
千田太郎	cgroup	Module:CGroup/Simpsons@84869408	
千田愛紗子	cgroup	Module:CGroup/Simpsons@84869408	
千真希	cgroup	Template:CGroup/Aikatsu@68312381	
千石撫子	char	魔法少女小圓角色列表@94590242	
千秋理子	char	魔法少女小圓角色列表@94590242	
千草拉拉	char	名偵探柯南：戰慄的樂譜@94461985	
千草香織	char	名侦探柯南：沉默的15分钟@94454904	
千葉沙千帆	char	高校艦隊@93341996	
千賀鈴	char	名偵探柯南：迷宮的十字路@94462568	
千間降代	char	名偵探柯南角色列表@94461808	
千陽君	char	ONE PIECE FILM RED@94073649	
千陽號	cgroup	Module:CGroup/OnePiece@83858889	
千面客	cgroup	Template:CGroup/Transformers@87179168	
千駄谷劍	char	妖怪手錶系列@93337229	CHECK
千騎	cgroup	Template:CGroup/KamenRider@94225985	
千鳥三千留	cgroup	Module:CGroup/BlueArchive@93972468	zh-hant
升降賽	cgroup	Module:CGroup/LOL@93322985	
午夜時分	cgroup	Template:CGroup/MyHeroAcademia@87565804	
午餐尖峰時段	cgroup	Template:CGroup/MyHeroAcademia@87565804	
半佐	char	獸兵衛忍風帖@94218789	
半妖的夜叉姬	title	半妖的夜叉姬@87932716	
半獸人營帳	cgroup	Template:CGroup/Warcraft@92164655	zh-hant
半田順次	char	妄想代理人@91610420	
半磚	cgroup	Module:CGroup/Minecraft@94388709	
半藏	cgroup	Template:CGroup/HUNTER@80241645	
半藤達也	char	白箱@94727899	
半路認親	cgroup	Module:CGroup/My Little Pony@91388064	
半身死靈	char	學校怪談 (動畫)@92145862	
卑劣獸	char	数码宝贝幽灵游戏角色列表@94560916	
卓利	cgroup	Template:CGroup/NARUTO@86143617	
卓力	char	悲慘世界 少女珂賽特@94720109	
卓婭	char	秋葉原冥途戰爭@94822711	
卓曼	cgroup	Module:CGroup/My Little Pony@91388064	
卓格	cgroup	Template:CGroup/Valkyria@77221191	
卓越的新娘捧花	cgroup	Template:CGroup/愛天使傳說@43103330	
南佐	cgroup	Module:CGroup/BLEACH@81833737	
南健次郎	char	Yuri!!! on ICE@90120235	
南國少年奇小邪	cgroup	Module:CGroup/Anime@94680982	
南姬	cgroup	Module:CGroup/Disney@93925402	
南家三姊妹	cgroup	Module:CGroup/Anime@94680982	
南方之歌	cgroup	Module:CGroup/Disney@93925402	
南方公園國民小學	cgroup	Template:CGroup/SouthPark@86964006	
南方基地	cgroup	Template:CGroup/KamenRider@94225985	
南方小島	cgroup	Module:CGroup/Frozen@82365390	
南方藍	cgroup	Module:CGroup/OnePiece@83858889	
南方迴廊	cgroup	Module:CGroup/SAO@89298185	
南條光	char	偶像大師 灰姑娘女孩角色列表@91786822	
南極冰天雪地大冒險	cgroup	Module:CGroup/Doraemon@88509940	
南津涼子	char	魔法少女小圓角色列表@94590242	
南瓜梗	cgroup	Module:CGroup/Minecraft@94388709	
南瓜炸彈	cgroup	Module:CGroup/Counter-Strike@85677571	zh-hant
南繪里	char	女神异闻录4角色列表@94633370	
南美王者	cgroup	Module:CGroup/閃電十一人@68657168	
南翠遊悟	char	爆旋陀螺Burst@94644099	
南茜	cgroup	Module:CGroup/Disney@93925402	
博亞基	cgroup	Template:CGroup/GundamAGE@51366593	
博伊特	cgroup	Template:CGroup/Mabinogi@50754648	
博學者殿堂	cgroup	Module:CGroup/Wow@94351016	
博派	cgroup	Template:CGroup/Transformers@87179168	
博物館館長	char	名偵探福爾摩斯@94071005	
卜哈剌	cgroup	Template:CGroup/HUNTER@80241645	CHECK
占卜者	cgroup	Module:CGroup/Wow@94351016	
卡丁車世界盃冠軍賽	cgroup	Template:CGroup/Crazyracing Kartrider@60141039	
卡丹絲公主	cgroup	Module:CGroup/My Little Pony@91388064	
卡佩爾吉歐	cgroup	Template:CGroup/GundamTWFM@82129397	
卡佩爾庫	cgroup	Template:CGroup/GundamTWFM@82129397	
卡佳里	cgroup	Template:CGroup/GundamSeed@92969101	
卡修斯	cgroup	Template:CGroup/GundamUC@94693163	
卡克利肯	cgroup	Template:CGroup/GundamUC@94693163	
卡克特	cgroup	Template:CGroup/Pichi Pichi Pitch@94608266	
卡利塔	cgroup	Module:CGroup/SAO@89298185	
卡利麥羅	title	卡利麥羅@90671442	
卡力斯	cgroup	Module:CGroup/LOL@93322985	
卡匣	cgroup	Module:CGroup/Games@94658856	
卡卡洛特	cgroup	Template:CGroup/DragonBall@92325756	
卡卡西	cgroup	Template:CGroup/NARUTO@86143617	CHECK
卡古加與吉修	char	七龍珠Z 超級賽亞人孫悟空@93733657	
卡咪龜	cgroup	Template:CGroup/Pokemon@85444397	
卡嘎其	char	劇場版 寶可夢 我們的故事@86542622	
卡基斯坦	cgroup	Template:CGroup/Diablo@94495831	
卡塔克利	cgroup	Module:CGroup/OnePiece@83858889	
卡塔娜	cgroup	Module:CGroup/美国漫画@94638375	CHECK
卡塔羅尼亞	cgroup	Template:CGroup/GundamW@87064245	
卡士達幻象	char	光之美少女：食尚甜心@92951245	
卡多	cgroup	Template:CGroup/GundamUC@94693163	
卡夢夢	cgroup	Template:CGroup/魔法咪路咪路@26972197	
卡姆莉	cgroup	Template:CGroup/The World God Only Knows@50754307	
卡娜莉	cgroup	Template:CGroup/GBF@82201572	CHECK
卡密契	cgroup	Template:CGroup/GundamIBO@91631774	
卡尼洛	char	羅密歐的藍天@91519228	
卡尼爾	cgroup	Template:CGroup/GOSICK@62514366	
卡巴咚	cgroup	Module:CGroup/開闊天空！光之美少女@83218661	CHECK
卡巴咚咚	cgroup	Module:CGroup/開闊天空！光之美少女@83218661	CHECK
卡希	cgroup	Template:CGroup/The Witcher@86825096	
卡德爾	cgroup	Template:CGroup/GundamIBO@91631774	
卡德麗娜	cgroup	Module:CGroup/Jewelpet@81833309	CHECK
卡拉豪	cgroup	Template:CGroup/GundamUC@94693163	
卡提吉娜	cgroup	Template:CGroup/GundamUC@94693163	CHECK
卡文迪許	cgroup	Module:CGroup/OnePiece@83858889	
卡斯弗特	cgroup	Module:CGroup/SAO@89298185	
卡斯特拉	char	死亡遊行@91275771	
卡普利耶	cgroup	Template:CGroup/GundamUC@94693163	
卡普北極熊	char	爆丸5星域爭霸@90756067	
卡曼契的黑盒子	cgroup	Module:CGroup/Counter-Strike@85677571	zh-hant
卡曼契直升機	cgroup	Module:CGroup/Counter-Strike@85677571	zh-hant
卡林	cgroup	Template:CGroup/GundamUC@94693163	
卡柏	cgroup	Module:CGroup/My Little Pony@91388064	
卡桑帝	cgroup	Module:CGroup/LOL@93322985	
卡歐	char	七龍珠Z 地球超級大決戰@93733641	
卡歐斯	cgroup	Module:CGroup/Square Enix@93012351	
卡歐科斯基	cgroup	Module:CGroup/蠟筆小新@93760288	
卡比峽谷	cgroup	Template:CGroup/Mabinogi@50754648	
卡沙雷利亞	cgroup	Template:CGroup/GundamUC@94693163	
卡洛爾	char	罪惡王冠@87767894	
卡涅	cgroup	Template:CGroup/童話槍手小紅帽@22981301	
卡漢	cgroup	Module:CGroup/Half-Life@94355597	
卡烏	cgroup	Template:CGroup/GundamUC@94693163	
卡烏薩里亞	cgroup	Template:CGroup/GundamUC@94693163	
卡爾巴迪	cgroup	Template:CGroup/GundamUC@94693163	CHECK
卡爾帕喬	char	少女與戰車角色列表@93320972	
卡爾有約	cgroup	Module:CGroup/Pixar@93247177	
卡爾朵	cgroup	Template:CGroup/GundamTWFM@82129397	
卡爾波	char	星之卡比 (動畫)@94160462	
卡爾牧師	char	愛少女波麗安娜物語@94856145	
卡爾瑟斯	cgroup	Module:CGroup/LOL@93322985	
卡爾瓦德共和國	cgroup	Template:CGroup/ED@94768974	zh-hant
卡爾葛拉	cgroup	Module:CGroup/OnePiece@83858889	
卡牌遊戲	cgroup	Template:CGroup/Digimon@94687201	
卡特幹員	cgroup	Module:CGroup/美国漫画@94638375	
卡特拉斯	char	少女與戰車角色列表@93320972	
卡特探員	cgroup	Module:CGroup/美国漫画@94638375	
卡特莉娜	char	萬里尋親記@94719791	CHECK
卡特蓮娜	cgroup	Module:CGroup/LOL@93322985	CHECK
卡玲	cgroup	Template:CGroup/ED@94768974	zh-hant
卡瑞	cgroup	Template:CGroup/GundamIBO@91631774	
卡瑟	cgroup	Template:CGroup/GundamSeed@92969101	
卡瑪	cgroup	Module:CGroup/LOL@93322985	
卡瑪拉獸	cgroup	Template:CGroup/Digimon@94687201	
卡瑪泰姬	cgroup	Module:CGroup/美国漫画@94638375	
卡米歐	cgroup	Template:CGroup/打工吧！魔王大人@40273238	
卡米洛	cgroup	Module:CGroup/Disney@93925402	
卡米爾	cgroup	Template:CGroup/GundamTWFM@82129397	
卡米那	char	天元突破 紅蓮螺巖@93776700	
卡絲妮亞	cgroup	Template:CGroup/Mabinogi@50754648	
卡羅索	cgroup	Template:CGroup/GundamUC@94693163	
卡耶爾	cgroup	Template:CGroup/FullmetalAlchemist@48481493	
卡芙特	cgroup	Module:CGroup/Games@94658856	
卡芬	cgroup	Template:CGroup/Mabinogi@50754648	
卡茲	cgroup	Template:CGroup/GundamUC@94693163	CHECK
卡莉努	cgroup	Template:CGroup/Code Geass@70270136	
卡莉法	cgroup	Module:CGroup/OnePiece@83858889	
卡莎	cgroup	Template:CGroup/愛天使傳說@43103330	CHECK
卡莎碧雅	cgroup	Module:CGroup/LOL@93322985	CHECK
卡莫蘭	char	新·大雄的宇宙開拓史@94688485	
卡萊爾	cgroup	Template:CGroup/GundamUC@94693163	
卡蒂	cgroup	Template:CGroup/Gundam00@70972545	
卡蒂狗	cgroup	Template:CGroup/Pokemon@85444397	
卡蒙	cgroup	Module:CGroup/OnePiece@83858889	
卡薩	cgroup	Template:CGroup/GundamUC@94693163	
卡薩巴	cgroup	Template:CGroup/GundamIBO@91631774	CHECK
卡蘭特	cgroup	Template:CGroup/The Witcher@86825096	
卡蜜兒	cgroup	Module:CGroup/LOL@93322985	
卡西法	char	哈尔的移动城堡@94539471	CHECK
卡西達	cgroup	Module:CGroup/Disney@93925402	CHECK
卡西魯	char	哆啦A梦角色列表@94533440	CHECK
卡諾維斯獸	char	数码宝贝幽灵游戏角色列表@94560916	
卡貝	cgroup	Template:CGroup/DragonBall@92325756	
卡貝塔利亞	cgroup	Template:CGroup/GundamSeed@92969101	
卡貝拉	cgroup	Template:CGroup/GundamUC@94693163	
卡路利	cgroup	Template:CGroup/GundamIBO@91631774	
卡蹦公爵	cgroup	Module:CGroup/Pixar@93247177	
卡迦邁礦石	cgroup	Module:CGroup/Wow@94351016	
卡迪亞斯	cgroup	Template:CGroup/GundamUC@94693163	
卡迪娜爾	cgroup	Module:CGroup/SAO@89298185	CHECK
卡達爾司令	char	金剛戰神@91363742	
卡達爾女士	char	金剛戰神@91363742	
卡達莉納	cgroup	Template:CGroup/FullmetalAlchemist@48481493	
卡里托	cgroup	Module:CGroup/Counter-Strike@85677571	zh-hant
卡金	cgroup	Template:CGroup/HUNTER@80241645	zh-hant
卡雷拉	cgroup	Module:CGroup/OnePiece@83858889	
卡雷拉公司	cgroup	Module:CGroup/OnePiece@83858889	
卡露乃	cgroup	Template:CGroup/Pokemon@85444397	
卡馬帕卡	cgroup	Module:CGroup/OnePiece@83858889	
卡馬爾	cgroup	Template:CGroup/Gundam00@70972545	
卡魯卡沙	cgroup	Template:CGroup/Reborn@29403199	
卡魯耶克	cgroup	Module:CGroup/Wow@94351016	
卡麥亞管家	cgroup	Template:CGroup/妖怪手錶@75937932	
卡麥可夫人	char	小公主莎拉@94856128	
卡麥可律師	char	小公主莎拉@94856128	
印地安假面	char	B傳說！戰鬥彈珠人@94175384	
印地安撲克	cgroup	Template:CGroup/Toaru@89726592	
印斯茅斯	char	我的英雄学院角色列表@94403792	
印照才子	char	我的英雄学院角色列表@94403792	
印第安山實驗逃犯	char	高譚角色列表@92146409	
印第斯三世	char	戰鬥陀螺 鋼鐵奇兵角色列表@94643342	
危險扳機	cgroup	Template:CGroup/KamenRider@94225985	
即刻救援	cgroup	Module:CGroup/Counter-Strike@85677571	zh-hant
即刻救援模式	cgroup	Module:CGroup/Counter-Strike@85677571	zh-hant
即時渲染	cgroup	Module:CGroup/Games@94658856	
卷尾俠	cgroup	Template:CGroup/MyHeroAcademia@87565804	
厄俄斯獸	char	數碼暴龍 LAST EVOLUTION 絆@94708497	CHECK
厄德	cgroup	Template:CGroup/Gundam00@70972545	
厄特加爾	cgroup	Template:CGroup/進擊的巨人@76977335	
厄祭戰爭	cgroup	Template:CGroup/GundamIBO@91631774	
厄納多	char	萬里尋親記@94719791	
厄薩斯	cgroup	Module:CGroup/LOL@93322985	
厄運式	cgroup	Template:CGroup/Gundam00@70972545	
原佳明	char	名偵探柯南：往天國的倒數計時@94658929	
原創物語	cgroup	Template:CGroup/Digimon@94687201	
原口秀夫	char	名偵探柯南：業火的向日葵@94611870	
原型兵器	cgroup	Module:CGroup/Games@94658856	
原型基茲獸	char	數碼寶貝拯救隊角色列表@94177566	CHECK
原型車	cgroup	Template:CGroup/Crazyracing Kartrider@60141039	
原始固拉多	char	Pokemon the movie XY 光環的超魔神 胡帕@93394331	
原始戰神進化者	cgroup	Template:CGroup/四驅兄弟@86987120	
原始蓋歐卡	char	Pokemon the movie XY 光環的超魔神 胡帕@93394331	
原子小金剛	cgroup	Module:CGroup/Anime@94680982	
原生族群領袖	cgroup	Template:CGroup/Heroes of the Storm@49727842	
原田千繪	char	舞-HiME角色列表@91610502	
原田妙子	char	奇巧計程車@89552760	
原田寶石網購	cgroup	Module:CGroup/Jewelpet@81833309	
原田美世	char	偶像大師 灰姑娘女孩角色列表@91786822	
原能矩陣	cgroup	Template:CGroup/Transformers@87179168	
原顎甲獸	char	數碼寶貝覺醒節拍角色列表@94712797	
厲凱蒂	cgroup	Module:CGroup/Disney@93925402	
厲寶柏	cgroup	Module:CGroup/Disney@93925402	CHECK
厲崔克	cgroup	Module:CGroup/Disney@93925402	
厲彌頓	cgroup	Module:CGroup/Disney@93925402	
參宿四伽馬獸	char	数码宝贝幽灵游戏角色列表@94560916	
叉奇	cgroup	Module:CGroup/Pixar@93247177	
及川悠紀夫	char	数码宝贝大冒险02角色列表@94744398	
及川雫	char	偶像大師 灰姑娘女孩角色列表@91786822	
友利一希	char	Charlotte (動畫)@94727945	
友利奈緒	char	Charlotte (動畫)@94727945	
友情就是魔法	cgroup	Module:CGroup/My Little Pony@91388064	
友成信勝	char	名偵探柯南：瞳孔中的暗殺者@94403739	
友成真	char	名偵探柯南：瞳孔中的暗殺者@94403739	
友梨	char	光之美少女：食尚甜心@92951245	
友永朱音	cgroup	Module:CGroup/BlueArchive@93972468	zh-hant
友誼快車神秘事件	cgroup	Module:CGroup/My Little Pony@91388064	
友誼是魔法	cgroup	Module:CGroup/My Little Pony@91388064	
友誼競賽	cgroup	Module:CGroup/My Little Pony@91388064	zh-hant
友魚	char	犬王 (動畫電影)@90346257	
反中子干擾器	cgroup	Template:CGroup/GundamSeed@92969101	
反制入口侵入電子系統	cgroup	Module:CGroup/Cyberpunk@85139581	
反學園都市科學守衛者	cgroup	Template:CGroup/Toaru@89726592	
反恐小組	cgroup	Module:CGroup/Counter-Strike@85677571	zh-hant
反抗組織指揮官	cgroup	Template:CGroup/Heroes of the Storm@49727842	
反黑突擊隊	char	高譚角色列表@92146409	
叔比狗	cgroup	Module:CGroup/Cartoon@93410586	
受害者救出對策本部	cgroup	Module:CGroup/SAO@89298185	
受感染的雷克斯	cgroup	Module:CGroup/Counter-Strike@85677571	zh-hant
受詛咒的道路	cgroup	Template:CGroup/Warcraft@92164655	zh-hant
受讚頌者	cgroup	Module:CGroup/Anime@94680982	
受驗體	cgroup	Template:CGroup/Gundam00@70972545	
叛徒的忿怒	cgroup	Template:CGroup/Warcraft@92164655	zh-hant
叛教徒尼可拉斯	cgroup	Module:CGroup/SAO@89298185	
叛逆獸	char	数码宝贝大冒险：角色列表@94538377	
叛逆的秘術師	cgroup	Template:CGroup/Heroes of the Storm@49727842	
叢林幻雷	cgroup	Module:CGroup/Counter-Strike@85677571	zh-hant
叢林攀爬高手	cgroup	Module:CGroup/Nintendo@94745610	
叢林節奏	cgroup	Module:CGroup/Nintendo@94745610	
叢林遺跡	cgroup	Module:CGroup/Minecraft@94388709	
叢雨獸	char	數碼寶貝覺醒節拍角色列表@94712797	
叢雲劾	char	机动战士GUNDAM SEED ASTRAY角色列表@88363421	
口嚼獸	cgroup	Template:CGroup/KamenRider@94225985	
口袋裡的戰爭	cgroup	Module:CGroup/Anime@94680982	
口頭禪是	char	数码宝贝大冒险02角色列表@94744398	
古代奇觀	cgroup	Template:CGroup/Warcraft@92164655	zh-hant
古代數碼寶貝復活	cgroup	Template:CGroup/Digimon@94687201	
古代智者獸	cgroup	Template:CGroup/Digimon@94687201	
古代歷險記	cgroup	Module:CGroup/SpongeBob SquarePants@91129493	
古代獅身人面獸	char	数码宝贝幽灵游戏角色列表@94560916	
古代羚羊獸	cgroup	Template:CGroup/Digimon@94687201	
古代賢者獸	char	数码宝贝大冒险：角色列表@94538377	
古代黑獅獸	cgroup	Template:CGroup/Digimon@94687201	
古伊	char	風之谷 (電影)@94844860	
古典黑幫	cgroup	Module:CGroup/Counter-Strike@85677571	zh-hant
古利姆連	cgroup	Template:CGroup/KamenRider@94225985	
古利德	cgroup	Template:CGroup/FullmetalAlchemist@48481493	
古力奇內	cgroup	Template:CGroup/Reborn@29403199	
古咪咪	cgroup	Module:CGroup/Jewelpet@81833309	
古城荊棘王	cgroup	Module:CGroup/Anime@94680982	
古堡驚魂	cgroup	Module:CGroup/My Little Pony@91388064	
古墓之王	cgroup	Template:CGroup/Warcraft@92164655	zh-hant
古墓奇兵	cgroup	Module:CGroup/Games@94658856	
古墓巨蛛	cgroup	Template:CGroup/Warcraft@92164655	zh-hant
古夫烈焰型	cgroup	Template:CGroup/GundamSeed@92969101	
古夫碎擊型	cgroup	Template:CGroup/GundamSeed@92969101	
古奇	char	高立的未來世界@90116301	
古安	char	罪惡王冠@87767894	
古屋理子	char	Go Princess 光之美少女@94065409	
古嶺神樹	cgroup	Module:CGroup/Counter-Strike@85677571	zh-hant
古布利斯	cgroup	Module:CGroup/閃電十一人@68657168	
古庄薰	char	高校艦隊@93341996	
古式美雪	char	Little Busters!角色列表@91842236	
古德利安	cgroup	Template:CGroup/Cyber Formula@68486475	
古恩	cgroup	Template:CGroup/GundamSeed@92969101	
古拉	char	DokiDoki! 光之美少女@93549956	
古拉伯	char	飛天小女警Z@94716201	
古拉格斯	cgroup	Module:CGroup/LOL@93322985	
古拉獸	char	数码宝贝03驯兽师之王角色列表@94744434	
古斯格	cgroup	Template:CGroup/Valkyria@77221191	
古柏	cgroup	Module:CGroup/KingOfFighters@91481321	
古格利神父	cgroup	Module:CGroup/Half-Life@94355597	
古樂獸	char	数码宝贝03驯兽师之王角色列表@94744434	
古洛斯	cgroup	Template:CGroup/進擊的巨人@76977335	
古洛頓獸	cgroup	Template:CGroup/Digimon@94687201	
古海龜獸	char	数码宝贝大冒险：角色列表@94538377	
古澤賴子	char	偶像大師 灰姑娘女孩角色列表@91786822	
古爾默	char	悲慘世界 少女珂賽特@94720109	
古物之墓	cgroup	Template:CGroup/Warcraft@92164655	zh-hant
古町美倉	char	魔法少女小圓角色列表@94590242	CHECK
古神獸	cgroup	Template:CGroup/Digimon@94687201	
古耶納爾	cgroup	Module:CGroup/BLEACH@81833737	
古芝直人	char	Go Princess 光之美少女@94065409	
古茲	char	高立的未來世界@90116301	CHECK
古茲巴特	cgroup	Module:CGroup/BLEACH@81833737	CHECK
古蒙察奇	char	Heartcatch 光之美少女！@94574540	
古蕾娃	cgroup	Module:CGroup/OnePiece@83858889	
古賀小春	char	偶像大師 灰姑娘女孩角色列表@91786822	
古賀豪	char	BLEACH角色列表@94571323	
古里姆喬	cgroup	Module:CGroup/BLEACH@81833737	
古雷布	char	光之美少女：食尚甜心@92951245	
古雷溫	cgroup	Template:CGroup/GOSICK@62514366	
古雷達	cgroup	Template:CGroup/FullmetalAlchemist@48481493	
古霸	cgroup	Module:CGroup/My Little Pony@91388064	
古靈夏	cgroup	Template:CGroup/KamenRider@94225985	
古頓	cgroup	Template:CGroup/Ultraman@94663541	zh-hant
古魯明	cgroup	Template:CGroup/GundamIBO@91631774	
另類實境遊戲	cgroup	Module:CGroup/Games@94658856	
只想告訴你	cgroup	Module:CGroup/Anime@94680982	
只有神知道的世界	cgroup	Template:CGroup/The World God Only Knows@50754307	
叫龍公主	char	DARLING in the FRANXX@94203497	
召喚士的系譜	cgroup	Module:CGroup/Tales@54832633	
召喚夜響曲	cgroup	Module:CGroup/Games@94658856	
召喚峽谷	cgroup	Module:CGroup/LOL@93322985	
叮克獸	char	數碼寶貝04無限地帶角色列表@94744460	
叮噹小恐龍	cgroup	Module:CGroup/Anime@94680982	
可亞拉	cgroup	Module:CGroup/OnePiece@83858889	
可口獸	char	數碼寶貝覺醒節拍角色列表@94712797	
可可亞西村	cgroup	Module:CGroup/OnePiece@83858889	CHECK
可可夜總會	cgroup	Module:CGroup/Pixar@93247177	
可可爺	char	天元突破 紅蓮螺巖@93776700	
可可獸	char	數碼寶貝覺醒節拍角色列表@94712797	
可塑性記憶	title	可塑性記憶@94399638	
可塔娜	cgroup	Module:CGroup/Games@94658856	CHECK
可多獸	cgroup	Template:CGroup/Warcraft@92164655	zh-hant
可妮	cgroup	Template:CGroup/GundamUC@94693163	
可妮兒	cgroup	Template:CGroup/GundamSeed@92969101	
可怕的大夜班	cgroup	Module:CGroup/SpongeBob SquarePants@91129493	
可恩	cgroup	Template:CGroup/The Witcher@86825096	
可愛光點	cgroup	Template:CGroup/Pretty Rhythm@77221109	
可愛地圖	cgroup	Module:CGroup/My Little Pony@91388064	
可愛巧虎島	cgroup	Module:CGroup/Anime@94680982	CHECK
可愛標誌	cgroup	Module:CGroup/My Little Pony@91388064	
可愛標誌故事	cgroup	Module:CGroup/My Little Pony@91388064	
可愛標誌的召喚	cgroup	Module:CGroup/My Little Pony@91388064	
可愛痘	cgroup	Module:CGroup/My Little Pony@91388064	
可愛的花朵綻放吧	cgroup	Template:CGroup/愛天使傳說@43103330	
可愛軍團	cgroup	Module:CGroup/My Little Pony@91388064	
可攜	cgroup	Module:CGroup/Games@94658856	
可樂可斯	cgroup	Module:CGroup/OnePiece@83858889	
可樂小子	cgroup	Module:CGroup/Anime@94680982	
可樂尼洛	cgroup	Template:CGroup/Reborn@29403199	
可洛潔	cgroup	Template:CGroup/FullmetalAlchemist@48481493	
可爾妮	cgroup	Template:CGroup/Pokemon@85444397	
可程式化	cgroup	Module:CGroup/Games@94658856	
可羅的大散步	cgroup	Module:CGroup/Anime@94680982	
可芙蕾	char	Heartcatch 光之美少女！@94574540	
可菈	cgroup	Module:CGroup/My Little Pony@91388064	zh-hant
可貝	char	Heartcatch 光之美少女！@94574540	
可隆	char	Heartcatch 光之美少女！@94574540	
可雅	cgroup	Module:CGroup/OnePiece@83858889	
可魯波	char	魔法少女小圓角色列表@94590242	
可麗公主	cgroup	Template:CGroup/Yes! 光之美少女5@89217113	CHECK
可麗餅王國	cgroup	Template:CGroup/Yes! 光之美少女5@89217113	
台港	cgroup	Template:CGroup/Digimon@94687201	
台灣霹靂小組	cgroup	Module:CGroup/Counter-Strike@85677571	zh-hant
史丹利	cgroup	Module:CGroup/Simpsons@84869408	
史丹普萊頓	cgroup	Template:CGroup/GundamIBO@91631774	
史乃沙優希	char	魔法少女小圓角色列表@94590242	
史乖寶	cgroup	Module:CGroup/Pixar@93247177	CHECK
史傳奇	cgroup	Module:CGroup/美国漫画@94638375	zh-hant
史克奇	cgroup	Module:CGroup/美国漫画@94638375	
史克威爾艾尼克斯	cgroup	Template:CGroup/WORKING!!@28976859	
史克威爾藝電	cgroup	Module:CGroup/Square Enix@93012351	zh-hant
史克爾	cgroup	Module:CGroup/Square Enix@93012351	
史克魯爾	cgroup	Module:CGroup/美国漫画@94638375	
史內克	cgroup	Module:CGroup/Games@94658856	
史加納	cgroup	Module:CGroup/LOL@93322985	
史卡特	cgroup	Module:CGroup/My Little Pony@91388064	
史卡魯	cgroup	Template:CGroup/Reborn@29403199	
史古提亞	cgroup	Template:CGroup/爆丸@31893398	
史古頭	cgroup	Template:CGroup/Power Rangers@27638544	zh-hant
史可普	cgroup	Template:CGroup/Yes! 光之美少女5@89217113	
史坦布雷德防禦戰	cgroup	Template:CGroup/Warcraft@92164655	zh-hant
史坦納	cgroup	Template:CGroup/FullmetalAlchemist@48481493	
史培利昂	cgroup	Template:CGroup/Cyber Formula@68486475	
史塔克	cgroup	Module:CGroup/美国漫画@94638375	
史塔比迪	cgroup	Template:CGroup/Gundam00@70972545	
史壯	cgroup	Module:CGroup/My Little Pony@91388064	
史密夫婆婆	cgroup	Module:CGroup/My Little Pony@91388064	
史尼第	char	悲慘世界 少女珂賽特@94720109	
史崔克	cgroup	Module:CGroup/美国漫画@94638375	
史帕納	cgroup	Template:CGroup/KamenRider@94225985	
史帝華	cgroup	Template:CGroup/Mabinogi@50754648	
史庫亞德	cgroup	Module:CGroup/OnePiece@83858889	
史庫瓦拉	cgroup	Template:CGroup/HUNTER@80241645	
史庫瓦羅	cgroup	Template:CGroup/Reborn@29403199	
史庫路奇	char	罪惡王冠@87767894	
史恩	cgroup	Template:CGroup/Mabinogi@50754648	
史托勒	cgroup	Template:CGroup/GundamAGE@51366593	CHECK
史托瑪克	cgroup	Template:CGroup/KamenRider@94225985	
史托瑪克公司	cgroup	Template:CGroup/KamenRider@94225985	
史托瑪克家族	cgroup	Template:CGroup/KamenRider@94225985	
史托納	char	交响诗篇@94703945	
史托黑斯	cgroup	Template:CGroup/進擊的巨人@76977335	
史提爾芬	cgroup	Module:CGroup/SAO@89298185	
史提西亞	cgroup	Module:CGroup/SAO@89298185	
史提魯帕	cgroup	Template:CGroup/Getter Robo@89726924	
史提魯轟炸機	cgroup	Template:CGroup/Getter Robo@89726924	
史易特威森林	cgroup	Template:CGroup/童話槍手小紅帽@22981301	
史林皮亞	cgroup	Module:CGroup/BlueArchive@93972468	zh-hant
史柯法諾	cgroup	Module:CGroup/Pixar@93247177	
史汀格	cgroup	Template:CGroup/GundamSeed@92969101	
史波迪	cgroup	Template:CGroup/DragonBall@92325756	
史派克	cgroup	Template:CGroup/Transformers@87179168	
史特哥堡	cgroup	Template:CGroup/The Witcher@86825096	
史特拉克	cgroup	Module:CGroup/美国漫画@94638375	
史特拉托斯	cgroup	Template:CGroup/Gundam00@70972545	
史特羅	cgroup	Module:CGroup/閃電十一人@68657168	
史瓦妮	cgroup	Module:CGroup/LOL@93322985	
史登加	cgroup	Template:CGroup/GundamIBO@91631774	
史皮爾斯	cgroup	Template:CGroup/黑執事@49361116	
史矛德	cgroup	Module:CGroup/LOL@93322985	
史納奇	char	Heartcatch 光之美少女！@94574540	
史老闆	cgroup	Module:CGroup/Pixar@93247177	
史聖明先生	char	阿尔卑斯山的少女@94715457	
史萊	char	B傳說！戰鬥彈珠人@94175384	
史萊格	cgroup	Template:CGroup/GundamUC@94693163	
史萊絲	char	我的英雄学院角色列表@94403792	
史諾夫人	char	愛少女波麗安娜物語@94856145	
史迪爾	cgroup	Module:CGroup/KingOfFighters@91481321	
史邦吉	char	光之美少女：食尚甜心@92951245	
史雷格	cgroup	Template:CGroup/GundamUC@94693163	
史麥利	char	名偵探福爾摩斯@94071005	
史黛亞	cgroup	Template:CGroup/GBF@82201572	
司令官代行	cgroup	Template:CGroup/BUDDYCOMPLEX@77221119	
司伊魯班	cgroup	Module:CGroup/SAO@89298185	
司拉斯靈茲士官學校	cgroup	Template:CGroup/GundamAGE@51366593	CHECK
司陶特	char	名偵探柯南：純黑的惡夢@94633271	
各自的羈絆	cgroup	Template:CGroup/FullmetalAlchemist@48481493	
合事佬	cgroup	Module:CGroup/Cyberpunk@85139581	
合成人	cgroup	Module:CGroup/Half-Life@94355597	
合成人偵測器	cgroup	Module:CGroup/Half-Life@94355597	
合成人士兵	cgroup	Module:CGroup/Half-Life@94355597	
合成人武裝直升機	cgroup	Module:CGroup/Half-Life@94355597	
合成人生化運兵車	cgroup	Module:CGroup/Half-Life@94355597	
合成生化炮船	cgroup	Module:CGroup/Half-Life@94355597	
合成祕儀	cgroup	Module:CGroup/SAO@89298185	
合體將軍	cgroup	Module:CGroup/Anime@94680982	
合體布萊梅	cgroup	Template:CGroup/童話槍手小紅帽@22981301	
合體進化	cgroup	Template:CGroup/Digimon@94687201	
吉井理沙	char	名偵探柯南：漆黑的追跡者@94634868	
吉他大仔	cgroup	Module:CGroup/Simpsons@84869408	CHECK
吉伯特	cgroup	Template:CGroup/GundamSeed@92969101	
吉傑克	cgroup	Module:CGroup/SAO@89298185	
吉備土	char	甲鐵城的卡巴內里@93830519	
吉兒可	char	航海王電影：GOLD@93412929	
吉力克砲	cgroup	Template:CGroup/DragonBall@92325756	
吉加	cgroup	Template:CGroup/Transformers@87179168	
吉哥	cgroup	Module:CGroup/Pixar@93247177	
吉坦	cgroup	Module:CGroup/Square Enix@93012351	
吉塔克斯	cgroup	Module:CGroup/SAO@89298185	
吉多拉	cgroup	Template:CGroup/DragonBall@92325756	
吉妲	cgroup	Module:CGroup/My Little Pony@91388064	
吉姆加農	cgroup	Template:CGroup/GundamUC@94693163	
吉姆加農砲型	cgroup	Template:CGroup/GundamUC@94693163	
吉姆與達斯蒂	char	戰鬥陀螺 鋼鐵奇兵角色列表@94643342	
吉娜	char	红猪@94562543	CHECK
吉安馬可	cgroup	Template:CGroup/GundamIBO@91631774	
吉岡春	char	猫的报恩@93936394	
吉岡沙紀	char	偶像大師 灰姑娘女孩角色列表@91786822	
吉布列	cgroup	Template:CGroup/GundamSeed@92969101	
吉拉	cgroup	Template:CGroup/GundamAGE@51366593	
吉拉德卡	cgroup	Template:CGroup/GundamUC@94693163	
吉拉祖魯	cgroup	Template:CGroup/GundamUC@94693163	
吉昂	cgroup	Template:CGroup/GundamUC@94693163	
吉昂激流	cgroup	Template:CGroup/GundamSeed@92969101	
吉明尼	cgroup	Module:CGroup/Disney@93925402	
吉村美代子	char	涼宮春日系列@94449678	
吉松信二	char	Lycoris Recoil 莉可麗絲@94031169	
吉歐	cgroup	Template:CGroup/GundamUC@94693163	
吉洛蒂	char	萬里尋親記@94719791	
吉洛里	cgroup	Template:CGroup/KamenRider@94225985	
吉潔特	char	交响诗篇@94703945	
吉爾伽美什	cgroup	Module:CGroup/美国漫画@94638375	
吉爾妲	cgroup	Module:CGroup/The Promised Neverland@83209401	zh-hant
吉爾尼斯	cgroup	Module:CGroup/Wow@94351016	
吉爾摩爾先生	char	名偵探福爾摩斯@94071005	
吉爾莫頓	cgroup	Template:CGroup/GundamIBO@91631774	
吉爾諾曼	char	悲慘世界 少女珂賽特@94720109	
吉爾迦	cgroup	Module:CGroup/BLEACH@81833737	
吉理	cgroup	Template:CGroup/GundamUC@94693163	
吉田一也	char	小魔女DoReMi@94721174	
吉田八重	char	奇蛋物语@93093482	CHECK
吉田秀夫	char	妖怪手錶系列@93337229	
吉留涅羅	cgroup	Template:CGroup/Reborn@29403199	
吉米麥亞茲	char	航海王電影：GOLD@93412929	CHECK
吉維特	char	阿爾卑斯物語 我的安妮特@94720095	
吉翁克	cgroup	Template:CGroup/GBF@82201572	
吉翁號	cgroup	Template:CGroup/GundamUC@94693163	
吉胖小石	cgroup	Template:CGroup/妖怪手錶@75937932	
吉良手鞠	char	魔法少女小圓角色列表@94590242	
吉良浩人	cgroup	Module:CGroup/閃電十一人@68657168	
吉茵珂絲	cgroup	Module:CGroup/LOL@93322985	
吉莉安	cgroup	Module:CGroup/The Promised Neverland@83209401	zh-hant
吉谷	char	龍與雀斑公主@94650173	
吉賽爾	cgroup	Module:CGroup/BLEACH@81833737	
吉連	cgroup	Template:CGroup/DragonBall@92325756	
吉野彌生	char	K (動畫)@93234659	
吉魯摩爾將軍	char	大雄的宇宙小戰爭 2021@93476958	
吊帶襪天使	title	吊带袜天使@94456883	
同性戀雙魔	cgroup	Module:CGroup/蠟筆小新@93760288	
同盟的碎片	cgroup	Template:CGroup/Warcraft@92164655	zh-hant
同音包	cgroup	Module:CGroup/Tales@54832633	
名伶計畫	cgroup	Module:CGroup/Games@94658856	
名倉節子	char	少女與戰車角色列表@93320972	
名偵探光之美少女	cgroup	Module:CGroup/Anime@94680982	
名偵探福爾摩斯	title	名偵探福爾摩斯@94071005	
名刀電光丸	cgroup	Module:CGroup/Doraemon@88509940	
名媛天使	cgroup	Module:CGroup/Jewelpet@81833309	
名聲公會	cgroup	Module:CGroup/Solo Leveling@86308871	
名門高校	cgroup	Template:CGroup/MyHeroAcademia@87565804	
名頃鹿雄	char	名偵探柯南：唐紅的戀歌@94765694	
后剛	cgroup	Module:CGroup/美国漫画@94638375	
向井戶愛花	char	来自风平浪静的明天@94727749	
向井拓海	char	偶像大師 灰姑娘女孩角色列表@91786822	CHECK
向水雛子	char	乘浪之約@93582562	
向王者致敬	cgroup	Module:CGroup/美国漫画@94638375	
君魔原貌	cgroup	Template:CGroup/GundamIBO@91631774	
君魔鋼彈	cgroup	Template:CGroup/GundamIBO@91631774	
君魔鋼彈原貌	cgroup	Template:CGroup/GundamIBO@91631774	
吞噬獸	cgroup	Template:CGroup/StarCraft@73588136	
吟唱草	cgroup	Module:CGroup/Jewelpet@81833309	
否認男	cgroup	Template:CGroup/妖怪手錶@75937932	
吱吱妹	cgroup	Module:CGroup/Pixar@93247177	CHECK
吳希里華	char	魔法少女小圓角色列表@94590242	
吳弱拳	cgroup	Module:CGroup/Simpsons@84869408	
吶兒	cgroup	Module:CGroup/LOL@93322985	
吸血貓米列塔斯	cgroup	Module:CGroup/Danball Senki@81863967	
吸血鬼人	cgroup	Template:CGroup/DragonBall@92325756	
吹雪姫	cgroup	Template:CGroup/妖怪手錶@75937932	
吼星	cgroup	Template:CGroup/Transformers@87179168	
吾主在此	char	Fate/Apocrypha@90728159	
呆殼獸	cgroup	Template:CGroup/Pokemon@85444397	CHECK
周防九曜	char	涼宮春日系列@94449678	
周防尊	char	K (動畫)@93234659	
呱呱獸	char	數碼寶貝覺醒節拍角色列表@94712797	
味谷勇作	char	名偵探柯南：絕海的偵探@94596266	
呵嘿	char	星之卡比 (動畫)@94160462	
呸呸	cgroup	Module:CGroup/BLEACH@81833737	
命中弱化	cgroup	Module:CGroup/Counter-Strike@85677571	zh-hant
命運之劍	cgroup	Template:CGroup/The Witcher@86825096	
命運之門	cgroup	Module:CGroup/Counter-Strike@85677571	zh-hant
命運傳奇	cgroup	Module:CGroup/Tales@54832633	
命運的關卡	cgroup	Module:CGroup/Counter-Strike@85677571	zh-hant
命運箱模式	cgroup	Template:CGroup/Crazyracing Kartrider@60141039	
命運聖典	cgroup	Template:CGroup/Might&Magic@42603917	
命運試煉	cgroup	Template:CGroup/Might&Magic@42603917	
命運金鑰	cgroup	Module:CGroup/Counter-Strike@85677571	zh-hant
咆哮獸	cgroup	Template:CGroup/Digimon@94687201	
咆哮突擊隊	cgroup	Module:CGroup/美国漫画@94638375	
咆嘯深淵	cgroup	Module:CGroup/LOL@93322985	
和久井留美	char	偶像大師 灰姑娘女孩角色列表@91786822	
和久望美	char	小魔女DoReMi@94721174	
和住媛萌	char	高校艦隊@93341996	CHECK
和倉結名	char	花開物語@94760130	
和倉茂子	char	花開物語@94760130	
和平先驅	cgroup	Module:CGroup/Games@94658856	
和平天使	cgroup	Module:CGroup/Danball Senki@81863967	
和平奈古美	char	秋葉原冥途戰爭@94822711	
和平標誌	cgroup	Template:CGroup/Code Geass@70270136	
和廣	char	小魔女DoReMi@94721174	
和彥	char	回憶中的瑪妮@94615795	
和泉渡	char	光之美少女：食尚甜心@92951245	
和田垣櫻	char	奇巧計程車@89552760	
和諧微粒	cgroup	Module:CGroup/Wow@94351016	
和諧水晶	cgroup	Module:CGroup/My Little Pony@91388064	
和諧的回歸	cgroup	Module:CGroup/My Little Pony@91388064	
和諧的新娘捧花	cgroup	Template:CGroup/愛天使傳說@43103330	
和諧精靈	char	光之美少女@94825358	
和諧聖樹	cgroup	Module:CGroup/My Little Pony@91388064	zh-hant
和風喫茶鹿楓堂	cgroup	Module:CGroup/Anime@94680982	
咒語索引	cgroup	Module:CGroup/SAO@89298185	
咕嚕咕啦轉之花	cgroup	Module:CGroup/Jewelpet@81833309	
咕嚕咪族	cgroup	Template:CGroup/魔法咪路咪路@26972197	
咕嚕摩	cgroup	Module:CGroup/Wow@94351016	
咕樂多	cgroup	Template:CGroup/The World God Only Knows@50754307	
咖哩咖哩	cgroup	Template:CGroup/GundamIBO@91631774	
咖啡爾茶	cgroup	Module:CGroup/SAO@89298185	
咚奇剛樂園	cgroup	Module:CGroup/Nintendo@94745610	
咩寶	cgroup	Template:CGroup/Yes! 光之美少女5@89217113	CHECK
咪亞	char	哆啦A梦角色列表@94533440	
咪兔數位	cgroup	Module:CGroup/Games-zh@90861641	zh-hant
咪利	char	Suite 光之美少女♪@92951168	
咪路	cgroup	Template:CGroup/魔法咪路咪路@26972197	
咪魯魯	char	拜託了☆老師@90724500	
咲夜蕾娜	char	數碼寶貝覺醒節拍角色列表@94712797	CHECK
咸基哲	cgroup	Module:CGroup/Solo Leveling@86308871	
哀傷魔女	cgroup	Module:CGroup/Jewelpet@81833309	
哆啦	cgroup	Module:CGroup/Doraemon@88509940	
哆啦利鈕	cgroup	Module:CGroup/Doraemon@88509940	
哆啦小子	cgroup	Module:CGroup/Doraemon@88509940	
哆啦尼可夫	cgroup	Module:CGroup/Doraemon@88509940	
哆啦梅度	cgroup	Module:CGroup/Doraemon@88509940	
哆啦梅度三世	cgroup	Module:CGroup/Doraemon@88509940	
哆啦邦	cgroup	Module:CGroup/Doraemon@88509940	
哇賽秘境	cgroup	Template:CGroup/Adventure Time@90284406	
哈修瓦特	cgroup	Module:CGroup/BLEACH@81833737	
哈克利	cgroup	Template:CGroup/GundamIBO@91631774	
哈克獸	char	数码宝贝大冒险tri.角色列表@94265439	
哈克萊寧	cgroup	Template:CGroup/BUDDYCOMPLEX@77221119	
哈克雅	cgroup	Template:CGroup/The World God Only Knows@50754307	
哈克龍	cgroup	Template:CGroup/Pokemon@85444397	
哈利律師	char	愛少女波麗安娜物語@94856145	
哈利維	cgroup	Template:CGroup/Gundam00@70972545	
哈利馬戲團	char	高譚角色列表@92146409	
哈力栗	char	寶可夢動畫角色列表@93411809	
哈博克	cgroup	Template:CGroup/FullmetalAlchemist@48481493	
哈古瓦爾	cgroup	Module:CGroup/OnePiece@83858889	
哈吉爾	cgroup	Template:CGroup/Mabinogi@50754648	
哈咪	char	Suite 光之美少女♪@92951168	
哈夢娜	char	狼雨@93653337	CHECK
哈奇	char	DARLING in the FRANXX@94203497	
哈奇林	cgroup	Module:CGroup/Pixar@93247177	
哈奈特	cgroup	Template:CGroup/FullmetalAlchemist@48481493	
哈妮公主	char	SPY×FAMILY間諜家家酒角色列表@94041877	
哈妮瑪倫	cgroup	Module:CGroup/Frozen@82365390	
哈妮蕾夢	cgroup	Module:CGroup/Disney@93925402	
哈尼斯	cgroup	Module:CGroup/美国漫画@94638375	
哈庫洛	cgroup	Template:CGroup/FullmetalAlchemist@48481493	
哈德森太太	char	名偵探柯南：貝克街的亡靈@94782563	
哈德遜夫人	char	名偵探福爾摩斯@94071005	
哈拉斯先生	char	名偵探福爾摩斯@94071005	
哈拉黑塔涼	cgroup	Module:CGroup/OnePiece@83858889	
哈斯圖	cgroup	Module:CGroup/Disney@93925402	
哈斯蒙	cgroup	Template:CGroup/GundamIBO@91631774	
哈普	char	交响诗篇@94703945	
哈格雷夫	char	能量獸之戰獸旋戰鬥@93872390	
哈梅爾	cgroup	Template:CGroup/Code Geass@70270136	
哈比獸	char	数码宝贝大冒险：角色列表@94538377	
哈沃克	char	DARKER THAN BLACK@93233512	
哈爾巴頓	cgroup	Template:CGroup/GundamSeed@92969101	
哈爾帕	cgroup	Template:CGroup/GundamSeed@92969101	
哈爾汀	cgroup	Module:CGroup/OnePiece@83858889	
哈爾特曼	cgroup	Template:CGroup/ED@94768974	zh-hant
哈爾葛	char	爆丸@90775249	
哈爾達	cgroup	Template:CGroup/GundamIBO@91631774	
哈特威	cgroup	Template:CGroup/GundamAGE@51366593	
哈珊殿下	char	名偵探福爾摩斯@94071005	
哈瑪	cgroup	Template:CGroup/四驅兄弟@86987120	
哈笛莉	cgroup	Module:CGroup/Square Enix@93012351	
哈維克	char	爆丸5星域爭霸@90756067	
哈維斯特	char	DARKER THAN BLACK@93233512	
哈維薩	cgroup	Template:CGroup/Diablo@94495831	
哈舒	cgroup	Template:CGroup/GundamIBO@91631774	
哈芭	cgroup	Template:CGroup/GundamIBO@91631774	
哈茱蒂	cgroup	Module:CGroup/Disney@93925402	
哈茲	char	午睡公主～不為人知的故事～@94260985	CHECK
哈菈	cgroup	Template:CGroup/GundamUC@94693163	
哈蒂	char	森林王子 少年毛克利@94715809	
哈薩威	cgroup	Template:CGroup/GundamUC@94693163	
哈薩維	cgroup	Template:CGroup/GundamUC@94693163	
哈謬爾	cgroup	Module:CGroup/Wow@94351016	
哈迪斯	char	戰鬥陀螺 鋼鐵奇兵角色列表@94643342	
哈連茲	cgroup	Module:CGroup/SAO@89298185	CHECK
哈邦妮	cgroup	Module:CGroup/Disney@93925402	
哈里斯夫人	char	名偵探福爾摩斯@94071005	
哈里曼夫人	char	愛少女波麗安娜物語@94856145	
哈里貝爾	cgroup	Module:CGroup/BLEACH@81833737	
哈里遜	cgroup	Template:CGroup/GundamUC@94693163	
哈金森	cgroup	Template:CGroup/GundamUC@94693163	
哈雷路亞	cgroup	Template:CGroup/Gundam00@70972545	
哎呀球菇	cgroup	Template:CGroup/Pokemon@85444397	
哥布林殺手	cgroup	Module:CGroup/Anime@94680982	
哥德夫利	cgroup	Module:CGroup/SAO@89298185	
哥德巴爾德	cgroup	Template:CGroup/Code Geass@70270136	CHECK
哥拉斯	char	ONE PIECE 黃金島大冒險@93015050	
哥摩拉	cgroup	Template:CGroup/Ultraman@94663541	zh-hant
哥梅利	cgroup	Template:CGroup/Eyeshield21@86998850	
哥梅爾	cgroup	Template:CGroup/GundamAGE@51366593	
哥爾茲	char	終末的伊澤塔@91239289	CHECK
哥瑪先生兄弟的母親	cgroup	Template:CGroup/妖怪手錶@75937932	
哥達鴨	cgroup	Template:CGroup/Pokemon@85444397	
哥隆	cgroup	Template:CGroup/Mazinger@84157445	
哥魯哥羅索	cgroup	Module:CGroup/SAO@89298185	
哨兵機器人	cgroup	Module:CGroup/美国漫画@94638375	
哨衛	cgroup	Template:CGroup/StarCraft2@39914602	
哪吒獸	cgroup	Template:CGroup/Digimon@94687201	
哭泣殺神	cgroup	Module:CGroup/Anime@94680982	
哮獸式	cgroup	Template:CGroup/Gundam00@70972545	
哲哈特	cgroup	Template:CGroup/GundamAGE@51366593	
哲普	cgroup	Module:CGroup/OnePiece@83858889	
哲梅	char	機靈小和尚@92445221	
哲爾尼亞斯	char	Pokemon the movie XY 破壞之繭與蒂安希@88421944	
哲齊	char	機靈小和尚@92445221	
唐之杜志恩	char	PSYCHO-PASS角色列表@93403235	
唐納文	cgroup	Module:CGroup/SPY×FAMILY@86080268	
啄木鳥獸	char	数码宝贝大冒险：角色列表@94538377	
商業大總統	char	吊带袜天使@94456883	
啟動磁碟	cgroup	Module:CGroup/Games@94658856	
啟示錄寶箱	cgroup	Module:CGroup/Counter-Strike@85677571	zh-hant
啟示錄獸	char	数码宝贝大冒险角色列表@94744369	
啾啾獸	char	数码宝贝大冒险：角色列表@94538377	
啾啾艾爾蘭	cgroup	Template:CGroup/MapleStory@57794822	
啾胖	cgroup	Module:CGroup/OshinoKo@84428949	
喀撒朗蠻荒	cgroup	Module:CGroup/Wow@94351016	CHECK
喀爾納罕	cgroup	Template:CGroup/GundamSeed@92969101	CHECK
喀特雷亞	cgroup	Module:CGroup/OnePiece@83858889	CHECK
喀艾德	cgroup	Template:CGroup/The Witcher@86825096	CHECK
善條剛毅	char	K (動畫)@93234659	
喋血亂舞	cgroup	Module:CGroup/Counter-Strike@85677571	zh-hant
喋血探勘船	cgroup	Module:CGroup/Counter-Strike@85677571	zh-hant
喋血轉輪	cgroup	Module:CGroup/Counter-Strike@85677571	zh-hant
喋血雙雄	cgroup	Module:CGroup/Games@94658856	
喋血香港	cgroup	Module:CGroup/Counter-Strike@85677571	zh-hant
喙嘴翼獸	char	數碼寶貝覺醒節拍角色列表@94712797	
喜兒拉	cgroup	Template:CGroup/Transformers@87179168	
喜多日菜子	char	偶像大師 灰姑娘女孩角色列表@91786822	
喜多見柚	char	偶像大師 灰姑娘女孩角色列表@91786822	CHECK
喜屋武月日	char	SK∞@93649849	
喜屋武正惠	char	SK∞@93649849	
喜悅魔女	cgroup	Module:CGroup/Jewelpet@81833309	
喜汰澤旭	char	PSYCHO-PASS角色列表@93403235	
喜綠江美里	char	涼宮春日系列@94449678	
喜美	cgroup	Module:CGroup/BlueArchive@93972468	zh-hant
喜金捏	cgroup	Module:CGroup/Simpsons@84869408	
喪屍普路托獸	cgroup	Template:CGroup/Digimon@94687201	
喪魂釘	cgroup	Module:CGroup/Counter-Strike@85677571	zh-hant
喬依庫肯	cgroup	Template:CGroup/C&C@83793789	
喬剛	char	天元突破 紅蓮螺巖@93776700	
喬可	char	森林王子 少年毛克利@94715809	
喬多	char	魯邦三世 卡里奧斯特羅之城@93074151	
喬娃薇琪	cgroup	Module:CGroup/ResidentEvil@94612703	
喬尼斯	cgroup	Template:CGroup/Ultraman@94663541	
喬巴	cgroup	Module:CGroup/OnePiece@83858889	CHECK
喬康達夫人	char	名偵探福爾摩斯@94071005	
喬拉可爾	cgroup	Module:CGroup/OnePiece@83858889	
喬書亞	char	B傳說！戰鬥彈珠人@94175384	
喬治勳爵	char	名偵探福爾摩斯@94071005	
喬治歐	char	萬里尋親記@94719791	
喬爾	cgroup	Template:CGroup/GundamSeed@92969101	
喬王	cgroup	Template:CGroup/Family Guy@79259281	
喬瑟	char	喬瑟與虎與魚群動畫版@94591558	
喬瑟琳	cgroup	Template:CGroup/Mabinogi@50754648	
喬納	cgroup	Module:CGroup/美国漫画@94638375	
喬菈	cgroup	Module:CGroup/OnePiece@83858889	
喬許哈洛威	cgroup	Template:CGroup/C&C@83793789	
單手長劍	cgroup	Module:CGroup/SAO@89298185	
單杜斯防衛官	char	金剛戰神@91363742	
單次強力射擊模式	cgroup	Module:CGroup/Counter-Strike@85677571	zh-hant
單輪車的夢想	cgroup	Module:CGroup/Pixar@93247177	
嘆息彈	cgroup	Template:CGroup/Reborn@29403199	
嘆霜之劍	cgroup	Template:CGroup/Warcraft@92164655	zh-hant
嘉奇	cgroup	Template:CGroup/GundamSeed@92969101	
嘉斯巴	cgroup	Module:CGroup/Jewelpet@81833309	CHECK
嘉樂斯	cgroup	Module:CGroup/My Little Pony@91388064	
嘉特	char	花仙子 (動畫)@93192753	
嘉蒂納夫人	char	愛的小婦人物語@94856165	
嘉蓮	char	寶可夢：皮卡丘與可可的冒險@94117602	
嘉蘭百合	cgroup	Module:CGroup/OnePiece@83858889	
嘎啦嘎啦	cgroup	Template:CGroup/Pokemon@85444397	
嘎嘎扎特	cgroup	Module:CGroup/Square Enix@93012351	
嘎枝	cgroup	Module:CGroup/Minecraft@94388709	
嘰嘰獸	char	数码宝贝幽灵游戏角色列表@94560916	
嘿呵	cgroup	Module:CGroup/Nintendo@94745610	
噓噓象	cgroup	Template:CGroup/妖怪手錶@75937932	CHECK
噗呦獸	char	數碼寶貝覺醒節拍角色列表@94712797	
噩夢之夜	cgroup	Module:CGroup/My Little Pony@91388064	zh-hant
噩夢之月	cgroup	Module:CGroup/My Little Pony@91388064	zh-hant
噩夢森林	cgroup	Module:CGroup/Counter-Strike@85677571	zh-hant
噬血榴炮	cgroup	Module:CGroup/Counter-Strike@85677571	zh-hant
噴射拖線	cgroup	Module:CGroup/Pixar@93247177	
噴射指揮艇	cgroup	Template:CGroup/Mazinger@84157445	
噴射木桶賽	cgroup	Module:CGroup/Nintendo@94745610	
噴射氣流	cgroup	Module:CGroup/閃電十一人@68657168	
噴射玫瑰	cgroup	Module:CGroup/閃電十一人@68657168	
嚴靈丸	char	BLEACH角色列表@94571323	
四十萬緣	char	花開物語@94760130	
四十萬翠	char	花開物語@94760130	
四十萬誠司	char	花開物語@94760130	
四方川菖蒲	char	甲鐵城的卡巴內里@93830519	
四方田千砂	char	玲音@94565560	
四格小石	cgroup	Template:CGroup/妖怪手錶@75937932	
四條冴子	char	罪惡王冠@87767894	
四次元百寶袋	cgroup	Module:CGroup/Doraemon@88509940	CHECK
四海兄弟系列	cgroup	Module:CGroup/Games@94658856	
四疊半時光機藍調	cgroup	Module:CGroup/Anime@94680982	
四眼天雞	cgroup	Module:CGroup/Disney@93925402	
四等子爵	cgroup	Module:CGroup/SAO@89298185	
四等子爵家	cgroup	Module:CGroup/SAO@89298185	
四管霰彈槍	cgroup	Module:CGroup/Counter-Strike@85677571	zh-hant
四葉弘通	char	DokiDoki! 光之美少女@93549956	
四葉遊戲	cgroup	Module:CGroup/Anime@94680982	
四葉遊戲最終舞曲	char	FRESH光之美少女！@93922959	
四道晴子	char	拜託了☆雙子星@90723419	
四風峽	cgroup	Module:CGroup/Wow@94351016	
四風王座	cgroup	Module:CGroup/Wow@94351016	
四驅鬥士	cgroup	Template:CGroup/四驅兄弟@86987120	
回到那片天空的未來	cgroup	Template:CGroup/BUDDYCOMPLEX@77221119	CHECK
回想鱉	cgroup	Template:CGroup/妖怪手錶@75937932	
回憶三部曲	title	回憶三部曲@90721410	
回憶中的瑪妮	title	回憶中的瑪妮@94615795	
回憶之丘	cgroup	Module:CGroup/SAO@89298185	
回收科	cgroup	Template:CGroup/黑執事@49361116	
回收裝置	cgroup	Module:CGroup/Counter-Strike@85677571	zh-hant
回放券	cgroup	Template:CGroup/Crazyracing Kartrider@60141039	CHECK
因因	char	哈尔的移动城堡@94539471	
因幡影狼佐	char	BLEACH角色列表@94571323	
因幡澄香	char	K (動畫)@93234659	
因納瑞斯	cgroup	Template:CGroup/Diablo@94495831	
困難模式	cgroup	Module:CGroup/Counter-Strike@85677571	zh-hant
固定型機關槍	cgroup	Module:CGroup/Counter-Strike@85677571	zh-hant
圈地比賽	cgroup	Module:CGroup/My Little Pony@91388064	
國崎往人	char	AIR角色列表@90228621	
國常路大覺	char	K (動畫)@93234659	
國木田步	char	Free!@93607624	
國王劇團	char	Fate/Apocrypha@90728159	
國際解放組織	cgroup	Module:CGroup/Counter-Strike@85677571	zh-hant
圍攻奧格瑪	cgroup	Module:CGroup/Wow@94351016	
圍攻怒兆寺	cgroup	Module:CGroup/Wow@94351016	
園田久子	char	回憶中的瑪妮@94615795	
園田涼子	char	月色真美@90814427	
園綠子	char	少女與戰車角色列表@93320972	
園部啟	char	光之美少女：食尚甜心@92951245	
圓宏則	char	白箱@94727899	
圓弧斬	cgroup	Module:CGroup/SAO@89298185	
圓法師	cgroup	Template:CGroup/Might&Magic@42603917	
圓雞塊	cgroup	Template:CGroup/妖怪手錶@75937932	
圓香	cgroup	Template:CGroup/Yes! 光之美少女5@89217113	
圖伊	cgroup	Module:CGroup/Disney@93925402	
圖利瑟阿赫	cgroup	Template:CGroup/The Witcher@86825096	
圖卡和柏蒂	cgroup	Module:CGroup/Cartoon@93410586	
圖圖	cgroup	Module:CGroup/Disney@93925402	
圖姆斯	cgroup	Module:CGroup/美国漫画@94638375	
圖派依	cgroup	Template:CGroup/Mabinogi@50754648	
圖謬	cgroup	Module:CGroup/BLEACH@81833737	
團隊死鬥模式	cgroup	Module:CGroup/Counter-Strike@85677571	zh-hant
團隊治療	cgroup	Module:CGroup/Counter-Strike@85677571	zh-hant
團體口號為	char	Smile 光之美少女！@93787006	
團體奪旗賽	cgroup	Template:CGroup/Crazyracing Kartrider@60141039	
團體競速賽	cgroup	Template:CGroup/Crazyracing Kartrider@60141039	
團體道具賽	cgroup	Template:CGroup/Crazyracing Kartrider@60141039	
土俗神	char	學校怪談 (動畫)@92145862	
土偶獸	char	数码宝贝大冒险：角色列表@94538377	
土先生	cgroup	Module:CGroup/Pixar@93247177	
土匪型	cgroup	Template:CGroup/GundamAGE@51366593	
土器連	char	可塑性記憶@94399638	
土居正	char	藍色恐懼@94281992	
土屋亞子	char	偶像大師 灰姑娘女孩角色列表@91786822	
土屋夢屯	char	少女與戰車角色列表@93320972	
土巳	char	異邦人 無皇刃譚@86100576	
土方鈴	cgroup	Template:CGroup/四驅兄弟@86987120	
土星六式	cgroup	Template:CGroup/GBF@82201572	
土肥太太	char	狼的孩子雨和雪@90148091	
土萌螢	char	美少女戰士角色列表@94852109	
土著號	cgroup	Template:CGroup/四驅兄弟@86987120	
土谷瑠果	char	少女革命@93843108	
在劇場版	char	数码宝贝大冒险角色列表@94744369	
在官方網站關於	char	数码宝贝大冒险角色列表@94744369	
在恩	cgroup	Template:CGroup/Pretty Rhythm@77221109	zh-hant
在灰燼中跋涉	cgroup	Template:CGroup/Warcraft@92164655	zh-hant
在蹄鳥	cgroup	Module:CGroup/My Little Pony@91388064	
在遙遠的青空下	cgroup	Template:CGroup/FullmetalAlchemist@48481493	
圭子安德森	char	名偵探柯南：業火的向日葵@94611870	
地下城中的人	cgroup	Module:CGroup/Anime@94680982	
地下生活者	cgroup	Module:CGroup/BlueArchive@93972468	zh-hant
地下蠕蟲	cgroup	Template:CGroup/StarCraft2@39914602	
地刺殖穴	cgroup	Template:CGroup/StarCraft@73588136	
地動之日	cgroup	Module:CGroup/Anime@94680982	
地圖君	cgroup	Module:CGroup/Pixar@93247177	
地底世界	cgroup	Module:CGroup/SAO@89298185	
地底人上野先生	char	飛天小女警Z@94716201	
地形變化	cgroup	Template:CGroup/Mabinogi@50754648	
地念兒	char	犬夜叉角色列表@94790447	
地深之源	cgroup	Module:CGroup/Wow@94351016	
地獄三頭犬	cgroup	Template:CGroup/戰鬥陀螺 鋼鐵奇兵@68490308	
地獄之星	cgroup	Module:CGroup/Minecraft@94388709	
地獄之火	cgroup	Module:CGroup/Counter-Strike@85677571	zh-hant
地獄之火俱樂部	cgroup	Module:CGroup/美国漫画@94638375	
地獄咆哮	char	数码宝贝03驯兽师之王角色列表@94744434	
地獄嚎叫	char	数码宝贝03驯兽师之王角色列表@94744434	
地獄小鬼獸	char	数码宝贝大冒险角色列表@94744369	
地獄少女	title	地狱少女@93363580	
地獄幽靈	cgroup	Module:CGroup/Minecraft@94388709	
地獄旅館	cgroup	Module:CGroup/Cartoon@93410586	
地獄棧道	cgroup	Module:CGroup/Games@94658856	
地獄業火	cgroup	Module:CGroup/閃電十一人@68657168	
地獄火壁壘	cgroup	Module:CGroup/Wow@94351016	
地獄的統治者們	cgroup	Module:CGroup/SAO@89298185	CHECK
地獄石	cgroup	Module:CGroup/Minecraft@94388709	
地獄石英礦	cgroup	Module:CGroup/Minecraft@94388709	
地獄荒原	cgroup	Module:CGroup/Minecraft@94388709	
地獄騎士	cgroup	Module:CGroup/Counter-Strike@85677571	zh-hant
地球三式	cgroup	Template:CGroup/GBF@82201572	
地球之歌	cgroup	Module:CGroup/閃電十一人@68657168	
地球圖書館	cgroup	Template:CGroup/KamenRider@94225985	
地球特派員	cgroup	Module:CGroup/Pixar@93247177	
地球解放戰線	cgroup	Template:CGroup/GundamIBO@91631774	
地球防衛總部	cgroup	Template:CGroup/MapleStory@57794822	
地達羅	cgroup	Template:CGroup/NARUTO@86143617	
地雷剋	cgroup	Module:CGroup/My Little Pony@91388064	
地鼠男	char	聖天空戰記@94720493	
地龍號	cgroup	Template:CGroup/Mazinger@84157445	
坂下夜未	cgroup	Template:CGroup/GBF@82201572	
坂口局長	char	名偵探柯南：引爆摩天樓@94461938	
坂崎琢磨	cgroup	Module:CGroup/KingOfFighters@91481321	
坂崎百合	cgroup	Module:CGroup/KingOfFighters@91481321	
坂崎良	cgroup	Module:CGroup/KingOfFighters@91481321	
坂木	cgroup	Template:CGroup/Pokemon@85444397	
坂木靜香	char	白箱@94727899	
坂東三郎太	char	K (動畫)@93234659	
坊寶寶	char	千与千寻@94787677	
坎佩尼拉	cgroup	Template:CGroup/ED@94768974	zh-hant
坎德拉斯	cgroup	Template:CGroup/Diablo@94495831	
坎沙	cgroup	Template:CGroup/GundamW@87064245	
坎特伯里	cgroup	Template:CGroup/黑執事@49361116	
坎特拉城	cgroup	Module:CGroup/My Little Pony@91388064	
坎特拉城婚禮	cgroup	Module:CGroup/My Little Pony@91388064	
坎特拉精品店	cgroup	Module:CGroup/My Little Pony@91388064	
坎特拉高中	cgroup	Module:CGroup/My Little Pony@91388064	zh-hant
坎羅	char	普羅米亞@93548677	
坐肩小鬼頭	cgroup	Template:CGroup/妖怪手錶@75937932	
坐騎山羊	cgroup	Template:CGroup/Pokemon@85444397	
坦克型黃金國猛獸	cgroup	Template:CGroup/GBF@82201572	
坦克要冬眠	cgroup	Module:CGroup/My Little Pony@91388064	
坦克龍獸	char	数码宝贝大冒险：角色列表@94538377	
坦利亞	cgroup	Module:CGroup/美国漫画@94638375	
坦卡族	cgroup	Module:CGroup/Wow@94351016	
坦迪姆港	cgroup	Module:CGroup/Danball Senki@81863967	
坪根	char	衝吧烈子@91183058	
垂耳兔獸	char	数码宝贝大冒险：角色列表@94538377	
垃圾寶物	cgroup	Module:CGroup/SpongeBob SquarePants@91129493	
垃圾獸	char	數碼暴龍App世代角色列表@94177588	
垣谷勇吾	char	Vivy -Fluorite Eye's Song-@93702039	
垣谷唯	char	Vivy -Fluorite Eye's Song-@93702039	CHECK
埃傑	cgroup	Template:CGroup/C&C@83793789	
埃可尚	cgroup	Module:CGroup/LOL@93322985	
埃基特	char	魔法少女奈葉系列角色列表@93877995	
埃塞克斯	cgroup	Module:CGroup/美国漫画@94638375	
埃德爾斯坦島	cgroup	Template:CGroup/MapleStory@57794822	
埃爾多拉特	cgroup	Module:CGroup/閃電十一人@68657168	
埃爾文	cgroup	Module:CGroup/LOL@93322985	
埃爾諾拉	cgroup	Template:CGroup/GundamTWFM@82129397	
埃雷波尼亞帝國	cgroup	Template:CGroup/ED@94768974	zh-hant
埃雷達爾	cgroup	Module:CGroup/Wow@94351016	
城主大人	char	犬夜叉角色列表@94790447	
城堡冒煙廚房	cgroup	Template:CGroup/Crazyracing Kartrider@60141039	
城堡玩具的天堂	cgroup	Template:CGroup/Crazyracing Kartrider@60141039	
城崎美嘉	char	偶像大師 灰姑娘女孩角色列表@91786822	
城崎莉嘉	char	偶像大師 灰姑娘女孩角色列表@91786822	
城市小飛女	cgroup	Module:CGroup/Anime@94680982	
城市煉獄	cgroup	Module:CGroup/Counter-Strike@85677571	zh-hant
城市風雲兒	cgroup	Module:CGroup/Anime@94680982	
城戶先生	char	数码宝贝大冒险tri.角色列表@94265439	
城戶新	char	数码宝贝大冒险：角色列表@94538377	
城戶研二	char	罪惡王冠@87767894	
城治	char	爆丸@90775249	
城鎮大堂	cgroup	Template:CGroup/Warcraft@92164655	zh-hant
城鎮水上翹翹板	cgroup	Template:CGroup/Crazyracing Kartrider@60141039	
城鎮水路	cgroup	Module:CGroup/Counter-Strike@85677571	zh-hant
培因	cgroup	Template:CGroup/NARUTO@86143617	
培曾	cgroup	Template:CGroup/GundamUC@94693163	
培波	cgroup	Module:CGroup/OnePiece@83858889	
培羅娜	cgroup	Module:CGroup/OnePiece@83858889	CHECK
基利	char	風之谷 (電影)@94844860	
基利安	char	爆丸5星域爭霸@90756067	
基剎獸	char	数码宝贝大冒险角色列表@94744369	
基加斯西達	cgroup	Module:CGroup/SAO@89298185	CHECK
基加美修	cgroup	Module:CGroup/Square Enix@93012351	
基努	cgroup	Module:CGroup/Cyberpunk@85139581	
基因博士	char	遊戲王VRAINS@92292355	
基基獸	char	数码宝贝幽灵游戏角色列表@94560916	
基夫後裔暴龍	cgroup	Template:CGroup/KamenRider@94225985	
基威	cgroup	Module:CGroup/OnePiece@83858889	
基尼亞斯	cgroup	Template:CGroup/GundamUC@94693163	
基層跑首	cgroup	Template:CGroup/Transformers@87179168	
基度	cgroup	Template:CGroup/HUNTER@80241645	
基德	cgroup	Module:CGroup/OnePiece@83858889	
基德博士	char	飛虎奇兵@90162991	
基恩	cgroup	Template:CGroup/GundamSeed@92969101	
基恩夫婦	char	高譚角色列表@92146409	
基恩角鬥士型	cgroup	Template:CGroup/GundamSeed@92969101	
基拉	cgroup	Template:CGroup/GundamAGE@51366593	
基拉格	cgroup	Template:CGroup/GundamAGE@51366593	
基本型	cgroup	Template:CGroup/GundamAGE@51366593	
基洛爾	cgroup	Module:CGroup/SAO@89298185	
基滋梅爾	cgroup	Module:CGroup/SAO@89298185	
基爾休坦	cgroup	Template:CGroup/進擊的巨人@76977335	
基爾傑	cgroup	Module:CGroup/BLEACH@81833737	
基爾博德	cgroup	Module:CGroup/SAO@89298185	
基爾巴	cgroup	Template:CGroup/潘朵拉之心@39382393	CHECK
基爾巴特	cgroup	Module:CGroup/Square Enix@93012351	CHECK
基爾火砲	char	数码宝贝03驯兽师之王角色列表@94744434	
基爾獸	char	数码宝贝03驯兽师之王角色列表@94744434	
基督山伯爵	char	巖窟王@93890339	
基米拉獸	char	数码宝贝大冒险02角色列表@94744398	
基米花	char	天元突破 紅蓮螺巖@93776700	
基紐	cgroup	Template:CGroup/DragonBall@92325756	
基紐特戰隊	cgroup	Template:CGroup/DragonBall@92325756	
基羅斯	cgroup	Module:CGroup/Square Enix@93012351	
基藍	cgroup	Template:CGroup/DragonBall@92325756	
基西莉亞	cgroup	Template:CGroup/GundamUC@94693163	CHECK
基路比獸	cgroup	Template:CGroup/Digimon@94687201	
基連	cgroup	Template:CGroup/GundamUC@94693163	
基金國	cgroup	Template:CGroup/GundamSeed@92969101	
基雅	char	B傳說！戰鬥彈珠人@94175384	
堀田光	char	白箱@94727899	
堀田千奈美	char	妖怪手錶系列@93337229	
堀田太太	char	狼的孩子雨和雪@90148091	
堀裕子	char	偶像大師 灰姑娘女孩角色列表@91786822	
堂島百合香	char	禁獵魔女@94041811	
堂本一揮	char	名偵探柯南：戰慄的樂譜@94461985	
堂本弦也	char	名偵探柯南：戰慄的樂譜@94461985	
堂本知惠美	char	白箱@94727899	
堅德拉	cgroup	Template:CGroup/GundamAGE@51366593	
堅書直實	char	你好世界 (电影)@94020123	
堅達魯斯	cgroup	Template:CGroup/GundamAGE@51366593	
堡壘型	cgroup	Template:CGroup/GundamAGE@51366593	
堤渚	cgroup	Template:CGroup/Aikatsu@68312381	
堤爾克那	cgroup	Template:CGroup/Mabinogi@50754648	
堤爾納諾	cgroup	Template:CGroup/Mabinogi@50754648	
報告大戰	cgroup	Module:CGroup/SpongeBob SquarePants@91129493	
報喪女妖命運女神型	cgroup	Template:CGroup/GundamUC@94693163	
報道獸	char	数码宝贝幽灵游戏角色列表@94560916	
塔伊爾	cgroup	Template:CGroup/Getter Robo@89726924	
塔克	cgroup	Template:CGroup/FullmetalAlchemist@48481493	
塔克爾	cgroup	Template:CGroup/KamenRider@94225985	
塔利比亞	cgroup	Template:CGroup/Gundam00@70972545	CHECK
塔利烏斯	cgroup	Template:CGroup/FullmetalAlchemist@48481493	
塔卡基	cgroup	Template:CGroup/GundamIBO@91631774	
塔卡米	char	Fractale@90968404	
塔基姆	cgroup	Template:CGroup/BUDDYCOMPLEX@77221119	
塔多	char	FRESH光之美少女！@93922959	
塔奈島	cgroup	Template:CGroup/The Witcher@86825096	
塔契	cgroup	Template:CGroup/GundamUC@94693163	
塔巴奎	char	森林王子 少年毛克利@94715809	CHECK
塔拉祖母	cgroup	Module:CGroup/Disney@93925402	
塔曼	cgroup	Template:CGroup/GundamUC@94693163	
塔比	char	ONE PIECE STAMPEDE@94401180	
塔沃	cgroup	Module:CGroup/Jewelpet@81833309	
塔洛坎	cgroup	Module:CGroup/美国漫画@94638375	
塔洛斯	cgroup	Module:CGroup/美国漫画@94638375	
塔濱	cgroup	Template:CGroup/GundamIBO@91631774	
塔爾斯	char	音速小子X@94737938	
塔爾汀	cgroup	Template:CGroup/Mabinogi@50754648	
塔爾頓	char	光之美少女：食尚甜心@92951245	
塔碧莎	cgroup	Module:CGroup/My Little Pony@91388064	CHECK
塔米	char	少女與戰車角色列表@93320972	
塔納托斯的垂鐮	cgroup	Module:CGroup/Counter-Strike@85677571	zh-hant
塔納托斯的強擊	cgroup	Module:CGroup/Counter-Strike@85677571	zh-hant
塔納托斯的憤怒	cgroup	Module:CGroup/Counter-Strike@85677571	zh-hant
塔納托斯的斷魂鐮	cgroup	Module:CGroup/Counter-Strike@85677571	zh-hant
塔納托斯的殘翼	cgroup	Module:CGroup/Counter-Strike@85677571	zh-hant
塔納托斯的獻祭	cgroup	Module:CGroup/Counter-Strike@85677571	zh-hant
塔荷	char	交响诗篇@94703945	
塔莉雅	cgroup	Module:CGroup/LOL@93322985	
塔菲緹	cgroup	Module:CGroup/Disney@93925402	
塔薩達	cgroup	Template:CGroup/Heroes of the Storm@49727842	
塔西圖斯	cgroup	Template:CGroup/C&C@83793789	CHECK
塔賓斯	cgroup	Template:CGroup/GundamIBO@91631774	
塔隆	cgroup	Module:CGroup/LOL@93322985	
塔馬利斯克	cgroup	Module:CGroup/OnePiece@83858889	
塔馬托	cgroup	Module:CGroup/Disney@93925402	
塔魯特	char	魔法少女小圓角色列表@94590242	
塚本元	char	名偵探柯南：往天國的倒數計時@94658929	
塞克斯頓	cgroup	Template:CGroup/GundamUC@94693163	
塞司克大廳	cgroup	Module:CGroup/Wow@94351016	
塞壬獸	char	数码宝贝幽灵游戏角色列表@94560916	
塞妮特	cgroup	Template:CGroup/爆丸@31893398	
塞姆利亞大陸	cgroup	Template:CGroup/ED@94768974	zh-hant
塞巴斯	char	異世界四重奏@93605298	CHECK
塞巴斯坦	char	DokiDoki! 光之美少女@93549956	CHECK
塞希爾	cgroup	Template:CGroup/Code Geass@70270136	
塞爾	char	Fate/Apocrypha@90728159	
塞爾加諾伊德	cgroup	Template:CGroup/Ultraman@94663541	
塞耶	cgroup	Template:CGroup/Gundam00@70972545	
塞芭	cgroup	Module:CGroup/SAO@89298185	
塞茜兒	cgroup	Template:CGroup/ED@94768974	zh-hant
塞莉巴	char	七龍珠Z：一夫當關的最終決戰～向弗利沙挑戰的Z戰士 孫悟空之父～@93733662	CHECK
墓園恐怖之路	cgroup	Template:CGroup/Crazyracing Kartrider@60141039	
墓園魔王的邀請	cgroup	Template:CGroup/Crazyracing Kartrider@60141039	
墓風部隊	cgroup	Template:CGroup/Transformers@87179168	
增田幸德	char	PSYCHO-PASS角色列表@93403235	
增驅	cgroup	Module:CGroup/Square Enix@93012351	
墨丘利獸	char	數碼寶貝拯救隊角色列表@94177566	
墨江富騎	char	爆旋陀螺Burst@94644099	
墨涅拉俄斯	cgroup	Template:CGroup/GundamSeed@92969101	CHECK
墮天使鋼彈	cgroup	Template:CGroup/Gundam00@70972545	CHECK
墮落地獄	cgroup	Module:CGroup/Counter-Strike@85677571	zh-hant
墮落城市	cgroup	Template:CGroup/MapleStory@57794822	
壓克力人形立牌	cgroup	Template:CGroup/KamenRider@94225985	
壞事多	cgroup	Module:CGroup/Simpsons@84869408	
壞死幫派	char	飛天小女警Z@94716201	
士郎	cgroup	Template:CGroup/GundamUC@94693163	
壽司怪	char	飛天小女警Z@94716201	
壽司達人惡靈	char	吊带袜天使@94456883	
壽庵	char	半妖的夜叉姬@87932716	
夏令營奇幻島	cgroup	Module:CGroup/Cartoon@93410586	
夏儂庫克	cgroup	Template:CGroup/C&C@83793789	
夏克提	char	凱洛與塔斯黛@92015221	
夏克蒂	cgroup	Template:CGroup/GundamUC@94693163	
夏克雅克	cgroup	Module:CGroup/OnePiece@83858889	
夏利安	cgroup	Template:CGroup/GundamUC@94693163	
夏多爾	cgroup	Template:CGroup/GundamAGE@51366593	
夏多爾惡徒型	cgroup	Template:CGroup/GundamAGE@51366593	
夏奇	cgroup	Module:CGroup/OnePiece@83858889	
夏奇莫諾	cgroup	Template:CGroup/HUNTER@80241645	
夏姬	cgroup	Module:CGroup/OnePiece@83858889	
夏威	cgroup	Template:CGroup/GundamAGE@51366593	
夏季賽	cgroup	Module:CGroup/LOL@93322985	
夏尼	cgroup	Template:CGroup/GundamSeed@92969101	
夏嵐	char	犬夜叉角色列表@94790447	
夏布伊	char	悲慘世界 少女珂賽特@94720109	
夏弗拿茲	cgroup	Module:CGroup/Hayate the Combat Butler@81833661	CHECK
夏慕爾小姐	char	Go Princess 光之美少女@94065409	
夏提雅	char	異世界四重奏@93605298	
夏日大作戰	title	夏日大作戰@94786998	
夏日祭典	cgroup	Module:CGroup/My Little Pony@91388064	zh-hant
夏普	char	Suite 光之美少女♪@92951168	
夏木玲	cgroup	Template:CGroup/Yes! 光之美少女5@89217113	
夏柯	cgroup	Template:CGroup/GundamUC@94693163	
夏波帝諸島	cgroup	Module:CGroup/OnePiece@83858889	
夏爾夫	cgroup	Module:CGroup/Frieren@82010966	
夏目佳子	char	魔法少女小圓角色列表@94590242	
夏目金之助	char	名偵探福爾摩斯@94071005	
夏綠蒂	char	悲慘世界 少女珂賽特@94720109	
夏芽左兵衛	char	回转企鹅罐@94635162	
夏芽真砂子	char	回转企鹅罐@94635162	
夏芽萬里夫	char	回转企鹅罐@94635162	
夏英格	cgroup	Template:CGroup/Code Geass@70270136	
夏莉露	cgroup	Template:CGroup/潘朵拉之心@39382393	
夏菈菈隊長	cgroup	Module:CGroup/開闊天空！光之美少女@83218661	
夏萊	cgroup	Module:CGroup/BlueArchive@93972468	zh-hant
夏蘿	cgroup	Template:CGroup/潘朵拉之心@39382393	
夏赫亞	cgroup	Template:CGroup/GBF@82201572	
夏迪斯	cgroup	Template:CGroup/進擊的巨人@76977335	
夏露娜	cgroup	Module:CGroup/Hayate the Combat Butler@81833661	CHECK
夏露莉雅	cgroup	Module:CGroup/OnePiece@83858889	
夏露露	char	DokiDoki! 光之美少女@93549956	
夏馬爾	cgroup	Template:CGroup/Reborn@29403199	
夏麗	cgroup	Template:CGroup/Code Geass@70270136	CHECK
夕叢霧香	char	NOIR@90119310	
夕陽毅力	cgroup	Template:CGroup/Eyeshield21@86998850	
外壁貧民街	cgroup	Template:CGroup/Digimon@94687201	
外掛裝備	cgroup	Template:CGroup/GundamSeed@92969101	
外星一對寶	cgroup	Module:CGroup/Cartoon@93410586	CHECK
外星人田中太郎	cgroup	Module:CGroup/Anime@94680982	
外村	cgroup	Template:CGroup/GundamSeed@92969101	
外鑑大師	char	機靈小和尚@92445221	
多丸圭一	char	涼宮春日系列@94449678	
多丸裕	char	涼宮春日系列@94449678	
多人線上遊戲	cgroup	Module:CGroup/Games@94658856	
多佛朗明哥	cgroup	Module:CGroup/OnePiece@83858889	
多佩瑪	cgroup	Module:CGroup/蠟筆小新@93760288	
多利姆	cgroup	Module:CGroup/閃電十一人@68657168	
多利斯柯爾	cgroup	Module:CGroup/BLEACH@81833737	
多刺怪獸	char	星之卡比 (動畫)@94160462	
多卡	cgroup	Template:CGroup/GundamIBO@91631774	
多卡獸	char	數碼暴龍App世代角色列表@94177588	
多吉	cgroup	Template:CGroup/GBF@82201572	
多多安修	cgroup	Template:CGroup/KamenRider@94225985	
多多良	char	怪物的孩子@93936285	
多奇諾	cgroup	Template:CGroup/HUNTER@80241645	
多娜	cgroup	Template:CGroup/戰鬥陀螺 鋼鐵奇兵@68490308	CHECK
多尼多尼	cgroup	Module:CGroup/OnePiece@83858889	
多尼斯	cgroup	Template:CGroup/GundamAGE@51366593	
多幡奈緒	char	光之美少女@94825358	
多彈打彈	char	我的英雄学院角色列表@94403792	
多德波	char	七龍珠Z：一夫當關的最終決戰～向弗利沙挑戰的Z戰士 孫悟空之父～@93733662	
多拉德	cgroup	Template:CGroup/GundamAGE@51366593	
多拉格	cgroup	Module:CGroup/OnePiece@83858889	
多拿滋國王	cgroup	Template:CGroup/Yes! 光之美少女5@89217113	
多拿滋王國	cgroup	Template:CGroup/Yes! 光之美少女5@89217113	
多斯科伊	char	七龍珠Z 銀河面臨危機!!身手不凡的高手@93733660	
多明尼可	char	萬里尋親記@94719791	
多爾伊特	cgroup	Template:CGroup/黑執事@49361116	
多爾傑夫	cgroup	Template:CGroup/BUDDYCOMPLEX@77221119	
多爾吉	char	Little Busters!角色列表@91842236	
多爾托欽斯	cgroup	Module:CGroup/Danball Senki@81863967	
多爾芬	cgroup	Module:CGroup/閃電十一人@68657168	
多爾頓	cgroup	Module:CGroup/OnePiece@83858889	
多琳	cgroup	Template:CGroup/Mabinogi@50754648	
多瑪佐	cgroup	Template:CGroup/Reborn@29403199	
多瑪暮	cgroup	Module:CGroup/美国漫画@94638375	
多瓦吉	cgroup	Template:CGroup/GundamUC@94693163	
多田佳苗	char	Heartcatch 光之美少女！@94574540	
多田李衣菜	char	偶像大師 灰姑娘女孩角色列表@91786822	
多米尼克斯	cgroup	Template:CGroup/GundamTWFM@82129397	
多羅塞爾	cgroup	Template:CGroup/黑執事@49361116	
多聞丸	char	高校艦隊@93341996	
多良場	char	戰鬥陀螺 鋼鐵奇兵角色列表@94643342	
多莉普	cgroup	Module:CGroup/Square Enix@93012351	
多蕗桂樹	char	回转企鹅罐@94635162	
多蕗母	char	回转企鹅罐@94635162	
多蘭庫瑪	cgroup	Template:CGroup/FullmetalAlchemist@48481493	
多螢幕	cgroup	Module:CGroup/Games@94658856	
多話蛇	cgroup	Template:CGroup/妖怪手錶@75937932	
多諾明哥	cgroup	Template:CGroup/GundamIBO@91631774	
多路耶	cgroup	Module:CGroup/閃電十一人@68657168	
多那多那	cgroup	Module:CGroup/Jewelpet@81833309	
多部田美幸	char	名侦探柯南：第11位前锋@94749116	
多重反彈射擊	cgroup	Module:CGroup/閃電十一人@68657168	
多重宇宙	cgroup	Module:CGroup/美国漫画@94638375	
多重機構背包	cgroup	Module:CGroup/Danball Senki@81863967	
多雷斯羅薩	cgroup	Module:CGroup/OnePiece@83858889	
多頭海蛇	cgroup	Template:CGroup/爆丸@31893398	
多魯契德	cgroup	Template:CGroup/FullmetalAlchemist@48481493	
夜使者	cgroup	Template:CGroup/MapleStory@57794822	
夜光閃亮亮復仇鬼	cgroup	Module:CGroup/SpongeBob SquarePants@91129493	
夜刀神狗朗	char	K (動畫)@93234659	
夜叉獸	char	數碼寶貝覺醒節拍角色列表@94712797	
夜坂泉	char	PSYCHO-PASS角色列表@93403235	
夜城	cgroup	Module:CGroup/Cyberpunk@85139581	
夜城快報	cgroup	Module:CGroup/Cyberpunk@85139581	
夜店人生	cgroup	Template:CGroup/Sim@37867988	
夜未	cgroup	Template:CGroup/GBF@82201572	
夜爪	char	半妖的夜叉姬@87932716	
夜蝠獸	char	數碼寶貝覺醒節拍角色列表@94712797	
夜襲生存戰	cgroup	Module:CGroup/Counter-Strike@85677571	zh-hant
夜襲生存戰模式	cgroup	Module:CGroup/Counter-Strike@85677571	zh-hant
夜魅	cgroup	Module:CGroup/Minecraft@94388709	
夜鷹獸	char	數碼寶貝拯救隊角色列表@94177566	
夢不落帝國	cgroup	Module:CGroup/Disney@93925402	
夢之都	cgroup	Template:CGroup/Sim@37867988	
夢之都拉契爾恩	cgroup	Template:CGroup/MapleStory@57794822	
夢千	char	秋葉原冥途戰爭@94822711	
夢原美美	cgroup	Template:CGroup/Yes! 光之美少女5@89217113	
夢境實錄	cgroup	Module:CGroup/Square Enix@93012351	
夢境獸	char	數碼暴龍App世代角色列表@94177588	
夢境製片廠	cgroup	Module:CGroup/Pixar@93247177	
夢幻之神奇寶貝	cgroup	Template:CGroup/Pokemon@85444397	
夢幻假面	cgroup	Template:CGroup/Aikatsu@68312381	
夢幻劇院	cgroup	Module:CGroup/Games@94658856	
夢幻大學城	cgroup	Template:CGroup/Sim@37867988	
夢幻天女	cgroup	Module:CGroup/Anime@94680982	
夢幻學院	cgroup	Template:CGroup/Aikatsu@68312381	
夢幻寶石拱門	cgroup	Template:CGroup/Pretty Rhythm@77221109	zh-hant
夢幻屋坊	cgroup	Template:CGroup/Sim@37867988	
夢幻島的捉迷藏	cgroup	Module:CGroup/BlueArchive@93972468	zh-hant
夢幻愛心拱門	cgroup	Template:CGroup/Pretty Rhythm@77221109	zh-hant
夢幻星光鳳凰	cgroup	Template:CGroup/Pretty Rhythm@77221109	
夢幻沙漏	cgroup	Module:CGroup/Games@94658856	
夢幻終章	cgroup	Module:CGroup/Games@94658856	
夢幻與波導的勇者	cgroup	Template:CGroup/Pokemon@85444397	
夢幻萬花鏡	cgroup	Template:CGroup/Pretty Rhythm@77221109	
夢幻蠟筆王國	cgroup	Module:CGroup/Anime@94680982	
夢幻變身	cgroup	Template:CGroup/Yes! 光之美少女5@89217113	
夢幻足球手	cgroup	Module:CGroup/Anime@94680982	
夢幻遊戲	cgroup	Module:CGroup/Anime@94680982	
夢幻革命之地	cgroup	Template:CGroup/爆丸@31893398	
夢幻食譜	cgroup	Template:CGroup/小魔女DoReMi@65858319	
夢幻魔鏡	cgroup	Module:CGroup/開闊天空！光之美少女@83218661	
夢想學園	cgroup	Template:CGroup/Yes! 光之美少女5@89217113	
夢想學園報	cgroup	Template:CGroup/Yes! 光之美少女5@89217113	
夢想尤尼提亞	cgroup	Module:CGroup/Tales@54832633	
夢想者	cgroup	Template:CGroup/Digimon@94687201	
夢柔	char	ONE PIECE STAMPEDE@94401180	
夢與瘋狂的王國	cgroup	Module:CGroup/Anime@94680982	
夢色蛋糕師	cgroup	Module:CGroup/Anime@94680982	
夢蝶凌舞	cgroup	Module:CGroup/閃電十一人@68657168	
夢見璃亞夢	char	偶像大師 灰姑娘女孩角色列表@91786822	
夢魘之夜	cgroup	Module:CGroup/My Little Pony@91388064	
大久保瑠美	cgroup	Module:CGroup/BlueArchive@93972468	zh-hant
大乾原	cgroup	Template:CGroup/Diablo@94495831	
大亂鬥殲滅戰	cgroup	Module:CGroup/Counter-Strike@85677571	zh-hant
大佐基利亞	cgroup	Template:CGroup/BUDDYCOMPLEX@77221119	
大使方案	cgroup	Module:CGroup/Nintendo@94745610	
大倉正弘	char	白箱@94727899	
大入道海神	cgroup	Module:CGroup/OnePiece@83858889	
大劍師	cgroup	Template:CGroup/Warcraft@92164655	zh-hant
大匯戰	cgroup	Template:CGroup/Digimon@94687201	
大原沙耶香	cgroup	Module:CGroup/BlueArchive@93972468	zh-hant
大原滿	char	偶像大師 灰姑娘女孩角色列表@91786822	
大友燐	char	PSYCHO-PASS角色列表@93403235	
大友逸樹	char	PSYCHO-PASS角色列表@93403235	
大古加獸	char	数码宝贝大冒险02角色列表@94744398	
大古場新太	char	佐賀偶像是傳奇@94005232	
大古拉獸	char	数码宝贝03驯兽师之王角色列表@94744434	
大和亞季	char	偶像大師 灰姑娘女孩角色列表@91786822	
大嘴獵蜥	cgroup	Module:CGroup/Counter-Strike@85677571	zh-hant
大嘴蝠	cgroup	Template:CGroup/Pokemon@85444397	
大嘴雀	cgroup	Template:CGroup/Pokemon@85444397	
大嘴鳥獸	char	数码宝贝大冒险：角色列表@94538377	
大地之國	cgroup	Template:CGroup/降世神通@43998034	
大地天鷹	cgroup	Template:CGroup/戰鬥陀螺 鋼鐵奇兵@68490308	
大地暴龍獸	char	數碼寶貝拯救隊角色列表@94177566	
大地汽笛	cgroup	Module:CGroup/Games@94658856	
大地精靈	cgroup	Module:CGroup/SAO@89298185	
大地處女	cgroup	Template:CGroup/戰鬥陀螺 鋼鐵奇兵@68490308	
大地長征	cgroup	Module:CGroup/Games@94658856	
大垣勘太	char	龙猫@93245446	CHECK
大塚達也	char	Heartcatch 光之美少女！@94574540	
大太了法師	cgroup	Template:CGroup/妖怪手錶@75937932	
大奔馳慶典	cgroup	Module:CGroup/My Little Pony@91388064	zh-hant
大媽媽	char	半妖的夜叉姬@87932716	
大寶寶	cgroup	Module:CGroup/Pixar@93247177	
大山可南子	char	妖怪手錶系列@93337229	
大山猩猩惡靈	char	吊带袜天使@94456883	
大岩壁	cgroup	Module:CGroup/閃電十一人@68657168	
大岩山	cgroup	Module:CGroup/閃電十一人@68657168	
大岩清正	char	回憶中的瑪妮@94615795	
大岩節	char	回憶中的瑪妮@94615795	
大怪獸惡靈	char	吊带袜天使@94456883	
大怪蟲來襲	cgroup	Module:CGroup/SpongeBob SquarePants@91129493	
大戶多惠	char	奇蛋物语@93093482	
大戶愛	char	奇蛋物语@93093482	
大暮麻衣子	char	KILL la KILL@94827565	
大木岩松	char	名偵探柯南：往天國的倒數計時@94658929	
大木敦	char	戰鬥陀螺 鋼鐵奇兵角色列表@94643342	
大杉智	char	東之伊甸@92226285	
大林九二	char	KILL la KILL@94827565	
大槻唯	char	偶像大師 灰姑娘女孩角色列表@91786822	CHECK
大正處女御伽話	cgroup	Module:CGroup/Anime@94680982	
大氣牧族	cgroup	Template:CGroup/降世神通@43998034	
大江戶超能少女組	char	飛天小女警Z@94716201	
大池飛雄	cgroup	Template:CGroup/戰鬥陀螺 鋼鐵奇兵@68490308	
大沼胡桃	char	偶像大師 灰姑娘女孩角色列表@91786822	
大洋遊俠	cgroup	Module:CGroup/SpongeBob SquarePants@91129493	
大漠蒼狼	cgroup	Module:CGroup/Counter-Strike@85677571	zh-hant
大澤瑞惠	char	刀劍神域角色列表@94550774	
大澤祥惠	char	刀劍神域角色列表@94550774	
大灰熊與小旅鼠	cgroup	Module:CGroup/Cartoon@93410586	
大爆發相撲推手	cgroup	Module:CGroup/閃電十一人@68657168	
大牡蠣生氣了	cgroup	Module:CGroup/SpongeBob SquarePants@91129493	
大獄丸	char	犬夜叉角色列表@94790447	
大王猿猴獸	char	数码宝贝大冒险tri.角色列表@94265439	
大王花獸	char	数码宝贝幽灵游戏角色列表@94560916	
大白鯨	cgroup	Module:CGroup/Anime@94680982	
大眾網絡報	cgroup	Module:CGroup/Games-zh@90861641	zh-hant
大眾軟件	cgroup	Module:CGroup/Games-zh@90861641	zh-hant
大石泉	char	偶像大師 灰姑娘女孩角色列表@91786822	
大砲與小惡魔	cgroup	Module:CGroup/Cartoon@93410586	
大祖母	char	动物新世代 BNA@91791723	
大神士郎	char	动物新世代 BNA@91791723	
大神浩太郎	cgroup	Template:CGroup/GBF@82201572	
大章魚	cgroup	Module:CGroup/Pixar@93247177	
大筒木桃式	char	火影忍者劇場版：慕留人@88870154	
大筒木金式	char	火影忍者劇場版：慕留人@88870154	
大耳迴旋擊	char	数码宝贝03驯兽师之王角色列表@94744434	
大耳飛翔	char	数码宝贝03驯兽师之王角色列表@94744434	
大舌貝	cgroup	Template:CGroup/Pokemon@85444397	
大英雄天團	cgroup	Module:CGroup/Disney@93925402	
大蓋奇獸	char	數碼暴龍App世代角色列表@94177588	
大藏信夫	char	PSYCHO-PASS角色列表@93403235	
大西悠人	char	Yuri!!! on ICE@90120235	CHECK
大西由里子	char	偶像大師 灰姑娘女孩角色列表@91786822	CHECK
大角獸	char	数码宝贝大冒险角色列表@94744369	
大話惡女	cgroup	Template:CGroup/妖怪手錶@75937932	
大調三重唱	char	Suite 光之美少女♪@92951168	
大豆豆獸	char	数码宝贝大冒险：角色列表@94538377	
大象獸	char	数码宝贝幽灵游戏角色列表@94560916	
大貝阿耶	char	K (動畫)@93234659	
大路吾平	char	玉子市場@93415198	
大路道子	char	玉子市場@93415198	
大路餅藏	char	玉子市場@93415198	
大軍入侵	cgroup	Module:CGroup/SpongeBob SquarePants@91129493	
大軒	cgroup	Template:CGroup/NARUTO@86143617	zh-hant
大輪大和	char	B傳說！戰鬥彈珠人@94175384	
大輪美惠	char	B傳說！戰鬥彈珠人@94175384	
大連王	cgroup	Template:CGroup/Power Rangers@27638544	zh-hant
大野綾	char	少女與戰車角色列表@93320972	
大鍬形蟲神	cgroup	Template:CGroup/妖怪手錶@75937932	
大雄之宇宙英雄記	cgroup	Module:CGroup/Doraemon@88509940	
大雄的地球交響樂	cgroup	Module:CGroup/Doraemon@88509940	
大雄的宇宙小戰爭	title	大雄的宇宙小戰爭@93556289	
大雄的恐龍	title	大雄的恐龍@94519735	
大雄的發條城歷險記	cgroup	Module:CGroup/Doraemon@88509940	
大雄的發條都市冒險記	title	大雄的上鏈都市歷險記@94734562	
大雄的繪畫世界物語	cgroup	Module:CGroup/Doraemon@88509940	
大雄與恐龍騎士	cgroup	Module:CGroup/Doraemon@88509940	
大雄與白金迷宮	cgroup	Module:CGroup/Doraemon@88509940	
大雄與綠之巨人傳	title	大雄與綠之巨人傳@90942689	
大雄與銀河超特快列車	cgroup	Module:CGroup/Doraemon@88509940	
大雄與鐵人兵團	title	大雄與鐵人兵團@93724405	
大雄與雲之王國	title	大雄與雲之國@87793873	
大雲	char	罪惡王冠@87767894	
大霹靂飛拳	cgroup	Template:CGroup/Mazinger@84157445	
大頭仔天空	cgroup	Module:CGroup/Cartoon@93410586	CHECK
大頭獸	char	数码宝贝大冒险：角色列表@94538377	
大騙子諾蘭德	cgroup	Module:CGroup/OnePiece@83858889	
大骷髏	cgroup	Template:CGroup/The World God Only Knows@50754307	
大鬧駕訓班	cgroup	Module:CGroup/SpongeBob SquarePants@91129493	
大魔神烈焰	cgroup	Template:CGroup/Mazinger@84157445	
大魔神粉碎飛拳	cgroup	Template:CGroup/Mazinger@84157445	
大鳥環	char	DokiDoki! 光之美少女@93549956	
大鳥翼	char	戰鬥陀螺 鋼鐵奇兵角色列表@94643342	
大黑天貝爾	char	爆旋陀螺Burst@94644099	
天上歐蒂娜	char	少女革命@93843108	CHECK
天下第一武道會	cgroup	Template:CGroup/DragonBall@92325756	
天乃鈴音	char	魔法少女小圓角色列表@94590242	
天之川史黛拉	char	Go Princess 光之美少女@94065409	
天之河北斗	char	数码宝贝幽灵游戏角色列表@94560916	
天之河宙	char	数码宝贝幽灵游戏角色列表@94560916	
天之聲	cgroup	Module:CGroup/Hayate the Combat Butler@81833661	
天之邪鬼	char	學校怪談 (動畫)@92145862	
天人互動	cgroup	Module:CGroup/Games-zh@90861641	zh-hant
天使兔	cgroup	Module:CGroup/My Little Pony@91388064	zh-hant
天使百合	cgroup	Template:CGroup/愛天使傳說@43103330	
天使的祝福	cgroup	Template:CGroup/Crazyracing Kartrider@60141039	
天使的落日	cgroup	Template:CGroup/GundamAGE@51366593	
天使長鋼彈	cgroup	Template:CGroup/Gundam00@70972545	
天兵公園	cgroup	Module:CGroup/Cartoon@93410586	
天劍局	cgroup	Module:CGroup/美国漫画@94638375	
天吹萬梨阿	char	佐賀偶像是傳奇@94005232	
天吹麗子	char	佐賀偶像是傳奇@94005232	CHECK
天啟星之戰	cgroup	Module:CGroup/美国漫画@94638375	
天啟魔	cgroup	Module:CGroup/美国漫画@94638375	
天城快斗	char	遊戲王ZEXAL@93180378	
天城晴人	char	遊戲王ZEXAL@93180378	
天堂時刻	cgroup	Module:CGroup/閃電十一人@68657168	
天外奇蹟	cgroup	Module:CGroup/Pixar@93247177	
天天送禮	cgroup	Template:CGroup/Mabinogi@50754648	
天宮旋	cgroup	Template:CGroup/Pretty Rhythm@77221109	zh-hant
天帝薩克	cgroup	Template:CGroup/GundamSeed@92969101	
天帝鋼彈	cgroup	Template:CGroup/GundamSeed@92969101	
天彎	cgroup	Template:CGroup/Transformers@87179168	
天才寶貝	cgroup	Module:CGroup/Anime@94680982	
天才老爹	cgroup	Module:CGroup/Simpsons@84869408	
天文裝置	cgroup	Template:CGroup/KamenRider@94225985	
天方美帆	char	Free!@93607624	
天星公主	cgroup	Module:CGroup/My Little Pony@91388064	
天氣之子	title	天气之子@94186671	
天火懲戒	cgroup	Module:CGroup/Counter-Strike@85677571	zh-hant
天災蝠獸	char	數碼寶貝覺醒節拍角色列表@94712797	
天狼型	cgroup	Template:CGroup/GundamIBO@91631774	
天狼型獵魔	cgroup	Template:CGroup/GundamIBO@91631774	
天狼型獵魔鋼彈	cgroup	Template:CGroup/GundamIBO@91631774	
天狼將軍	cgroup	Template:CGroup/Power Rangers@27638544	zh-hant
天狼星獸	char	数码宝贝幽灵游戏角色列表@94560916	
天狼王型	cgroup	Template:CGroup/GundamIBO@91631774	
天狼王型獵魔	cgroup	Template:CGroup/GundamIBO@91631774	
天狼王型獵魔鋼彈	cgroup	Template:CGroup/GundamIBO@91631774	
天王星七式	cgroup	Template:CGroup/GBF@82201572	
天田士郎	cgroup	Template:CGroup/GundamUC@94693163	
天空之島	cgroup	Module:CGroup/開闊天空！光之美少女@83218661	
天空墜擊	cgroup	Module:CGroup/閃電十一人@68657168	
天空夢幻魔法棒	cgroup	Module:CGroup/開闊天空！光之美少女@83218661	
天空籽市	cgroup	Module:CGroup/開闊天空！光之美少女@83218661	
天空羽毛筆	cgroup	Module:CGroup/開闊天空！光之美少女@83218661	
天空道路	cgroup	Module:CGroup/閃電十一人@68657168	
天空騎士	cgroup	Module:CGroup/OnePiece@83858889	
天童遊	char	戰鬥陀螺 鋼鐵奇兵角色列表@94643342	
天罰術式	cgroup	Template:CGroup/Toaru@89726592	
天翼之鍊	cgroup	Module:CGroup/Games@94658856	
天蠍一射	char	Fate/Apocrypha@90728159	
天貓號	cgroup	Template:CGroup/Transformers@87179168	
天貝繡助	char	BLEACH角色列表@94571323	
天賦引擎	cgroup	Template:CGroup/MyHeroAcademia@87565804	
天野凪	char	天气之子@94186671	
天野圓	char	戰鬥陀螺 鋼鐵奇兵角色列表@94643342	
天野寧寧	char	数码宝贝合体战争角色列表@94717250	
天野悠	char	数码宝贝合体战争角色列表@94717250	
天野景太	char	妖怪手錶系列@93337229	
天野琴音	char	数码宝贝合体战争角色列表@94717250	
天野陽菜	char	天气之子@94186671	
天震	cgroup	Template:CGroup/Transformers@87179168	
天音姐妹	char	魔法少女小圓角色列表@94590242	
天馬侑	char	數碼寶貝覺醒節拍角色列表@94712797	
天馬明日	char	數碼寶貝覺醒節拍角色列表@94712797	
天馬無畏	cgroup	Module:CGroup/My Little Pony@91388064	
天馬獸	char	数码宝贝大冒险：角色列表@94538377	
天馬隊	cgroup	Module:CGroup/閃電十一人@68657168	
天馬飛鳥	char	數碼寶貝覺醒節拍角色列表@94712797	
天體爆裂射門	cgroup	Module:CGroup/閃電十一人@68657168	
天鳥美馬	char	甲鐵城的卡巴內里@93830519	
天鷹獸	char	數碼暴龍 LAST EVOLUTION 絆@94708497	
天龍獸	cgroup	Template:CGroup/Digimon@94687201	
天龍鋼彈	cgroup	Template:CGroup/GGundam@85035825	
太刀川圭介	char	数码宝贝大冒险：角色列表@94538377	
太刀川源一郎	char	数码宝贝大冒险：角色列表@94538377	
太刀川里江	char	数码宝贝大冒险：角色列表@94538377	
太妃妲	cgroup	Module:CGroup/Disney@93925402	
太棒了之樹	cgroup	Module:CGroup/Jewelpet@81833309	
太田健太郎	char	妖怪手錶系列@93337229	
太田優	char	偶像大師 灰姑娘女孩角色列表@91786822	
太田千秋	char	名侦探柯南：天空的遇难船@94562607	
太空企鵝	cgroup	Module:CGroup/閃電十一人@68657168	
太空历奇	cgroup	Template:CGroup/Ultraman@94663541	zh-hant
太空宇宙船賽道	cgroup	Template:CGroup/Crazyracing Kartrider@60141039	
太空工程車	cgroup	Template:CGroup/StarCraft2@39914602	
太空彈跳	cgroup	Template:CGroup/Crazyracing Kartrider@60141039	
太空懸空分岔跑道	cgroup	Template:CGroup/Crazyracing Kartrider@60141039	
太空戰神	cgroup	Module:CGroup/Anime@94680982	
太空戰鬥飛行場	cgroup	Template:CGroup/Crazyracing Kartrider@60141039	
太空梭傳球	cgroup	Template:CGroup/Eyeshield21@86998850	
太空漫談	cgroup	Module:CGroup/Pixar@93247177	
太空火車	cgroup	Template:CGroup/Transformers@87179168	
太空立橋	cgroup	Template:CGroup/Crazyracing Kartrider@60141039	
太空遺跡	cgroup	Module:CGroup/LOL@93322985	
太空險道	cgroup	Template:CGroup/Crazyracing Kartrider@60141039	
太空驛站	cgroup	Template:CGroup/Crazyracing Kartrider@60141039	
太金	char	BLEACH角色列表@94571323	
太陽之子	title	太陽之子 (日法合作動畫)@94098493	
太陽火焰	cgroup	Module:CGroup/閃電十一人@68657168	
太陽獅身人面	cgroup	Template:CGroup/Eyeshield21@86998850	
太陽矢	char	数码宝贝03驯兽师之王角色列表@94744434	
太陽紋	cgroup	Template:CGroup/Transformers@87179168	
太鼓之達人	cgroup	Module:CGroup/Games@94658856	
太鼓獸	char	数码宝贝大冒险：角色列表@94538377	
失事點	cgroup	Module:CGroup/LOL@93322985	
失落的城市	cgroup	Module:CGroup/Counter-Strike@85677571	zh-hant
失落的宇宙	cgroup	Module:CGroup/Anime@94680982	
失落的進化	cgroup	Template:CGroup/Digimon@94687201	
奇來亞	cgroup	Template:CGroup/The Witcher@86825096	
奇修亞	cgroup	Template:CGroup/FullmetalAlchemist@48481493	
奇儂	char	天元突破 紅蓮螺巖@93776700	
奇力亞	char	光之美少女@94825358	
奇坦	char	天元突破 紅蓮螺巖@93776700	
奇塔瑞	cgroup	Module:CGroup/美国漫画@94638375	
奇天烈大百科	cgroup	Module:CGroup/Anime@94680982	
奇奇歐	cgroup	Module:CGroup/Pixar@93247177	
奇奇與蒂蒂	cgroup	Module:CGroup/Disney@93925402	
奇奧水晶	cgroup	Template:CGroup/Power Rangers@27638544	zh-hant
奇妙人生	cgroup	Module:CGroup/Games@94658856	
奇妙陷阱	cgroup	Module:CGroup/閃電十一人@68657168	
奇巧計程車	title	奇巧計程車@89552760	
奇希莉卡	manual	無職轉生	
奇希里斯	manual	無職轉生	
奇幻村	cgroup	Template:CGroup/MapleStory@57794822	
奇幻沼澤	cgroup	Module:CGroup/Cartoon@93410586	
奇幻精靈	cgroup	Template:CGroup/Crazyracing Kartrider@60141039	
奇幻貓頭鷹小屋	cgroup	Module:CGroup/Cartoon@93410586	
奇庫	char	火影忍者角色列表@94671076	
奇庫倫	char	魔法使光之美少女！@94758670	
奇拉	cgroup	Module:CGroup/OnePiece@83858889	
奇拉斯	char	光之美少女@94825358	
奇揚	char	天元突破 紅蓮螺巖@93776700	
奇普托斯	cgroup	Module:CGroup/BlueArchive@93972468	zh-hant
奇普托斯晄輪大祭	cgroup	Module:CGroup/BlueArchive@93972468	CHECK,zh-hant
奇樂	cgroup	Template:CGroup/Death Note@84122694	
奇歐	cgroup	Template:CGroup/GundamAGE@51366593	
奇波	cgroup	Module:CGroup/Counter-Strike@85677571	zh-hant
奇波迪	cgroup	Template:CGroup/GGundam@85035825	
奇犽	cgroup	Template:CGroup/HUNTER@80241645	
奇瑪	cgroup	Template:CGroup/Yes! 光之美少女5@89217113	
奇異冒險	cgroup	Module:CGroup/Disney@93925402	
奇異的點心娜娜王國	cgroup	Module:CGroup/Doraemon@88509940	CHECK
奇異鋼彈	cgroup	Template:CGroup/GBF@82201572	
奇美亞	char	Pokemon the movie XY&Z 波爾凱尼恩與機關人偶 瑪機雅娜@92337863	
奇莉	cgroup	Template:CGroup/The Witcher@86825096	
奇莉拉	cgroup	Template:CGroup/The Witcher@86825096	
奇莫郎	cgroup	Module:CGroup/閃電十一人@68657168	
奇蛙獸	char	数码宝贝大冒险角色列表@94744369	
奇西梅	char	七龍珠Z 世界最強的高手@93733633	CHECK
奇諾	char	爆丸5星域爭霸@90756067	
奇賽	cgroup	Template:CGroup/BUDDYCOMPLEX@77221119	
奇蹟世界	cgroup	Template:CGroup/KamenRider@94225985	
奇蹟駕馭書	cgroup	Template:CGroup/KamenRider@94225985	
奇達里士	cgroup	Template:CGroup/The Witcher@86825096	
奇鐸	char	天元突破 紅蓮螺巖@93776700	
奇雅露	char	天元突破 紅蓮螺巖@93776700	
奇鳥獸	char	数码宝贝大冒险角色列表@94744369	
奈傑爾	cgroup	Template:CGroup/GundamUC@94693163	
奈利斯	char	BLEACH角色列表@94571323	
奈勒斯	cgroup	Template:CGroup/ThePeanuts@54446337	CHECK
奈堂	cgroup	Module:CGroup/閃電十一人@68657168	
奈奈	char	FRESH光之美少女！@93922959	
奈奈奈	cgroup	Module:CGroup/BLEACH@81833737	
奈奈美	char	數碼寶貝拯救隊角色列表@94177566	
奈德	cgroup	Module:CGroup/美国漫画@94638375	
奈恩	cgroup	Template:CGroup/GBF@82201572	
奈爾	cgroup	Template:CGroup/進擊的巨人@76977335	
奈特雷依	cgroup	Template:CGroup/潘朵拉之心@39382393	
奈砂香	cgroup	Template:CGroup/KamenRider@94225985	
奈祖奧	cgroup	Template:CGroup/Warcraft@92164655	zh-hant
奈米強化裝置	cgroup	Module:CGroup/Counter-Strike@85677571	zh-hant
奈米積層裝甲	cgroup	Template:CGroup/GundamIBO@91631774	
奈良澤治	char	名偵探柯南：瞳孔中的暗殺者@94403739	
奈莎	char	Fractale@90968404	CHECK
奈諾裝甲	cgroup	Template:CGroup/爆丸@31893398	
奈迪姆	cgroup	Template:CGroup/GundamTWFM@82129397	
奈魯	cgroup	Template:CGroup/戰鬥陀螺 鋼鐵奇兵@68490308	
奈麗絲	cgroup	Template:CGroup/Mabinogi@50754648	CHECK
奎亞那	cgroup	Template:CGroup/GOSICK@62514366	
奎克	cgroup	Template:CGroup/GundamIBO@91631774	
奎因	char	死亡遊行@91275771	
奎士達	cgroup	Module:CGroup/Pixar@93247177	
奎爾達納斯之島	cgroup	Module:CGroup/Wow@94351016	
奏之裝	char	KILL la KILL@94827565	
奏遙香	char	魔法少女小圓角色列表@94590242	
契士	cgroup	Template:CGroup/DragonBall@92325756	
契特	char	高立的未來世界@90116301	
奕卡特	cgroup	Template:CGroup/FullmetalAlchemist@48481493	
奧丁神槍	cgroup	Template:CGroup/GundamSeed@92969101	
奧克塔維斯	cgroup	Module:CGroup/美国漫画@94638375	
奧克魯斯	char	死亡遊行@91275771	
奧列格獸	char	数码宝贝大冒险：角色列表@94538377	
奧利佛	cgroup	Module:CGroup/My Little Pony@91388064	
奧利巴特	cgroup	Template:CGroup/ED@94768974	CHECK,zh-hant
奧利斯	cgroup	Module:CGroup/BlueArchive@93972468	zh-hant
奧利斯分校	cgroup	Module:CGroup/BlueArchive@93972468	zh-hant
奧利斯小隊	cgroup	Module:CGroup/BlueArchive@93972468	zh-hant
奧利華	char	Heartcatch 光之美少女！@94574540	
奧加獸	char	数码宝贝大冒险角色列表@94744369	
奧古拉斯	cgroup	Template:CGroup/GundamAGE@51366593	
奧古斯	cgroup	Template:CGroup/GundamIBO@91631774	
奧古斯汀	cgroup	Module:CGroup/Disney@93925402	
奧圖	char	終末的伊澤塔@91239289	
奧基弗	cgroup	Template:CGroup/BUDDYCOMPLEX@77221119	
奧多爾	cgroup	Module:CGroup/Wow@94351016	
奧奇奈地穴	cgroup	Module:CGroup/Wow@94351016	
奧寺美紀	char	你的名字。@94061490	
奧山沙織	char	偶像大師 灰姑娘女孩角色列表@91786822	
奧山直美	char	小魔女DoReMi@94721174	
奧德區	cgroup	Module:CGroup/美国漫画@94638375	
奧德琳	cgroup	Template:CGroup/Code Geass@70270136	
奧德羅	cgroup	Template:CGroup/GundamUC@94693163	
奧斯朋	cgroup	Module:CGroup/美国漫画@94638375	
奧斯華德	cgroup	Module:CGroup/KingOfFighters@91481321	
奧斯金銀行	cgroup	Template:CGroup/Mabinogi@50754648	
奧本	char	龍與雀斑公主@94650173	
奧杜亞	cgroup	Module:CGroup/Wow@94351016	
奧林帕斯合奏	cgroup	Module:CGroup/閃電十一人@68657168	
奧核之心	cgroup	Module:CGroup/Wow@94351016	
奧核之戰	cgroup	Module:CGroup/Wow@94351016	
奧核之眼	cgroup	Module:CGroup/Wow@94351016	
奧格爾	cgroup	Template:CGroup/GundamTWFM@82129397	
奧格瑪	cgroup	Module:CGroup/Wow@94351016	
奧棠絲	char	愛的小婦人物語@94856165	
奧爾	cgroup	Template:CGroup/GundamSeed@92969101	
奧爾加	cgroup	Module:CGroup/閃電十一人@68657168	
奧爾塞	char	91Days@89878470	
奧爾柯特	cgroup	Template:CGroup/GundamTWFM@82129397	
奧爾資訊	cgroup	Module:CGroup/Games-zh@90861641	zh-hant
奧爾迪加	cgroup	Template:CGroup/GundamUC@94693163	
奧瓦爾	char	光之美少女@94825358	
奧科耶	cgroup	Module:CGroup/美国漫画@94638375	
奧米加	cgroup	Template:CGroup/Transformers@87179168	
奧美迦協定隊	cgroup	Module:CGroup/閃電十一人@68657168	
奧菲斯	cgroup	Template:CGroup/Code Geass@70270136	
奧萊優夫人	char	DARKER THAN BLACK@93233512	
奧術	cgroup	Module:CGroup/LOL@93322985	
奧術之塔	cgroup	Template:CGroup/Warcraft@92164655	zh-hant
奧術之河	cgroup	Template:CGroup/MapleStory@57794822	
奧迪爾	cgroup	Template:CGroup/GundamAGE@51366593	
奧迪莉亞	char	翠星上的加爾岡緹亞@91223485	
奧運高手	cgroup	Module:CGroup/Anime@94680982	
奧魯巴	char	魔法使光之美少女！@94758670	CHECK
奧麗華歷險記	cgroup	Module:CGroup/Disney@93925402	CHECK
奧齊頓	cgroup	Module:CGroup/Wow@94351016	
奪命鬼面卒	cgroup	Template:CGroup/Power Rangers@27638544	zh-hant
奪寶大作戰	cgroup	Module:CGroup/Counter-Strike@85677571	CHECK,zh-hant
奪魂之鐮	cgroup	Template:CGroup/Diablo@94495831	
奪魂短匕	cgroup	Module:CGroup/Counter-Strike@85677571	zh-hant
奪魂長刃	cgroup	Module:CGroup/Counter-Strike@85677571	zh-hant
奮進人	cgroup	Template:CGroup/MyHeroAcademia@87565804	
女凱龍	char	Fate/Apocrypha@90728159	
女妖轟炸機	cgroup	Template:CGroup/StarCraft2@39914602	
女子松小姐	char	小松先生@93448405	
女巫獸	char	数码宝贝幽灵游戏角色列表@94560916	
女服務生	char	名侦探柯南：天空的遇难船@94562607	
女武神勇士	cgroup	Template:CGroup/GBF@82201572	
女武神警察	cgroup	Module:CGroup/BlueArchive@93972468	zh-hant
女武神骨架	cgroup	Template:CGroup/GundamIBO@91631774	
女死侍	cgroup	Module:CGroup/美国漫画@94638375	
女浩克	cgroup	Module:CGroup/美国漫画@94638375	
女獵戶	cgroup	Template:CGroup/Warcraft@92164655	zh-hant
女王之刃	cgroup	Template:CGroup/Might&Magic@42603917	
女王騎士	cgroup	Module:CGroup/閃電十一人@68657168	
女王騎士劍	cgroup	Module:CGroup/SAO@89298185	
女神戰記	cgroup	Module:CGroup/Square Enix@93012351	
女神熊獸	char	數碼寶貝覺醒節拍角色列表@94712797	
女神降臨	cgroup	Template:CGroup/Mabinogi@50754648	
女祭司天使	char	DokiDoki! 光之美少女@93549956	
女蜘蛛人	cgroup	Module:CGroup/美国漫画@94638375	
女術士	cgroup	Template:CGroup/Warcraft@92164655	zh-hant
女超人力霸王貝絲	cgroup	Template:CGroup/Ultraman@94663541	
奴隸監獄	cgroup	Module:CGroup/Wow@94351016	
奶油裝飾	char	光之美少女：食尚甜心@92951245	
她去公爵家的理由	cgroup	Module:CGroup/Anime@94680982	
好友和精英	cgroup	Module:CGroup/My Little Pony@91388064	
好奇猴喬治	cgroup	Module:CGroup/Cartoon@93410586	
好威鐵鎚	cgroup	Module:CGroup/Counter-Strike@85677571	zh-hant
好市長	cgroup	Template:CGroup/Family Guy@79259281	
好玩的箱子	cgroup	Module:CGroup/SpongeBob SquarePants@91129493	
如月峰水	char	名偵探柯南：往天國的倒數計時@94658929	
如月廣美	cgroup	Template:CGroup/Eyeshield21@86998850	
如月玲	char	Go Princess 光之美少女@94065409	
如月真緒	char	PSYCHO-PASS角色列表@93403235	
如月秦戉	char	BLEACH角色列表@94571323	
妃姬	cgroup	Module:CGroup/BlueArchive@93972468	zh-hant
妄想代理人	title	妄想代理人@91610420	
妖天使鋼彈	cgroup	Template:CGroup/Gundam00@70972545	
妖怪學校的菜鳥老師	cgroup	Module:CGroup/Anime@94680982	
妖怪少爺	cgroup	Module:CGroup/Anime@94680982	
妖精之舞	cgroup	Module:CGroup/SAO@89298185	
妖精狩獵者	cgroup	Module:CGroup/Anime@94680982	
妖精獸	char	数码宝贝大冒险角色列表@94744369	
妖道獸	char	数码宝贝幽灵游戏角色列表@94560916	
妖龍	cgroup	Template:CGroup/Warcraft@92164655	zh-hant
妙妙犬布麗	cgroup	Module:CGroup/Cartoon@93410586	CHECK
妙妙貓	cgroup	Module:CGroup/Disney@93925402	
妙廚老媽	cgroup	Module:CGroup/Games@94658856	
妙廚老爹	cgroup	Module:CGroup/Anime@94680982	
妙手小廚師	cgroup	Module:CGroup/Anime@94680982	
妙蛙種子	cgroup	Template:CGroup/Pokemon@85444397	
妙蛙花	cgroup	Template:CGroup/Pokemon@85444397	
妙蛙草	cgroup	Template:CGroup/Pokemon@85444397	
妙賽塔	char	羅密歐的藍天@91519228	
妙音希雅	cgroup	Module:CGroup/My Little Pony@91388064	
妮可兒	char	名偵探福爾摩斯@94071005	
妮夏	cgroup	Module:CGroup/Pixar@93247177	
妮妮與安安	title	阿爾卑斯物語 我的安妮特@94720095	
妮拉	cgroup	Module:CGroup/閃電十一人@68657168	
妮翁	cgroup	Template:CGroup/HUNTER@80241645	
妮黑蕾亞	cgroup	Template:CGroup/Sailor Moon@93051346	
妲拉	cgroup	Module:CGroup/Pixar@93247177	
妲莉雅	cgroup	Template:CGroup/GundamSeed@92969101	
妲西	cgroup	Template:CGroup/Transformers@87179168	CHECK
妻子惡靈	char	吊带袜天使@94456883	
姆亞	cgroup	Template:CGroup/GundamUC@94693163	
姆亞同胞團	cgroup	Template:CGroup/GundamUC@94693163	
姆塔席娜	cgroup	Module:CGroup/SAO@89298185	CHECK
姆塞	cgroup	Template:CGroup/GundamUC@94693163	
姆萊	cgroup	Template:CGroup/GundamAGE@51366593	
姆路	cgroup	Template:CGroup/魔法咪路咪路@26972197	
姆達	char	光之美少女@94825358	
姆達吉	char	交响诗篇@94703945	
姉崎經紀人	char	數碼暴龍App世代角色列表@94177588	CHECK
姊妹趣味競賽	cgroup	Module:CGroup/My Little Pony@91388064	
姊妹連心	cgroup	Module:CGroup/My Little Pony@91388064	
始基天使獸	cgroup	Template:CGroup/Digimon@94687201	
姍娜	cgroup	Module:CGroup/LOL@93322985	CHECK
姚麟	cgroup	Template:CGroup/FullmetalAlchemist@48481493	
姜泰植	cgroup	Module:CGroup/Solo Leveling@86308871	
姨姨多蒂	cgroup	Module:CGroup/PeppaPig@87025478	
姫野二三	char	舞-HiME角色列表@91610502	
姫野莉莉	char	BORUTO-火影新世代-NARUTO NEXT GENERATIONS-角色列表@94842050	
姬亞娜	cgroup	Module:CGroup/LOL@93322985	CHECK
姬宮安茜	char	少女革命@93843108	
姬川友紀	char	偶像大師 灰姑娘女孩角色列表@91786822	
姬川真希	char	数码宝贝大冒险tri.角色列表@94265439	
姬櫻女學院	cgroup	Template:CGroup/Aikatsu@68312381	
姬琳	cgroup	Template:CGroup/Mabinogi@50754648	
姬聶	cgroup	Template:CGroup/DragonBall@92325756	
姬莉葉	char	惡魔獵人系列角色列表@92426452	
姬蒲	char	Lycoris Recoil 莉可麗絲@94031169	
姬路果代子	char	高校艦隊@93341996	
威亞貝爾	cgroup	Module:CGroup/Frieren@82010966	
威利斯夫人	char	愛少女波麗安娜物語@94856145	
威力十足語	cgroup	Template:CGroup/Eyeshield21@86998850	
威力型外掛裝備	cgroup	Template:CGroup/GundamSeed@92969101	
威力型脈衝鋼彈	cgroup	Template:CGroup/GundamSeed@92969101	
威力網球	cgroup	Module:CGroup/Games@94658856	
威力重捶	cgroup	Module:CGroup/Counter-Strike@85677571	CHECK,zh-hant
威勒利	cgroup	Template:CGroup/爆丸@31893398	CHECK
威嚴驅動器	cgroup	Template:CGroup/KamenRider@94225985	
威士忌山	cgroup	Module:CGroup/OnePiece@83858889	
威士頓	cgroup	Template:CGroup/黑執事@49361116	
威夏斯	char	星際牛仔@94702998	
威寇茲	cgroup	Module:CGroup/LOL@93322985	CHECK
威尼斯驚魂	cgroup	Module:CGroup/Counter-Strike@85677571	zh-hant
威弗里德	cgroup	Template:CGroup/GBF@82201572	
威探闖通關	cgroup	Module:CGroup/Disney@93925402	
威斯伯特	cgroup	Template:CGroup/Digimon@94687201	
威斯卡	cgroup	Module:CGroup/ResidentEvil@94612703	
威斯帕	char	妖怪手錶系列@93337229	
威斯特	cgroup	Template:CGroup/黑執事@49361116	
威星	cgroup	Template:CGroup/爆丸@31893398	
威札德勳爵	char	名偵探福爾摩斯@94071005	
威洛博士	char	七龍珠Z 世界最強的高手@93733633	
威爾可	cgroup	Module:CGroup/OnePiece@83858889	
威爾夫勒	cgroup	Template:CGroup/The Witcher@86825096	CHECK
威爾姆	cgroup	Template:CGroup/GundamIBO@91631774	
威爾森	cgroup	Module:CGroup/美国漫画@94638375	
威爾海姆	char	異世界四重奏@93605298	
威爾納	cgroup	Template:CGroup/GundamAGE@51366593	
威特	cgroup	Template:CGroup/愛天使傳說@43103330	
威猛光波砲	cgroup	Template:CGroup/爆丸@31893398	
威猛極狼	cgroup	Template:CGroup/爆丸@31893398	
威科特	cgroup	Module:CGroup/Cyberpunk@85139581	
威脅手冊	cgroup	Template:CGroup/Eyeshield21@86998850	
威脅者	cgroup	Template:CGroup/Transformers@87179168	
威蘭斯	cgroup	Template:CGroup/Code Geass@70270136	
威達	cgroup	Template:CGroup/GundamSeed@92969101	
威金斯	char	名偵探福爾摩斯@94071005	
威霸	cgroup	Module:CGroup/OnePiece@83858889	
威頓	char	ONE PIECE角色列表@94658502	
威魯茲布魯克	cgroup	Module:CGroup/SAO@89298185	CHECK
娃塔兒	cgroup	Module:CGroup/開闊天空！光之美少女@83218661	
娑蘿	char	犬夜叉角色列表@94790447	
娛樂獸	char	數碼暴龍App世代角色列表@94177588	
娜凱姬	char	翠星上的加爾岡緹亞@91223485	CHECK
娜哈爾	char	異域天使@91247092	CHECK
娜奇雅	cgroup	Module:CGroup/美国漫画@94638375	CHECK
娜姿	cgroup	Template:CGroup/Pokemon@85444397	CHECK
娜娜林	cgroup	Template:CGroup/Battle Spirits@29023902	CHECK
娜娜歐	cgroup	Template:CGroup/GundamIBO@91631774	CHECK
娜娜獸	cgroup	Template:CGroup/Digimon@94687201	CHECK
娜拉歐	cgroup	Module:CGroup/蠟筆小新@93760288	CHECK
娜歐	cgroup	Template:CGroup/Mabinogi@50754648	CHECK
娜歐支援	cgroup	Template:CGroup/Mabinogi@50754648	CHECK
娜烏西卡	char	風之谷 (電影)@94844860	CHECK
娜美	cgroup	Module:CGroup/OnePiece@83858889	CHECK
娜菲芮	cgroup	Module:CGroup/LOL@93322985	CHECK
娜貝拉爾	char	異世界四重奏@93605298	CHECK
娜達爾	cgroup	Template:CGroup/GundamSeed@92969101	CHECK
娜麗莎	cgroup	Module:CGroup/Disney@93925402	CHECK
婆婆獸	char	数码宝贝大冒险：角色列表@94538377	
婊子監獄幽靈	char	吊带袜天使@94456883	
婕莉	cgroup	Module:CGroup/LOL@93322985	
婚后光子	cgroup	Template:CGroup/Toaru@89726592	zh-hant
媒體獸	char	數碼暴龍App世代角色列表@94177588	
媽媽象	cgroup	Module:CGroup/PeppaPig@87025478	
嫉妒的感覺	cgroup	Module:CGroup/My Little Pony@91388064	
嫦娥獸	cgroup	Template:CGroup/Digimon@94687201	
嫻慧	cgroup	Template:CGroup/Family Guy@79259281	
嬉皮笑園	cgroup	Module:CGroup/Anime@94680982	
孔提歐	cgroup	Template:CGroup/GundamUC@94693163	
孔雀獸	char	数码宝贝大冒险角色列表@94744369	
孔龍金	cgroup	Module:CGroup/Simpsons@84869408	
孜婆年	cgroup	Template:CGroup/HUNTER@80241645	CHECK
孟徒徒尤匹	cgroup	Template:CGroup/HUNTER@80241645	
孟漢娜	cgroup	Module:CGroup/Disney@93925402	CHECK
孢子殖穴	cgroup	Template:CGroup/StarCraft@73588136	
孢子爬行蟲	cgroup	Template:CGroup/StarCraft2@39914602	
季中邀請賽	cgroup	Module:CGroup/LOL@93322985	
季光虹	char	Yuri!!! on ICE@90120235	
季老師	cgroup	Module:CGroup/Simpsons@84869408	
孤單一人的異世界攻略	cgroup	Module:CGroup/Anime@94680982	
孩子篇	cgroup	Template:CGroup/FullmetalAlchemist@48481493	
孫基焄	cgroup	Module:CGroup/Solo Leveling@86308871	
孫盅杉	cgroup	Module:CGroup/Simpsons@84869408	
孫路偉	char	爆旋陀螺Burst@94644099	
孳瓦	cgroup	Template:CGroup/潘朵拉之心@39382393	CHECK
孵化所	cgroup	Template:CGroup/StarCraft2@39914602	
學園奶爸	cgroup	Module:CGroup/Anime@94680982	
學園愛麗絲	cgroup	Module:CGroup/Anime@94680982	
學園救援團	cgroup	Module:CGroup/Anime@94680982	
學園組	cgroup	Module:CGroup/Hayate the Combat Butler@81833661	
學園都市	cgroup	Module:CGroup/BlueArchive@93972468	zh-hant
學校怪談	title	學校怪談 (動畫)@92145862	
學術局局長	char	最終幻想 零式與Agito角色列表@93380052	
學院規則	cgroup	Module:CGroup/SAO@89298185	
宅宅蝙蝠	cgroup	Template:CGroup/妖怪手錶@75937932	
宇佐美聰美	char	光之美少女：食尚甜心@92951245	
宇宙之神	cgroup	Template:CGroup/Might&Magic@42603917	
宇宙公主	cgroup	Module:CGroup/My Little Pony@91388064	zh-hant
宇宙再生人	cgroup	Module:CGroup/Anime@94680982	
宇宙天馬	cgroup	Template:CGroup/戰鬥陀螺 鋼鐵奇兵@68490308	
宇宙學園	cgroup	Module:CGroup/Anime@94680982	
宇宙小奇兵	cgroup	Module:CGroup/Cartoon@93410586	
宇宙巡警露露子	title	宇宙巡警露露子@90128048	
宇宙戰艦大和號	title	宇宙戰艦大和號@94773123	
宇宙浪子	cgroup	Module:CGroup/Anime@94680982	
宇宙海賊哈洛克	title	宇宙海賊哈洛克@94585549	
宇宙炸裂衝擊波	cgroup	Module:CGroup/閃電十一人@68657168	
宇宙男孩	cgroup	Module:CGroup/Jewelpet@81833309	
宇宙破壞屋	char	七龍珠Z 地球超級大決戰@93733641	
宇宙超天王	cgroup	Template:CGroup/Battle Spirits@29023902	
宇宙霸者	cgroup	Template:CGroup/GundamSeed@92969101	
宇宙靈球	cgroup	Module:CGroup/美国漫画@94638375	
宇宙飛碟	cgroup	Template:CGroup/Transformers@87179168	
宇宙魔方	cgroup	Module:CGroup/美国漫画@94638375	
宇智波	cgroup	Template:CGroup/NARUTO@86143617	
宇東	char	七龍珠Z 銀河面臨危機!!身手不凡的高手@93733660	
宇柿	char	BLEACH角色列表@94571323	
宇津木優季	char	少女與戰車角色列表@93320972	
宇田川稜	char	BLEACH角色列表@94571323	
宇田川葵	char	数码宝贝幽灵游戏角色列表@94560916	
宇田慧	char	高校艦隊@93341996	
宇留部	cgroup	Template:CGroup/GGundam@85035825	
宇野忠義	char	名侦探柯南：天空的遇难船@94562607	
守宮獸	char	數碼寶貝覺醒節拍角色列表@94712797	
守男	char	午睡公主～不為人知的故事～@94260985	
守衛精靈	cgroup	Module:CGroup/SAO@89298185	
守衛號	cgroup	Template:CGroup/GundamAGE@51366593	
守護之星	cgroup	Template:CGroup/Shugo Chara!@81936822	
守護天使莉莉佳	cgroup	Module:CGroup/Anime@94680982	
守護甜心	cgroup	Module:CGroup/Anime@94680982	
守護神天使	char	FRESH光之美少女！@93922959	
守護胚	cgroup	Template:CGroup/Shugo Chara!@81936822	
守護騎士團	cgroup	Module:CGroup/SAO@89298185	
安丘比	char	少女與戰車角色列表@93320972	
安傑瑞斯議會	cgroup	Template:CGroup/Diablo@94495831	
安卓亞	cgroup	Module:CGroup/My Little Pony@91388064	
安原繪麻	char	白箱@94727899	
安吉拉	char	凱洛與塔斯黛@92015221	
安哥伯父	cgroup	Module:CGroup/Pixar@93247177	
安哥拉獸	char	数码宝贝幽灵游戏角色列表@94560916	
安城鳴子	char	我們仍未知道那天所看見的花的名字。@94547300	
安基拉	char	七龍珠Z 超級賽亞人孫悟空@93733657	
安基斯拜拉爾	char	天元突破 紅蓮螺巖@93776700	
安塔露茜雅	cgroup	Template:CGroup/GundamUC@94693163	
安壽和廚子王丸	cgroup	Module:CGroup/Anime@94680982	
安妮亞	cgroup	Module:CGroup/SPY×FAMILY@86080268	
安妮卡	cgroup	Module:CGroup/美国漫画@94638375	
安妮莫奈	char	交响诗篇@94703945	
安姆疑雲	cgroup	Module:CGroup/Games@94658856	
安娜塔西亞	cgroup	Template:CGroup/GOSICK@62514366	
安娜斯塔西婭	char	偶像大師 灰姑娘女孩角色列表@91786822	CHECK
安娜貝爾	char	SPY×FAMILY間諜家家酒角色列表@94041877	
安娜費羅斯	cgroup	Template:CGroup/黑執事@49361116	
安巴特	cgroup	Template:CGroup/GundamAGE@51366593	CHECK
安布拉	char	最終幻想XV系列角色列表@93516993	
安弟	cgroup	Module:CGroup/Pixar@93247177	CHECK
安德拉斯	cgroup	Template:CGroup/GundamSeed@92969101	
安德烈亞	char	萬里尋親記@94719791	
安德烈記事本	cgroup	Module:CGroup/Counter-Strike@85677571	zh-hant
安德羅勒斯	char	萬里尋親記@94719791	CHECK
安息之地	cgroup	Module:CGroup/Counter-Strike@85677571	zh-hant
安提諾斯	cgroup	Module:CGroup/SAO@89298185	
安普羅茲	cgroup	Template:CGroup/GOSICK@62514366	CHECK
安曇小太郎	char	月色真美@90814427	
安曇淳子	char	月色真美@90814427	
安曇龍之介	char	月色真美@90814427	
安東拉	cgroup	Template:CGroup/Ultraman@94663541	zh-hant
安格妮絲	cgroup	Template:CGroup/Mabinogi@50754648	
安格納	cgroup	Module:CGroup/Frozen@82365390	
安格魯	char	七龍珠Z 燃燒吧!!熱戰·烈戰·超激戰@93733652	
安比薩	cgroup	Module:CGroup/LOL@93322985	
安潔	cgroup	Template:CGroup/The World God Only Knows@50754307	
安潔拉青梅	cgroup	Module:CGroup/蠟筆小新@93760288	
安潔麗娜	cgroup	Module:CGroup/Jewelpet@81833309	CHECK
安特瑪	char	異世界四重奏@93605298	
安瑪莉	cgroup	Template:CGroup/GundamUC@94693163	
安相敏	cgroup	Module:CGroup/Solo Leveling@86308871	
安翠歐	cgroup	Template:CGroup/Reborn@29403199	
安茲	char	異世界四重奏@93605298	CHECK
安菲獸	char	数码宝贝幽灵游戏角色列表@94560916	
安藤椿	char	白箱@94727899	
安藤珠理	char	漂流家園@87146899	
安藤麗奈	char	少女與戰車角色列表@93320972	CHECK
安裘	char	ONE PIECE角色列表@94658502	
安裘拉斯	char	悲慘世界 少女珂賽特@94720109	
安赫爾	char	萬里尋親記@94719791	
安迪米昂	cgroup	Template:CGroup/Toaru@89726592	
安迪米歐	cgroup	Template:CGroup/Sailor Moon@93051346	
安迪魯爾	char	BLEACH角色列表@94571323	
安達利爾	cgroup	Template:CGroup/Diablo@94495831	
安達拉西亞	cgroup	Module:CGroup/Disney@93925402	
安達露西亞	char	少女與戰車角色列表@93320972	
安部菜菜	char	偶像大師 灰姑娘女孩角色列表@91786822	
安雅與魔女	title	安雅與魔女@91786034	
安雪哈特	char	午睡公主～不為人知的故事～@94260985	
安黛莉	cgroup	Template:CGroup/Mabinogi@50754648	
安齋都	char	偶像大師 灰姑娘女孩角色列表@91786822	
宋致烈	cgroup	Module:CGroup/Solo Leveling@86308871	
完全導讀手冊	cgroup	Template:CGroup/FullmetalAlchemist@48481493	
完全收藏輯	cgroup	Module:CGroup/Square Enix@93012351	
完美聯合	cgroup	Module:CGroup/閃電十一人@68657168	
宍戶永明	char	名偵探柯南：第14號獵物@94562556	CHECK
宗像大司	char	K (動畫)@93234659	
宗像禮司	char	K (動畫)@93234659	
宗像羊朗	char	鈴芽之旅@94338447	
宗像草太	char	鈴芽之旅@94338447	
宗像詩帆	char	舞-HiME角色列表@91610502	
宗川勉	char	名偵探柯南：絕海的偵探@94596266	
宗師鋼彈	cgroup	Template:CGroup/GGundam@85035825	
宗次	char	劇場版 寶可夢 就決定是你了！@90262215	
宗谷真冬	char	高校艦隊@93341996	
宗谷真白	char	高校艦隊@93341996	
宗谷真雪	char	高校艦隊@93341996	
宗谷真霜	char	高校艦隊@93341996	
宙威	cgroup	Template:CGroup/Power Rangers@27638544	zh-hant
宙斯獸	char	數碼暴龍App世代角色列表@94177588	
宙體闇使	cgroup	Template:CGroup/KamenRider@94225985	
定位條	cgroup	Module:CGroup/Minecraft@94388709	
定期社區清掃志工活動	cgroup	Template:CGroup/打工吧！魔王大人@40273238	
宜野座伸元	char	PSYCHO-PASS角色列表@93403235	
宣告時刻之鐘	cgroup	Module:CGroup/SAO@89298185	
宣告黎明的露之歌	cgroup	Module:CGroup/Anime@94680982	
室笠朱音	cgroup	Module:CGroup/BlueArchive@93972468	zh-hant
宮之下禮一郎	char	學校怪談 (動畫)@92145862	
宮台夏美	char	名偵探柯南：業火的向日葵@94611870	
宮城凱	char	血戰@94607019	
宮城喬治	char	血戰@94607019	
宮城里克	char	血戰@94607019	
宮子	char	飛天小女警Z@94716201	
宮守	cgroup	Template:CGroup/GundamIBO@91631774	
宮岸徹	char	花開物語@94760130	
宮崎俊	cgroup	Module:CGroup/Simpsons@84869408	
宮本心咲	char	月色真美@90814427	
宮森葵	char	白箱@94727899	
宮水一葉	char	你的名字。@94061490	
宮水二葉	char	你的名字。@94061490	
宮水俊樹	char	你的名字。@94061490	
宮河	cgroup	Template:CGroup/GBF@82201572	
宮浦桃	char	給小桃的信@94607052	
宮浦郁子	char	給小桃的信@94607052	
宮澤謙吾	char	Little Busters!角色列表@91842236	
宮藤深衣奈	char	拜託了☆雙子星@90723419	
宮里十海	char	高校艦隊@93341996	
宰伊洛	cgroup	Template:CGroup/HUNTER@80241645	
害羞幽靈	cgroup	Module:CGroup/Nintendo@94745610	
害羞龍	cgroup	Module:CGroup/My Little Pony@91388064	
宵星傳奇	cgroup	Module:CGroup/Tales@54832633	
宵村檸檬	char	BORUTO-火影新世代-NARUTO NEXT GENERATIONS-角色列表@94842050	
家庭感恩日	cgroup	Module:CGroup/My Little Pony@91388064	
家庭派對	cgroup	Template:CGroup/Sim@37867988	
家有賤狗	cgroup	Module:CGroup/Anime@94680982	
家有賤龍	cgroup	Module:CGroup/Anime@94680982	
容和	cgroup	Template:CGroup/Pretty Rhythm@77221109	zh-hant
宿海仁太	char	我們仍未知道那天所看見的花的名字。@94547300	
宿海塔子	char	我們仍未知道那天所看見的花的名字。@94547300	
宿海篤	char	我們仍未知道那天所看見的花的名字。@94547300	
寂滅斷魂	cgroup	Module:CGroup/Counter-Strike@85677571	zh-hant
寂靜幽魂曲	cgroup	Module:CGroup/Counter-Strike@85677571	zh-hant
寂靜耶誕	cgroup	Module:CGroup/Counter-Strike@85677571	zh-hant
寂靜飛燕	cgroup	Module:CGroup/Disney@93925402	
寄生王蟲	cgroup	Template:CGroup/StarCraft2@39914602	
密亨	cgroup	Module:CGroup/Square Enix@93012351	
密佛格	cgroup	Module:CGroup/OnePiece@83858889	
密加德	cgroup	Module:CGroup/美国漫画@94638375	
密斯特卡路德	cgroup	Template:CGroup/童話槍手小紅帽@22981301	
密特羅德	cgroup	Module:CGroup/Nintendo@94745610	
密迪	cgroup	Template:CGroup/GundamIBO@91631774	
密魯茲	cgroup	Module:CGroup/SAO@89298185	CHECK
寇布拉	cgroup	Module:CGroup/OnePiece@83858889	
寇布拉查	char	Heartcatch 光之美少女！@94574540	
寇斯莫	cgroup	Module:CGroup/美国漫画@94638375	zh-hant
寇格	cgroup	Module:CGroup/美国漫画@94638375	
寇格魔	cgroup	Module:CGroup/LOL@93322985	
寇沙	cgroup	Module:CGroup/OnePiece@83858889	
寇特	cgroup	Module:CGroup/美国漫画@94638375	
寇魯多	cgroup	Template:CGroup/HUNTER@80241645	
富優資訊	cgroup	Module:CGroup/Games-zh@90861641	zh-hant
富力士	cgroup	Template:CGroup/HUNTER@80241645	
富勒	cgroup	Template:CGroup/Transformers@87179168	CHECK
富士雪山	cgroup	Template:CGroup/妖怪手錶@75937932	
富島園內店	cgroup	Template:CGroup/打工吧！魔王大人@40273238	
富樫蓮二	char	花開物語@94760130	
富澤常夫	char	雲之彼端，約定的地方@92998776	
富谷	char	白箱@94727899	
富進軟體	cgroup	Module:CGroup/Games-zh@90861641	zh-hant
富里普斯	char	能量獸之戰獸旋戰鬥@93872390	
寒冬之心	cgroup	Module:CGroup/Games@94658856	
寒冰巨人	cgroup	Module:CGroup/美国漫画@94638375	
寒冰皇冠	cgroup	Module:CGroup/Wow@94351016	
寒川潤	char	罪惡王冠@87767894	
寒川谷尋	char	罪惡王冠@87767894	
寒川龍	char	名侦探柯南：世纪末的魔术师@94403742	
寒河江滿	char	地狱少女@93363580	
寒霜翼龙	cgroup	Template:CGroup/Warcraft@92164655	zh-hant
寒霜都市	cgroup	Module:CGroup/Counter-Strike@85677571	zh-hant
寡婦詭雷	cgroup	Template:CGroup/StarCraft2@39914602	
寢寢獸	char	数码宝贝大冒险：角色列表@94538377	
實感賽車	cgroup	Module:CGroup/Games@94658856	
實松	char	小松先生@93448405	
實現正義部	cgroup	Module:CGroup/BlueArchive@93972468	zh-hant
實訓式	cgroup	Template:CGroup/Gundam00@70972545	
實里	cgroup	Module:CGroup/BlueArchive@93972468	zh-hant
實驗型鋼彈	cgroup	Template:CGroup/GundamUC@94693163	
寧次	cgroup	Template:CGroup/NARUTO@86143617	
寧瑠	cgroup	Module:CGroup/BlueArchive@93972468	zh-hant
審判之眼	cgroup	Module:CGroup/Counter-Strike@85677571	zh-hant
審判女神鋼彈	cgroup	Template:CGroup/Gundam00@70972545	
審判巨鎚	cgroup	Template:CGroup/爆丸@31893398	
審判系統	cgroup	Module:CGroup/LOL@93322985	
寬大漢	cgroup	Template:CGroup/C&C@83793789	
寵物世代	cgroup	Template:CGroup/Sim@37867988	
寵物大挑戰	cgroup	Template:CGroup/Sim@37867988	
寵物大賽	cgroup	Module:CGroup/My Little Pony@91388064	
寵物當家	cgroup	Template:CGroup/Sim@37867988	
寶可夢大師	cgroup	Template:CGroup/Pokemon@85444397	CHECK
寶可夢系列	title	寶可夢系列 (動畫)@90839217	CHECK
寶可覽	char	劇場版 寶可夢 我們的故事@86542622	CHECK
寶多金男	char	KILL la KILL@94827565	CHECK
寶妹	cgroup	Template:CGroup/Adventure Time@90284406	CHECK
寶拉	cgroup	Template:CGroup/黑執事@49361116	CHECK
寶斧	char	数码宝贝03驯兽师之王角色列表@94744434	CHECK
寶物箱	cgroup	Module:CGroup/Counter-Strike@85677571	zh-hant
寶田律	char	罪惡王冠@87767894	CHECK
寶石之星競賽	cgroup	Module:CGroup/Jewelpet@81833309	
寶石交叉迴旋	cgroup	Template:CGroup/Pretty Rhythm@77221109	
寶石卡片	cgroup	Module:CGroup/Jewelpet@81833309	
寶石小鎮	cgroup	Module:CGroup/Jewelpet@81833309	
寶石弓箭	cgroup	Template:CGroup/Yes! 光之美少女5@89217113	
寶石手冊	cgroup	Module:CGroup/Jewelpet@81833309	
寶石手杖	cgroup	Module:CGroup/Jewelpet@81833309	
寶石王國	cgroup	Module:CGroup/Jewelpet@81833309	
寶石護身符	cgroup	Module:CGroup/Jewelpet@81833309	
寶石閃光	cgroup	Module:CGroup/Jewelpet@81833309	
寶箱怪	cgroup	Template:CGroup/Mabinogi@50754648	
寶貝騎士	cgroup	Module:CGroup/Anime@94680982	
寶貝魔法使	cgroup	Module:CGroup/Anime@94680982	
寶麗特	char	悲慘世界 少女珂賽特@94720109	CHECK
寸上春樹	cgroup	Module:CGroup/Simpsons@84869408	
寺尾昇	char	星之聲@92143926	
寺本富子	char	少女與戰車角色列表@93320972	
寺田瑠奈	char	Smile 光之美少女！@93787006	
寺端	cgroup	Template:CGroup/Family Guy@79259281	
寺野	char	哆啦A梦角色列表@94533440	
射擊獸	char	數碼暴龍App世代角色列表@94177588	
射門攔截	cgroup	Module:CGroup/閃電十一人@68657168	
將國戡亂記	cgroup	Module:CGroup/Anime@94680982	
尋找使命	cgroup	Module:CGroup/My Little Pony@91388064	
尋找棲所	cgroup	Module:CGroup/Anime@94680982	
尋找滿月	cgroup	Module:CGroup/Anime@94680982	
對人嚴格	char	数码宝贝大冒险02角色列表@94744398	
對戰風雲錄	cgroup	Module:CGroup/Anime@94680982	
對撞事件	cgroup	Module:CGroup/美国漫画@94638375	
對馬戰鬼	cgroup	Module:CGroup/Games@94658856	
導彈功能	cgroup	Module:CGroup/Counter-Strike@85677571	zh-hant
導彈發射器	cgroup	Module:CGroup/Counter-Strike@85677571	zh-hant
導航妖精	cgroup	Module:CGroup/SAO@89298185	
導航獸	char	數碼暴龍App世代角色列表@94177588	
小丁瓦	cgroup	Module:CGroup/Pixar@93247177	
小丑怪	char	Smile 光之美少女！@93787006	
小俏妞	cgroup	Module:CGroup/Anime@94680982	
小倩	cgroup	Module:CGroup/Pixar@93247177	
小傑的攻擊	cgroup	Module:CGroup/Pixar@93247177	
小公主優希	cgroup	Module:CGroup/Anime@94680982	
小凪	cgroup	Module:CGroup/Hayate the Combat Butler@81833661	
小原好美	cgroup	Module:CGroup/BlueArchive@93972468	zh-hant
小古	cgroup	Module:CGroup/Pixar@93247177	
小咚	cgroup	Template:CGroup/魔法咪路咪路@26972197	
小咪	char	哆啦A梦角色列表@94533440	
小嗶	char	Little Busters!角色列表@91842236	
小圓前輩	char	魔法少女小圓角色列表@94590242	
小土龍	cgroup	Template:CGroup/妖怪手錶@75937932	
小坂慎太郎	char	禁獵魔女@94041811	
小天使獸	char	数码宝贝大冒险：角色列表@94538377	
小奈	cgroup	Module:CGroup/Pixar@93247177	
小奶油	cgroup	Module:CGroup/Pixar@93247177	
小妖精獸	char	数码宝贝幽灵游戏角色列表@94560916	
小姐與流氓	cgroup	Module:CGroup/Disney@93925402	
小威	cgroup	Template:CGroup/魔法咪路咪路@26972197	
小室千奈美	char	偶像大師 灰姑娘女孩角色列表@91786822	
小寶歷險記	cgroup	Module:CGroup/Anime@94680982	
小小寵物園	cgroup	Module:CGroup/Cartoon@93410586	
小小挑戰者的軌跡	cgroup	Template:CGroup/GundamIBO@91631774	
小小湯姆與傑利	cgroup	Module:CGroup/Cartoon@93410586	
小小車布歷險記	cgroup	Module:CGroup/Cartoon@93410586	
小山內奈奈	char	名偵探柯南：第14號獵物@94562556	
小山柚子	char	少女與戰車角色列表@93320972	
小山裕子	char	小魔女DoReMi@94721174	
小島惠美	char	少女與戰車角色列表@93320972	
小嶋元太	cgroup	Template:CGroup/名偵探柯南@93449521	
小川莉莉卡	char	小魔女DoReMi@94721174	
小巨人隊	cgroup	Module:CGroup/閃電十一人@68657168	
小幽靈	cgroup	Module:CGroup/Minecraft@94388709	
小彩羽	char	魔法少女小圓角色列表@94590242	
小快拍	cgroup	Module:CGroup/Pixar@93247177	
小惡魔女在街角	cgroup	Module:CGroup/Anime@94680982	
小愁	cgroup	Module:CGroup/閃電十一人@68657168	
小戶川宏	char	奇巧計程車@89552760	
小手獸	char	数码宝贝大冒险：角色列表@94538377	
小拉達	cgroup	Template:CGroup/Pokemon@85444397	
小撥片獸	char	数码宝贝大冒险：角色列表@94538377	
小斯	cgroup	Module:CGroup/Frozen@82365390	
小旋	cgroup	Template:CGroup/Pretty Rhythm@77221109	zh-hant
小日向美穗	char	偶像大師 灰姑娘女孩角色列表@91786822	
小早川紗枝	char	偶像大師 灰姑娘女孩角色列表@91786822	
小晴	cgroup	Template:CGroup/Power Rangers@27638544	zh-hant
小曆	cgroup	Template:CGroup/魔法咪路咪路@26972197	
小曉	char	小魔女DoReMi@94721174	
小望	char	光之美少女@94825358	
小杏	cgroup	Template:CGroup/Pretty Rhythm@77221109	
小杜	cgroup	Template:CGroup/Mazinger@84157445	
小松伊吹	char	偶像大師 灰姑娘女孩角色列表@91786822	
小林卡兹	cgroup	Template:CGroup/GundamUC@94693163	CHECK
小林愛	char	妖怪手錶系列@93337229	
小林隼人	char	機動戰士GUNDAM@94721023	
小查與寇弟的頂級生活	cgroup	Module:CGroup/Disney@93925402	CHECK
小桃卡布爾	cgroup	Template:CGroup/GBF@82201572	
小桃子	cgroup	Template:CGroup/愛天使傳說@43103330	
小森花惠	char	Go Princess 光之美少女@94065409	
小毒蜘蛛獸	char	数码宝贝幽灵游戏角色列表@94560916	
小比目魚	cgroup	Module:CGroup/Disney@93925402	
小沈	cgroup	Module:CGroup/Pixar@93247177	
小泉瑪麗娜	char	小魔女DoReMi@94721174	CHECK
小泉紅子	char	名偵探柯南角色列表@94461808	
小浩	cgroup	Template:CGroup/Yes! 光之美少女5@89217113	
小淵澤報瀨	char	比宇宙更遠的地方@93910432	
小淵澤貴子	char	比宇宙更遠的地方@93910432	
小渡	cgroup	Template:CGroup/Pokemon@85444397	
小溫	cgroup	Module:CGroup/My Little Pony@91388064	zh-hant
小濱裕實	char	海潮之声@94677880	
小熊貓獸	char	數碼寶貝覺醒節拍角色列表@94712797	
小燃燒獸	char	数码宝贝幽灵游戏角色列表@94560916	
小猿猴惡靈	char	吊带袜天使@94456883	
小玲奈	char	魔法少女小圓角色列表@94590242	
小田切大	char	妖怪手錶系列@93337229	
小田切敏也	char	名偵探柯南：瞳孔中的暗殺者@94403739	
小田島友華	char	光之美少女@94825358	
小白的屁屁炸彈	cgroup	Module:CGroup/蠟筆小新@93760288	
小直	cgroup	Module:CGroup/SAO@89298185	
小矮妖	cgroup	Module:CGroup/SAO@89298185	
小碧	cgroup	Template:CGroup/魔法咪路咪路@26972197	
小磯健二	char	夏日大作戰@94786998	
小祝太志	char	漂流家園@87146899	
小福龍	cgroup	Template:CGroup/妖怪手錶@75937932	
小竹哲也	char	小魔女DoReMi@94721174	
小笠原光	char	高校艦隊@93341996	
小笠原大地	char	月色真美@90814427	
小笠原綸子	char	白箱@94727899	CHECK
小糸	cgroup	Template:CGroup/Pretty Rhythm@77221109	
小紀	cgroup	Module:CGroup/SAO@89298185	
小紅帽恰恰	cgroup	Module:CGroup/Anime@94680982	
小紫協屋	char	爆旋陀螺Burst@94644099	
小羅	cgroup	Module:CGroup/Pixar@93247177	
小翼	cgroup	Module:CGroup/開闊天空！光之美少女@83218661	
小肯特畢夫	char	航海王電影：GOLD@93412929	
小芬	char	阿尔卑斯山的少女@94715457	
小莎蒂	cgroup	Module:CGroup/OnePiece@83858889	CHECK
小莫	cgroup	Template:CGroup/Mazinger@84157445	zh-hant
小菊	char	小松先生@93448405	
小菜鳥雲寶	cgroup	Module:CGroup/My Little Pony@91388064	CHECK
小菲莉西亞	char	魔法少女小圓角色列表@94590242	
小蓮	char	阿尔卑斯山的少女@94715457	
小蚋	char	半妖的夜叉姬@87932716	
小蜜桃	cgroup	Template:CGroup/Crazyracing Kartrider@60141039	
小蝙蝠俠聖誕大冒險	cgroup	Module:CGroup/美国漫画@94638375	
小訓	char	未來的未來@93288354	
小豆勉	char	爆旋陀螺Burst@94644099	
小豆子	char	阿尔卑斯山的少女@94715457	
小豬萬萬歲	cgroup	Module:CGroup/Anime@94680982	
小超人帕門	cgroup	Module:CGroup/Anime@94680982	
小軟	char	Pokemon the movie XY&Z 波爾凱尼恩與機關人偶 瑪機雅娜@92337863	
小辣椒	cgroup	Module:CGroup/美国漫画@94638375	
小逗	cgroup	Module:CGroup/Pixar@93247177	
小逗的日常	cgroup	Module:CGroup/Pixar@93247177	
小逗的特殊任務	cgroup	Module:CGroup/Pixar@93247177	
小遊鳥	cgroup	Template:CGroup/WORKING!!@28976859	
小邪神飛踢	cgroup	Module:CGroup/Anime@94680982	zh-hant
小酋長小黑	cgroup	Module:CGroup/Anime@94680982	
小酷	cgroup	Template:CGroup/魔法咪路咪路@26972197	
小野寺惠	char	数码宝贝03驯兽师之王角色列表@94744434	
小野寺樺戀	char	拜託了☆雙子星@90723419	CHECK
小野澤悠貴	char	東京地震8.0@93461799	
小野澤未來	char	東京地震8.0@93461799	
小野澤誠司	char	東京地震8.0@93461799	
小野澤雅美	char	東京地震8.0@93461799	
小鋸鱷	char	神奇寶貝劇場版：阿爾宙斯 超克的時空@93875135	
小關麗奈	char	偶像大師 灰姑娘女孩角色列表@91786822	CHECK
小阿兔	char	美少女戰士角色列表@94852109	
小阿度洛	char	飛天小女警Z@94716201	
小陸行鳥	char	最終幻想XIII系列角色列表@78816248	
小雷	cgroup	Template:CGroup/ThePeanuts@54446337	
小颯	cgroup	Module:CGroup/Hayate the Combat Butler@81833661	
小香	cgroup	Template:CGroup/Yes! 光之美少女5@89217113	
小馬國	cgroup	Module:CGroup/My Little Pony@91388064	zh-hant
小馬國女孩	cgroup	Module:CGroup/My Little Pony@91388064	
小馬國運動大賽	cgroup	Module:CGroup/My Little Pony@91388064	
小馬的遊戲	cgroup	Module:CGroup/My Little Pony@91388064	
小馬賽車	cgroup	Module:CGroup/My Little Pony@91388064	
小馬鎮	cgroup	Module:CGroup/My Little Pony@91388064	
小馬鎮夜未眠	cgroup	Module:CGroup/My Little Pony@91388064	
小馬鎮秘聞	cgroup	Module:CGroup/My Little Pony@91388064	
小駿	cgroup	Template:CGroup/爆丸@31893398	
小鴨宿舍	cgroup	Module:CGroup/Danball Senki@81863967	
小鷸初登場	cgroup	Module:CGroup/Pixar@93247177	
小麗	cgroup	Template:CGroup/Sailor Moon@93051346	CHECK
小麥葛	cgroup	Module:CGroup/Pixar@93247177	
小麥金	cgroup	Module:CGroup/Pixar@93247177	
小黑爵	cgroup	Template:CGroup/Crazyracing Kartrider@60141039	
小龍貓	char	龙猫@93245446	
小龜	char	七龙珠角色列表@94425793	
少女與戰車	title	少女与战车@93117389	
少女革命	title	少女革命@93843108	
少年劍道王直角	cgroup	Module:CGroup/Anime@94680982	
少年啪	cgroup	Template:CGroup/Adventure Time@90284406	
少年犯罪檔案	cgroup	Module:CGroup/Anime@94680982	
少年球棒	char	妄想代理人@91610420	
少根筋小鬼	cgroup	Template:CGroup/妖怪手錶@75937932	
少棒小魔投	cgroup	Module:CGroup/Anime@94680982	
少爺曼波	cgroup	Module:CGroup/Doraemon@88509940	
少蔥	cgroup	Module:CGroup/Simpsons@84869408	
尖刺式	cgroup	Template:CGroup/GundamIBO@91631774	
尖刺式格雷茲	cgroup	Template:CGroup/GundamIBO@91631774	CHECK
尖刺炸彈	cgroup	Module:CGroup/Counter-Strike@85677571	zh-hant
尖叫俠	cgroup	Module:CGroup/Pixar@93247177	
尖針槍	cgroup	Template:CGroup/GundamAGE@51366593	
尖頭拉瑞	cgroup	Module:CGroup/SpongeBob SquarePants@91129493	
尖頭槌	cgroup	Module:CGroup/Counter-Strike@85677571	zh-hant
尚布爾	cgroup	Template:CGroup/GBF@82201572	
尚恩	char	小魔女DoReMi@94721174	
尚昊	cgroup	Template:CGroup/GundamUC@94693163	
尚梅爾	cgroup	Template:CGroup/GundamSeed@92969101	
尚氣與十環傳奇	cgroup	Module:CGroup/美国漫画@94638375	
尚羲學院	cgroup	Module:CGroup/Wow@94351016	
尚萬強	char	悲慘世界 少女珂賽特@94720109	
尤修魯	char	悲慘世界 少女珂賽特@94720109	
尤利	cgroup	Module:CGroup/SPY×FAMILY@86080268	
尤匹	cgroup	Template:CGroup/HUNTER@80241645	
尤吉歐	cgroup	Module:CGroup/SAO@89298185	
尤哈娜	cgroup	Template:CGroup/GundamIBO@91631774	CHECK
尤哈娜型情魔	cgroup	Template:CGroup/GundamIBO@91631774	CHECK
尤哈娜型情魔鋼彈	cgroup	Template:CGroup/GundamIBO@91631774	CHECK
尤基艾寧	cgroup	Template:CGroup/GBF@82201572	
尤奇	cgroup	Module:CGroup/OnePiece@83858889	
尤娜拉	cgroup	Module:CGroup/LOL@93322985	CHECK
尤尼克隆	cgroup	Template:CGroup/Transformers@87179168	
尤摩捷統治委員會	cgroup	Template:CGroup/StarCraft2@39914602	
尤摩捷護衛隊	cgroup	Template:CGroup/StarCraft2@39914602	
尤斯提納	cgroup	Template:CGroup/打工吧！魔王大人@40273238	
尤爾艾卡	char	ONE PIECE FILM RED@94073649	
尤琳	cgroup	Template:CGroup/GundamAGE@51366593	
尤米爾	cgroup	Template:CGroup/進擊的巨人@76977335	
尤納	cgroup	Template:CGroup/GundamSeed@92969101	
尤納斯	char	終末的伊澤塔@91239289	
尤莉安	cgroup	Template:CGroup/Ultraman@94663541	
尤蓓爾	cgroup	Module:CGroup/Frieren@82010966	
尤蘭	cgroup	Template:CGroup/GundamSeed@92969101	
尤里	cgroup	Module:CGroup/Jewelpet@81833309	
尹卡蘭姆	cgroup	Module:CGroup/OnePiece@83858889	
尹基中	cgroup	Module:CGroup/Solo Leveling@86308871	
尼克頻道兒童票選獎	cgroup	Module:CGroup/Cartoon@93410586	
尼凡斯	cgroup	Module:CGroup/ResidentEvil@94612703	
尼博士	char	飛虎奇兵@90162991	
尼卡	char	DARKER THAN BLACK@93233512	
尼古萊	char	高譚角色列表@92146409	
尼可夫	cgroup	Module:CGroup/Doraemon@88509940	
尼吉	char	名偵探柯南角色列表@94461808	
尼多力諾	cgroup	Template:CGroup/Pokemon@85444397	
尼多后	cgroup	Template:CGroup/Pokemon@85444397	
尼多娜	cgroup	Template:CGroup/Pokemon@85444397	CHECK
尼多朗	cgroup	Template:CGroup/Pokemon@85444397	
尼多羅康柏	cgroup	Template:CGroup/Transformers@87179168	
尼多蘭	cgroup	Template:CGroup/Pokemon@85444397	
尼夫加爾德	cgroup	Template:CGroup/The Witcher@86825096	
尼奇	char	七龍珠Z 熱血熱鬥@93733649	
尼德霍格獸	char	数码宝贝大冒险：角色列表@94538377	
尼摩	cgroup	Template:CGroup/GundamUC@94693163	
尼普斯	char	航海王電影：GOLD@93412929	
尼根	cgroup	Template:CGroup/GundamTWFM@82129397	
尼歐	cgroup	Template:CGroup/GundamSeed@92969101	
尼比市	cgroup	Template:CGroup/Pokemon@85444397	
尼爾斯	cgroup	Template:CGroup/GBF@82201572	
尼爾森級	cgroup	Template:CGroup/GundamSeed@92969101	
尼羅鋼彈	cgroup	Template:CGroup/GGundam@85035825	
尼莫	cgroup	Module:CGroup/Pixar@93247177	
尼菲迪獸	cgroup	Template:CGroup/Digimon@94687201	
尼達	cgroup	Template:CGroup/GundamSeed@92969101	
尼飛彼多	cgroup	Template:CGroup/HUNTER@80241645	
尾上遼	char	戰鬥陀螺 鋼鐵奇兵角色列表@94643342	
尾久崎晶	char	舞-HiME角色列表@91610502	
尾之上將人	char	白箱@94727899	
尾後清美	char	Smile 光之美少女！@93787006	
尾鞭刀	cgroup	Template:CGroup/GundamIBO@91631774	
居里歐	char	星之卡比 (動畫)@94160462	
屋卡奇	cgroup	Module:CGroup/SAO@89298185	
屋田誠人	char	名偵探柯南角色列表@94461808	
屍屋獸兵衛	char	半妖的夜叉姬@87932716	
屍舞烏	char	犬夜叉角色列表@94790447	
屍體如山的死亡遊戲	cgroup	Module:CGroup/Anime@94680982	
屠戮大橋	cgroup	Module:CGroup/LOL@93322985	
山下洋介	char	回转企鹅罐@94635162	
山下秀子	char	高校艦隊@93341996	
山倉多惠	char	名偵探柯南：迷宮的十字路@94462568	
山克王國	cgroup	Template:CGroup/GundamW@87064245	
山內信秋	char	小魔女DoReMi@94721174	
山口喜美子	char	名偵探柯南：紺碧之棺@91454532	
山口美佳	char	妖怪手錶系列@93337229	
山吹將	char	來自繽紛世界的明日@94729384	
山吹尚子	char	FRESH光之美少女！@93922959	
山吹明	char	爆旋陀螺Burst@94644099	
山吹正	char	FRESH光之美少女！@93922959	
山夏	cgroup	Template:CGroup/Mabinogi@50754648	
山姆耶爾	cgroup	Template:CGroup/進擊的巨人@76977335	
山尾忠志	char	海潮之声@94677880	
山尾溪介	char	名侦探柯南：沉默的15分钟@94454904	
山崎宗介	char	Free!@93607624	
山崎敦	char	妖怪手錶系列@93337229	
山嶺女俠	cgroup	Template:CGroup/MyHeroAcademia@87565804	
山木滿雄	char	数码宝贝03驯兽师之王角色列表@94744434	
山本冬樹	char	奇巧計程車@89552760	
山本敬子	char	小魔女DoReMi@94721174	
山本麗華	char	玲音@94565560	CHECK
山村千津	char	喬瑟與虎與魚群動畫版@94591558	
山根紫音	char	名偵探柯南：戰慄的樂譜@94461985	
山森慎三	char	名侦探柯南：第11位前锋@94749116	
山海經高級中學	cgroup	Module:CGroup/BlueArchive@93972468	zh-hant
山田健二	char	妖怪手錶系列@93337229	
山田妙	char	佐賀偶像是傳奇@94005232	
山田昌志	char	白箱@94727899	
山田晴子	char	數碼寶貝覺醒節拍角色列表@94712797	
山田正臣	char	拜託了☆老師@90724500	
山田浩二	char	戰鬥陀螺 鋼鐵奇兵角色列表@94643342	
山科浪漫	char	月色真美@90814427	
山童	char	地狱少女@93363580	
山米爾平原	cgroup	Template:CGroup/Mabinogi@50754648	
山羊獸	char	数码宝贝幽灵游戏角色列表@94560916	
山羊男	char	哆啦A梦角色列表@94533440	
山脈之王	cgroup	Template:CGroup/Heroes of the Storm@49727842	
山達斯	cgroup	Template:CGroup/GundamUC@94693163	
山鄉步	char	少女與戰車角色列表@93320972	
山野邊隆雄	char	可塑性記憶@94399638	
屹耳	cgroup	Module:CGroup/Disney@93925402	
岡倉政明	char	名偵探柯南：漆黑的追跡者@94634868	
岡崎泰葉	char	偶像大師 灰姑娘女孩角色列表@91786822	
岡恩	cgroup	Module:CGroup/美国漫画@94638375	
岡本市長	char	名偵探柯南：引爆摩天樓@94461938	
岡本浩平	char	名偵探柯南：引爆摩天樓@94461938	
岡村昭宏	char	血戰@94607019	
岡正吉	char	SK∞@93649849	
岡海爾	cgroup	Template:CGroup/GundamAGE@51366593	
岡田奈奈子	char	小魔女DoReMi@94721174	
岡田真由	char	Smile 光之美少女！@93787006	
岡茲巴克	cgroup	Template:CGroup/GundamUC@94693163	CHECK
岡部太郎	char	決鬥大師@92994775	
岡部稔	char	鈴芽之旅@94338447	
岡野十和子	char	名偵探柯南：第14號獵物@94562556	
岩井紗世子	char	名偵探柯南：零的執行人@94628185	
岩倉康男	char	玲音@94565560	
岩倉玲音	char	玲音@94565560	
岩倉美穂	char	玲音@94565560	
岩倉美香	char	玲音@94565560	
岩太	char	哆啦A梦角色列表@94533440	
岩巖魔蠍	cgroup	Template:CGroup/戰鬥陀螺 鋼鐵奇兵@68490308	
岩戶椿芽	char	鈴芽之旅@94338447	
岩戶環	char	鈴芽之旅@94338447	
岩戶鈴芽	char	鈴芽之旅@94338447	
岩永城兒	char	名偵探柯南：紺碧之棺@91454532	
岩清水透	char	Free!@93607624	
岩藏	char	ONE PIECE 黃金島大冒險@93015050	
岩谷尚文	char	異世界四重奏@93605298	
岬彩音	char	光之美少女：食尚甜心@92951245	
岬明乃	char	高校艦隊@93341996	
岬直也	char	名偵探柯南：水平線上的陰謀@94562230	
岱諾可	cgroup	Module:CGroup/Pixar@93247177	
岳山人	char	犬夜叉角色列表@94790447	
岳野雪	char	名偵探柯南角色列表@94461808	
岸久美子	char	名偵探柯南：業火的向日葵@94611870	
岸和田完治	char	數碼寶貝覺醒節拍角色列表@94712797	
岸大和	char	名偵探柯南：絕海的偵探@94596266	
岸本花菜	char	喬瑟與虎與魚群動畫版@94591558	
岸部彩華	char	偶像大師 灰姑娘女孩角色列表@91786822	
峰岸淳	char	来自风平浪静的明天@94727749	
島乃活真	char	我的英雄学院角色列表@94403792	
島乃真幌	char	我的英雄学院角色列表@94403792	
島倉香織	char	小魔女DoReMi@94721174	
島山明	char	哆啦A梦角色列表@94533440	
島岡	char	名偵探柯南：銀翼的奇術師@94771896	
島崎康生	char	拜託了☆雙子星@90723419	
島村卯月	char	偶像大師 灰姑娘女孩角色列表@91786822	
島津千香	char	PSYCHO-PASS角色列表@93403235	
島田一旗	char	電影版 聲之形@93974890	
島田千代	char	少女與戰車角色列表@93320972	
島田愛里壽	char	少女與戰車角色列表@93320972	
島直樹	char	遊戲王VRAINS@92292355	
島袋君惠	char	名偵探柯南角色列表@94461808	
峽谷突圍	cgroup	Module:CGroup/Counter-Strike@85677571	zh-hant
崑萊峰	cgroup	Module:CGroup/Wow@94351016	
崔尼提	cgroup	Template:CGroup/Gundam00@70972545	
崔弗	cgroup	Template:CGroup/Mabinogi@50754648	
崔弟與傻大貓	cgroup	Module:CGroup/Cartoon@93410586	CHECK
崔正秀	cgroup	Module:CGroup/閃電十一人@68657168	
崔瓦因	cgroup	Module:CGroup/Danball Senki@81863967	
崔絲塔娜	char	少女與戰車角色列表@93320972	CHECK
崔西	cgroup	Module:CGroup/My Little Pony@91388064	CHECK
崔鍾仁	cgroup	Module:CGroup/Solo Leveling@86308871	
嵌合蟻	cgroup	Template:CGroup/HUNTER@80241645	CHECK
嶺司	cgroup	Template:CGroup/GBF@82201572	
巖牙	char	BLEACH角色列表@94571323	
巖窟王	title	巖窟王@93890339	
川井梨花	char	奇蛋物语@93093482	
川井美樹	char	電影版 聲之形@93974890	
川口太朗	cgroup	Template:CGroup/Bakuman@59602158	
川口聰	char	名侦探柯南：天空的遇难船@94562607	
川合胡桃	char	來自繽紛世界的明日@94729384	
川合苺花	char	來自繽紛世界的明日@94729384	
川尻崇子	char	花開物語@94760130	
川島瑞樹	char	偶像大師 灰姑娘女孩角色列表@91786822	
川崎愛琉	char	数码宝贝合体战争角色列表@94717250	
川戶恭二	cgroup	Template:CGroup/Battle Spirits@29023902	
川村山葵	char	乘浪之約@93582562	
川津明雄	char	妄想代理人@91610420	
川越令	char	Little Busters!角色列表@91842236	
川頓	cgroup	Module:CGroup/Disney@93925402	
巡迴犬吠	char	数码宝贝03驯兽师之王角色列表@94744434	
巢刈	char	甲鐵城的卡巴內里@93830519	
工工廠危險儲蓄室	cgroup	Template:CGroup/Crazyracing Kartrider@60141039	
工廠任性的布羅帝	cgroup	Template:CGroup/Crazyracing Kartrider@60141039	
工廠傻瓜陷阱	cgroup	Template:CGroup/Crazyracing Kartrider@60141039	
工廠探險開始	cgroup	Template:CGroup/Crazyracing Kartrider@60141039	
工廠砰砰砰大冒險	cgroup	Template:CGroup/Crazyracing Kartrider@60141039	
工廠系統	cgroup	Template:CGroup/Crazyracing Kartrider@60141039	
工程師部	cgroup	Module:CGroup/BlueArchive@93972468	zh-hant
工程用	cgroup	Template:CGroup/GundamAGE@51366593	
工程金剛	cgroup	Template:CGroup/Transformers@87179168	
工藤大樹	char	数码宝贝合体战争角色列表@94717250	
工藤忍	char	偶像大師 灰姑娘女孩角色列表@91786822	
工藤睦美	char	小魔女DoReMi@94721174	
工頭必殺技	cgroup	Template:CGroup/Crazyracing Kartrider@60141039	
左京火箭號	cgroup	Template:CGroup/四驅兄弟@86987120	
左輪獸	char	数码宝贝大冒险：角色列表@94538377	
巧克力漩渦	char	光之美少女：食尚甜心@92951245	
巧克力雲	cgroup	Template:CGroup/魔法咪路咪路@26972197	
巨人之盾	cgroup	Module:CGroup/Danball Senki@81863967	
巨人網絡	cgroup	Module:CGroup/Games-zh@90861641	zh-hant
巨劍刃	cgroup	Template:CGroup/GundamSeed@92969101	
巨劍型	cgroup	Template:CGroup/GundamAGE@51366593	
巨劍型外掛裝備	cgroup	Template:CGroup/GundamSeed@92969101	
巨劍型攻擊	cgroup	Template:CGroup/GundamSeed@92969101	
巨劍型攻擊鋼彈	cgroup	Template:CGroup/GundamSeed@92969101	
巨劍型脈衝鋼彈	cgroup	Template:CGroup/GundamSeed@92969101	
巨劍魔像	cgroup	Module:CGroup/SAO@89298185	
巨型石牢	cgroup	Module:CGroup/閃電十一人@68657168	
巨型螺旋塔	cgroup	Template:CGroup/StarCraft@73588136	
巨型貓妖	char	半妖的夜叉姬@87932716	
巨型鏈錨	cgroup	Template:CGroup/GundamIBO@91631774	
巨大鋒翼鳥	char	星之卡比 (動畫)@94160462	
巨大鍬形蟲獸	char	数码宝贝大冒险：角色列表@94538377	
巨岩天蠍	cgroup	Template:CGroup/戰鬥陀螺 鋼鐵奇兵@68490308	
巨岩猛熊	cgroup	Template:CGroup/戰鬥陀螺 鋼鐵奇兵@68490308	
巨岩獸	cgroup	Template:CGroup/Digimon@94687201	
巨岩雄獅	cgroup	Template:CGroup/戰鬥陀螺 鋼鐵奇兵@68490308	
巨岩麒麟	cgroup	Template:CGroup/戰鬥陀螺 鋼鐵奇兵@68490308	
巨星鋼彈	cgroup	Template:CGroup/GGundam@85035825	
巨犀獸	char	数码宝贝大冒险：角色列表@94538377	
巨獸禮物箱	cgroup	Module:CGroup/Counter-Strike@85677571	zh-hant
巨獸雷比亞的採樣	cgroup	Module:CGroup/Counter-Strike@85677571	zh-hant
巨石峰	cgroup	Module:CGroup/LOL@93322985	
巨石達摩	cgroup	Module:CGroup/閃電十一人@68657168	
巨神兵現身東京	cgroup	Module:CGroup/Anime@94680982	
巨神大杉	cgroup	Module:CGroup/SAO@89298185	
巨花獸	char	数码宝贝大冒险：角色列表@94538377	
巨蜥型座天使式	cgroup	Template:CGroup/Gundam00@70972545	
巨蠍	cgroup	Template:CGroup/Transformers@87179168	
巨豪薩克	cgroup	Template:CGroup/GBF@82201572	
巨集蜘蛛	cgroup	Template:CGroup/爆丸@31893398	
巨霸魔羯	cgroup	Template:CGroup/戰鬥陀螺 鋼鐵奇兵@68490308	
巨霸魔龍	cgroup	Template:CGroup/爆丸@31893398	
巨魔像	cgroup	Template:CGroup/Mabinogi@50754648	
巨魔蠍	cgroup	Module:CGroup/Counter-Strike@85677571	zh-hant
巨魔醫術師	cgroup	Template:CGroup/Warcraft@92164655	zh-hant
巨龍崛起	cgroup	Module:CGroup/Wow@94351016	
巨龍鑽	cgroup	Template:CGroup/降世神通@43998034	
巫毒小屋	cgroup	Template:CGroup/Warcraft@92164655	zh-hant
差不多娃娃	char	寶可夢動畫角色列表@93411809	CHECK
巴伯	char	悲慘世界 少女珂賽特@94720109	CHECK
巴佛	cgroup	Template:CGroup/GundamIBO@91631774	CHECK
巴修	char	寶可夢動畫角色列表@93411809	CHECK
巴克	cgroup	Module:CGroup/Pixar@93247177	CHECK
巴克托	cgroup	Template:CGroup/GundamAGE@51366593	CHECK
巴其	cgroup	Module:CGroup/OnePiece@83858889	CHECK
巴別	char	数码宝贝03驯兽师之王角色列表@94744434	CHECK
巴利摩	cgroup	Template:CGroup/黑執事@49361116	CHECK
巴利頓	char	Suite 光之美少女♪@92951168	CHECK
巴力歐帝斯	cgroup	Template:CGroup/爆丸@31893398	CHECK
巴卡斯	char	森林王子 少年毛克利@94715809	CHECK
巴古拉	cgroup	Template:CGroup/Digimon@94687201	CHECK
巴古拉軍	char	数码宝贝合体战争@94740332	CHECK
巴古蘭贊	cgroup	Template:CGroup/GundamIBO@91631774	CHECK
巴司卡瓦	cgroup	Template:CGroup/潘朵拉之心@39382393	CHECK
巴吉拉	char	森林王子 少年毛克利@94715809	CHECK
巴吉爾	cgroup	Template:CGroup/Reborn@29403199	CHECK
巴吉納	cgroup	Template:CGroup/GundamUC@94693163	CHECK
巴吉路	cgroup	Template:CGroup/GundamSeed@92969101	CHECK
巴哈姆斯	cgroup	Module:CGroup/閃電十一人@68657168	
巴士司機	char	學校怪談 (動畫)@92145862	
巴多羅密歐	char	萬里尋親記@94719791	CHECK
巴大蝶	cgroup	Template:CGroup/Pokemon@85444397	CHECK
巴夫提亞爾	cgroup	Template:CGroup/Gundam00@70972545	CHECK
巴奇	cgroup	Module:CGroup/美国漫画@94638375	CHECK
巴奈特	cgroup	Template:CGroup/黑執事@49361116	CHECK
巴寧格	cgroup	Template:CGroup/GundamUC@94693163	CHECK
巴尼爾	char	異世界四重奏@93605298	
巴巴力提亞	cgroup	Template:CGroup/打工吧！魔王大人@40273238	
巴布	cgroup	Template:CGroup/DragonBall@92325756	CHECK
巴布西西	cgroup	Module:CGroup/My Little Pony@91388064	CHECK
巴恩斯	cgroup	Template:CGroup/GundamUC@94693163	CHECK
巴托	cgroup	Template:CGroup/GundamSeed@92969101	CHECK
巴拉丁堡	cgroup	Module:CGroup/Wow@94351016	CHECK
巴拉埃納	cgroup	Template:CGroup/GundamIBO@91631774	CHECK
巴拉岡	cgroup	Module:CGroup/BLEACH@81833737	CHECK
巴拉蒂	cgroup	Module:CGroup/OnePiece@83858889	CHECK
巴拉蒙	cgroup	Template:CGroup/黑執事@49361116	CHECK
巴提	char	魔法使光之美少女！@94758670	CHECK
巴斯勒	char	終末的伊澤塔@91239289	CHECK
巴斯博士	char	新·大雄的宇宙開拓史@94688485	CHECK
巴斯卡克	cgroup	Template:CGroup/GundamSeed@92969101	
巴斯古	cgroup	Template:CGroup/FullmetalAlchemist@48481493	CHECK
巴斯塔拜	cgroup	Module:CGroup/BLEACH@81833737	CHECK
巴斯多拉	char	Suite 光之美少女♪@92951168	CHECK
巴斯特	cgroup	Template:CGroup/GundamUC@94693163	CHECK
巴斯達	char	七龍珠 神龍傳說@93733675	CHECK
巴林尼亞	cgroup	Template:CGroup/GundamUC@94693163	
巴林波	char	天元突破 紅蓮螺巖@93776700	
巴格萊老先生	char	愛的小婦人物語@94856165	CHECK
巴歐絲婆婆	char	七龙珠角色列表@94425793	CHECK
巴氏大樓	cgroup	Module:CGroup/美国漫画@94638375	CHECK
巴洛	cgroup	Module:CGroup/BLEACH@81833737	CHECK
巴洛克華克	cgroup	Module:CGroup/OnePiece@83858889	
巴洛律師	char	小公主莎拉@94856128	CHECK
巴爾巴托斯	cgroup	Template:CGroup/GundamIBO@91631774	CHECK
巴爾德	cgroup	Template:CGroup/黑執事@49361116	CHECK
巴爾戴伯	cgroup	Module:CGroup/Danball Senki@81863967	CHECK
巴爾托羅	cgroup	Template:CGroup/Code Geass@70270136	CHECK
巴爾斯帕羅	cgroup	Module:CGroup/Danball Senki@81863967	CHECK
巴爾札	char	Pokemon the movie XY 光環的超魔神 胡帕@93394331	CHECK
巴爾札特	cgroup	Template:CGroup/Crazyracing Kartrider@60141039	CHECK
巴爾獸	char	数码宝贝幽灵游戏角色列表@94560916	CHECK
巴爾貝羅	char	91Days@89878470	CHECK
巴特斯	cgroup	Template:CGroup/Mazinger@84157445	CHECK
巴特普	cgroup	Module:CGroup/閃電十一人@68657168	CHECK
巴特洛馬	cgroup	Module:CGroup/OnePiece@83858889	CHECK
巴特獸	cgroup	Template:CGroup/Digimon@94687201	CHECK
巴索羅繆	cgroup	Module:CGroup/OnePiece@83858889	CHECK
巴羅涅	cgroup	Template:CGroup/Battle Spirits@29023902	CHECK
巴羅諾克	cgroup	Template:CGroup/GundamAGE@51366593	CHECK
巴蒂斯特	cgroup	Module:CGroup/Jewelpet@81833309	CHECK
巴薩姆	cgroup	Template:CGroup/GundamUC@94693163	CHECK
巴西直升機駕駛	cgroup	Module:CGroup/Pixar@93247177	
巴辛族	cgroup	Module:CGroup/SAO@89298185	CHECK
巴農	cgroup	Module:CGroup/SAO@89298185	CHECK
巴迪	cgroup	Module:CGroup/Pixar@93247177	CHECK
巴達克	cgroup	Template:CGroup/DragonBall@92325756	CHECK
巴達克斯	cgroup	Template:CGroup/Yes! 光之美少女5@89217113	CHECK
巴里安多斯	char	萬里尋親記@94719791	
巴雷斯	cgroup	Template:CGroup/Mabinogi@50754648	CHECK
巴雷西	char	羅密歐的藍天@91519228	CHECK
巴霍雷爾	char	悲慘世界 少女珂賽特@94720109	CHECK
巴魯多	cgroup	Template:CGroup/進擊的巨人@76977335	CHECK
巴魯托	cgroup	Module:CGroup/SAO@89298185	CHECK
巴魯特	cgroup	Template:CGroup/FullmetalAlchemist@48481493	CHECK
巴麻美	char	魔法少女小圓角色列表@94590242	CHECK
巴龍	cgroup	Module:CGroup/LOL@93322985	CHECK
巽幸太郎	char	佐賀偶像是傳奇@94005232	
市佳代	char	名偵探柯南：迷宮的十字路@94462568	
市原仁奈	char	偶像大師 灰姑娘女孩角色列表@91786822	
市村志帆	char	奇巧計程車@89552760	
市民保安隊	cgroup	Module:CGroup/Half-Life@94355597	
市民惡靈	char	吊带袜天使@94456883	
市長先生	char	飛天小女警Z@94716201	
市長夫人	char	小公主莎拉@94856128	
市長祕書	char	劇場版 寶可夢 我們的故事@86542622	
布丁啾企鵝	char	回转企鹅罐@94635162	
布偶鴨呱呱	char	飛天小女警Z@94716201	
布利亞	cgroup	Template:CGroup/GundamAGE@51366593	
布利古斯	cgroup	Template:CGroup/FullmetalAlchemist@48481493	
布利絲	cgroup	Template:CGroup/愛天使傳說@43103330	
布勒基帝	char	爆丸5星域爭霸@90756067	CHECK
布勞恩型	cgroup	Template:CGroup/Digimon@94687201	
布察	char	Fractale@90968404	
布布恰恰	cgroup	Module:CGroup/Anime@94680982	
布拉	cgroup	Template:CGroup/DragonBall@92325756	
布拉克副官	cgroup	Template:CGroup/DragonBall@92325756	
布拉塔諾	cgroup	Template:CGroup/Pokemon@85444397	
布拉德雷	cgroup	Template:CGroup/FullmetalAlchemist@48481493	
布拉特	cgroup	Template:CGroup/GundamUC@94693163	
布拉維肯	cgroup	Template:CGroup/The Witcher@86825096	
布斯伯茲	cgroup	Template:CGroup/Cyber Formula@68486475	CHECK
布施大輝	char	K (動畫)@93234659	
布朗奇	cgroup	Module:CGroup/Jewelpet@81833309	
布朗斯基	cgroup	Module:CGroup/美国漫画@94638375	zh-hant
布朗海文	cgroup	Module:CGroup/美国漫画@94638375	
布朗茲大臣	char	SPY×FAMILY間諜家家酒角色列表@94041877	CHECK
布林格	cgroup	Template:CGroup/Gundam00@70972545	
布比	cgroup	Template:CGroup/Yes! 光之美少女5@89217113	
布洛斯	cgroup	Template:CGroup/Mabinogi@50754648	
布洛瓦	cgroup	Template:CGroup/GOSICK@62514366	
布爾迪歐	char	森林王子 少年毛克利@94715809	
布琳琪	cgroup	Module:CGroup/Jewelpet@81833309	
布羅利	cgroup	Template:CGroup/DragonBall@92325756	
布羅帝	cgroup	Template:CGroup/Crazyracing Kartrider@60141039	
布羅帝巨大能量來源	cgroup	Template:CGroup/Crazyracing Kartrider@60141039	
布羅帝秘密的實驗室	cgroup	Template:CGroup/Crazyracing Kartrider@60141039	
布羅帝能源生產基地	cgroup	Template:CGroup/Crazyracing Kartrider@60141039	
布艾魯	cgroup	Template:CGroup/GundamSeed@92969101	
布莉瑪	cgroup	Template:CGroup/小魔女DoReMi@65858319	
布莉雷亞	cgroup	Template:CGroup/潘朵拉之心@39382393	
布萊	cgroup	Module:CGroup/Frieren@82010966	
布萊克史東	char	湯姆歷險記 (動畫)@94720074	
布萊兒	cgroup	Module:CGroup/Counter-Strike@85677571	zh-hant
布萊德利	cgroup	Template:CGroup/GOSICK@62514366	
布萊頓先生	char	名偵探福爾摩斯@94071005	
布蕾爾	cgroup	Module:CGroup/LOL@93322985	
布蘭	cgroup	Template:CGroup/GundamAGE@51366593	
布蘭克托什	cgroup	Module:CGroup/KingOfFighters@91481321	
布蘭卡	char	寶可夢動畫角色列表@93411809	
布賴斯高	cgroup	Template:CGroup/Code Geass@70270136	
布迪	cgroup	Template:CGroup/Yes! 光之美少女5@89217113	
布里克	char	湯姆歷險記 (動畫)@94720074	
布里德	cgroup	Template:CGroup/Cyber Formula@68486475	
布里耶	cgroup	Template:CGroup/GundamUC@94693163	
布雷克斯	cgroup	Template:CGroup/GundamUC@94693163	
布雷茲	cgroup	Module:CGroup/美国漫画@94638375	CHECK
布雷薩	cgroup	Template:CGroup/Ultraman@94663541	
布雷騫絲卡	cgroup	Template:CGroup/進擊的巨人@76977335	
布飛狗	cgroup	Module:CGroup/Pixar@93247177	
布魯威特夫人	char	清秀佳人 (動畫)@94720065	
布魯德	cgroup	Template:CGroup/GGundam@85035825	
布魯托	cgroup	Module:CGroup/Disney@93925402	
布魯提卡斯	cgroup	Template:CGroup/Transformers@87179168	
布魯曼	cgroup	Template:CGroup/GundamIBO@91631774	
布魯格	cgroup	Module:CGroup/Frieren@82010966	
布魯薩	cgroup	Template:CGroup/GundamAGE@51366593	
布魯薩德	cgroup	Module:CGroup/美国漫画@94638375	
布魯賈姆	cgroup	Module:CGroup/OnePiece@83858889	
布魯通	cgroup	Template:CGroup/Ultraman@94663541	zh-hant
布麗	cgroup	Module:CGroup/Pixar@93247177	CHECK
布麗塔	char	DARKER THAN BLACK@93233512	CHECK
布麗姬特	char	愛少女波麗安娜物語@94856145	CHECK
希亞克伊博士	char	大雄的南極冰天雪地大冒險@88140142	
希利斯	cgroup	Module:CGroup/Jewelpet@81833309	
希加魯	cgroup	Module:CGroup/Square Enix@93012351	
希卡利	cgroup	Template:CGroup/Ultraman@94663541	
希卡達	char	最後流亡@88447673	
希妲	char	異世界四重奏@93605298	
希娜	cgroup	Module:CGroup/OnePiece@83858889	CHECK
希布林	cgroup	Template:CGroup/Mabinogi@50754648	
希干希納	cgroup	Template:CGroup/進擊的巨人@76977335	
希德	char	高譚角色列表@92146409	
希德斯特雪原	cgroup	Template:CGroup/Mabinogi@50754648	
希普蕾	char	Heartcatch 光之美少女！@94574540	
希望王國國王	char	Go Princess 光之美少女@94065409	
希望精靈	char	光之美少女@94825358	
希林格	cgroup	Template:CGroup/Gundam00@70972545	
希林理	char	半妖的夜叉姬@87932716	
希格瑪西斯	cgroup	Template:CGroup/GundamAGE@51366593	CHECK
希波利塔	cgroup	Module:CGroup/美国漫画@94638375	
希洛	cgroup	Template:CGroup/GundamW@87064245	
希洛文	char	星際寶貝：神奇大冒險@94779708	
希洛楊克	cgroup	Template:CGroup/BUDDYCOMPLEX@77221119	
希爾克	char	吊带袜天使@94456883	
希爾德卡恩	cgroup	Template:CGroup/DragonBall@92325756	
希爾斯布萊德丘陵舊址	cgroup	Module:CGroup/Wow@94351016	
希爾梅	cgroup	Template:CGroup/GundamIBO@91631774	
希爾達	cgroup	Template:CGroup/GundamSeed@92969101	
希琳	cgroup	Template:CGroup/Gundam00@70972545	
希瓦娜斯	cgroup	Template:CGroup/Heroes of the Storm@49727842	CHECK
希絲特莉亞	cgroup	Template:CGroup/進擊的巨人@76977335	
希維治先生	char	名偵探福爾摩斯@94071005	
希羅克	cgroup	Template:CGroup/GundamUC@94693163	
希芙	cgroup	Module:CGroup/美国漫画@94638375	
希茲	cgroup	Module:CGroup/SAO@89298185	CHECK
希茲克利夫	cgroup	Module:CGroup/SAO@89298185	CHECK
希莉卡	char	星之卡比 (動畫)@94160462	
希薇	cgroup	Module:CGroup/美国漫画@94638375	
希貝拉	char	天元突破 紅蓮螺巖@93776700	
希迪姆的箱子	cgroup	Module:CGroup/BlueArchive@93972468	zh-hant
希阿	cgroup	Module:CGroup/美国漫画@94638375	
帕亞	cgroup	Template:CGroup/Yes! 光之美少女5@89217113	
帕倫卡傑斯	cgroup	Module:CGroup/BLEACH@81833737	
帕切	cgroup	Template:CGroup/GundamTWFM@82129397	
帕利士通	cgroup	Template:CGroup/HUNTER@80241645	
帕卡	char	寶可夢動畫角色列表@93411809	
帕卡多	cgroup	Template:CGroup/GundamUC@94693163	
帕卡尼亞	cgroup	Template:CGroup/FullmetalAlchemist@48481493	
帕古洛	cgroup	Module:CGroup/Pixar@93247177	
帕噠拉薩	cgroup	Template:CGroup/Pichi Pichi Pitch@94608266	
帕奇納斯	cgroup	Module:CGroup/閃電十一人@68657168	
帕妮孃	cgroup	Template:CGroup/FullmetalAlchemist@48481493	
帕娜	cgroup	Module:CGroup/Cyberpunk@85139581	CHECK
帕布津	char	七龍珠Z：一夫當關的最終決戰～向弗利沙挑戰的Z戰士 孫悟空之父～@93733662	
帕帕克	cgroup	Module:CGroup/OnePiece@83858889	
帕拉杜克斯	char	10th週年劇場版 遊戲王 ～超融合！跨越時空的羈絆～@93383120	
帕斯特	char	罪惡王冠@87767894	
帕斯科	char	高立的未來世界@90116301	
帕普提茲姆	cgroup	Template:CGroup/Gundam00@70972545	CHECK
帕普頓	cgroup	Template:CGroup/GundamUC@94693163	
帕比	cgroup	Template:CGroup/魔法咪路咪路@26972197	
帕法西	cgroup	Template:CGroup/Gundam00@70972545	CHECK
帕洛烏	cgroup	Template:CGroup/Getter Robo@89726924	
帕爾登	char	高譚角色列表@92146409	
帕特拉斯	char	BLEACH角色列表@94571323	
帕特森夫人	char	長腿叔叔 (動畫)@94856329	
帕琦拉	char	寶可夢動畫角色列表@93411809	
帕瓦德	cgroup	Template:CGroup/Ultraman@94663541	
帕盧姆之樹	cgroup	Module:CGroup/Anime@94680982	
帕科	char	光之美少女：食尚甜心@92951245	
帕紐爾	char	阿爾卑斯物語 我的安妮特@94720095	
帕維	cgroup	Template:CGroup/GBF@82201572	
帕維特	cgroup	Module:CGroup/美国漫画@94638375	
帕維茲	cgroup	Template:CGroup/GBF@82201572	CHECK
帕茲	char	攻殼機動隊 STAND ALONE COMPLEX@94382435	CHECK
帕賽爾	char	DARKER THAN BLACK@93233512	
帕魯米王國	cgroup	Template:CGroup/Yes! 光之美少女5@89217113	
帕魯納	char	大雄與綠之巨人傳@90942689	
帖卡	cgroup	Module:CGroup/Disney@93925402	
帝凡	cgroup	Module:CGroup/美国漫画@94638375	
帝厲魔	char	数码宝贝03驯兽师之王角色列表@94744434	
帝國馬戲團	cgroup	Module:CGroup/SAO@89298185	
帝查卡	cgroup	Module:CGroup/美国漫画@94638375	
帝查拉	cgroup	Module:CGroup/美国漫画@94638375	
帝獅獸	char	數碼寶貝04無限地帶角色列表@94744460	
帝王世紀	cgroup	Module:CGroup/Games@94658856	
帝王列車	cgroup	Template:CGroup/KamenRider@94225985	
帝王巴隆	cgroup	Template:CGroup/KamenRider@94225985	CHECK
帝雅曼鐵	cgroup	Module:CGroup/OnePiece@83858889	
帥哥犬	cgroup	Template:CGroup/妖怪手錶@75937932	
席亞	cgroup	Module:CGroup/SAO@89298185	
席亞金幣	cgroup	Module:CGroup/SAO@89298185	
席倫蒂絲	cgroup	Template:CGroup/StarCraft@73588136	
席利	char	Suite 光之美少女♪@92951168	
席勒夫人	char	湯姆歷險記 (動畫)@94720074	
席多	cgroup	Template:CGroup/Death Note@84122694	
席娜	cgroup	Module:CGroup/閃電十一人@68657168	CHECK
席恩	cgroup	Template:CGroup/爆丸@31893398	
席格刀	cgroup	Template:CGroup/GundamAGE@51366593	
席爾巴斯	cgroup	Module:CGroup/OnePiece@83858889	CHECK
席爾茲小姐	char	名偵探福爾摩斯@94071005	CHECK
席爾菲奴	cgroup	Template:CGroup/童話槍手小紅帽@22981301	
席納普斯	cgroup	Template:CGroup/GundamUC@94693163	
席紐勒	cgroup	Template:CGroup/GOSICK@62514366	CHECK
席羅涅	cgroup	Template:CGroup/爆丸@31893398	
席耶拉	cgroup	Template:CGroup/Gundam00@70972545	
席諾	cgroup	Template:CGroup/GundamUC@94693163	
席魯巴	cgroup	Template:CGroup/FullmetalAlchemist@48481493	CHECK,zh-hant
帶土	cgroup	Template:CGroup/NARUTO@86143617	
常守朱	char	PSYCHO-PASS角色列表@93403235	
常守葵	char	PSYCHO-PASS角色列表@93403235	
常盤七香	char	魔法少女小圓角色列表@94590242	
常盤信彥	char	玉子市場@93415198	
常盤綠	char	玉子市場@93415198	
常磐市	cgroup	Template:CGroup/Pokemon@85444397	
常磐森林	cgroup	Template:CGroup/Pokemon@85444397	
常磐美緒	char	名偵探柯南：往天國的倒數計時@94658929	
帽鞍	cgroup	Module:CGroup/Minecraft@94388709	
幡之谷	cgroup	Template:CGroup/打工吧！魔王大人@40273238	
幡之谷站前店	cgroup	Template:CGroup/打工吧！魔王大人@40273238	
平井花子	char	少女與戰車角色列表@93320972	
平克頓	char	湯姆歷險記 (動畫)@94720074	
平凡傳奇	cgroup	Module:CGroup/Tales@54832633	
平坂道反	char	K (動畫)@93234659	
平岡大輔	char	白箱@94727899	
平澤一臣	char	東之伊甸@92226285	
平賀倫子	char	高校艦隊@93341996	
平野健太	char	Go Princess 光之美少女@94065409	
平面斬	cgroup	Module:CGroup/SAO@89298185	
年輕潮流組合	cgroup	Template:CGroup/Sim@37867988	
幸市	char	給小桃的信@94607052	
幸福精靈	char	光之美少女@94825358	
幸運女神	cgroup	Module:CGroup/Anime@94680982	
幸運寶石	cgroup	Module:CGroup/Jewelpet@81833309	
幸運草之牆	char	DokiDoki! 光之美少女@93549956	
幸運草氣球	char	DokiDoki! 光之美少女@93549956	
幸運超人	cgroup	Module:CGroup/Anime@94680982	
幻之銀水晶	cgroup	Template:CGroup/Sailor Moon@93051346	
幻形女王	cgroup	Module:CGroup/My Little Pony@91388064	zh-hant
幻形好友	cgroup	Module:CGroup/My Little Pony@91388064	
幻形族的反擊	cgroup	Module:CGroup/My Little Pony@91388064	
幻影亞格	cgroup	Template:CGroup/Ultraman@94663541	
幻影俠盜	cgroup	Template:CGroup/MapleStory@57794822	
幻影光之美少女	char	Heartcatch 光之美少女！@94574540	
幻影幽靈型	cgroup	Template:CGroup/GBF@82201572	
幻影殺手	cgroup	Module:CGroup/美国漫画@94638375	
幻影的追逐	cgroup	Template:CGroup/Warcraft@92164655	zh-hant
幻影紫光魔龍	cgroup	Template:CGroup/爆丸@31893398	
幻影虎鉗掠奪者	cgroup	Template:CGroup/四驅兄弟@86987120	CHECK
幻影血脈	cgroup	Module:CGroup/Anime@94680982	
幻影迦奧迦獸	char	數碼寶貝拯救隊角色列表@94177566	
幻影雙翼	cgroup	Template:CGroup/四驅兄弟@86987120	
幻想夏天	cgroup	Module:CGroup/Frozen@82365390	
幻成空	char	功夫貓黨@94855681	
幻智之舞	cgroup	Module:CGroup/Cyberpunk@85139581	
幻獸師	cgroup	Template:CGroup/MapleStory@57794822	
幻痛	cgroup	Template:CGroup/GundamSeed@92969101	
幻矓劍之迴旋曲	cgroup	Module:CGroup/SAO@89298185	
幻舞	cgroup	Module:CGroup/Cyberpunk@85139581	
幻萌網絡	cgroup	Module:CGroup/Games-zh@90861641	zh-hant
幻視任務	cgroup	Module:CGroup/美国漫画@94638375	
幻覺老師	cgroup	Template:CGroup/妖怪手錶@75937932	
幻象化粒子	cgroup	Template:CGroup/GundamSeed@92969101	
幻象戰神	cgroup	Template:CGroup/戰鬥陀螺 鋼鐵奇兵@68490308	
幻象號	cgroup	Template:CGroup/四驅兄弟@86987120	
幻魔鋼彈	cgroup	Template:CGroup/GundamIBO@91631774	
幼獅獸	char	數碼寶貝覺醒節拍角色列表@94712797	
幽冥暴君	cgroup	Module:CGroup/Counter-Strike@85677571	zh-hant
幽怪入侵	cgroup	Module:CGroup/LOL@93322985	
幽浮寶貝	cgroup	Module:CGroup/Anime@94680982	
幽能離子槍	cgroup	Module:CGroup/Counter-Strike@85677571	zh-hant
幽茲海姆	cgroup	Module:CGroup/SAO@89298185	CHECK
幽靈之淚	cgroup	Module:CGroup/Minecraft@94388709	
幽靈特務	cgroup	Template:CGroup/StarCraft2@39914602	
幽靈特務學院	cgroup	Template:CGroup/StarCraft2@39914602	
幽靈獸	char	數碼寶貝覺醒節拍角色列表@94712797	
幾原夢	char	數碼寶貝覺醒節拍角色列表@94712797	
序列爭戰	cgroup	Module:CGroup/SAO@89298185	
度假四季	cgroup	Template:CGroup/Sim@37867988	
度假天堂	cgroup	Template:CGroup/Sim@37867988	
座天使鋼彈	cgroup	Template:CGroup/Gundam00@70972545	
座天使鋼彈一型	cgroup	Template:CGroup/Gundam00@70972545	
座天使鋼彈三型	cgroup	Template:CGroup/Gundam00@70972545	
座天使鋼彈二型	cgroup	Template:CGroup/Gundam00@70972545	
座天使鋼彈尖兵	cgroup	Template:CGroup/Gundam00@70972545	
座間堇	char	Go Princess 光之美少女@94065409	
庫倫號	cgroup	Template:CGroup/四驅兄弟@86987120	
庫克羅斯	cgroup	Template:CGroup/GundamUC@94693163	
庫力凱	cgroup	Module:CGroup/OnePiece@83858889	
庫加	cgroup	Module:CGroup/Square Enix@93012351	
庫可薇達	cgroup	Template:CGroup/GundamIBO@91631774	
庫嗶	cgroup	Template:CGroup/HUNTER@80241645	
庫坦參型	cgroup	Template:CGroup/GundamIBO@91631774	
庫坦壹型	cgroup	Template:CGroup/GundamIBO@91631774	
庫塞	cgroup	Template:CGroup/Mabinogi@50754648	
庫夏娜	char	風之谷 (電影)@94844860	CHECK
庫契爾	cgroup	Template:CGroup/進擊的巨人@76977335	
庫奧魯	cgroup	Module:CGroup/閃電十一人@68657168	
庫山	cgroup	Module:CGroup/OnePiece@83858889	
庫德莉雅	cgroup	Template:CGroup/GundamIBO@91631774	
庫拉	cgroup	Module:CGroup/KingOfFighters@91481321	
庫拉多尼	cgroup	Template:CGroup/FullmetalAlchemist@48481493	
庫拉拉	char	少女與戰車角色列表@93320972	
庫拉莉亞	char	翠星上的加爾岡緹亞@91223485	
庫柏	char	光之美少女@94825358	
庫格爾	char	翠星上的加爾岡緹亞@91223485	
庫歐斯	cgroup	Module:CGroup/閃電十一人@68657168	
庫洛姆	cgroup	Template:CGroup/Reborn@29403199	
庫洛洛	cgroup	Template:CGroup/HUNTER@80241645	
庫洛特	cgroup	Template:CGroup/GundamSeed@92969101	
庫洛艾	cgroup	Template:CGroup/ED@94768974	zh-hant
庫爾克勒	cgroup	Template:CGroup/Mabinogi@50754648	CHECK
庫爾吉斯	cgroup	Template:CGroup/Gundam00@70972545	
庫爾迦	cgroup	Template:CGroup/進擊的巨人@76977335	
庫爾迪克	cgroup	Template:CGroup/GundamAGE@51366593	
庫特	cgroup	Template:CGroup/GBF@82201572	
庫特爾	cgroup	Template:CGroup/童話槍手小紅帽@22981301	
庫瑞	cgroup	Module:CGroup/美国漫画@94638375	
庫瓦克	cgroup	Template:CGroup/GundamUC@94693163	
庫羅埃	cgroup	Template:CGroup/GundamIBO@91631774	
庫羅諾克	cgroup	Template:CGroup/GundamUC@94693163	
庫贊	cgroup	Template:CGroup/GundamIBO@91631774	
庫路赫爾	cgroup	Template:CGroup/GundamTWFM@82129397	
庫達爾	cgroup	Template:CGroup/GundamIBO@91631774	
庫雷茲	char	翠星上的加爾岡緹亞@91223485	CHECK
庫馬希	cgroup	Module:CGroup/OnePiece@83858889	
庫魯格	cgroup	Template:CGroup/Mabinogi@50754648	
康姆迪特	cgroup	Module:CGroup/SAO@89298185	
康寧漢	cgroup	Module:CGroup/Cyberpunk@85139581	
康布菲爾	char	悲慘世界 少女珂賽特@94720109	
康斯坦斯	char	可塑性記憶@94399638	
康曼	cgroup	Module:CGroup/閃電十一人@68657168	
康格	cgroup	Template:CGroup/Mabinogi@50754648	
康洛依	cgroup	Template:CGroup/GundamUC@94693163	
康涅	cgroup	Module:CGroup/Frieren@82010966	
康特恩	cgroup	Template:CGroup/Valkyria@77221191	
康納	cgroup	Module:CGroup/Pixar@93247177	
康蒂	cgroup	Module:CGroup/PeppaPig@87025478	
康賽爾	char	最终幻想VII系列角色列表@92525651	
康達姆機器人	cgroup	Module:CGroup/蠟筆小新@93760288	
庸子	char	天元突破 紅蓮螺巖@93776700	
廈門吉比特	cgroup	Module:CGroup/Games-zh@90861641	zh-hant
廚師川崎	char	星之卡比 (動畫)@94160462	
廚師獸	char	數碼暴龍App世代角色列表@94177588	
廚浴美學組合	cgroup	Template:CGroup/Sim@37867988	
廚藝大賽	cgroup	Module:CGroup/SpongeBob SquarePants@91129493	
廢品獸	char	数码宝贝大冒险：角色列表@94538377	
廢校對策委員會	cgroup	Module:CGroup/BlueArchive@93972468	zh-hant
廢棄工廠	cgroup	Module:CGroup/Counter-Strike@85677571	zh-hant
廢棄礦坑	cgroup	Module:CGroup/Minecraft@94388709	zh-hant
廢棄野地	cgroup	Module:CGroup/Counter-Strike@85677571	zh-hant
廢物獸	char	數碼暴龍App世代角色列表@94177588	
廣告明星	cgroup	Module:CGroup/SpongeBob SquarePants@91129493	
廣瀨啓祐	char	電影版 聲之形@93974890	
廣田空	char	高校艦隊@93341996	
廷庫	cgroup	Template:CGroup/Code Geass@70270136	
建機獸	char	數碼寶貝覺醒節拍角色列表@94712797	
廿六木天馬	char	PSYCHO-PASS角色列表@93403235	
弁財酉次郎	char	K (動畫)@93234659	
弄丟名牌	cgroup	Module:CGroup/SpongeBob SquarePants@91129493	
弋特羅	cgroup	Module:CGroup/SAO@89298185	
弒神彈	cgroup	Module:CGroup/Counter-Strike@85677571	zh-hant
弒神者	cgroup	Module:CGroup/Counter-Strike@85677571	zh-hant
弓兵型	cgroup	Template:CGroup/Gundam00@70972545	
弓箭手村	cgroup	Template:CGroup/MapleStory@57794822	
引夢貘人	cgroup	Template:CGroup/Pokemon@85444397	
引爆博物館	cgroup	Module:CGroup/Counter-Strike@85677571	zh-hant
引爆震撼	cgroup	Template:CGroup/MapleStory@57794822	
弗克西	cgroup	Module:CGroup/OnePiece@83858889	CHECK
弗利根	cgroup	Module:CGroup/BLEACH@81833737	
弗利歐	cgroup	Template:CGroup/KamenRider@94225985	
弗利歐尼爾	cgroup	Module:CGroup/Square Enix@93012351	
弗利沙	cgroup	Template:CGroup/DragonBall@92325756	
弗利薩	char	七龍珠Z@94711042	
弗力貝爾	cgroup	Module:CGroup/LOL@93322985	
弗勒	cgroup	Template:CGroup/GundamIBO@91631774	CHECK
弗史塔斯	cgroup	Template:CGroup/黑執事@49361116	
弗德之黎明	cgroup	Template:CGroup/GundamTWFM@82129397	
弗拉德之王	cgroup	Template:CGroup/MyHeroAcademia@87565804	
弗拉特	char	91Days@89878470	
弗拉納岡	cgroup	Template:CGroup/GundamUC@94693163	
弗拉納岡機關	cgroup	Template:CGroup/GundamUC@94693163	
弗拉迪米爾	cgroup	Module:CGroup/LOL@93322985	
弗拉達利	char	寶可夢動畫角色列表@93411809	
弗摩斯	cgroup	Template:CGroup/Sailor Moon@93051346	
弗朗基	cgroup	Module:CGroup/SPY×FAMILY@86080268	
弗朗西斯科	char	羅密歐×茱麗葉@78678859	CHECK
弗洛伊	cgroup	Template:CGroup/GundamAGE@51366593	
弗洛克	cgroup	Template:CGroup/進擊的巨人@76977335	
弗洛斯特	cgroup	Template:CGroup/DragonBall@92325756	
弗洛茲	char	光之美少女@94825358	CHECK
弗琉	cgroup	Module:CGroup/Frieren@82010966	
弗瑞迪	cgroup	Module:CGroup/PeppaPig@87025478	zh-hant
弗羅利安	cgroup	Template:CGroup/進擊的巨人@76977335	
弗萊特	char	Suite 光之美少女♪@92951168	
弗萊迪	cgroup	Module:CGroup/閃電十一人@68657168	
弗蕾亞	cgroup	Module:CGroup/SAO@89298185	
弗蘭	cgroup	Template:CGroup/Reborn@29403199	
弗蘭波瓦	cgroup	Template:CGroup/BUDDYCOMPLEX@77221119	
弗雷查	cgroup	Template:CGroup/FullmetalAlchemist@48481493	
弗雷格爾	cgroup	Template:CGroup/進擊的巨人@76977335	
弗雷爾卓德	cgroup	Module:CGroup/LOL@93322985	
弧矢一伽馬獸	char	数码宝贝幽灵游戏角色列表@94560916	
弩弓手	cgroup	Template:CGroup/MapleStory@57794822	
弱角友崎同學	cgroup	Module:CGroup/Anime@94680982	
弱點偵測	cgroup	Module:CGroup/Counter-Strike@85677571	zh-hant
弱點分析器	cgroup	Module:CGroup/Counter-Strike@85677571	zh-hant
張瑞秋	char	名偵探柯南：紺青之拳@94666047	
張麗	char	爆丸@90775249	CHECK
強力能量防護罩	cgroup	Module:CGroup/閃電十一人@68657168	
強化人士	cgroup	Template:CGroup/GundamTWFM@82129397	
強化採集道具	cgroup	Module:CGroup/Counter-Strike@85677571	zh-hant
強化系	cgroup	Template:CGroup/HUNTER@80241645	zh-hant
強化膠囊	cgroup	Template:CGroup/Crazyracing Kartrider@60141039	
強化體魄	cgroup	Module:CGroup/Counter-Strike@85677571	zh-hant
強大金剛	cgroup	Template:CGroup/Transformers@87179168	
強帕爾	cgroup	Module:CGroup/OnePiece@83858889	
強普	char	DARKER THAN BLACK@93233512	
強棒音速	cgroup	Template:CGroup/四驅兄弟@86987120	
強納森	cgroup	Module:CGroup/Frozen@82365390	
強襲射門	cgroup	Module:CGroup/Counter-Strike@85677571	zh-hant
強襲森巴	cgroup	Module:CGroup/閃電十一人@68657168	
強襲航空艦	cgroup	Template:CGroup/BUDDYCOMPLEX@77221119	
強襲裝載運輸機	cgroup	Template:CGroup/Gundam00@70972545	
強霸博士卓奇霸	char	星際寶貝：神奇大冒險@94779708	
彈力女超人	cgroup	Module:CGroup/Pixar@93247177	
彈匣袋	cgroup	Module:CGroup/Counter-Strike@85677571	zh-hant
彈性積分	cgroup	Module:CGroup/LOL@93322985	
彈指事件	cgroup	Module:CGroup/美国漫画@94638375	
彈正	char	BORUTO-火影新世代-NARUTO NEXT GENERATIONS-角色列表@94842050	
彈爵	cgroup	Module:CGroup/Games@94658856	
彈簧狗	cgroup	Module:CGroup/Pixar@93247177	
彈躍之兔	cgroup	Module:CGroup/閃電十一人@68657168	
彌托	cgroup	Template:CGroup/NARUTO@86143617	
彌涅兒娃	cgroup	Template:CGroup/The World God Only Knows@50754307	
彌香	cgroup	Module:CGroup/BlueArchive@93972468	zh-hant
彌麥恩	char	死亡遊行@91275771	
彎月神杖	cgroup	Template:CGroup/Sailor Moon@93051346	
彗星撞擊	cgroup	Module:CGroup/閃電十一人@68657168	
彗星獸	char	數碼暴龍App世代角色列表@94177588	
彗星走法	char	Fate/Apocrypha@90728159	
彩奈小編	cgroup	Module:CGroup/BlueArchive@93972468	zh-hant
彩暻	cgroup	Template:CGroup/Pretty Rhythm@77221109	zh-hant
彩海	cgroup	Template:CGroup/Pretty Rhythm@77221109	zh-hant
彩瀨鳴	cgroup	Template:CGroup/Pretty Rhythm@77221109	
彩虹奇幻拱門	cgroup	Template:CGroup/Pretty Rhythm@77221109	
彩虹姊姊	cgroup	Template:CGroup/Adventure Time@90284406	CHECK
彩虹小馬大電影	cgroup	Module:CGroup/My Little Pony@91388064	
彩虹市	cgroup	Template:CGroup/Pokemon@85444397	
彩虹弧光	cgroup	Module:CGroup/閃電十一人@68657168	
彩虹搖滾	cgroup	Module:CGroup/My Little Pony@91388064	zh-hant
彩虹紅光號	cgroup	Template:CGroup/四驅兄弟@86987120	
彩虹舞台	cgroup	Template:CGroup/Pretty Rhythm@77221109	zh-hant
彩虹藍光號	cgroup	Template:CGroup/四驅兄弟@86987120	
彩虹音爆	cgroup	Module:CGroup/My Little Pony@91388064	
彩雲仙子	cgroup	Module:CGroup/Anime@94680982	
彩面天女	cgroup	Template:CGroup/降世神通@43998034	
彭哥列	cgroup	Template:CGroup/Reborn@29403199	
彭德	cgroup	Module:CGroup/SPY×FAMILY@86080268	
彭德曼	char	SPY×FAMILY間諜家家酒角色列表@94041877	
彭梅西	char	悲慘世界 少女珂賽特@94720109	CHECK
彭絲	cgroup	Template:CGroup/HUNTER@80241645	
影多	cgroup	Module:CGroup/Danball Senki@81863967	
影子搶奪之術	cgroup	Module:CGroup/閃電十一人@68657168	
影子籃球員	cgroup	Module:CGroup/Anime@94680982	
影子飛鏢	cgroup	Template:CGroup/爆丸@31893398	
影平路易	char	你的顏色@90891573	
影忍	cgroup	Template:CGroup/妖怪手錶@75937932	
影忍至尊	cgroup	Module:CGroup/LOL@93322985	
影格率	cgroup	Module:CGroup/Games@94658856	
影森千冬	char	數碼寶貝覺醒節拍角色列表@94712797	
影森滿	char	动物新世代 BNA@91791723	
影森美晴	char	數碼寶貝覺醒節拍角色列表@94712797	
影潘	cgroup	Module:CGroup/Wow@94351016	
影潘之襲	cgroup	Module:CGroup/Wow@94351016	
影潘僧院	cgroup	Module:CGroup/Wow@94351016	
影無	cgroup	Template:CGroup/妖怪手錶@75937932	
影片獸	char	數碼暴龍App世代角色列表@94177588	
影音串流	cgroup	Module:CGroup/Anime@94680982	
役之行者	char	火影忍者角色列表@94671076	
彼古曼	cgroup	Template:CGroup/Mazinger@84157445	
彼古曼子爵	cgroup	Template:CGroup/Mazinger@84157445	
彼岸遊境	cgroup	Module:CGroup/SAO@89298185	zh-hant
彼方王子	char	Go Princess 光之美少女@94065409	
彼特	char	長腿叔叔 (動畫)@94856329	
征服四海	cgroup	Module:CGroup/Games@94658856	
征服地底城	cgroup	Template:CGroup/Might&Magic@42603917	
征服星海	cgroup	Module:CGroup/Counter-Strike@85677571	zh-hant
征陸智己	char	PSYCHO-PASS角色列表@93403235	
待嫁新娘軍團	cgroup	Module:CGroup/蠟筆小新@93760288	
律師女浩克	cgroup	Module:CGroup/美国漫画@94638375	
後勤局局長	char	最終幻想 零式與Agito角色列表@93380052	
後澤銳二	cgroup	Module:CGroup/SAO@89298185	
後藤夢洋子	char	少女與戰車角色列表@93320972	
徐依依	char	你好世界 (电影)@94020123	
御園花凜	char	魔法少女小圓角色列表@94590242	
御堂將剛	char	PSYCHO-PASS角色列表@93403235	
御天至尊	cgroup	Template:CGroup/Transformers@87179168	
御子柴五十鈴	char	Free!@93607624	
御子柴健人	char	FRESH光之美少女！@93922959	
御子柴清十郎	char	Free!@93607624	
御子柴百太郎	char	Free!@93607624	
御崎海香	char	魔法少女小圓角色列表@94590242	
御影草時	char	少女革命@93843108	
御徒町	char	秋葉原冥途戰爭@94822711	CHECK
御景柚木	char	地狱少女@93363580	
御朱印蘇芳	char	爆旋陀螺Burst@94644099	
御津	cgroup	Template:CGroup/GundamSeed@92969101	
御白樣	char	千与千寻@94787677	
御神美沙斗	char	魔法少女奈葉系列角色列表@93877995	
御芍神紫	char	K (動畫)@93234659	
御靈丸	char	犬夜叉角色列表@94790447	
復仇之戰	cgroup	Template:CGroup/Transformers@87179168	
復仇者聯盟之正義出擊	cgroup	Module:CGroup/美国漫画@94638375	
復原獸	char	數碼暴龍App世代角色列表@94177588	
復活券	cgroup	Module:CGroup/Counter-Strike@85677571	zh-hant
復活的魯路修	cgroup	Module:CGroup/Anime@94680982	
復活邪神	cgroup	Module:CGroup/Square Enix@93012351	
復活邪神系列	cgroup	Module:CGroup/Square Enix@93012351	
復生型君魔	cgroup	Template:CGroup/GundamIBO@91631774	
復生型君魔鋼彈	cgroup	Template:CGroup/GundamIBO@91631774	
微小世界生存戰	cgroup	Module:CGroup/Games@94658856	
微笑先生	char	我的英雄学院角色列表@94403792	
德克	cgroup	Template:CGroup/進擊的巨人@76977335	
德克斯	cgroup	Module:CGroup/美国漫画@94638375	
德克斯特的實驗室	cgroup	Module:CGroup/Cartoon@93410586	
德凱	char	高立的未來世界@90116301	
德列斯	cgroup	Template:CGroup/GundamAGE@51366593	
德利安	cgroup	Template:CGroup/GundamW@87064245	
德卡	cgroup	Template:CGroup/Ultraman@94663541	
德卡契	cgroup	Template:CGroup/GundamUC@94693163	
德古拉機器人	char	哆啦A梦角色列表@94533440	
德哈卡	cgroup	Template:CGroup/Heroes of the Storm@49727842	
德國第九國境防衛隊	cgroup	Module:CGroup/Counter-Strike@85677571	zh-hant
德國鐵狼隊	cgroup	Template:CGroup/四驅兄弟@86987120	
德基姆	char	死亡遊行@91275771	
德天使鋼彈	cgroup	Template:CGroup/Gundam00@70972545	
德夫	char	DARKER THAN BLACK@93233512	
德姆騎兵	cgroup	Template:CGroup/GundamSeed@92969101	
德子	char	岁月的童话@92224070	
德川湖砂	char	功夫貓黨@94855681	
德川綱吉	char	飛天小女警Z@94716201	
德川耶耶	char	功夫貓黨@94855681	
德席爾	cgroup	Template:CGroup/GundamAGE@51366593	
德律阿得	cgroup	Template:CGroup/The Witcher@86825096	
德拉克薩隆要塞	cgroup	Module:CGroup/Wow@94351016	
德拉庫獸	char	数码宝贝幽灵游戏角色列表@94560916	
德拉諾之霸	cgroup	Module:CGroup/Wow@94351016	
德斯	cgroup	Template:CGroup/GundamAGE@51366593	
德斯洪	cgroup	Module:CGroup/閃電十一人@68657168	
德林傑	cgroup	Module:CGroup/OnePiece@83858889	
德桑	char	ONE PIECE STAMPEDE@94401180	
德洛達傅	char	七龍珠Z 超級賽亞人孫悟空@93733657	
德爾塔普拉斯	cgroup	Template:CGroup/GundamUC@94693163	
德特布拉斯萊瑟	cgroup	Module:CGroup/Danball Senki@81863967	
德特格林機砲	cgroup	Module:CGroup/Danball Senki@81863967	
德特菲瑟	cgroup	Module:CGroup/Danball Senki@81863967	
德特雷斯	cgroup	Template:CGroup/GBF@82201572	
德特鳳凰	cgroup	Module:CGroup/Danball Senki@81863967	
德瑞克	cgroup	Template:CGroup/GOSICK@62514366	
德瑞克的騙局	cgroup	Module:CGroup/Games@94658856	
德瑪西亞盃	cgroup	Module:CGroup/LOL@93322985	
德瓦基	cgroup	Template:CGroup/GundamUC@94693163	
德米特律斯	cgroup	Module:CGroup/SPY×FAMILY@86080268	
德維寇	cgroup	Module:CGroup/Frozen@82365390	
德茲爾	cgroup	Template:CGroup/GundamUC@94693163	CHECK
德萊森	cgroup	Template:CGroup/GundamUC@94693163	
德葛拉	cgroup	Template:CGroup/GundamUC@94693163	
德蘭城堡	cgroup	Template:CGroup/KamenRider@94225985	
德貝爾	char	爆丸5星域爭霸@90756067	
德連	cgroup	Template:CGroup/GundamUC@94693163	
德雷克級	cgroup	Template:CGroup/GundamSeed@92969101	
德馬	char	七龍珠Z：一夫當關的最終決戰～向弗利沙挑戰的Z戰士 孫悟空之父～@93733662	
德魯德	char	罪惡王冠@87767894	
心動搖擺節奏	cgroup	Template:CGroup/Pretty Rhythm@77221109	
心動網絡	cgroup	Module:CGroup/Games-zh@90861641	zh-hant
心動藥粉	cgroup	Module:CGroup/Jewelpet@81833309	
心形藥草	cgroup	Module:CGroup/美国漫画@94638375	
心念之臂	cgroup	Module:CGroup/SAO@89298185	
心菜	cgroup	Module:CGroup/BlueArchive@93972468	zh-hant
心靈傳奇	cgroup	Module:CGroup/Tales@54832633	
心靈寶石	cgroup	Module:CGroup/美国漫画@94638375	
必勝黃金之劍	char	Fate/stay night角色列表@94041607	
忍獸	cgroup	Template:CGroup/Power Rangers@27638544	zh-hant
忍者哈特利	cgroup	Module:CGroup/Anime@94680982	
忍者大師	char	高譚角色列表@92146409	
忍者村	cgroup	Template:CGroup/NARUTO@86143617	
忍者獸	cgroup	Template:CGroup/Digimon@94687201	
忍耐長毛象	cgroup	Template:CGroup/妖怪手錶@75937932	
忍野忍	char	魔法少女小圓角色列表@94590242	
忍鏢	cgroup	Template:CGroup/魔法咪路咪路@26972197	
忒提斯獸	char	数码宝贝幽灵游戏角色列表@94560916	
志久奈奈美	char	Heartcatch 光之美少女！@94574540	
志久留美	char	Heartcatch 光之美少女！@94574540	
志伸晶	char	魔法少女小圓角色列表@94590242	
志島一心	char	午睡公主～不為人知的故事～@94260985	
志田京香	char	魔法少女小圓角色列表@94590242	
志田治	char	名偵探柯南：戰慄的樂譜@94461985	
志糜	char	寶可夢動畫角色列表@93411809	
志羚姐姐	cgroup	Module:CGroup/Disney@93925402	
志野彩香	char	AIR角色列表@90228621	
忘卻獸	char	數碼寶貝覺醒節拍角色列表@94712797	
忘記帽	cgroup	Template:CGroup/妖怪手錶@75937932	
忠太郎	char	光之美少女@94825358	
忠犬宅公	char	超時空輝耀姬！@94633982	CHECK
快俠	cgroup	Module:CGroup/Disney@93925402	
快打模式	cgroup	Module:CGroup/LOL@93322985	
快拳郎	cgroup	Template:CGroup/Pokemon@85444397	
快樂天使百合	cgroup	Template:CGroup/愛天使傳說@43103330	
快樂幽靈	cgroup	Module:CGroup/Minecraft@94388709	
快樂蟲漫畫	cgroup	Module:CGroup/Doraemon@88509940	zh-hant
快樂魔女	cgroup	Module:CGroup/Jewelpet@81833309	
快龍	cgroup	Template:CGroup/Pokemon@85444397	
念舊嬤	cgroup	Module:CGroup/Pixar@93247177	
忽那海斗	char	數碼寶貝覺醒節拍角色列表@94712797	
怒吼社	cgroup	Module:CGroup/Pixar@93247177	
怒怒	cgroup	Module:CGroup/Pixar@93247177	
怒濤雙魚	cgroup	Template:CGroup/戰鬥陀螺 鋼鐵奇兵@68490308	
怒風兄弟	cgroup	Template:CGroup/Warcraft@92164655	zh-hant
怕怕惡魔	cgroup	Template:CGroup/妖怪手錶@75937932	
性感女劍士	cgroup	Module:CGroup/Games@94658856	
怨毒吸血魔獸	char	数码宝贝大冒险tri.角色列表@94265439	
怪力德	char	光之美少女@94825358	
怪大學生會	cgroup	Module:CGroup/Pixar@93247177	
怪樹獸	char	数码宝贝大冒险：角色列表@94538377	
怪物小王子	char	哆啦A梦角色列表@94533440	
怪物小鬼	cgroup	Module:CGroup/Anime@94680982	
怪獸亂鬥模式	cgroup	Module:CGroup/Counter-Strike@85677571	zh-hant
怪獸對打機	cgroup	Template:CGroup/Digimon@94687201	
怪獸破冰	cgroup	Module:CGroup/Counter-Strike@85677571	zh-hant
怪獸職場求生記	cgroup	Module:CGroup/Pixar@93247177	
怪獸電力公司	cgroup	Module:CGroup/Pixar@93247177	
怪盜克里斯多福	char	名偵探福爾摩斯@94071005	
怪盜喬克	cgroup	Module:CGroup/Anime@94680982	
怪盜聖少女	cgroup	Module:CGroup/Anime@94680982	
怪盜賽倫	cgroup	Template:CGroup/FullmetalAlchemist@48481493	
怪談的無限圖書館	cgroup	Module:CGroup/BlueArchive@93972468	zh-hant
怪鋼	cgroup	Module:CGroup/Pixar@93247177	
怪鳥亞米提姆	char	大雄的南極冰天雪地大冒險@88140142	
恆春谷	cgroup	Module:CGroup/Wow@94351016	
恐怖三桅帆船	cgroup	Module:CGroup/OnePiece@83858889	
恐怖公	char	異世界四重奏@93605298	CHECK
恐怖金剛	cgroup	Template:CGroup/Transformers@87179168	
恐懼的浪潮	cgroup	Template:CGroup/Warcraft@92164655	zh-hant
恐懼金剛	cgroup	Template:CGroup/Transformers@87179168	
恐龍巴特	cgroup	Template:CGroup/Transformers@87179168	CHECK
恐龍救生隊	cgroup	Module:CGroup/Anime@94680982	
恐龍當家	cgroup	Module:CGroup/Pixar@93247177	
恐龍騎士	cgroup	Module:CGroup/Doraemon@88509940	
恙神涯	char	罪惡王冠@87767894	
恢復女郎	cgroup	Template:CGroup/MyHeroAcademia@87565804	
恩克勒斯骨架	cgroup	Template:CGroup/GundamIBO@91631774	CHECK
恩喬布	cgroup	Module:CGroup/美国漫画@94638375	
恩巴庫	cgroup	Module:CGroup/美国漫画@94638375	
恩普拉斯	cgroup	Template:CGroup/Gundam00@70972545	
恩札	cgroup	Template:CGroup/GundamIBO@91631774	
恩維	cgroup	Template:CGroup/FullmetalAlchemist@48481493	
恩若斯	cgroup	Template:CGroup/Warcraft@92164655	zh-hant
恩莉	char	Fractale@90968404	
恩賈達卡	cgroup	Module:CGroup/美国漫画@94638375	
恪勤獸	char	数码宝贝大冒险：角色列表@94538377	CHECK
恬娜	char	地海傳說@94685926	CHECK
恭志	cgroup	Template:CGroup/GGundam@85035825	
恰如細語般的戀歌	cgroup	Module:CGroup/Anime@94680982	
悍衛主機	cgroup	Module:CGroup/Counter-Strike@85677571	zh-hant
悚然荒野	cgroup	Module:CGroup/Wow@94351016	
悟天克斯	cgroup	Template:CGroup/DragonBall@92325756	
悟空	cgroup	Module:CGroup/LOL@93322985	
悟達爾	cgroup	Template:CGroup/DragonBall@92325756	
悠咪	cgroup	Module:CGroup/LOL@93322985	
悠悠哉哉少女日和	cgroup	Module:CGroup/Anime@94680982	
悠游糖	cgroup	Module:CGroup/Jewelpet@81833309	
悠莉	cgroup	Template:CGroup/Pichi Pichi Pitch@94608266	
悠遊模式	cgroup	Module:CGroup/Counter-Strike@85677571	zh-hant
您的老鼠好友	cgroup	Module:CGroup/Pixar@93247177	
悲傷木乃伊的孤獨詛咒	cgroup	Module:CGroup/LOL@93322985	
悲傷的貝拉朵娜	title	悲傷的貝拉朵娜@90175090	CHECK
悲劇和平天使	char	Smile 光之美少女！@93787006	
悲劇快樂天使	char	Smile 光之美少女！@93787006	
悲劇旋風天使	char	Smile 光之美少女！@93787006	
悲劇晴朗天使	char	Smile 光之美少女！@93787006	
悲劇美少女	char	Smile 光之美少女！@93787006	
悲劇美麗天使	char	Smile 光之美少女！@93787006	
悲劇能量	char	Smile 光之美少女！@93787006	
悲觀蚊	cgroup	Template:CGroup/妖怪手錶@75937932	
情色漫畫老師	cgroup	Module:CGroup/Anime@94680982	
情馬節	cgroup	Module:CGroup/My Little Pony@91388064	
情魔鋼彈	cgroup	Template:CGroup/GundamIBO@91631774	
惑星之謎	cgroup	Module:CGroup/Doraemon@88509940	
惑星奇航	cgroup	Module:CGroup/Anime@94680982	
惑羽	cgroup	Module:CGroup/LOL@93322985	
惠比斯	cgroup	Template:CGroup/NARUTO@86143617	
惠理子	char	蒼鷺與少年@94140876	
惠萌花	char	魔法少女小圓角色列表@94590242	
惡作劇的代價	cgroup	Module:CGroup/My Little Pony@91388064	
惡名昭彰的罪犯	cgroup	Template:CGroup/Heroes of the Storm@49727842	
惡夢工廠	cgroup	Module:CGroup/Counter-Strike@85677571	zh-hant
惡夢軍團	cgroup	Template:CGroup/Yes! 光之美少女5@89217113	
惡海龍獸	char	数码宝贝大冒险：角色列表@94538377	
惡狼	cgroup	Template:CGroup/StarCraft2@39914602	
惡蛋	cgroup	Template:CGroup/Shugo Chara!@81936822	
惡路程式	cgroup	Template:CGroup/KamenRider@94225985	
惡霸熊仔獸	char	数码宝贝大冒险角色列表@94744369	CHECK
惡靈戰警	cgroup	Module:CGroup/美国漫画@94638375	
惡靈降世	cgroup	Module:CGroup/Counter-Strike@85677571	zh-hant
惡靈魔窟	cgroup	Module:CGroup/Counter-Strike@85677571	zh-hant
惡魄	cgroup	Template:CGroup/Shugo Chara!@81936822	
惡魔來福槍	cgroup	Module:CGroup/Danball Senki@81863967	
惡魔十字架	cgroup	Template:CGroup/Eyeshield21@86998850	
惡魔四度空間	cgroup	Template:CGroup/Eyeshield21@86998850	
惡魔奶爸	cgroup	Module:CGroup/Anime@94680982	
惡魔炸裂	cgroup	Module:CGroup/閃電十一人@68657168	
惡魔短刀	cgroup	Module:CGroup/Danball Senki@81863967	
惡魔蝙蝠俯衝	cgroup	Template:CGroup/Eyeshield21@86998850	
惡魔蝙蝠鬼影	cgroup	Template:CGroup/Eyeshield21@86998850	
惡魔蝙蝠龍捲風	cgroup	Template:CGroup/Eyeshield21@86998850	
惡魔金金	cgroup	Template:CGroup/Crazyracing Kartrider@60141039	
惡魔鋼彈	cgroup	Template:CGroup/GGundam@85035825	
惡魔雷射彈	cgroup	Template:CGroup/Eyeshield21@86998850	
惡魔電擊棒	cgroup	Template:CGroup/Eyeshield21@86998850	
惡魔靈魂	cgroup	Module:CGroup/Games@94658856	
惡魯莫團	cgroup	Template:CGroup/魔法咪路咪路@26972197	
惡龍	cgroup	Module:CGroup/OnePiece@83858889	
惣田萊特	char	數碼寶貝覺醒節拍角色列表@94712797	
惱人的歌曲	cgroup	Template:CGroup/GundamTWFM@82129397	
想不想要做個雪人	cgroup	Module:CGroup/Frozen@82365390	
想像力系統	cgroup	Module:CGroup/SAO@89298185	
意地惡清盛	char	決鬥大師@92994775	CHECK
愚人眾	cgroup	Module:CGroup/miHoYo@93804723	zh-hant
愛之女神	cgroup	Template:CGroup/Code Geass@70270136	
愛之羽	cgroup	Template:CGroup/Crazyracing Kartrider@60141039	
愛國者飛彈射門	cgroup	Module:CGroup/閃電十一人@68657168	
愛在雨過天晴時	cgroup	Module:CGroup/Anime@94680982	
愛塔尼亞	cgroup	Template:CGroup/GBF@82201572	
愛天使傳說	cgroup	Module:CGroup/Anime@94680982	
愛天使桃子	cgroup	Template:CGroup/愛天使傳說@43103330	
愛奧斯塔	cgroup	Template:CGroup/MapleStory@57794822	
愛妲	cgroup	Template:CGroup/潘朵拉之心@39382393	
愛希斯	cgroup	Template:CGroup/爆丸@31893398	
愛德華學院	cgroup	Template:CGroup/Aikatsu@68312381	
愛情幻影鋼彈	cgroup	Template:CGroup/GBF@82201572	
愛情精靈	char	光之美少女@94825358	
愛拉酷	char	天元突破 紅蓮螺巖@93776700	
愛旭莉	cgroup	Module:CGroup/ResidentEvil@94612703	
愛歐尼亞	cgroup	Module:CGroup/LOL@93322985	
愛溶	cgroup	Module:CGroup/OshinoKo@84428949	
愛爾楓斯	cgroup	Template:CGroup/Valkyria@77221191	
愛爾琳	cgroup	Template:CGroup/Mabinogi@50754648	
愛爾莎	char	長腿叔叔 (動畫)@94856329	CHECK
愛爾馬魯	cgroup	Module:CGroup/OnePiece@83858889	
愛犬訊號	cgroup	Module:CGroup/Anime@94680982	
愛瑠	cgroup	Module:CGroup/BlueArchive@93972468	zh-hant
愛矢姫	char	半妖的夜叉姬@87932716	
愛米莉	cgroup	Module:CGroup/Jewelpet@81833309	
愛紗子	cgroup	Module:CGroup/Simpsons@84869408	
愛絲特	char	愛的小婦人物語@94856165	
愛芙羅黛蒂	char	Suite 光之美少女♪@92951168	
愛莉卡	cgroup	Template:CGroup/GundamSeed@92969101	
愛莉娜	cgroup	Module:CGroup/Jewelpet@81833309	CHECK
愛莉爾	cgroup	Template:CGroup/Pichi Pichi Pitch@94608266	
愛蜜莉雅	char	異世界四重奏@93605298	
愛要說出口	cgroup	Module:CGroup/Frozen@82365390	
愛酷一族	cgroup	Module:CGroup/Cartoon@93410586	
愛野渚	char	偶像大師 灰姑娘女孩角色列表@91786822	
愛野美奈子	char	美少女戰士角色列表@94852109	
愛麗兒	cgroup	Module:CGroup/Disney@93925402	CHECK
愛麗絲夢遊仙境	cgroup	Module:CGroup/Square Enix@93012351	zh-hant
愛麗莎	cgroup	Template:CGroup/Aikatsu@68312381	CHECK
愛黛兒	cgroup	Module:CGroup/My Little Pony@91388064	
感應炮	cgroup	Template:CGroup/GundamUC@94693163	
感應者	cgroup	Template:CGroup/Transformers@87179168	
感染巢	cgroup	Template:CGroup/StarCraft2@39914602	
感染蟲	cgroup	Template:CGroup/StarCraft2@39914602	
愷兒	cgroup	Template:CGroup/DragonBall@92325756	
愷英網絡	cgroup	Module:CGroup/Games-zh@90861641	zh-hant
慎導灼	char	PSYCHO-PASS角色列表@93403235	
慕留人	cgroup	Template:CGroup/NARUTO@86143617	
慢慢龜	cgroup	Module:CGroup/Nintendo@94745610	
慧仁	cgroup	Template:CGroup/Pretty Rhythm@77221109	zh-hant
慾望怪	char	魔法使光之美少女！@94758670	
慾魔鋼彈	cgroup	Template:CGroup/GundamIBO@91631774	
憂鬱天狗	cgroup	Template:CGroup/妖怪手錶@75937932	
憎恨者	cgroup	Template:CGroup/Transformers@87179168	
憤怒魔女	cgroup	Module:CGroup/Jewelpet@81833309	
應徵入伍	cgroup	Module:CGroup/Games@94658856	
懲雷	cgroup	Module:CGroup/Counter-Strike@85677571	zh-hant
懶喵哥倫布	cgroup	Template:CGroup/妖怪手錶@75937932	
懶懶不倒翁	cgroup	Template:CGroup/妖怪手錶@75937932	
懷棕醫生	cgroup	Module:CGroup/Simpsons@84869408	
懷特將軍	cgroup	Template:CGroup/DragonBall@92325756	
懷特海德男爵	char	崔普一家物語@86705471	
懷特海德男爵夫人	char	崔普一家物語@86705471	
懷舊經典	cgroup	Template:CGroup/Heroes of the Storm@49727842	
懷茲曼	cgroup	Template:CGroup/爆丸@31893398	CHECK
懸掛式告示牌	cgroup	Module:CGroup/Minecraft@94388709	
懸浮偵察獸	char	数码宝贝幽灵游戏角色列表@94560916	
懼吾神光	cgroup	Module:CGroup/美国漫画@94638375	
戀上換裝娃娃	cgroup	Module:CGroup/Anime@94680982	
戀之丘邱比特	cgroup	Template:CGroup/Eyeshield21@86998850	
戀愛中的小行星	cgroup	Module:CGroup/Anime@94680982	
戀愛真人實境秀篇	cgroup	Module:CGroup/OshinoKo@84428949	
戈佐拉	cgroup	Template:CGroup/GundamUC@94693163	
戈內里	cgroup	Template:CGroup/GundamTWFM@82129397	
戈德溫	char	最後流亡@88447673	
戈德納	cgroup	Module:CGroup/My Little Pony@91388064	
戈爾孔特	cgroup	Module:CGroup/BlueArchive@93972468	zh-hant
戈爾貝札	cgroup	Module:CGroup/Square Enix@93012351	
戈特	cgroup	Template:CGroup/GundamIBO@91631774	
戈魯爾之巢	cgroup	Module:CGroup/Wow@94351016	
戎格勒	char	高譚角色列表@92146409	CHECK
成宮由愛	char	偶像大師 灰姑娘女孩角色列表@91786822	
成振宇	cgroup	Module:CGroup/Solo Leveling@86308871	
成澤文二郎	char	名偵探柯南：銀翼的奇術師@94771896	
成為星星的少女	cgroup	Module:CGroup/Anime@94680982	
成珍雅	cgroup	Module:CGroup/Solo Leveling@86308871	
成神	cgroup	Module:CGroup/LOL@93322985	
成見亞里紗	char	魔法少女小圓角色列表@94590242	
成鎰奐	cgroup	Module:CGroup/Solo Leveling@86308871	
我不想死	cgroup	Module:CGroup/SpongeBob SquarePants@91129493	
我不是水晶之痕	cgroup	Module:CGroup/LOL@93322985	
我不要死	cgroup	Module:CGroup/SpongeBob SquarePants@91129493	
我們來罷工	cgroup	Module:CGroup/SpongeBob SquarePants@91129493	
我們的小寶貝	cgroup	Module:CGroup/SpongeBob SquarePants@91129493	CHECK
我們選擇的最佳冒險	cgroup	Template:CGroup/Digimon@94687201	
我內心的糟糕念頭	cgroup	Module:CGroup/Anime@94680982	
我和超人的驚奇冒險	cgroup	Module:CGroup/美国漫画@94638375	
我孫子勇治	char	名偵探柯南：絕海的偵探@94596266	
我家有個魚乾妹	cgroup	Module:CGroup/Anime@94680982	CHECK
我怕惡霸	cgroup	Module:CGroup/SpongeBob SquarePants@91129493	
我怕機器人	cgroup	Module:CGroup/SpongeBob SquarePants@91129493	
我怕黑	cgroup	Module:CGroup/SpongeBob SquarePants@91129493	
我愛坐牢	cgroup	Module:CGroup/SpongeBob SquarePants@91129493	
我愛蟹堡	cgroup	Module:CGroup/SpongeBob SquarePants@91129493	
我是大老闆	cgroup	Module:CGroup/SpongeBob SquarePants@91129493	
我比你優	cgroup	Module:CGroup/SpongeBob SquarePants@91129493	
我的保鑣	cgroup	Module:CGroup/SpongeBob SquarePants@91129493	
我的夢幻童話下午茶	cgroup	Template:CGroup/Pretty Rhythm@77221109	
我的好麻吉	cgroup	Module:CGroup/SpongeBob SquarePants@91129493	
我的妻子不具感情	cgroup	Module:CGroup/Anime@94680982	
我的幸福婚約	cgroup	Module:CGroup/Anime@94680982	
我的童話夢幻城市	cgroup	Template:CGroup/Pretty Rhythm@77221109	
我的貪心秘密	cgroup	Module:CGroup/My Little Pony@91388064	
我的青梅竹馬是大總統	cgroup	Module:CGroup/Games@94658856	
我綠涯	char	BLEACH角色列表@94571323	
我美麗的海馬	cgroup	Module:CGroup/SpongeBob SquarePants@91129493	
我要當救生員	cgroup	Module:CGroup/SpongeBob SquarePants@91129493	
我要當猛男	cgroup	Module:CGroup/SpongeBob SquarePants@91129493	
我要跟你換	cgroup	Module:CGroup/My Little Pony@91388064	
我進公會	cgroup	Module:CGroup/Solo Leveling@86308871	
戒聖恐懼	cgroup	Module:CGroup/Counter-Strike@85677571	zh-hant
截氣神功	cgroup	Template:CGroup/降世神通@43998034	
截氣神通	cgroup	Template:CGroup/降世神通@43998034	
截水神功	cgroup	Template:CGroup/降世神通@43998034	
截水神通	cgroup	Template:CGroup/降世神通@43998034	
戰國奇譚妖刀傳	cgroup	Module:CGroup/Anime@94680982	
戰國異端頑駄無	cgroup	Template:CGroup/GBF@82201572	CHECK
戰國英雄	cgroup	Module:CGroup/Anime@94680982	zh-hant
戰地醫護官	cgroup	Template:CGroup/Heroes of the Storm@49727842	
戰地風雲	cgroup	Module:CGroup/Games@94658856	
戰場原黑儀	char	魔法少女小圓角色列表@94590242	
戰士超人	cgroup	Module:CGroup/Danball Senki@81863967	
戰巡艦	cgroup	Template:CGroup/StarCraft2@39914602	
戰慄加農砲	cgroup	Module:CGroup/Counter-Strike@85677571	zh-hant
戰慄深隧	cgroup	Module:CGroup/Games@94658856	
戰慄突擊	cgroup	Module:CGroup/Games@94658856	
戰戟	cgroup	Template:CGroup/Transformers@87179168	
戰歌進攻部隊	cgroup	Module:CGroup/Wow@94351016	
戰爭時分	cgroup	Module:CGroup/Danball Senki@81863967	
戰爭機器	cgroup	Module:CGroup/美国漫画@94638375	
戰牛族	cgroup	Template:CGroup/Warcraft@92164655	zh-hant
戰牛酋長	cgroup	Template:CGroup/Warcraft@92164655	zh-hant
戰神之章	cgroup	Module:CGroup/Counter-Strike@85677571	zh-hant
戰神加農砲	cgroup	Module:CGroup/Counter-Strike@85677571	zh-hant
戰神雙釘	cgroup	Template:CGroup/Mazinger@84157445	
戰術篇	cgroup	Template:CGroup/Digimon@94687201	
戰術部隊	cgroup	Template:CGroup/Digimon@94687201	
戰車世界	cgroup	Module:CGroup/Games@94658856	
戰車女神鋼彈	cgroup	Template:CGroup/Gundam00@70972545	
戰鍬	cgroup	Template:CGroup/KamenRider@94225985	
戰鎚	cgroup	Module:CGroup/Games@94658856	zh-hant
戰馬獸	cgroup	Template:CGroup/Digimon@94687201	
戰鬥兵卡爾	cgroup	Module:CGroup/Pixar@93247177	
戰鬥天使賽拉	cgroup	Template:CGroup/愛天使傳說@43103330	
戰鬥巨鉗	cgroup	Template:CGroup/爆丸@31893398	
戰鬥斧	cgroup	Template:CGroup/GundamIBO@91631774	
戰鬥暴龍	cgroup	Template:CGroup/Power Rangers@27638544	zh-hant
戰鬥機器人	char	七龍珠Z 激突!!100億能量的戰士們@93733648	
戰鬥犄角龍	cgroup	Template:CGroup/Power Rangers@27638544	zh-hant
戰鬥異特龍	cgroup	Template:CGroup/Power Rangers@27638544	zh-hant
戰鬥翼龍	cgroup	Template:CGroup/Power Rangers@27638544	zh-hant
戰鬥金剛	cgroup	Template:CGroup/Transformers@87179168	
戰鬥長毛象	cgroup	Template:CGroup/Power Rangers@27638544	zh-hant
戰鬥長牙虎	cgroup	Template:CGroup/Power Rangers@27638544	CHECK,zh-hant
戰鬥陀螺	cgroup	Module:CGroup/Anime@94680982	
戰鬥靴	cgroup	Module:CGroup/Counter-Strike@85677571	zh-hant
戰魂	cgroup	Module:CGroup/Counter-Strike@85677571	zh-hant
戰鼓啪打碰	cgroup	Module:CGroup/Games@94658856	
戴乃昭	cgroup	Module:CGroup/Simpsons@84869408	
戴得拉斯	char	死亡代理人@93463069	
戴恩夫婦	char	爆丸5星域爭霸@90756067	
戴文	cgroup	Module:CGroup/Pixar@93247177	
戴斯特拉	cgroup	Template:CGroup/The Witcher@86825096	
戴斯瑪斯特	char	魔法使光之美少女！@94758670	
戴昆	cgroup	Template:CGroup/GundamUC@94693163	
戴林格	cgroup	Template:CGroup/GundamTWFM@82129397	
戴森	cgroup	Template:CGroup/GundamAGE@51366593	
戴爾塔	char	異世界四重奏@93605298	
戴瑞	cgroup	Template:CGroup/GundamUC@94693163	
戴瑞爾	cgroup	Template:CGroup/Gundam00@70972545	
戴瑞爾小隊	cgroup	Module:CGroup/美国漫画@94638375	
戴瑪	cgroup	Template:CGroup/GundamIBO@91631774	
戴莉婭	char	凱洛與塔斯黛@92015221	
戴蒙	cgroup	Module:CGroup/KingOfFighters@91481321	
戴蒙尼歐	cgroup	Module:CGroup/閃電十一人@68657168	
戴馬溫	cgroup	Template:CGroup/The Witcher@86825096	
戴魯斯通	cgroup	Module:CGroup/OnePiece@83858889	
戶張蓮	char	数码宝贝合体战争角色列表@94717250	
戶高	cgroup	Template:CGroup/GundamSeed@92969101	
房子獸	char	数码宝贝大冒险角色列表@94744369	
所有奇蹟的起點	cgroup	Module:CGroup/BlueArchive@93972468	zh-hant
扇喜碧	cgroup	Module:CGroup/BlueArchive@93972468	zh-hant
扇谷柊彈正	char	半妖的夜叉姬@87932716	
手榴彈射門	cgroup	Module:CGroup/閃電十一人@68657168	
手榴彈激鬥模式	cgroup	Module:CGroup/Counter-Strike@85677571	zh-hant
手槍設計圖	cgroup	Module:CGroup/Counter-Strike@85677571	zh-hant
手槍類	cgroup	Module:CGroup/Counter-Strike@85677571	zh-hant
手畫津	char	飛天小女警Z@94716201	
手錶獸	char	數碼暴龍App世代角色列表@94177588	
才羽桃井	cgroup	Module:CGroup/BlueArchive@93972468	zh-hant
扎納克	cgroup	Module:CGroup/閃電十一人@68657168	
扎納克領域	cgroup	Module:CGroup/閃電十一人@68657168	
扎迦拉	cgroup	Template:CGroup/Heroes of the Storm@49727842	
打倒魅魔的	cgroup	Template:CGroup/Mabinogi@50754648	
打入地獄	cgroup	Module:CGroup/閃電十一人@68657168	
托利里安特	char	光之美少女@94825358	
托塔獸	cgroup	Template:CGroup/Digimon@94687201	
托恩	cgroup	Module:CGroup/Frieren@82010966	
托托	char	魔法少女小圓角色列表@94590242	
托托方畢坦王國	cgroup	Module:CGroup/蠟筆小新@93760288	
托拉法爾加	cgroup	Module:CGroup/OnePiece@83858889	
托斯	cgroup	Template:CGroup/NARUTO@86143617	
托林卡姆	cgroup	Template:CGroup/FullmetalAlchemist@48481493	
托比	char	戰鬥陀螺 鋼鐵奇兵角色列表@94643342	
托比亞	cgroup	Template:CGroup/GundamUC@94693163	
托比亞斯	char	終末的伊澤塔@91239289	
托比歐	char	ONE PIECE 黃金島大冒險@93015050	
托波	cgroup	Template:CGroup/DragonBall@92325756	
托洛斯	cgroup	Template:CGroup/進擊的巨人@76977335	
托爾	cgroup	Template:CGroup/GundamSeed@92969101	
托爾吉斯	cgroup	Template:CGroup/GundamW@87064245	
托瑪	cgroup	Template:CGroup/進擊的巨人@76977335	
托瓦那	cgroup	Template:CGroup/GBF@82201572	
托米	char	少女與戰車角色列表@93320972	
托米諾	cgroup	Module:CGroup/OnePiece@83858889	
托維爾的失落之城	cgroup	Module:CGroup/Wow@94351016	
托莉	cgroup	Template:CGroup/GBF@82201572	
托莉莎	cgroup	Module:CGroup/SAO@89298185	CHECK
托萊恩	cgroup	Template:CGroup/GundamSeed@92969101	
托裡巴諾	cgroup	Template:CGroup/Reborn@29403199	CHECK
托里托	char	劇場版 寶可夢 我們的故事@86542622	
托雷斯	cgroup	Module:CGroup/美国漫画@94638375	zh-hant
托雷波爾	cgroup	Module:CGroup/OnePiece@83858889	CHECK
托馬托	char	大雄的金银岛@93512797	
托魯	cgroup	Template:CGroup/魔法咪路咪路@26972197	
扭曲叢林	cgroup	Module:CGroup/LOL@93322985	
扭曲森林	cgroup	Module:CGroup/Minecraft@94388709	
扭曲樹人	cgroup	Module:CGroup/LOL@93322985	
扳手鎚矛	cgroup	Template:CGroup/GundamIBO@91631774	
把噗	cgroup	Module:CGroup/Pixar@93247177	
抓狂一族	cgroup	Module:CGroup/Anime@94680982	
抓錢活動	cgroup	Module:CGroup/Counter-Strike@85677571	CHECK,zh-hant
抓鬼天狗幫	cgroup	Module:CGroup/Anime@94680982	CHECK
抗霸聯盟	cgroup	Template:CGroup/GBF@82201572	
披風戰士歸來	cgroup	Module:CGroup/美国漫画@94638375	
抬頭顯示器	cgroup	Module:CGroup/Games@94658856	
抹消英雄	cgroup	Template:CGroup/MyHeroAcademia@87565804	
押水佳代子	char	花開物語@94760130	
押水智也	char	花開物語@94760130	
押水菜子	char	花開物語@94760130	
押水裕明	char	花開物語@94760130	
押水麻奈	char	花開物語@94760130	
押田流歌	char	少女與戰車角色列表@93320972	
拆除炸彈	cgroup	Module:CGroup/Counter-Strike@85677571	zh-hant
拉伯瑞斯	cgroup	Template:CGroup/GundamIBO@91631774	
拉修巴雷	cgroup	Template:CGroup/FullmetalAlchemist@48481493	CHECK
拉克托	cgroup	Template:CGroup/GundamAGE@51366593	
拉克爾	char	DokiDoki! 光之美少女@93549956	
拉克絲	cgroup	Template:CGroup/GundamSeed@92969101	
拉凱爾	char	Pokemon the movie XY&Z 波爾凱尼恩與機關人偶 瑪機雅娜@92337863	
拉卡斯	char	光之美少女@94825358	
拉古納	cgroup	Template:CGroup/Gundam00@70972545	
拉古那型	cgroup	Template:CGroup/GundamAGE@51366593	
拉夏	cgroup	Template:CGroup/BUDDYCOMPLEX@77221119	
拉多尼	cgroup	Template:CGroup/GundamAGE@51366593	
拉夫邁迪	cgroup	Template:CGroup/Gundam00@70972545	
拉奇亞	cgroup	Template:CGroup/KamenRider@94225985	
拉姆	char	異世界四重奏@93605298	
拉姆斯	cgroup	Module:CGroup/LOL@93322985	
拉姆西斯二世	char	哆啦A梦角色列表@94533440	CHECK
拉姆達斯	char	小公主莎拉@94856128	
拉娜獸	char	数码宝贝大冒险：角色列表@94538377	CHECK
拉寇	cgroup	Template:CGroup/GundamSeed@92969101	
拉尼恩	cgroup	Module:CGroup/The Promised Neverland@83209401	zh-hant
拉巴伯	cgroup	Template:CGroup/GundamW@87064245	CHECK
拉布拉	cgroup	Module:CGroup/Jewelpet@81833309	
拉布科芙	cgroup	Template:CGroup/KamenRider@94225985	
拉帕帕母神	char	魔法使光之美少女！@94758670	
拉帝茲	cgroup	Template:CGroup/DragonBall@92325756	CHECK
拉弗雷西亞	cgroup	Template:CGroup/GundamUC@94693163	
拉捷特與克拉克	cgroup	Module:CGroup/Games@94658856	
拉提努斯	char	能量獸之戰獸旋戰鬥@93872390	
拉斐葉	cgroup	Module:CGroup/閃電十一人@68657168	
拉斯多	cgroup	Template:CGroup/FullmetalAlchemist@48481493	
拉斯普廷	cgroup	Module:CGroup/美国漫画@94638375	
拉斯納利歐	cgroup	Module:CGroup/SAO@89298185	
拉斯飛馬	cgroup	Module:CGroup/My Little Pony@91388064	
拉昆市	cgroup	Module:CGroup/ResidentEvil@94612703	
拉格那	cgroup	Module:CGroup/Square Enix@93012351	
拉歐芬	cgroup	Module:CGroup/Frieren@82010966	
拉比涅	cgroup	Module:CGroup/Frieren@82010966	
拉溫德	char	光之美少女@94825358	
拉爾先生	cgroup	Template:CGroup/GBF@82201572	
拉特維茲	cgroup	Template:CGroup/潘朵拉之心@39382393	CHECK
拉特維里亞	cgroup	Module:CGroup/美国漫画@94638375	
拉瑟爾	cgroup	Template:CGroup/FullmetalAlchemist@48481493	
拉瑪斯	cgroup	Template:CGroup/打工吧！魔王大人@40273238	zh-hant
拉瑪達	cgroup	Module:CGroup/美国漫画@94638375	
拉皮努	char	魔法少女小圓角色列表@94590242	
拉結爾獸	char	数码宝贝大冒险：角色列表@94538377	
拉絲黛兒	char	風之谷 (電影)@94844860	
拉者崛起	cgroup	Module:CGroup/Games@94658856	
拉芙塔莉雅	char	異世界四重奏@93605298	
拉芙特	cgroup	Template:CGroup/GundamIBO@91631774	
拉芙鈴	cgroup	Template:CGroup/Pretty Rhythm@77221109	
拉茹果	char	劇場版 寶可夢 我們的故事@86542622	CHECK
拉莫爾獸	char	数码宝贝幽灵游戏角色列表@94560916	
拉菲	cgroup	Template:CGroup/Transformers@87179168	
拉蒙	cgroup	Module:CGroup/KingOfFighters@91481321	
拉薩特	cgroup	Module:CGroup/Frozen@82365390	
拉詹	cgroup	Template:CGroup/GundamTWFM@82129397	
拉貝優	cgroup	Template:CGroup/潘朵拉之心@39382393	
拉貴爾獸	char	数码宝贝大冒险tri.角色列表@94265439	
拉費爾	char	遊戲王系列角色列表@94649313	
拉路可	cgroup	Template:CGroup/童話槍手小紅帽@22981301	
拉迪斯	cgroup	Template:CGroup/GundamIBO@91631774	
拉道爾	cgroup	Template:CGroup/GundamSeed@92969101	
拉達梅斯	cgroup	Module:CGroup/ResidentEvil@94612703	
拉雅	cgroup	Module:CGroup/Disney@93925402	
拉馬納森	char	名偵探柯南：紺青之拳@94666047	
拉麵怪	char	飛天小女警Z@94716201	
拒絕城	cgroup	Template:CGroup/妖怪手錶@75937932	
拖線	cgroup	Module:CGroup/Pixar@93247177	
拖線狂想曲	cgroup	Module:CGroup/Pixar@93247177	
拖線遇上鬼火	cgroup	Module:CGroup/Pixar@93247177	
招穴者	char	學校怪談 (動畫)@92145862	
拜亞藍	cgroup	Template:CGroup/GundamUC@94693163	
拜因貝魯克	cgroup	Template:CGroup/Code Geass@70270136	
拜葉特	cgroup	Template:CGroup/GundamW@87064245	
拯夜號	cgroup	Template:CGroup/Cyber Formula@68486475	
拯救隊	cgroup	Template:CGroup/Digimon@94687201	
拳蝗	cgroup	Template:CGroup/KamenRider@94225985	
拷貝忍者	cgroup	Template:CGroup/NARUTO@86143617	
拼命郎約翰尼	cgroup	Module:CGroup/Cartoon@93410586	
拿哈那	cgroup	Module:CGroup/OnePiece@83858889	
拿多利	char	猫的报恩@93936394	
拿多露	char	猫的报恩@93936394	
拿威格拉德	cgroup	Template:CGroup/The Witcher@86825096	
拿尼加	cgroup	Template:CGroup/HUNTER@80241645	
拿沃納	cgroup	Template:CGroup/GundamIBO@91631774	
拿茲	cgroup	Template:CGroup/GBF@82201572	CHECK
拿酷戮	cgroup	Template:CGroup/HUNTER@80241645	
持田亞里沙	char	偶像大師 灰姑娘女孩角色列表@91786822	
持續暖機	cgroup	Module:CGroup/Counter-Strike@85677571	zh-hant
指南針獸	char	數碼暴龍App世代角色列表@94177588	
指揮官型制定式	cgroup	Template:CGroup/Gundam00@70972545	
指揮官鋼彈	cgroup	Template:CGroup/GBF@82201572	
指路鬼	cgroup	Template:CGroup/妖怪手錶@75937932	
挑剔女王	cgroup	Template:CGroup/妖怪手錶@75937932	
挑戰模式	cgroup	Module:CGroup/Counter-Strike@85677571	zh-hant
挫折妖	cgroup	Template:CGroup/妖怪手錶@75937932	
振揚自由	cgroup	Template:CGroup/GundamSeed@92969101	
振火神功	cgroup	Template:CGroup/降世神通@43998034	
振火神通	cgroup	Template:CGroup/降世神通@43998034	
捍衛者成員	cgroup	Template:CGroup/Heroes of the Storm@49727842	
捕鼠	char	FRESH光之美少女！@93922959	
捲簾將軍	cgroup	Module:CGroup/Counter-Strike@85677571	zh-hant
捷克羅姆	char	Pokemon the movie XY 光環的超魔神 胡帕@93394331	
捷拉奧拉	char	劇場版 寶可夢 我們的故事@86542622	
捷風	cgroup	Module:CGroup/OnePiece@83858889	
掃興的獅鷲獸	cgroup	Module:CGroup/My Little Pony@91388064	
掠食王	cgroup	Template:CGroup/Transformers@87179168	
掠食金剛	cgroup	Template:CGroup/Transformers@87179168	
掠龍獸	char	數碼暴龍App世代角色列表@94177588	
採礦大師	cgroup	Module:CGroup/Pixar@93247177	
探之裝	char	KILL la KILL@94827565	
探測機	cgroup	Template:CGroup/StarCraft2@39914602	
探索精靈	char	光之美少女@94825358	
探索者	cgroup	Module:CGroup/Danball Senki@81863967	
探遊科技	cgroup	Module:CGroup/Games-zh@90861641	zh-hant
接著邁向傳說	cgroup	Module:CGroup/Square Enix@93012351	
接關券	cgroup	Module:CGroup/Counter-Strike@85677571	zh-hant
控訴者	cgroup	Module:CGroup/美国漫画@94638375	
推尼奈	cgroup	Module:CGroup/SAO@89298185	
推尼斯里	cgroup	Module:CGroup/SAO@89298185	
推尼滋	cgroup	Module:CGroup/SAO@89298185	
推尼耶特	cgroup	Module:CGroup/SAO@89298185	
推尼賽門	cgroup	Module:CGroup/SAO@89298185	
推特獸	char	數碼暴龍App世代角色列表@94177588	
推託仙人	cgroup	Template:CGroup/妖怪手錶@75937932	
推魯弗	cgroup	Module:CGroup/SAO@89298185	
揃三藏	char	KILL la KILL@94827565	
揍敵客	cgroup	Template:CGroup/HUNTER@80241645	
提亞波羅	cgroup	Template:CGroup/GundamUC@94693163	
提亞路德獸	char	數碼寶貝覺醒節拍角色列表@94712797	
提伯爾特	char	羅密歐×茱麗葉@78678859	
提勒	cgroup	Template:CGroup/GundamAGE@51366593	CHECK
提圖斯	char	羅密歐×茱麗葉@78678859	
提奇	cgroup	Module:CGroup/SAO@89298185	
提拉米蘇長老	char	FRESH光之美少女！@93922959	
提拉諾伊德	cgroup	Template:CGroup/Ultraman@94663541	
提提妮絲	cgroup	Template:CGroup/GundamUC@94693163	
提摩	cgroup	Module:CGroup/LOL@93322985	
提歌	char	爆丸5星域爭霸@90756067	
提歌班頓	char	爆丸5星域爭霸@90756067	
提燈怪	cgroup	Module:CGroup/Square Enix@93012351	
提爾密特	cgroup	Module:CGroup/Square Enix@93012351	
提耶利亞	cgroup	Template:CGroup/Gundam00@70972545	
提艾爾法	cgroup	Template:CGroup/GundamAGE@51366593	
提透哈山	cgroup	Template:CGroup/The Witcher@86825096	
提里斯法	cgroup	Module:CGroup/Wow@94351016	
揚克斯	cgroup	Template:CGroup/GundamIBO@91631774	
揚古	cgroup	Module:CGroup/Wow@94351016	
揮擊模式	cgroup	Module:CGroup/Counter-Strike@85677571	zh-hant
損害控制部	cgroup	Module:CGroup/美国漫画@94638375	
搖擺咚奇剛	cgroup	Module:CGroup/Nintendo@94745610	
搖曳莊的幽奈小姐	cgroup	Module:CGroup/Anime@94680982	
搖滾之神	cgroup	Template:CGroup/Heroes of the Storm@49727842	
搖滾樂是淑女的嗜好	cgroup	Module:CGroup/Anime@94680982	
搖滾貝斯	cgroup	Module:CGroup/Counter-Strike@85677571	zh-hant
搗蛋精	cgroup	Module:CGroup/My Little Pony@91388064	
搜查一課	cgroup	Template:CGroup/ED@94768974	zh-hant
搜索獸	char	数码宝贝大冒险：角色列表@94538377	
搜魔護盾	cgroup	Template:CGroup/GundamIBO@91631774	
搜魔軍刀	cgroup	Template:CGroup/GundamIBO@91631774	
搜魔鋼彈	cgroup	Template:CGroup/GundamIBO@91631774	
搶奪鳥	cgroup	Template:CGroup/妖怪手錶@75937932	
搶救團隊	cgroup	Module:CGroup/Cyberpunk@85139581	
搶救老媽大作戰	cgroup	Module:CGroup/Disney@93925402	
摩仁羅獸	char	数码宝贝幽灵游戏角色列表@94560916	
摩利斯	char	交响诗篇@94703945	
摩托風暴	cgroup	Module:CGroup/Games@94658856	
摩拉利亞	cgroup	Template:CGroup/Gundam00@70972545	
摩拉斯	cgroup	Module:CGroup/美国漫画@94638375	
摩根勒菲	char	Fate/Apocrypha@90728159	CHECK
摩根特	cgroup	Template:CGroup/Mabinogi@50754648	
摩根雷堤社	cgroup	Template:CGroup/GundamSeed@92969101	
摩根頓	cgroup	Template:CGroup/GundamIBO@91631774	
摩比	cgroup	Template:CGroup/Crazyracing Kartrider@60141039	
摩瑞拉	cgroup	Template:CGroup/GOSICK@62514366	
摩登大聖	cgroup	Module:CGroup/Cartoon@93410586	
摩茲	cgroup	Module:CGroup/OnePiece@83858889	CHECK
摩金	char	航海王電影：GOLD@93412929	
摩魯特	cgroup	Module:CGroup/SAO@89298185	
摩魯蛾	cgroup	Template:CGroup/Pokemon@85444397	
摻雜體	cgroup	Template:CGroup/KamenRider@94225985	
撒不完的謊	cgroup	Module:CGroup/My Little Pony@91388064	
撒卡蘭姆	cgroup	Template:CGroup/Diablo@94495831	
撒卡蘭姆的聖教軍	cgroup	Template:CGroup/Heroes of the Storm@49727842	
撒塔斯城	cgroup	Module:CGroup/Wow@94351016	
撒多格杜獸	char	数码宝贝03驯兽师之王角色列表@94744434	
撒嬌要求	cgroup	Template:CGroup/HUNTER@80241645	
撒路德	cgroup	Template:CGroup/Mazinger@84157445	
撲空獸	char	數碼暴龍App世代角色列表@94177588	
擅長捉弄人的高木同學	cgroup	Module:CGroup/Anime@94680982	zh-hant
擅長資通技術	char	数码宝贝大冒险角色列表@94744369	
擅長踢足球	char	数码宝贝大冒险角色列表@94744369	
操作桿	cgroup	Module:CGroup/Games@94658856	zh-hant
操作系	cgroup	Template:CGroup/HUNTER@80241645	zh-hant
操冥使徒	cgroup	Template:CGroup/KamenRider@94225985	
操著一口名古屋腔	char	数码宝贝大冒险02角色列表@94744398	
操血	cgroup	Template:CGroup/MyHeroAcademia@87565804	
擎天神鋼彈	cgroup	Template:CGroup/GundamUC@94693163	
據點攻略戰	cgroup	Module:CGroup/LOL@93322985	
擠普塞	cgroup	Module:CGroup/Simpsons@84869408	
擬態獸	char	數碼寶貝覺醒節拍角色列表@94712797	
擬阿卡馬	cgroup	Template:CGroup/GundamUC@94693163	
擴張術式	char	咒術迴戰角色列表@94830133	
擴音婆	cgroup	Template:CGroup/妖怪手錶@75937932	CHECK
攔截記憶碼	cgroup	Module:CGroup/Counter-Strike@85677571	zh-hant
攔路河豚	cgroup	Template:CGroup/妖怪手錶@75937932	
攝影獸	char	數碼暴龍App世代角色列表@94177588	
攝影集	cgroup	Module:CGroup/Cartoon@93410586	zh-hant
攪拌大師	cgroup	Template:CGroup/Transformers@87179168	
支援箭	cgroup	Template:CGroup/Mabinogi@50754648	
收債人	char	秋葉原冥途戰爭@94822711	
收訊塔	cgroup	Template:CGroup/Pokemon@85444397	
收貨負責人	char	名偵探福爾摩斯@94071005	
改造扳手	cgroup	Template:CGroup/Crazyracing Kartrider@60141039	
攻擊刃	cgroup	Template:CGroup/GundamSeed@92969101	
攻擊者背包	cgroup	Template:CGroup/GundamSeed@92969101	
攻擊者裝備背包	cgroup	Template:CGroup/GundamSeed@92969101	
攻擊自由	cgroup	Template:CGroup/GundamSeed@92969101	
攻擊裝備背包	cgroup	Template:CGroup/GundamSeed@92969101	
攻擊裝備背包系統	cgroup	Template:CGroup/GundamSeed@92969101	
攻擊鋼彈	cgroup	Template:CGroup/GundamSeed@92969101	
攻陷之神	cgroup	Template:CGroup/The World God Only Knows@50754307	
放出系	cgroup	Template:CGroup/HUNTER@80241645	zh-hant
放學後的甜點故事	cgroup	Module:CGroup/BlueArchive@93972468	zh-hant
放學後的甜點部	cgroup	Module:CGroup/BlueArchive@93972468	zh-hant
放屁鬼神	cgroup	Template:CGroup/妖怪手錶@75937932	
放棄僧	cgroup	Template:CGroup/妖怪手錶@75937932	
故事鋼彈	cgroup	Template:CGroup/GundamUC@94693163	
敏雄	char	岁月的童话@92224070	
救世英豪	cgroup	Module:CGroup/Games@94658856	
救援人質	cgroup	Module:CGroup/Counter-Strike@85677571	zh-hant
救星鋼彈	cgroup	Template:CGroup/GundamSeed@92969101	
救難小英雄澳洲歷險記	cgroup	Module:CGroup/Disney@93925402	
敖得薩	cgroup	Template:CGroup/GundamUC@94693163	
敗北女角太多了	cgroup	Module:CGroup/Anime@94680982	
教堂的聖誕祝福	cgroup	Module:CGroup/BlueArchive@93972468	zh-hant
教學模式	cgroup	Module:CGroup/LOL@93322985	
教練獸	char	數碼暴龍App世代角色列表@94177588	
散爆網絡	cgroup	Module:CGroup/Games-zh@90861641	zh-hant
敦斯特	cgroup	Module:CGroup/Frieren@82010966	
敬神模組	cgroup	Module:CGroup/SAO@89298185	
整備師	cgroup	Module:CGroup/Danball Senki@81863967	
整頭整腦	cgroup	Module:CGroup/Frozen@82365390	
敵視彈	cgroup	Template:CGroup/Reborn@29403199	
數位下載	cgroup	Module:CGroup/Games@94658856	
數位出版	cgroup	Module:CGroup/Games@94658856	
數位分發	cgroup	Module:CGroup/Games@94658856	
數位娛樂	cgroup	Module:CGroup/Games@94658856	
數位媒體	cgroup	Module:CGroup/Games@94658856	
數位惡魔物語	cgroup	Module:CGroup/Games@94658856	
數位有限公司	cgroup	Module:CGroup/Games-zh@90861641	zh-hant
數位發行	cgroup	Module:CGroup/Games@94658856	
數位科技	cgroup	Module:CGroup/Anime@94680982	
數位科技股份有限公司	cgroup	Module:CGroup/Games-zh@90861641	zh-hant
數位紅	cgroup	Module:CGroup/Games-zh@90861641	zh-hant
數位股份有限公司	cgroup	Module:CGroup/Games-zh@90861641	zh-hant
數位資產	cgroup	Module:CGroup/Games@94658856	
數位銷售	cgroup	Module:CGroup/Games@94658856	
數字星空	cgroup	Module:CGroup/Games-zh@90861641	zh-hant
數字者	cgroup	Template:CGroup/Battle Spirits@29023902	
數學教師	char	飛天小女警Z@94716201	
數碼卡牌	cgroup	Template:CGroup/Digimon@94687201	
數碼卡牌格鬥	cgroup	Template:CGroup/Digimon@94687201	
數碼子	cgroup	Module:CGroup/Anime@94680982	
數碼寶貝卡牌	cgroup	Template:CGroup/Digimon@94687201	
數碼寶貝格鬥	cgroup	Template:CGroup/Digimon@94687201	
數碼寶貝無限地帶	cgroup	Template:CGroup/Digimon@94687201	
數碼寶貝袖珍	cgroup	Template:CGroup/Digimon@94687201	
數碼寶貝馴獸師之王	cgroup	Template:CGroup/Digimon@94687201	
數碼戲胞	cgroup	Module:CGroup/Games-zh@90861641	zh-hant
數碼獸	cgroup	Template:CGroup/Digimon@94687201	
數碼精靈	char	数码宝贝03驯兽师之王角色列表@94744434	
數碼蛋獸	char	数码宝贝幽灵游戏角色列表@94560916	
數藤隆臣	char	罪惡王冠@87767894	
文士達	char	太陽之子 (日法合作動畫)@94098493	
文惠	char	東之伊甸@92226285	
文藝社	cgroup	Template:CGroup/涼宮春日的憂鬱@71080538	
文藝社社長	cgroup	Template:CGroup/涼宮春日的憂鬱@71080538	
斐爾洛克	char	翠星上的加爾岡緹亞@91223485	
斑紋獨角獸	char	数码宝贝大冒险：角色列表@94538377	
料理鼠王	cgroup	Module:CGroup/Pixar@93247177	
斜二博士	cgroup	Module:CGroup/蠟筆小新@93760288	
斧型刺刀	cgroup	Module:CGroup/Counter-Strike@85677571	zh-hant
斧王模式	cgroup	Template:CGroup/KamenRider@94225985	
斧矛	cgroup	Template:CGroup/GundamIBO@91631774	
斬伐獸	char	数码宝贝大冒险：角色列表@94538377	
斬刀破壞槍	cgroup	Template:CGroup/GundamUC@94693163	
斬天使獸	char	数码宝贝大冒险：角色列表@94538377	
斬擊型薩克幽靈	cgroup	Template:CGroup/GundamSeed@92969101	
斬擊型薩克戰士	cgroup	Template:CGroup/GundamSeed@92969101	
斬擊型輔助裝備	cgroup	Template:CGroup/GundamSeed@92969101	
斬擊天使獸	cgroup	Template:CGroup/Digimon@94687201	
斬魂刀	char	BLEACH角色列表@94571323	
斬魄刀	char	BLEACH角色列表@94571323	
斯凱依	cgroup	Template:CGroup/ED@94768974	zh-hant
斯列特	cgroup	Module:CGroup/閃電十一人@68657168	
斯卡蒙	cgroup	Template:CGroup/Mazinger@84157445	
斯卡蒙月球	cgroup	Template:CGroup/Mazinger@84157445	
斯吉普	char	凱洛與塔斯黛@92015221	
斯坦索姆的抉擇	cgroup	Module:CGroup/Wow@94351016	
斯塔飛	cgroup	Module:CGroup/Nintendo@94745610	
斯多曼都	char	天元突破 紅蓮螺巖@93776700	
斯奇嘉	cgroup	Template:CGroup/The Witcher@86825096	
斯奈德爾	cgroup	Module:CGroup/SPY×FAMILY@86080268	
斯奎阿	char	光之美少女@94825358	
斯寇伐斯	cgroup	Template:CGroup/Diablo@94495831	
斯巴爾達	char	魔法使光之美少女！@94758670	CHECK
斯帕納	cgroup	Template:CGroup/Reborn@29403199	
斯帕達姆	cgroup	Module:CGroup/OnePiece@83858889	
斯庫澤	char	91Days@89878470	
斯托普	char	Go Princess 光之美少女@94065409	
斯托洛貝里	cgroup	Module:CGroup/OnePiece@83858889	
斯托莉亞	char	翠星上的加爾岡緹亞@91223485	
斯拉達	cgroup	Module:CGroup/閃電十一人@68657168	
斯摩格	cgroup	Module:CGroup/OnePiece@83858889	
斯昆提亞	cgroup	Module:CGroup/Square Enix@93012351	
斯普軟件	cgroup	Module:CGroup/Games-zh@90861641	zh-hant
斯格利加	cgroup	Template:CGroup/The Witcher@86825096	
斯波依魯	char	ONE PIECE角色列表@94658502	
斯洛思	cgroup	Template:CGroup/FullmetalAlchemist@48481493	
斯洛烏斯	cgroup	Template:CGroup/FullmetalAlchemist@48481493	
斯溫	cgroup	Module:CGroup/LOL@93322985	
斯潘達因	cgroup	Module:CGroup/OnePiece@83858889	
斯特琉斯	cgroup	Template:CGroup/KamenRider@94225985	
斯特雷加	char	91Days@89878470	
斯瓦魯茲	cgroup	Template:CGroup/KamenRider@94225985	CHECK
斯皮勒	char	借物少女艾莉緹@89682636	CHECK
斯科斯格倫	cgroup	Template:CGroup/Diablo@94495831	
斯米爾諾夫	cgroup	Template:CGroup/Gundam00@70972545	
斯維爾	cgroup	Template:CGroup/KamenRider@94225985	
斯邁萊斯	cgroup	Template:CGroup/Code Geass@70270136	
新世紀福音戰士	title	新世纪福音战士@94702846	
新世紀福音戰士劇場版	title	新世紀福音戰士劇場版@94573063	
新九郎	char	獸兵衛忍風帖@94218789	
新全民公敵	cgroup	Module:CGroup/Games@94658856	
新冒險之門	cgroup	Template:CGroup/Digimon@94687201	
新加坡星光部隊	cgroup	Module:CGroup/Counter-Strike@85677571	zh-hant
新勇者萊汀	cgroup	Module:CGroup/Anime@94680982	
新堂堇	char	名偵探柯南：漆黑的追跡者@94634868	
新妻惠一兒	cgroup	Template:CGroup/Bakuman@59602158	
新子與千年魔法	cgroup	Module:CGroup/Anime@94680982	
新安州	cgroup	Template:CGroup/GundamUC@94693163	
新川奈緒	char	白箱@94727899	
新幹線變形機器人	cgroup	Module:CGroup/Anime@94680982	
新庄功	char	名偵探柯南：銀翼的奇術師@94771896	
新手重生區	cgroup	Template:CGroup/Mabinogi@50754648	
新木蘭號	cgroup	Template:CGroup/Mazinger@84157445	zh-hant
新楓之谷	cgroup	Template:CGroup/MapleStory@57794822	
新歐洲共同體	cgroup	Template:CGroup/Gundam00@70972545	
新海軍	cgroup	Module:CGroup/OnePiece@83858889	
新海遙	char	數碼暴龍App世代角色列表@94177588	
新湯姆與傑利	cgroup	Module:CGroup/Cartoon@93410586	
新生日本隊	cgroup	Module:CGroup/閃電十一人@68657168	
新生艾奧傑亞	cgroup	Module:CGroup/Square Enix@93012351	
新生艾恩葛朗特	cgroup	Module:CGroup/SAO@89298185	
新田美波	char	偶像大師 灰姑娘女孩角色列表@91786822	
新科學人	cgroup	Module:CGroup/Simpsons@84869408	zh-hant
新種惡魔獸	char	数码宝贝大冒险：角色列表@94538377	
新見節子	char	名偵探柯南：水平線上的陰謀@94562230	CHECK
新見謙介	char	名偵探柯南：水平線上的陰謀@94562230	CHECK
新迪西斯	cgroup	Template:CGroup/GundamUC@94693163	CHECK
新金剛戰士	cgroup	Template:CGroup/Power Rangers@27638544	zh-hant
新魯賓遜漂流記	title	家族魯賓遜漂流記 不可思議之島的芙蘿拉@94720082	
新鮮採摘英雄	cgroup	Template:CGroup/MyHeroAcademia@87565804	
斷斬剪刀	char	KILL la KILL@94827565	
斷鋼神劍	cgroup	Module:CGroup/SAO@89298185	
斷鋼神劍篇	cgroup	Module:CGroup/SAO@89298185	
方城市	cgroup	Module:CGroup/Disney@93925402	
方程式模式	cgroup	Template:CGroup/Crazyracing Kartrider@60141039	
方糖角落	cgroup	Module:CGroup/My Little Pony@91388064	zh-hant
方舟畢博士	cgroup	Module:CGroup/蠟筆小新@93760288	
方舟畢研究所	cgroup	Module:CGroup/蠟筆小新@93760288	
方谷	cgroup	Template:CGroup/潘朵拉之心@39382393	
方頭巾	cgroup	Template:CGroup/降世神通@43998034	
施特格邁爾	cgroup	Template:CGroup/Gundam00@70972545	
旁觀者模式	cgroup	Module:CGroup/Minecraft@94388709	
旅神號	cgroup	Template:CGroup/GundamIBO@91631774	
旅行河童	cgroup	Template:CGroup/妖怪手錶@75937932	
旅行獸	char	數碼暴龍App世代角色列表@94177588	
旋繞於心的想法	cgroup	Template:CGroup/GundamTWFM@82129397	
旋膛加農砲	cgroup	Template:CGroup/GundamIBO@91631774	
旋轉木馬精品屋	cgroup	Module:CGroup/My Little Pony@91388064	zh-hant
旋風上升	cgroup	Module:CGroup/閃電十一人@68657168	
旋風之術	cgroup	Module:CGroup/閃電十一人@68657168	
旋風使者	cgroup	Module:CGroup/Minecraft@94388709	
旋風墜擊	cgroup	Module:CGroup/閃電十一人@68657168	
旋風小飛俠	cgroup	Module:CGroup/Anime@94680982	
旋風擺蓮腿	cgroup	Template:CGroup/Mabinogi@50754648	
旋風斬奸	char	KILL la KILL@94827565	
旋風桿	cgroup	Module:CGroup/Minecraft@94388709	
旋風箭	cgroup	Template:CGroup/Mabinogi@50754648	
旋風衝鋒	cgroup	Template:CGroup/四驅兄弟@86987120	
旗坊	char	小松先生@93448405	
旗幟式	cgroup	Template:CGroup/Gundam00@70972545	
旗幟式改	cgroup	Template:CGroup/Gundam00@70972545	
旗幟戰鬥員	cgroup	Template:CGroup/Gundam00@70972545	
旗木	cgroup	Template:CGroup/NARUTO@86143617	
日下廣成	char	名偵探柯南：水平線上的陰謀@94562230	
日下部真理	char	東京地震8.0@93461799	
日下部若葉	char	偶像大師 灰姑娘女孩角色列表@91786822	
日下部誠	char	名偵探柯南：零的執行人@94628185	
日下部雛	char	東京地震8.0@93461799	
日光感測器	cgroup	Module:CGroup/Minecraft@94388709	
日冕白袍獸	char	數碼寶貝覺醒節拍角色列表@94712797	
日吉葵	char	少女與戰車角色列表@93320972	
日向千穗	char	K (動畫)@93234659	
日向寧次	cgroup	Template:CGroup/NARUTO@86143617	
日向幸	char	名偵探柯南角色列表@94461808	
日向真理子	char	光之美少女：食尚甜心@92951245	
日向茉莉	char	魔法少女小圓角色列表@94590242	
日常茵蒂克絲	cgroup	Template:CGroup/Toaru@89726592	
日影真生	char	妖怪手錶系列@93337229	
日暮永遠	char	半妖的夜叉姬@87932716	
日暮竇子	char	你的顏色@90891573	
日暮籬	char	半妖的夜叉姬@87932716	
日暮芽衣	char	半妖的夜叉姬@87932716	
日暮茜	char	舞-HiME角色列表@91610502	
日暮草太	char	半妖的夜叉姬@87932716	
日暮萌	char	半妖的夜叉姬@87932716	
日暴	cgroup	Template:CGroup/Transformers@87179168	
日曆獸	char	數碼暴龍App世代角色列表@94177588	
日本合眾國	cgroup	Template:CGroup/Code Geass@70270136	
日本特殊急襲部隊	cgroup	Module:CGroup/Counter-Strike@85677571	zh-hant
日本赤軍	cgroup	Module:CGroup/Counter-Strike@85677571	zh-hant
日本鎖國	cgroup	Module:CGroup/Anime@94680982	
日步美	cgroup	Module:CGroup/BlueArchive@93972468	zh-hant
日渡洋輔	char	花開物語@94760130	
日渡薺	char	动物新世代 BNA@91791723	
日渡謙治	char	花開物語@94760130	
日置順子	char	高校艦隊@93341996	
日輪呀	char	Fate/Apocrypha@90728159	CHECK
日輪聖劍	cgroup	Module:CGroup/閃電十一人@68657168	
日野元氣	char	Smile 光之美少女！@93787006	
日野茜	char	偶像大師 灰姑娘女孩角色列表@91786822	
日高曉	char	K (動畫)@93234659	
日高留美	char	藍色恐懼@94281992	
早乙女滿	cgroup	Template:CGroup/Getter Robo@89726924	
早坂美玲	char	偶像大師 灰姑娘女孩角色列表@91786822	
早川友梨	char	跳躍吧！時空少女@94438891	
早船羅密歐	char	Free!@93607624	
旭勝義	char	名偵探柯南：第14號獵物@94562556	
旭日之箭	cgroup	Template:CGroup/四驅兄弟@86987120	
旭日鋼彈	cgroup	Template:CGroup/GGundam@85035825	
昆奈爾	cgroup	Template:CGroup/GundamIBO@91631774	
昆布哥	cgroup	Template:CGroup/妖怪手錶@75937932	
昆式戰機	cgroup	Module:CGroup/美国漫画@94638375	
昆恩符咒	cgroup	Template:CGroup/The Witcher@86825096	
昆曼沙	cgroup	Template:CGroup/GundamUC@94693163	
昆蟲金剛	cgroup	Template:CGroup/Transformers@87179168	
明可	cgroup	Template:CGroup/GundamIBO@91631774	
明堂院嚴太郎	char	Heartcatch 光之美少女！@94574540	
明堂院椿	char	Heartcatch 光之美少女！@94574540	
明堂院皋	char	Heartcatch 光之美少女！@94574540	
明天加油女孩	cgroup	Template:CGroup/妖怪手錶@75937932	
明斯理	cgroup	Template:CGroup/GundamAGE@51366593	
明日之星足球大賽	cgroup	Module:CGroup/閃電十一人@68657168	
明日之槍	cgroup	Module:CGroup/Danball Senki@81863967	
明日野	cgroup	Template:CGroup/GundamAGE@51366593	
明星花鈴	char	Go Princess 光之美少女@94065409	
明月之城	cgroup	Module:CGroup/Counter-Strike@85677571	zh-hant
明月柑橘	char	BORUTO-火影新世代-NARUTO NEXT GENERATIONS-角色列表@94842050	
明石小進	char	数码宝贝合体战争角色列表@94717250	
明里	cgroup	Template:CGroup/Aikatsu@68312381	
明鏡鋼彈	cgroup	Template:CGroup/GGundam@85035825	
易怒培根	cgroup	Template:CGroup/妖怪手錶@75937932	
星之卡比	title	星之卡比 (動畫)@94160462	
星之聲	title	星之聲@92143926	
星光女王	cgroup	Template:CGroup/Aikatsu@68312381	
星光少女	cgroup	Template:CGroup/Pretty Rhythm@77221109	zh-hant
星光戰士	cgroup	Module:CGroup/LOL@93322985	
星光時尚秀	cgroup	Template:CGroup/Pretty Rhythm@77221109	
星光流星雨	cgroup	Template:CGroup/Pretty Rhythm@77221109	zh-hant
星光演唱會	cgroup	Template:CGroup/Pretty Rhythm@77221109	
星光王牌	cgroup	Template:CGroup/Pretty Rhythm@77221109	zh-hant
星光的友誼功課	cgroup	Module:CGroup/My Little Pony@91388064	
星光的復仇	cgroup	Module:CGroup/My Little Pony@91388064	
星光閃耀	cgroup	Module:CGroup/My Little Pony@91388064	
星塵回憶	cgroup	Module:CGroup/Anime@94680982	
星天使	cgroup	Template:CGroup/Yes! 光之美少女5@89217113	
星奈	cgroup	Module:CGroup/BlueArchive@93972468	zh-hant
星川莉莉	char	佐賀偶像是傳奇@94005232	
星彩烏雲	cgroup	Template:CGroup/Crazyracing Kartrider@60141039	
星朵拉	cgroup	Module:CGroup/LOL@93322985	
星核	cgroup	Template:CGroup/StarCraft2@39914602	
星水女神鋼彈	cgroup	Template:CGroup/Gundam00@70972545	
星炫風	cgroup	Template:CGroup/Yes! 光之美少女5@89217113	
星球浩克	cgroup	Module:CGroup/美国漫画@94638375	
星璇白鬍智者	cgroup	Module:CGroup/My Little Pony@91388064	
星空妙	char	Smile 光之美少女！@93787006	
星空的邂逅	title	拜託了☆老師@90724500	
星艦奇航記	cgroup	Module:CGroup/Cartoon@93410586	
星艦迷航記	cgroup	Template:CGroup/Futurama@34999934	
星見大人	char	DARKER THAN BLACK@93233512	CHECK
星軌指揮總部	cgroup	Template:CGroup/StarCraft2@39914602	
星輝子	char	偶像大師 灰姑娘女孩角色列表@91786822	
星辰墜落之國的妮娜	cgroup	Module:CGroup/Anime@94680982	CHECK
星辰鼓動之愛	cgroup	Template:CGroup/GundamUC@94693163	
星野慶子	char	少女與戰車角色列表@93320972	
星野涼	char	富豪刑事 Balance:UNLIMITED@93288613	
星野瑾	char	哆啦A梦角色列表@94533440	
星野輝美	char	名偵探柯南角色列表@94461808	
星銀島	cgroup	Module:CGroup/Disney@93925402	
星鑽彩砲	cgroup	Module:CGroup/Counter-Strike@85677571	zh-hant
星際光束加農砲	cgroup	Template:CGroup/GBF@82201572	
星際光束步槍	cgroup	Template:CGroup/GBF@82201572	
星際寶貝	cgroup	Module:CGroup/Disney@93925402	
星際寶貝史迪奇	cgroup	Module:CGroup/Disney@93925402	
星際港	cgroup	Template:CGroup/StarCraft2@39914602	
星際牛仔	title	星際牛仔@94702998	
星際異攻隊	cgroup	Module:CGroup/美国漫画@94638375	
星際製作攻擊	cgroup	Template:CGroup/GBF@82201572	
星際軍刀	cgroup	Template:CGroup/Transformers@87179168	
星願	cgroup	Module:CGroup/Disney@93925402	
星黃泉	char	犬夜叉角色列表@94790447	
春原旬	cgroup	Module:CGroup/BlueArchive@93972468	zh-hant
春名木實	char	魔法少女小圓角色列表@94590242	
春季賽	cgroup	Module:CGroup/LOL@93322985	
春嵐	char	犬夜叉角色列表@94790447	
春川風希	char	Lycoris Recoil 莉可麗絲@94031169	
春日晴男	char	東之伊甸@92226285	
春日美帆	char	言葉之庭@94474945	
春日部野生王國	cgroup	Module:CGroup/蠟筆小新@93760288	
春日部電影院	cgroup	Module:CGroup/蠟筆小新@93760288	
春日野麗	cgroup	Template:CGroup/Yes! 光之美少女5@89217113	CHECK
春櫻之歌	cgroup	Module:CGroup/Anime@94680982	
春粒	cgroup	Module:CGroup/Simpsons@84869408	
春野伊吹	char	Go Princess 光之美少女@94065409	
春野桃香	char	Go Princess 光之美少女@94065409	
春野萌	char	Go Princess 光之美少女@94065409	
春風泡泡	cgroup	Template:CGroup/小魔女DoReMi@65858319	
春風華米	char	小魔女DoReMi@94721174	
是英雄登場的時候了	cgroup	Module:CGroup/開闊天空！光之美少女@83218661	
是露	char	半妖的夜叉姬@87932716	
時光布	cgroup	Module:CGroup/Doraemon@88509940	
時尚生活組合	cgroup	Template:CGroup/Sim@37867988	
時空之石	cgroup	Module:CGroup/閃電十一人@68657168	
時空大冒險	cgroup	Module:CGroup/蠟筆小新@93760288	
時空幻境	cgroup	Module:CGroup/Tales@54832633	
時空悍將	cgroup	Module:CGroup/Games@94658856	
時空障壁	cgroup	Module:CGroup/閃電十一人@68657168	
時籠百合	char	回转企鹅罐@94635162	
時鐘獸	char	数码宝贝幽灵游戏角色列表@94560916	
時間困境	cgroup	Module:CGroup/美国漫画@94638375	
時間寶石	cgroup	Module:CGroup/美国漫画@94638375	
時間獸	char	數碼暴龍App世代角色列表@94177588	
時間神殿	cgroup	Template:CGroup/MapleStory@57794822	
普亞路	cgroup	Template:CGroup/DragonBall@92325756	
普布利奧	cgroup	Template:CGroup/GundamIBO@91631774	
普拉哈卡	cgroup	Module:CGroup/美国漫画@94638375	
普普	cgroup	Template:CGroup/Yes! 光之美少女5@89217113	
普森	char	寶可夢動畫角色列表@93411809	
普洛特	cgroup	Template:CGroup/GundamIBO@91631774	
普烏	cgroup	Template:CGroup/DragonBall@92325756	
普琳	cgroup	Module:CGroup/OnePiece@83858889	
普琳達	cgroup	Template:CGroup/Mabinogi@50754648	
普瓦獸	char	数码宝贝大冒险：角色列表@94538377	
普羅修	cgroup	Template:CGroup/FullmetalAlchemist@48481493	
普羅多洛斯	cgroup	Template:CGroup/GundamTWFM@82129397	
普羅恩普特	cgroup	Module:CGroup/Square Enix@93012351	
普羅涅	cgroup	Template:CGroup/GundamTWFM@82129397	
普羅特獸	char	数码宝贝大冒险tri.角色列表@94265439	
普羅王傳說	cgroup	Module:CGroup/LOL@93322985	
普莉	char	名偵探福爾摩斯@94071005	
普莉亞	cgroup	Module:CGroup/Pixar@93247177	
普萊姆神殿	cgroup	Template:CGroup/C&C@83793789	
普萊娜	char	最終幻想XV系列角色列表@93516993	CHECK
普萊德	cgroup	Template:CGroup/FullmetalAlchemist@48481493	
普萊澤特	char	罪惡王冠@87767894	
普萊瑪斯	cgroup	Template:CGroup/Transformers@87179168	
普路路獸	char	数码宝贝大冒险：角色列表@94538377	
普通殭屍	cgroup	Module:CGroup/Counter-Strike@85677571	zh-hant
普雷傑	cgroup	Template:CGroup/GundamIBO@91631774	
普雷達	cgroup	Template:CGroup/FullmetalAlchemist@48481493	
普露	cgroup	Template:CGroup/GundamUC@94693163	
普露茲	cgroup	Template:CGroup/GundamUC@94693163	CHECK
普魯塔克	char	悲慘世界 少女珂賽特@94720109	
普魯托	cgroup	Template:CGroup/黑執事@49361116	
普魯普魯	char	光之美少女：食尚甜心@92951245	
普魯維爾	char	悲慘世界 少女珂賽特@94720109	
晴天愉快	cgroup	Template:CGroup/涼宮春日的憂鬱@71080538	
晴明	cgroup	Template:CGroup/NARUTO@86143617	
晴月光太郎	char	名偵探柯南：瞳孔中的暗殺者@94403739	
晴空天使	cgroup	Module:CGroup/開闊天空！光之美少女@83218661	
晶界獸	char	数码宝贝幽灵游戏角色列表@94560916	
晶紅聖所	cgroup	Module:CGroup/Wow@94351016	
智人拍檔	char	奇巧計程車@89552760	
智喜	cgroup	Template:CGroup/HUNTER@80241645	
智天使鋼彈	cgroup	Template:CGroup/Gundam00@70972545	
智娜	cgroup	Module:CGroup/Solo Leveling@86308871	CHECK
智慧的再現	cgroup	Module:CGroup/Nintendo@94745610	
智慧精靈	char	光之美少女@94825358	
智珠蘭華	char	魔法少女小圓角色列表@94590242	
智魔之斧	cgroup	Template:CGroup/GundamIBO@91631774	
智魔之鎚	cgroup	Template:CGroup/GundamIBO@91631774	
智魔鋼彈	cgroup	Template:CGroup/GundamIBO@91631774	
暈眩粒子	cgroup	Module:CGroup/Counter-Strike@85677571	zh-hant
暖心夜	cgroup	Module:CGroup/My Little Pony@91388064	
暖心節	cgroup	Module:CGroup/My Little Pony@91388064	
暖暖妖	cgroup	Template:CGroup/妖怪手錶@75937932	
暖爐節傳說	cgroup	Module:CGroup/My Little Pony@91388064	
暗夜惡徒	cgroup	Template:CGroup/KamenRider@94225985	
暗夜狼人	cgroup	Module:CGroup/美国漫画@94638375	
暗夜男爵	char	名偵探柯南角色列表@94461808	
暗夜行者	cgroup	Template:CGroup/MapleStory@57794822	
暗巷衝突	cgroup	Module:CGroup/Counter-Strike@85677571	zh-hant
暗影世界	cgroup	Template:CGroup/KamenRider@94225985	
暗影之境	cgroup	Module:CGroup/Wow@94351016	
暗影獵人	cgroup	Template:CGroup/Warcraft@92164655	zh-hant
暗影神偷	cgroup	Template:CGroup/MapleStory@57794822	
暗影老師	cgroup	Template:CGroup/妖怪手錶@75937932	
暗影龍捲風	cgroup	Module:CGroup/閃電十一人@68657168	
暗德谷	cgroup	Module:CGroup/開闊天空！光之美少女@83218661	
暗森	char	灰羽連盟@94642936	
暗黑帝王隊	cgroup	Module:CGroup/閃電十一人@68657168	
暗黑戰狼	cgroup	Template:CGroup/戰鬥陀螺 鋼鐵奇兵@68490308	
暗黑死光	cgroup	Module:CGroup/閃電十一人@68657168	
暗黑爆丸	cgroup	Template:CGroup/爆丸@31893398	
暗黑爆丸毀滅神	cgroup	Template:CGroup/爆丸@31893398	
暗黑獸	cgroup	Template:CGroup/Digimon@94687201	
暗黑破壞神	cgroup	Template:CGroup/Heroes of the Storm@49727842	
暗黑聖戰	cgroup	Template:CGroup/Warhammer@93295042	
暗黑霧都	char	Fate/Apocrypha@90728159	
暗黑騎士獸	cgroup	Template:CGroup/Digimon@94687201	
暮光之戰	cgroup	Module:CGroup/Wow@94351016	
暮光之時	cgroup	Module:CGroup/Wow@94351016	
暮光之鎚的酋長	cgroup	Template:CGroup/Heroes of the Storm@49727842	
暮光議會	cgroup	Template:CGroup/StarCraft2@39914602	
暴刃	cgroup	Template:CGroup/Crazyracing Kartrider@60141039	
暴坊伯爵	cgroup	Template:CGroup/黑執事@49361116	
暴徒式	cgroup	Template:CGroup/Gundam00@70972545	
暴暴龍大英雄	cgroup	Module:CGroup/Pixar@93247177	
暴衝古布	cgroup	Module:CGroup/Counter-Strike@85677571	zh-hant
暴走南瓜車	cgroup	Template:CGroup/Crazyracing Kartrider@60141039	
暴走特急	cgroup	Template:CGroup/Digimon@94687201	
暴走重砲	cgroup	Module:CGroup/LOL@93322985	
暴躁蟲	cgroup	Module:CGroup/SAO@89298185	
暴雪基地	cgroup	Module:CGroup/Counter-Strike@85677571	zh-hant
暴雷雙翼	cgroup	Template:CGroup/爆丸@31893398	
暴風傳奇	cgroup	Module:CGroup/Tales@54832633	
暴風刃	cgroup	Template:CGroup/GundamSeed@92969101	
暴風前夕	cgroup	Template:CGroup/Might&Magic@42603917	
暴風劍	cgroup	Module:CGroup/Danball Senki@81863967	
暴風天馬	cgroup	Template:CGroup/戰鬥陀螺 鋼鐵奇兵@68490308	
暴風獵鷹	cgroup	Template:CGroup/爆丸@31893398	
暴風艦	cgroup	Template:CGroup/StarCraft2@39914602	
暴風魔羯	cgroup	Template:CGroup/戰鬥陀螺 鋼鐵奇兵@68490308	
暴鯉龍	cgroup	Template:CGroup/Pokemon@85444397	
暴龍屠殺斬	cgroup	Module:CGroup/閃電十一人@68657168	
暴龍金剛	cgroup	Template:CGroup/Transformers@87179168	
暴龍魔爪	cgroup	Module:CGroup/Counter-Strike@85677571	zh-hant
曉數碼	cgroup	Module:CGroup/Games-zh@90861641	zh-hant
曉美焰	char	魔法少女小圓角色列表@94590242	
曉鋼彈	cgroup	Template:CGroup/GundamSeed@92969101	
曙光公主	cgroup	Module:CGroup/Games@94658856	
更紗帆奈	char	魔法少女小圓角色列表@94590242	
書之門	char	Smile 光之美少女！@93787006	
書和羽毛筆	cgroup	Module:CGroup/Minecraft@94388709	
曼佐	cgroup	Module:CGroup/Frozen@82365390	
曼尼	cgroup	Module:CGroup/Pixar@93247177	
曼弗雷迪	cgroup	Template:CGroup/Code Geass@70270136	
曼德雷	cgroup	Template:CGroup/黑執事@49361116	
曼德雷克	char	安雅與魔女@91786034	
曼格斯塔	cgroup	Template:CGroup/Reborn@29403199	
曼特	cgroup	Module:CGroup/閃電十一人@68657168	
曼紐爾	char	萬里尋親記@94719791	
曼諾洛斯	cgroup	Template:CGroup/Warcraft@92164655	zh-hant
曼陀羅獸	char	數碼寶貝覺醒節拍角色列表@94712797	
曼馬由特隊首領	char	红猪@94562543	
曾根久男	char	名偵探柯南：戰慄的樂譜@94461985	
曾根悠臣	char	數碼寶貝覺醒節拍角色列表@94712797	
最上龍馬	char	数码宝贝合体战争角色列表@94717250	
最佳冒險	cgroup	Template:CGroup/Digimon@94687201	
最佳夜晚	cgroup	Module:CGroup/My Little Pony@91388064	
最佳牛仔褲時尚名人	cgroup	Template:CGroup/MyHeroAcademia@87565804	
最佳牛仔褲時尚名人獎	cgroup	Template:CGroup/MyHeroAcademia@87565804	
最哥	cgroup	Template:CGroup/Bakuman@59602158	
最強學生會長	cgroup	Module:CGroup/Anime@94680982	
最後一戰	cgroup	Module:CGroup/Games@94658856	
最後一擊	cgroup	Module:CGroup/美国漫画@94638375	
最後流亡	title	最後流亡@88447673	
最後的遺跡	cgroup	Module:CGroup/Square Enix@93012351	
最後的願望	cgroup	Template:CGroup/The Witcher@86825096	
最後衝擊	cgroup	Template:CGroup/DragonBall@92325756	
最早成立五個小隊之一	char	少女與戰車角色列表@93320972	
最終幻想	cgroup	Module:CGroup/Games@94658856	
最終的絕望	cgroup	Module:CGroup/Counter-Strike@85677571	zh-hant
最終的線索	cgroup	Module:CGroup/Counter-Strike@85677571	zh-hant
最終騎士	cgroup	Template:CGroup/Transformers@87179168	
會移動的球門	cgroup	Module:CGroup/閃電十一人@68657168	
月不落城	cgroup	Template:CGroup/Crazyracing Kartrider@60141039	
月之女神鋼彈	cgroup	Template:CGroup/Gundam00@70972545	
月之橋	cgroup	Template:CGroup/MapleStory@57794822	
月之祭司	cgroup	Template:CGroup/Warcraft@92164655	zh-hant
月亮公主	cgroup	Module:CGroup/My Little Pony@91388064	zh-hant
月光女俠	cgroup	Module:CGroup/Anime@94680982	
月光未完成大樓	cgroup	Template:CGroup/Crazyracing Kartrider@60141039	
月光水城	cgroup	Template:CGroup/Crazyracing Kartrider@60141039	
月光鐵路	cgroup	Template:CGroup/Crazyracing Kartrider@60141039	
月光隧道	cgroup	Template:CGroup/Crazyracing Kartrider@60141039	
月夜丸	char	犬夜叉角色列表@94790447	
月夜野瑠璃	char	数码宝贝幽灵游戏角色列表@94560916	
月宮雅	char	偶像大師 灰姑娘女孩角色列表@91786822	
月島阿爾戈	char	罪惡王冠@87767894	
月影春菜	char	Heartcatch 光之美少女！@94574540	
月影英明	char	Heartcatch 光之美少女！@94574540	
月村俊	char	魔法少女奈葉系列角色列表@93877995	
月村春菜	char	魔法少女奈葉系列角色列表@93877995	
月津	cgroup	Template:CGroup/KamenRider@94225985	
月狼薩克	cgroup	Template:CGroup/GBF@82201572	
月球探測記	cgroup	Module:CGroup/Doraemon@88509940	
月申	char	異邦人 無皇刃譚@86100576	
月白弦	char	來自繽紛世界的明日@94729384	
月白柚葉	char	來自繽紛世界的明日@94729384	
月白琥珀	char	來自繽紛世界的明日@94729384	
月白瑠璃	char	來自繽紛世界的明日@94729384	
月白瞳美	char	來自繽紛世界的明日@94729384	
月神的彩虹天堂之旅	cgroup	Template:CGroup/Pretty Rhythm@77221109	
月色真美	title	月色真美@90814427	
月蝕斗篷獸	char	數碼寶貝覺醒節拍角色列表@94712797	
月見八千代	char	超時空輝耀姬！@94633982	CHECK
月見山	cgroup	Template:CGroup/Pokemon@85444397	CHECK
月詠	cgroup	Template:CGroup/MyHeroAcademia@87565804	
月靈髓液	char	Fate/Apocrypha@90728159	CHECK
月餅手榴彈	cgroup	Module:CGroup/Counter-Strike@85677571	zh-hant
月黃泉	char	犬夜叉角色列表@94790447	
有夠興奮蝶	cgroup	Template:CGroup/妖怪手錶@75937932	
有栖川	cgroup	Template:CGroup/Aikatsu@68312381	
有栖川樹璃	char	少女革命@93843108	
有浦柑奈	char	偶像大師 灰姑娘女孩角色列表@91786822	
有田麻友	char	死亡遊行@91275771	
有紀	cgroup	Module:CGroup/SAO@89298185	
有翼者的歸來	cgroup	Template:CGroup/Toaru@89726592	
朋友世界	cgroup	Template:CGroup/MapleStory@57794822	
朋友收藏集	cgroup	Module:CGroup/Games@94658856	
服務人員	char	名偵探福爾摩斯@94071005	
服裝獸	char	數碼暴龍App世代角色列表@94177588	
服部二郎	char	富豪刑事 Balance:UNLIMITED@93288613	
服部瞳子	char	偶像大師 灰姑娘女孩角色列表@91786822	
服部莊平	char	禁獵魔女@94041811	
朔月銀牙	cgroup	Module:CGroup/Counter-Strike@85677571	zh-hant
朗姆洛	cgroup	Module:CGroup/美国漫画@94638375	
望月教授	char	数码宝贝大冒险tri.角色列表@94265439	
望月聖	char	偶像大師 灰姑娘女孩角色列表@91786822	
望月芽心	char	数码宝贝大冒险tri.角色列表@94265439	
朝倉優一郎	char	名侦探柯南：沉默的15分钟@94454904	
朝倉涼子	char	涼宮春日的消失@94676932	
朝川砂波	char	來自繽紛世界的明日@94729384	
朝日光	char	爆旋陀螺Burst@94644099	
朝日日向	char	爆旋陀螺Burst@94644099	
朝比奈實千瑠	char	涼宮春日系列@94449678	
朝田詩乃	cgroup	Module:CGroup/SAO@89298185	
朝霧史織	char	玉子市場@93415198	
期中賽	cgroup	Module:CGroup/LOL@93322985	
朧魂獸	char	数码宝贝幽灵游戏角色列表@94560916	
木下誠一	char	白箱@94727899	
木乃伊博士	cgroup	Module:CGroup/Danball Senki@81863967	
木乃香	cgroup	Module:CGroup/BlueArchive@93972468	zh-hant
木佐光秀	char	白箱@94727899	
木偶獸	char	数码宝贝大冒险角色列表@94744369	
木刪動物園	cgroup	Module:CGroup/Simpsons@84869408	
木卯	char	異邦人 無皇刃譚@86100576	
木原勇	char	来自风平浪静的明天@94727749	
木原紡	char	来自风平浪静的明天@94727749	
木場真奈美	char	偶像大師 灰姑娘女孩角色列表@91786822	
木崎仙太郎	char	名侦探柯南：沉默的15分钟@94454904	
木崎衣美里	char	魔法少女小圓角色列表@94590242	
木希	char	大雄的金银岛@93512797	
木星五式	cgroup	Template:CGroup/GBF@82201572	
木更木夕子	char	玉子市場@93415198	
木村夏樹	char	偶像大師 灰姑娘女孩角色列表@91786822	
木村聰	char	Smile 光之美少女！@93787006	
木村輝一	char	數碼寶貝04無限地帶角色列表@94744460	
木根寬子	char	小魔女DoReMi@94721174	
木男	cgroup	Module:CGroup/Cyberpunk@85139581	
木葉丸	cgroup	Template:CGroup/NARUTO@86143617	
木蘭二號	cgroup	Template:CGroup/Mazinger@84157445	
木蘭號	cgroup	Template:CGroup/Mazinger@84157445	
木蘭飛彈	cgroup	Template:CGroup/Mazinger@84157445	
木蘭飛翼	cgroup	Template:CGroup/Mazinger@84157445	
木衞三磁場風暴	cgroup	Module:CGroup/閃電十一人@68657168	
木谷友美	char	名偵探柯南：漆黑的追跡者@94634868	
木酉	char	異邦人 無皇刃譚@86100576	
木野真琴	char	美少女戰士角色列表@94852109	
木雷普	cgroup	Template:CGroup/MapleStory@57794822	
木靈文花	char	妖怪手錶系列@93337229	
木鳥高夫	char	哆啦A梦角色列表@94533440	
未來婆婆	char	能量獸之戰獸旋戰鬥@93872390	
未來小子	cgroup	Module:CGroup/Disney@93925402	
未來數位	cgroup	Module:CGroup/Games-zh@90861641	zh-hant
未來的未來	title	未來的未來@93288354	
未完的事情	cgroup	Template:CGroup/Warcraft@92164655	zh-hant
未空稻穗	char	妖怪手錶系列@93337229	
末世聖刀	cgroup	Template:CGroup/Might&Magic@42603917	
末世騎士	cgroup	Module:CGroup/Games@94658856	
末姫	char	機靈小和尚@92445221	
末日之戰	cgroup	Module:CGroup/Games@94658856	
末日博士	cgroup	Module:CGroup/美国漫画@94638375	
末日危城	cgroup	Module:CGroup/Games@94658856	
末日反抗軍	cgroup	Template:CGroup/MapleStory@57794822	
末日戰爭	cgroup	Module:CGroup/Games@94658856	
末日機兵	cgroup	Module:CGroup/LOL@93322985	
末日聖地	cgroup	Module:CGroup/Counter-Strike@85677571	zh-hant
末日號角	cgroup	Template:CGroup/GundamIBO@91631774	
末日降臨高譚市	cgroup	Module:CGroup/美国漫画@94638375	
本上和樹	char	名偵探柯南：漆黑的追跡者@94634868	
本上菜菜子	char	名偵探柯南：漆黑的追跡者@94634868	
本作電影版是	char	ONE PIECE STAMPEDE@94401180	
本力	cgroup	Module:CGroup/Pixar@93247177	
本大爺工坊	cgroup	Module:CGroup/Games@94658856	
本大爺製造	cgroup	Module:CGroup/Nintendo@94745610	
本浦圭一郎	char	名侦探柯南：第11位前锋@94749116	
本浦知史	char	名侦探柯南：第11位前锋@94749116	
本田未央	char	偶像大師 灰姑娘女孩角色列表@91786822	
本田武史	char	Yuri!!! on ICE@90120235	
本田豐	char	白箱@94727899	
本鄉猛	cgroup	Template:CGroup/KamenRider@94225985	
本間伊倫	char	我們仍未知道那天所看見的花的名字。@94547300	
本間學	char	我們仍未知道那天所看見的花的名字。@94547300	
本間聰志	char	我們仍未知道那天所看見的花的名字。@94547300	
本間芽衣子	char	我們仍未知道那天所看見的花的名字。@94547300	
札克席茲	cgroup	Template:CGroup/潘朵拉之心@39382393	CHECK
札克斯	cgroup	Module:CGroup/Square Enix@93012351	
札古拉	cgroup	Template:CGroup/Ultraman@94663541	zh-hant
札夫特	cgroup	Template:CGroup/GundamSeed@92969101	
札姆多拉格	cgroup	Template:CGroup/GundamAGE@51366593	
札巴沃克	cgroup	Template:CGroup/潘朵拉之心@39382393	CHECK
札梅爾	cgroup	Template:CGroup/GundamUC@94693163	
札莉雅	cgroup	Template:CGroup/Heroes of the Storm@49727842	
札萊密	cgroup	Template:CGroup/黑執事@49361116	
朱利歐	char	光之美少女：食尚甜心@92951245	
朱利葉斯	cgroup	Template:CGroup/Code Geass@70270136	
朱妮	char	偶像大師 灰姑娘女孩角色列表@91786822	
朱斜橫	cgroup	Module:CGroup/Simpsons@84869408	
朱涅	cgroup	Module:CGroup/SAO@89298185	
朱紅獸	char	數碼寶貝覺醒節拍角色列表@94712797	
朱蓮	char	BLEACH角色列表@94571323	
朱雀二郎	char	KILL la KILL@94827565	
朱雀仙人掌	char	最終幻想 零式與Agito角色列表@93380052	
朱雀冬貝利	char	最終幻想 零式與Agito角色列表@93380052	
朱音落語	cgroup	Module:CGroup/Anime@94680982	
朱鷺戶沙耶	char	Little Busters!角色列表@91842236	
朴京慧	cgroup	Module:CGroup/Solo Leveling@86308871	
朴熙臻	cgroup	Module:CGroup/Solo Leveling@86308871	
朴鐘秀	cgroup	Module:CGroup/Solo Leveling@86308871	
朵凱妮西亞	char	花仙子 (動畫)@93192753	
朵利	char	Suite 光之美少女♪@92951168	
朵娜	cgroup	Module:CGroup/Square Enix@93012351	CHECK
朵意克	cgroup	Module:CGroup/SAO@89298185	CHECK
朵愛特	char	風之谷 (電影)@94844860	
朵拉親衛隊	cgroup	Module:CGroup/美国漫画@94638375	
朵樂	cgroup	Module:CGroup/Disney@93925402	
朵莉夏	cgroup	Template:CGroup/FullmetalAlchemist@48481493	
朵莉歐	cgroup	Module:CGroup/Cyberpunk@85139581	
朵麗絲	cgroup	Template:CGroup/進擊的巨人@76977335	CHECK
朽木獸	char	数码宝贝大冒险角色列表@94744369	
朽木響河	char	BLEACH角色列表@94571323	
杉並睦實	char	Little Busters!角色列表@91842236	
杉咲美優	char	遊戲王VRAINS@92292355	
杉坂海	char	偶像大師 灰姑娘女孩角色列表@91786822	
杉山剛	char	Heartcatch 光之美少女！@94574540	
杉山清美	char	少女與戰車角色列表@93320972	
杉山豐和	char	小魔女DoReMi@94721174	
杉本珊瑚	char	高校艦隊@93341996	
杉江茂	char	白箱@94727899	
杉浦碧	char	舞-HiME角色列表@91610502	
李四特	cgroup	Template:CGroup/HUNTER@80241645	
李奧	char	羅密歐的藍天@91519228	
李建良	char	数码宝贝03驯兽师之王角色列表@94744434	
李承吉	char	Yuri!!! on ICE@90120235	
李掏	cgroup	Module:CGroup/Simpsons@84869408	
李敏晟	cgroup	Module:CGroup/Solo Leveling@86308871	
李斯萬	char	森林王子 少年毛克利@94715809	
李明	cgroup	Module:CGroup/Pixar@93247177	
李星	cgroup	Module:CGroup/LOL@93322985	
李柏曼	cgroup	Module:CGroup/My Little Pony@91388064	
李梅塔	cgroup	Template:CGroup/NARUTO@86143617	
李珠熙	cgroup	Module:CGroup/Solo Leveling@86308871	
李眼摺博士	cgroup	Module:CGroup/Simpsons@84869408	
李羅	cgroup	Template:CGroup/Family Guy@79259281	
李美玲	cgroup	Module:CGroup/Pixar@93247177	
李錦	cgroup	Module:CGroup/Pixar@93247177	
李龍	char	天元突破 紅蓮螺巖@93776700	
杏林也瘋狂	cgroup	Module:CGroup/Games@94658856	
村上丈	char	名偵探柯南：第14號獵物@94562556	
村上巴	char	偶像大師 灰姑娘女孩角色列表@91786822	CHECK
村中努	char	名偵探柯南：萬聖節的新娘@94281159	
村久	cgroup	Module:CGroup/Danball Senki@81863967	
村松櫻	char	偶像大師 灰姑娘女孩角色列表@91786822	
杖王模式	cgroup	Template:CGroup/KamenRider@94225985	
杜克爾	cgroup	Template:CGroup/GundamUC@94693163	
杜兒	cgroup	Module:CGroup/Disney@93925402	
杜利協會	cgroup	Template:CGroup/FullmetalAlchemist@48481493	
杜加德社區	cgroup	Template:CGroup/Mabinogi@50754648	
杜崎拓	char	海潮之声@94677880	CHECK
杜巴頓	cgroup	Template:CGroup/Mabinogi@50754648	
杜拉可魯魯長官	char	大雄的宇宙小戰爭 2021@93476958	
杜斯天使	char	DokiDoki! 光之美少女@93549956	
杜普雷	cgroup	Template:CGroup/GundamSeed@92969101	
杜桑	char	悲慘世界 少女珂賽特@94720109	
杜比數位	cgroup	Module:CGroup/Cartoon@93410586	
杜洛塔	cgroup	Module:CGroup/Wow@94351016	
杜爾	char	森林王子 少年毛克利@94715809	
杜納斯獸	cgroup	Template:CGroup/Digimon@94687201	
杜藍	char	ONE PIECE角色列表@94658502	
杜蘭先生	char	名偵探福爾摩斯@94071005	
杜諾克	cgroup	Template:CGroup/GundamTWFM@82129397	
杜阿洛	char	七龍珠Z：一夫當關的最終決戰～向弗利沙挑戰的Z戰士 孫悟空之父～@93733662	
束口袋	cgroup	Module:CGroup/Minecraft@94388709	
杰可羅拉	cgroup	Template:CGroup/Pokemon@85444397	
杰爾馬	cgroup	Module:CGroup/OnePiece@83858889	
杰特克	cgroup	Template:CGroup/GundamTWFM@82129397	
東之伊甸	title	東之伊甸@92226285	
東京喵喵	cgroup	Module:CGroup/Anime@94680982	
東京教父	title	東京教父@92832083	
東京殘響	title	東京殘響@90132994	
東哥羅斯	char	高立的未來世界@90116301	
東喬治	char	寶可夢動畫角色列表@93411809	
東尼奧	char	羅密歐的藍天@91519228	
東幸二	char	名偵探柯南：業火的向日葵@94611870	
東御手洗清司郎	char	数码宝贝幽灵游戏角色列表@94560916	
東方大門	cgroup	Module:CGroup/SAO@89298185	
東方王朝	cgroup	Template:CGroup/Might&Magic@42603917	
東方藍	cgroup	Module:CGroup/OnePiece@83858889	
東星羅	char	Go Princess 光之美少女@94065409	
東歐鳳凰恐怖組織	cgroup	Module:CGroup/Counter-Strike@85677571	zh-hant
東清助	char	名偵探柯南：業火的向日葵@94611870	
東鄉愛	char	偶像大師 灰姑娘女孩角色列表@91786822	
東金朔夜	char	PSYCHO-PASS角色列表@93403235	
東龍司	char	Free!@93607624	
杵崎茜	char	高校艦隊@93341996	
杵崎譽	char	高校艦隊@93341996	
松來羅迪恩	char	PSYCHO-PASS角色列表@93403235	
松前皋月	char	花開物語@94760130	
松前緒花	char	花開物語@94760130	
松原大	char	飛天小女警Z@94716201	
松原早耶	char	偶像大師 灰姑娘女孩角色列表@91786822	
松原時夫	char	飛天小女警Z@94716201	
松原滿	char	飛天小女警Z@94716201	
松原翔	char	飛天小女警Z@94716201	
松尾千鶴	char	偶像大師 灰姑娘女孩角色列表@91786822	
松山久美子	char	偶像大師 灰姑娘女孩角色列表@91786822	
松岡凜	char	Free!@93607624	
松岡江	char	Free!@93607624	
松崎幸司	char	名侦探柯南：第11位前锋@94749116	
松本光次	char	名偵探柯南：紺碧之棺@91454532	
松本小百合	char	名偵探柯南角色列表@94461808	
松本沙理奈	char	偶像大師 灰姑娘女孩角色列表@91786822	
松本里子	char	少女與戰車角色列表@93320972	
松本重夫	cgroup	Module:CGroup/Solo Leveling@86308871	CHECK
松永涼	char	偶像大師 灰姑娘女孩角色列表@91786822	
松永理都子	char	高校艦隊@93341996	
松田左文字	char	名偵探柯南角色列表@94461808	
松野一松	char	小松先生@93448405	
松野十四松	char	小松先生@93448405	
松野豐	char	海潮之声@94677880	
松雪集	char	我們仍未知道那天所看見的花的名字。@94547300	
板津豐	char	東之伊甸@92226285	
枇枇木巡	char	魔法少女小圓角色列表@94590242	
枕頭獸	char	数码宝贝幽灵游戏角色列表@94560916	
林佳淇	cgroup	Module:CGroup/Simpsons@84869408	
林啟太	char	Vivy -Fluorite Eye's Song-@93702039	
林尤金	char	名偵探柯南：紺青之拳@94666047	
林智子	char	妖怪手錶系列@93337229	
林有珍	char	偶像大師 灰姑娘女孩角色列表@91786822	
林泰圭	cgroup	Module:CGroup/Solo Leveling@86308871	
林涼堂	cgroup	Module:CGroup/Simpsons@84869408	
林特	cgroup	Template:CGroup/Gundam00@70972545	
林精	cgroup	Template:CGroup/Warcraft@92164655	zh-hant
枚本未來子	char	名偵探柯南：唐紅的戀歌@94765694	
果凍獸	char	數碼寶貝覺醒節拍角色列表@94712797	
果列奴	cgroup	Template:CGroup/HUNTER@80241645	
果汁季	cgroup	Module:CGroup/My Little Pony@91388064	zh-hant
果然拳擊手	cgroup	Template:CGroup/妖怪手錶@75937932	
枝村真人	char	大欺诈师@90518284	
枯木獸	char	数码宝贝大冒险：角色列表@94538377	
枯葉市	cgroup	Template:CGroup/Pokemon@85444397	
柊修造	char	遊戲王ARC-V@93483654	
柊志乃	char	偶像大師 灰姑娘女孩角色列表@91786822	
柊柚子	char	遊戲王ARC-V@93483654	
柏利史東	cgroup	Template:CGroup/GundamIBO@91631774	
柏古獸	char	数码宝贝大冒险角色列表@94744369	
柏拉庵	char	翠星上的加爾岡緹亞@91223485	
柏木美佳	char	数码宝贝幽灵游戏角色列表@94560916	
柏木雪菜	char	回转企鹅罐@94635162	
柏格	cgroup	Module:CGroup/KingOfFighters@91481321	
柏瓦茲	cgroup	Template:CGroup/GundamIBO@91631774	CHECK
柏田真由	char	光之美少女@94825358	
柏莉奴莉	char	翠星上的加爾岡緹亞@91223485	
柏菇君	cgroup	Module:CGroup/Jewelpet@81833309	
柏里昂	cgroup	Module:CGroup/Solo Leveling@86308871	
染色喵	cgroup	Template:CGroup/妖怪手錶@75937932	
柔柔是大姊姊	cgroup	Module:CGroup/My Little Pony@91388064	CHECK
柔道英雌	cgroup	Module:CGroup/Anime@94680982	CHECK
柚季	char	玉子市場@93415198	
柚希步鳥	char	魔法少女小圓角色列表@94590242	
柚希理音	char	魔法少女小圓角色列表@94590242	
查克洛	cgroup	Template:CGroup/Pokemon@85444397	
查普	cgroup	Template:CGroup/GundamUC@94693163	
查普曼首相	char	SPY×FAMILY間諜家家酒角色列表@94041877	
查派克	cgroup	Module:CGroup/Square Enix@93012351	
查爾羅斯	cgroup	Module:CGroup/OnePiece@83858889	
查理七世	char	Fate/Apocrypha@90728159	
查米	char	音速小子X@94737938	
查米山田	char	IQ博士角色列表@92724875	
柯修巴	char	悲慘世界 少女珂賽特@94720109	CHECK
柯克夫人	char	愛的小婦人物語@94856165	
柯內弗	cgroup	Template:CGroup/BUDDYCOMPLEX@77221119	
柯列佛	cgroup	Module:CGroup/OnePiece@83858889	
柯勁香	cgroup	Module:CGroup/Simpsons@84869408	
柯博士	cgroup	Module:CGroup/Pixar@93247177	
柯博文	cgroup	Template:CGroup/Transformers@87179168	
柯奈洛	cgroup	Template:CGroup/FullmetalAlchemist@48481493	
柯妮絲	cgroup	Module:CGroup/OnePiece@83858889	
柯巴茲	cgroup	Module:CGroup/SAO@89298185	CHECK
柯恩	cgroup	Module:CGroup/ResidentEvil@94612703	
柯拉傳奇	cgroup	Module:CGroup/Cartoon@93410586	
柯拉遜	cgroup	Module:CGroup/OnePiece@83858889	
柯洛恩	cgroup	Template:CGroup/Mabinogi@50754648	
柯瑞爾	cgroup	Template:CGroup/GundamIBO@91631774	
柯約代	cgroup	Module:CGroup/BLEACH@81833737	
柯維特	char	萬里尋親記@94719791	
柯羅諾獸	cgroup	Template:CGroup/Digimon@94687201	
柯老鼠	cgroup	Module:CGroup/Simpsons@84869408	
柯蒂斯	char	湯姆歷險記 (動畫)@94720074	
柯蒂麗亞	cgroup	Template:CGroup/GOSICK@62514366	CHECK
柯貝爾	cgroup	Module:CGroup/SAO@89298185	
柯阿三	cgroup	Module:CGroup/Simpsons@84869408	
柯魯多	cgroup	Template:CGroup/FullmetalAlchemist@48481493	
柯魯恰克	cgroup	Template:CGroup/Code Geass@70270136	
柳丁擱來亂	cgroup	Module:CGroup/Cartoon@93410586	
柳也	char	AIR角色列表@90228621	
柳原麻侖	char	高校艦隊@93341996	
柳明翰	cgroup	Module:CGroup/Solo Leveling@86308871	
柳海娜	char	偶像大師 灰姑娘女孩角色列表@91786822	CHECK
柳清良	char	偶像大師 灰姑娘女孩角色列表@91786822	
柳瀨美由紀	char	偶像大師 灰姑娘女孩角色列表@91786822	
柳秀賢	cgroup	Module:CGroup/Solo Leveling@86308871	
柳軫建設	cgroup	Module:CGroup/Solo Leveling@86308871	
柳軫星	cgroup	Module:CGroup/Solo Leveling@86308871	
柳軫皓	cgroup	Module:CGroup/Solo Leveling@86308871	
柴代爾	cgroup	Module:CGroup/Square Enix@93012351	
柴克	cgroup	Template:CGroup/KamenRider@94225985	
柴垣健介	char	奇巧計程車@89552760	
柴契爾	char	湯姆歷險記 (動畫)@94720074	
柴山純平	char	數碼寶貝04無限地帶角色列表@94744460	
柴崎健次郎	char	東京殘響@90132994	
柴田里莎	char	Heartcatch 光之美少女！@94574540	CHECK
柴田鶇	char	地狱少女@93363580	
柴達星	cgroup	Module:CGroup/美国漫画@94638375	
柿花英二	char	奇巧計程車@89552760	
栗原寧寧	char	偶像大師 灰姑娘女孩角色列表@91786822	
栗子必殺技	cgroup	Template:CGroup/Crazyracing Kartrider@60141039	
校園剋星	cgroup	Module:CGroup/Anime@94680982	zh-hant
校園嬌娃	cgroup	Module:CGroup/Cartoon@93410586	
校園迷糊大王	cgroup	Module:CGroup/Anime@94680982	
校條祭	char	罪惡王冠@87767894	
校長先生	char	Free!@93607624	
核子導彈	cgroup	Module:CGroup/Counter-Strike@85677571	zh-hant
核心超載	cgroup	Module:CGroup/LOL@93322985	
核心鋼彈	cgroup	Template:CGroup/GBF@82201572	
核心飛梭	cgroup	Template:CGroup/GundamSeed@92969101	
核戰機	cgroup	Template:CGroup/GundamUC@94693163	
核武浩劫	cgroup	Module:CGroup/Games@94658856	
核武風暴	cgroup	Module:CGroup/Counter-Strike@85677571	zh-hant
核聚變核心	cgroup	Template:CGroup/StarCraft2@39914602	
核龍獸	char	数码宝贝大冒险：角色列表@94538377	
格列佛	cgroup	Module:CGroup/OnePiece@83858889	
格利布斯	cgroup	Template:CGroup/GundamUC@94693163	
格利摩亞	cgroup	Template:CGroup/GBF@82201572	
格威隆	cgroup	Template:CGroup/Transformers@87179168	
格拉克斯	cgroup	Template:CGroup/GundamUC@94693163	
格拉尼特	char	數碼寶貝覺醒節拍角色列表@94712797	
格拉漢	cgroup	Template:CGroup/ED@94768974	zh-hant
格拉烏卡將軍	char	最终幻想15：王者之剑@93505440	
格拉米斯	cgroup	Template:CGroup/GundamAGE@51366593	
格拉納特	cgroup	Template:CGroup/Mabinogi@50754648	
格拉紐特	cgroup	Template:CGroup/KamenRider@94225985	
格拉迪歐藍斯	cgroup	Module:CGroup/Square Enix@93012351	
格朗寧	cgroup	Module:CGroup/Simpsons@84869408	
格朗薩姆	cgroup	Module:CGroup/SAO@89298185	
格林一家進城趣	cgroup	Module:CGroup/Cartoon@93410586	
格林名作劇場	title	格林名作劇場@85380782	
格林戴爾華德伯爵夫人	char	崔普一家物語@86705471	
格林格拉斯	cgroup	Template:CGroup/Aikatsu@68312381	
格林泰勒	cgroup	Template:CGroup/童話槍手小紅帽@22981301	
格爾傑奧	cgroup	Module:CGroup/Danball Senki@81863967	
格爾德林	cgroup	Template:CGroup/GundamAGE@51366593	
格瓦金	cgroup	Template:CGroup/GundamUC@94693163	
格莉娜	cgroup	Template:CGroup/Mabinogi@50754648	CHECK
格蘭士	char	爆丸5星域爭霸@90756067	
格蘭泰爾	char	悲慘世界 少女珂賽特@94720109	
格蘭茲	char	異世界四重奏@93605298	CHECK
格連修提姆	cgroup	Module:CGroup/Danball Senki@81863967	
格里哥利	cgroup	Module:CGroup/Danball Senki@81863967	
格里布斯	cgroup	Template:CGroup/GundamUC@94693163	
格里斯貝恩	cgroup	Template:CGroup/Mabinogi@50754648	
格里昂	cgroup	Template:CGroup/KamenRider@94225985	
格里普斯	cgroup	Template:CGroup/GundamUC@94693163	
格里芬	cgroup	Template:CGroup/GundamIBO@91631774	
格雷爾	cgroup	Template:CGroup/黑執事@49361116	
格雷茲	cgroup	Template:CGroup/GundamIBO@91631774	CHECK
格鬥之魂	cgroup	Template:CGroup/Digimon@94687201	
格鬥口	cgroup	Template:CGroup/Digimon@94687201	
格鬥家喬	char	星之卡比 (動畫)@94160462	
格鬥機	cgroup	Template:CGroup/Digimon@94687201	
格鬥版	cgroup	Template:CGroup/Digimon@94687201	
格鬥終端	cgroup	Template:CGroup/Digimon@94687201	
格鬥進化	cgroup	Template:CGroup/Digimon@94687201	
格鬥遊戲	cgroup	Template:CGroup/Digimon@94687201	
格魯斯安	cgroup	Template:CGroup/BUDDYCOMPLEX@77221119	
格魯特	cgroup	Module:CGroup/美国漫画@94638375	
格黑娜	cgroup	Module:CGroup/BlueArchive@93972468	CHECK,zh-hant
栽培人	cgroup	Template:CGroup/DragonBall@92325756	
桂初	char	數碼暴龍App世代角色列表@94177588	
桂妮拉	cgroup	Module:CGroup/SAO@89298185	
桂妮薇兒	char	Fate/Apocrypha@90728159	
桂黎	char	數碼暴龍App世代角色列表@94177588	
桃井小豆	char	偶像大師 灰姑娘女孩角色列表@91786822	
桃井惠子	char	名偵探柯南角色列表@94461808	
桃園圭太郎	char	FRESH光之美少女！@93922959	
桃園步美	char	FRESH光之美少女！@93922959	
桃園源吉	char	FRESH光之美少女！@93922959	
桃太洛斯	cgroup	Template:CGroup/KamenRider@94225985	
桃太郎之鬼	char	Smile 光之美少女！@93787006	
桃山平太	char	BLEACH角色列表@94571323	
桃果人	char	犬夜叉角色列表@94790447	
桃花仙境	cgroup	Template:CGroup/MapleStory@57794822	
桌上足球戰法	cgroup	Module:CGroup/閃電十一人@68657168	
桌遊歷險	cgroup	Module:CGroup/My Little Pony@91388064	
桐嶋夏也	char	Free!@93607624	
桐嶋郁彌	char	Free!@93607624	
桐生七實	char	少女革命@93843108	
桐生冬芽	char	少女革命@93843108	
桐生司	char	偶像大師 灰姑娘女孩角色列表@91786822	
桐谷南	char	妖怪手錶系列@93337229	
桐谷峰嵩	char	刀劍神域角色列表@94550774	
桐谷翠	char	刀劍神域角色列表@94550774	
桐野綾	char	偶像大師 灰姑娘女孩角色列表@91786822	
桑乃實香月	char	可塑性記憶@94399638	
桑吉巴爾	cgroup	Template:CGroup/GundamUC@94693163	CHECK
桑吉巴爾級	cgroup	Template:CGroup/GundamUC@94693163	CHECK
桑塔索妮雅	cgroup	Module:CGroup/OnePiece@83858889	
桑多瓦	cgroup	Template:CGroup/GundamIBO@91631774	
桑島浩一	char	PSYCHO-PASS角色列表@93403235	
桑巴諾	cgroup	Template:CGroup/FullmetalAlchemist@48481493	CHECK
桑度瑞拉	cgroup	Template:CGroup/童話槍手小紅帽@22981301	
桑德	cgroup	Template:CGroup/進擊的巨人@76977335	
桑德拉	cgroup	Template:CGroup/進擊的巨人@76977335	zh-hant
桑普森	char	高譚角色列表@92146409	
桑普頓先生	char	名偵探福爾摩斯@94071005	
桑水清佳	char	魔法少女小圓角色列表@94590242	
桑波	cgroup	Template:CGroup/GundamIBO@91631774	
桑瑪斯	cgroup	Module:CGroup/美国漫画@94638375	
桑雅	cgroup	Template:CGroup/Heroes of the Storm@49727842	
桔梗屋利兵衛	char	機靈小和尚@92445221	
桔梗屋彌生	char	機靈小和尚@92445221	
桶峽間防壁	cgroup	Module:CGroup/閃電十一人@68657168	
梁琪	char	CANAAN@94727525	
梅亞	cgroup	Template:CGroup/打工吧！魔王大人@40273238	
梅仁愛	cgroup	Module:CGroup/Pixar@93247177	
梅兹平原	cgroup	Template:CGroup/Mabinogi@50754648	CHECK
梅利爾	cgroup	Template:CGroup/GundamUC@94693163	
梅利達	cgroup	Module:CGroup/SAO@89298185	
梅卡洛	cgroup	Module:CGroup/OnePiece@83858889	
梅卡羅康柏	cgroup	Template:CGroup/Transformers@87179168	
梅哈頓地圖	cgroup	Module:CGroup/My Little Pony@91388064	
梅基多	cgroup	Template:CGroup/KamenRider@94225985	
梅塔斯	cgroup	Template:CGroup/GundamUC@94693163	
梅姆	char	天元突破 紅蓮螺巖@93776700	
梅寶	cgroup	Module:CGroup/Pixar@93247177	CHECK
梅度	cgroup	Module:CGroup/Doraemon@88509940	
梅德	cgroup	Template:CGroup/GundamAGE@51366593	
梅木音葉	char	偶像大師 灰姑娘女孩角色列表@91786822	
梅格耐斯	cgroup	Template:CGroup/MapleStory@57794822	
梅比烏斯	cgroup	Template:CGroup/GundamSeed@92969101	
梅洛瑞	cgroup	Module:CGroup/Cyberpunk@85139581	
梅洛瑞軍火	cgroup	Module:CGroup/Cyberpunk@85139581	
梅爾斯	cgroup	Template:CGroup/DragonBall@92325756	
梅爾福力安的幻像	cgroup	Template:CGroup/Warcraft@92164655	zh-hant
梅爾蒂	char	翠星上的加爾岡緹亞@91223485	
梅特戴	cgroup	Module:CGroup/Frieren@82010966	
梅琳	cgroup	Template:CGroup/黑執事@49361116	
梅羅尼	cgroup	Template:CGroup/Reborn@29403199	
梅耶	char	悲慘世界 少女珂賽特@94720109	
梅與小貓巴士	cgroup	Module:CGroup/Anime@94680982	
梅茲	cgroup	Template:CGroup/Mabinogi@50754648	CHECK
梅莉戈德	cgroup	Template:CGroup/The Witcher@86825096	
梅莉比特	cgroup	Template:CGroup/GundamIBO@91631774	
梅莎爾	char	高立的未來世界@90116301	CHECK
梅菲斯特	char	Suite 光之美少女♪@92951168	
梅葛	cgroup	Template:CGroup/The World God Only Knows@50754307	
梅蒂安尼	char	悲慘世界 少女珂賽特@94720109	
梅薩拉	cgroup	Template:CGroup/GundamUC@94693163	
梅蘇亞	char	森林王子 少年毛克利@94715809	
梅蘿莉娜	cgroup	Module:CGroup/Jewelpet@81833309	CHECK
梅西	cgroup	Template:CGroup/GundamTWFM@82129397	CHECK
梅貝兒	char	星之卡比 (動畫)@94160462	
梅達姆	cgroup	Module:CGroup/閃電十一人@68657168	
梅達瑪加	char	七龍珠Z 超級賽亞人孫悟空@93733657	
梅野靜江	char	名偵探柯南：業火的向日葵@94611870	
梅雅利	char	Pokemon the movie XY 光環的超魔神 胡帕@93394331	
梅雷翁	cgroup	Template:CGroup/HUNTER@80241645	
梅雷迪斯夫人	char	小公主莎拉@94856128	
梅露露	char	聖天空戰記@94720493	
梅麗絲	cgroup	Template:CGroup/Mabinogi@50754648	CHECK
梅麗莎	char	爆丸5星域爭霸@90756067	CHECK
梅黛	cgroup	Module:CGroup/美国漫画@94638375	
梟亞普夫	cgroup	Template:CGroup/HUNTER@80241645	
梢麻友	char	魔法少女小圓角色列表@94590242	
械鬥匠	cgroup	Module:CGroup/Cyberpunk@85139581	
梵塔雷	cgroup	Template:CGroup/BUDDYCOMPLEX@77221119	
梵天呀	char	Fate/Apocrypha@90728159	
梵爺	char	劇場版 寶可夢 就決定是你了！@90262215	
梵羅達尼的武僧	cgroup	Template:CGroup/Heroes of the Storm@49727842	
棋靈少女	cgroup	Module:CGroup/Anime@94680982	
棒槌熊	cgroup	Module:CGroup/Counter-Strike@85677571	zh-hant
棒球經典賽	cgroup	Module:CGroup/Counter-Strike@85677571	zh-hant
棗恭介	char	Little Busters!角色列表@91842236	
棗鈴	char	Little Busters!角色列表@91842236	
棘手拍檔	cgroup	Module:CGroup/Anime@94680982	
棘蘭	cgroup	Module:CGroup/Jewelpet@81833309	
棘齒城的老大	cgroup	Template:CGroup/Heroes of the Storm@49727842	
棟方愛海	char	偶像大師 灰姑娘女孩角色列表@91786822	
森久保乃乃	char	偶像大師 灰姑娘女孩角色列表@91786822	
森京子	char	光之美少女@94825358	
森園生	char	涼宮春日系列@94449678	
森山仁	char	名偵探柯南：異次元的狙擊手@94462152	
森岡唯	char	光之美少女@94825358	CHECK
森崎理紗	char	追逐繁星的孩子@94412901	
森崎龍司	char	追逐繁星的孩子@94412901	
森嶋帆高	char	天气之子@94186671	
森川心羽	char	午睡公主～不為人知的故事～@94260985	
森川桃太郎	char	午睡公主～不為人知的故事～@94260985	
森川郁美	char	午睡公主～不為人知的故事～@94260985	
森布拉大王	cgroup	Module:CGroup/My Little Pony@91388064	
森忍	char	白箱@94727899	
森春奈	char	DokiDoki! 光之美少女@93549956	
森本艾露	char	DokiDoki! 光之美少女@93549956	
森林之王	cgroup	Template:CGroup/Pretty Rhythm@77221109	
森林好小子	cgroup	Module:CGroup/Anime@94680982	
森林王子	cgroup	Module:CGroup/Disney@93925402	
森林衛士	cgroup	Template:CGroup/Warcraft@92164655	zh-hant
森林貝殼獸	char	数码宝贝幽灵游戏角色列表@94560916	
森林髮夾彎	cgroup	Template:CGroup/Crazyracing Kartrider@60141039	
森特	cgroup	Template:CGroup/GundamIBO@91631774	
森田佳美	cgroup	Template:CGroup/Yes! 光之美少女5@89217113	
森美咲	char	東之伊甸@92226285	
森美朝子	char	東之伊甸@92226285	
森美良介	char	東之伊甸@92226285	
森蚺左輪	cgroup	Module:CGroup/Counter-Strike@85677571	zh-hant
森谷帝二	char	名偵探柯南：引爆摩天樓@94461938	
植野直花	char	電影版 聲之形@93974890	
椎名旭	char	Free!@93607624	
椎名法子	char	偶像大師 灰姑娘女孩角色列表@91786822	
椰蛋樹	cgroup	Template:CGroup/Pokemon@85444397	
楊咩咩	cgroup	Module:CGroup/Disney@93925402	
楊咩咩副市長	cgroup	Module:CGroup/Disney@93925402	
楊菲菲	char	偶像大師 灰姑娘女孩角色列表@91786822	
楓之島	cgroup	Template:CGroup/MapleStory@57794822	
楓之港	cgroup	Template:CGroup/MapleStory@57794822	
楓幣	cgroup	Template:CGroup/MapleStory@57794822	
楓葉村	cgroup	Template:CGroup/MapleStory@57794822	
楓葉鎮物語	cgroup	Module:CGroup/Anime@94680982	zh-hant
楚楚可憐超能少女組	cgroup	Module:CGroup/Hayate the Combat Butler@81833661	
楠原剛	char	K (動畫)@93234659	
楠指揮長	char	名偵探柯南：引爆摩天樓@94461938	
楢山雄太	char	名侦探柯南：沉默的15分钟@94454904	
楪祈	char	罪惡王冠@87767894	
楪舞舞	char	佐賀偶像是傳奇@94005232	
楯祐一	char	舞-HiME角色列表@91610502	
極光之夢	cgroup	Template:CGroup/Pretty Rhythm@77221109	zh-hant
極光騰躍	cgroup	Template:CGroup/Pretty Rhythm@77221109	zh-hant
極光騰躍完成式	cgroup	Template:CGroup/Pretty Rhythm@77221109	zh-hant
極光騰躍美夢成真	cgroup	Template:CGroup/Pretty Rhythm@77221109	zh-hant
極刑王	char	Fate/Apocrypha@90728159	
極地區	cgroup	Module:CGroup/Disney@93925402	
極地戰嚎	cgroup	Module:CGroup/Games@94658856	
極地死鬥	cgroup	Module:CGroup/Counter-Strike@85677571	zh-hant
極地衝擊	cgroup	Module:CGroup/閃電十一人@68657168	
極寒颶風	cgroup	Module:CGroup/閃電十一人@68657168	
極強音律射門	cgroup	Module:CGroup/閃電十一人@68657168	
極樂大作戰	cgroup	Module:CGroup/Anime@94680982	
極致胸膛	cgroup	Module:CGroup/閃電十一人@68657168	
極訓育師	cgroup	Template:CGroup/Digimon@94687201	
極速飆風	cgroup	Module:CGroup/Counter-Strike@85677571	zh-hant
極道狂徒	cgroup	Module:CGroup/Counter-Strike@85677571	zh-hant
極道雙刃	cgroup	Module:CGroup/Counter-Strike@85677571	zh-hant
極限共和國	cgroup	Module:CGroup/Games@94658856	
極限動物	cgroup	Template:CGroup/Transformers@87179168	
極限合體	cgroup	Module:CGroup/閃電十一人@68657168	
極限戰士	cgroup	Module:CGroup/Anime@94680982	
極限生死戰	cgroup	Module:CGroup/Counter-Strike@85677571	zh-hant
極限超載	cgroup	Module:CGroup/美国漫画@94638375	
極限零度	cgroup	Module:CGroup/閃電十一人@68657168	
極靈	cgroup	Module:CGroup/LOL@93322985	
概影	cgroup	Module:CGroup/LOL@93322985	
榊兵部	char	獸兵衛忍風帖@94218789	
榊原里美	char	偶像大師 灰姑娘女孩角色列表@91786822	
榊晴人	char	禁獵魔女@94041811	
榊洋子	char	遊戲王ARC-V@93483654	
榊良輔	char	名侦探柯南：第11位前锋@94749116	
榊遊勝	char	遊戲王ARC-V@93483654	
榊遊矢	char	遊戲王ARC-V@93483654	
榎本龍哉	char	K (動畫)@93234659	
榔頭中士	cgroup	Template:CGroup/Heroes of the Storm@49727842	
榭瑪斯	cgroup	Template:CGroup/GundamSeed@92969101	
榭絲卡	cgroup	Template:CGroup/FullmetalAlchemist@48481493	
榭羅笛	cgroup	Template:CGroup/潘朵拉之心@39382393	
榮耀家族	cgroup	Module:CGroup/Cartoon@93410586	
榮耀戰場	cgroup	Module:CGroup/Games@94658856	
榮耀護衛機	cgroup	Template:CGroup/GundamSeed@92969101	
槍彈辯駁	cgroup	Module:CGroup/Games@94658856	
槍王之王	cgroup	Module:CGroup/Counter-Strike@85677571	zh-hant
槍王模式	cgroup	Template:CGroup/KamenRider@94225985	
槍田郁美	char	名偵探柯南角色列表@94461808	
槙原志保	char	偶像大師 灰姑娘女孩角色列表@91786822	
槙島聖護	char	PSYCHO-PASS角色列表@93403235	
槳中政	cgroup	Module:CGroup/Simpsons@84869408	
槳公	cgroup	Module:CGroup/Simpsons@84869408	CHECK
樂園大王	cgroup	Module:CGroup/蠟筆小新@93760288	
樂園的異鄉人	cgroup	Module:CGroup/Square Enix@93012351	
樂天童	cgroup	Template:CGroup/妖怪手錶@75937932	
樂豆點	cgroup	Template:CGroup/Crazyracing Kartrider@60141039	
樂遊科技	cgroup	Module:CGroup/Games-zh@90861641	zh-hant
樂高玩電影	cgroup	Template:CGroup/DCComics@83473348	
樂高蝙蝠俠電影	cgroup	Module:CGroup/美国漫画@94638375	
樂鬥模式	cgroup	Module:CGroup/Counter-Strike@85677571	zh-hant
樋口真木	char	小魔女DoReMi@94721174	
標準畫質	cgroup	Module:CGroup/Cartoon@93410586	
標準英雄	cgroup	Template:CGroup/MyHeroAcademia@87565804	
標準足球場	cgroup	Module:CGroup/Counter-Strike@85677571	zh-hant
模仿假人	cgroup	Template:CGroup/妖怪手錶@75937932	
模擬城市	cgroup	Template:CGroup/Sim@37867988	
模擬市民語	cgroup	Template:CGroup/Sim@37867988	
模擬市民趴趴走	cgroup	Template:CGroup/Sim@37867988	
模擬後宮體驗	cgroup	Module:CGroup/Anime@94680982	
模擬摘取	cgroup	Template:CGroup/MyHeroAcademia@87565804	
模擬樂園	cgroup	Module:CGroup/Games@94658856	
模擬遊戲	cgroup	Module:CGroup/Games@94658856	zh-hant
樫村忠彬	char	名偵探柯南：貝克街的亡靈@94782563	
樹袋熊獸	char	数码宝贝大冒险：角色列表@94538377	
樹鼻妹	cgroup	Template:CGroup/Adventure Time@90284406	CHECK
樺澤太一	char	奇巧計程車@89552760	CHECK
橋本喵	char	小松先生@93448405	
橘三咲	char	死亡遊行@91275771	
橘京子	char	涼宮春日系列@94449678	
橘境子	char	名偵探柯南：零的執行人@94628185	
橘夢日記	cgroup	Module:CGroup/Anime@94680982	
橘子群島	cgroup	Template:CGroup/Pokemon@85444397	
橘子醬男孩	cgroup	Module:CGroup/Anime@94680982	
橘希望	cgroup	Module:CGroup/BlueArchive@93972468	zh-hant
橘愛麗絲	char	偶像大師 灰姑娘女孩角色列表@91786822	
橘敬介	char	AIR角色列表@90228621	
橘盒	cgroup	Module:CGroup/Half-Life@94355597	
橘真琴	char	Free!@93607624	
橘真由美	char	Heartcatch 光之美少女！@94574540	
橘讓	char	漂流家園@87146899	
橙色真珠音調	cgroup	Template:CGroup/Pichi Pichi Pitch@94608266	
橙黃白毫	char	少女與戰車角色列表@93320972	
機動戰士鋼彈	title	機動戰士GUNDAM@94721023	
機器人學校七大怪談	cgroup	Module:CGroup/Doraemon@88509940	
機器喵	cgroup	Template:CGroup/妖怪手錶@75937932	
機器嗶	char	遊戲王VRAINS@92292355	
機器太	char	Lycoris Recoil 莉可麗絲@94031169	
機器恐龍	cgroup	Template:CGroup/Transformers@87179168	
機器戰神	cgroup	Module:CGroup/Cartoon@93410586	
機器美	char	遊戲王ZEXAL@93180378	
機堡	cgroup	Module:CGroup/美国漫画@94638375	
機密寄藏鑰	cgroup	Module:CGroup/Danball Senki@81863967	
機戰傭兵	cgroup	Module:CGroup/Games@94658856	
機械女神	cgroup	Module:CGroup/Anime@94680982	
機械巨神	cgroup	Module:CGroup/Anime@94680982	
機械弁慶	cgroup	Template:CGroup/妖怪手錶@75937932	
機械戰爭的前線戰場	cgroup	Template:CGroup/Crazyracing Kartrider@60141039	
機械戰爭的失落都市	cgroup	Template:CGroup/Crazyracing Kartrider@60141039	
機械控制核心	cgroup	Template:CGroup/StarCraft2@39914602	
機械裝甲獸	char	数码宝贝大冒险角色列表@94744369	
機械製造廠	cgroup	Template:CGroup/StarCraft2@39914602	
機械貓神	char	功夫貓黨@94855681	
機械載物獸	char	数码宝贝大冒险：角色列表@94538377	
機械飛龍獸	char	数码宝贝大冒险角色列表@94744369	
機槍設計圖	cgroup	Module:CGroup/Counter-Strike@85677571	zh-hant
機槍類	cgroup	Module:CGroup/Counter-Strike@85677571	zh-hant
機獸創世紀	cgroup	Module:CGroup/Anime@94680982	
機獸超世紀	cgroup	Module:CGroup/Anime@94680982	
機甲傀儡	cgroup	Module:CGroup/Counter-Strike@85677571	zh-hant
機甲工廠	cgroup	Module:CGroup/Counter-Strike@85677571	zh-hant
機甲戰神	cgroup	Template:CGroup/MapleStory@57794822	
機甲爭霸	cgroup	Module:CGroup/Counter-Strike@85677571	zh-hant
機車獸	char	數碼寶貝04無限地帶角色列表@94744460	
機雷獸	char	数码宝贝大冒险：角色列表@94538377	
橡膠人	char	哈尔的移动城堡@94539471	
橡膠榴彈	cgroup	Module:CGroup/Counter-Strike@85677571	zh-hant
橫山千佳	char	偶像大師 灰姑娘女孩角色列表@91786822	
橫川信子	char	小魔女DoReMi@94721174	
橫川龍太	char	光之美少女：食尚甜心@92951245	
檔案夾空間	cgroup	Module:CGroup/閃電十一人@68657168	
檔案島	cgroup	Template:CGroup/Digimon@94687201	
檜原光	char	名偵探柯南角色列表@94461808	
檢定比賽	cgroup	Module:CGroup/SAO@89298185	
檢體編號	cgroup	Template:CGroup/Toaru@89726592	
檸檬水男孩	char	劇場版 寶可夢 我們的故事@86542622	
櫛名安娜	char	K (動畫)@93234659	
櫛名穂波	char	K (動畫)@93234659	
櫻井學	char	名侦探柯南：沉默的15分钟@94454904	
櫻井桃華	char	偶像大師 灰姑娘女孩角色列表@91786822	
櫻井霧人	char	花開物語@94760130	
櫻咪咪子	cgroup	Module:CGroup/蠟筆小新@93760288	
櫻宮健太	char	KILL la KILL@94827565	
櫻暈症	cgroup	Template:CGroup/Reborn@29403199	
櫻木健一	char	藍色恐懼@94281992	
櫻正造	char	名偵探柯南：迷宮的十字路@94462568	
櫻滿春夏	char	罪惡王冠@87767894	
櫻滿玄周	char	罪惡王冠@87767894	
櫻滿真名	char	罪惡王冠@87767894	
櫻滿集	char	罪惡王冠@87767894	
櫻石	cgroup	Template:CGroup/Code Geass@70270136	
櫻花盛開慶典大騷動	cgroup	Module:CGroup/BlueArchive@93972468	zh-hant
櫻花莉莉	cgroup	Module:CGroup/蠟筆小新@93760288	
櫻農場	cgroup	Template:CGroup/GundamIBO@91631774	
權力點	cgroup	Module:CGroup/LOL@93322985	
權天使鋼彈	cgroup	Template:CGroup/Gundam00@70972545	
權現坂昇	char	遊戲王ARC-V@93483654	
次世代少年	cgroup	Module:CGroup/閃電十一人@68657168	
次代鋼彈	cgroup	Template:CGroup/GundamW@87064245	
次元口袋	cgroup	Module:CGroup/閃電十一人@68657168	
次元艦隊	cgroup	Module:CGroup/Anime@94680982	
次郎丸太郎	char	花開物語@94760130	
歇士達	char	聖天空戰記@94720493	
歇斯基	cgroup	Module:CGroup/SAO@89298185	
歇絲基	cgroup	Module:CGroup/SAO@89298185	
歌姬號	cgroup	Template:CGroup/GundamAGE@51366593	
歌德巨怪	cgroup	Template:CGroup/爆丸@31893398	
歌楚德	cgroup	Module:CGroup/PeppaPig@87025478	zh-hant
歌聲是法式千層酥	cgroup	Module:CGroup/Anime@94680982	
歌舞伎怪獸	char	飛天小女警Z@94716201	
歌舞伎獸	char	数码宝贝大冒险：角色列表@94538377	
歌萊	cgroup	Module:CGroup/Minecraft@94388709	
歐兜賣	cgroup	Template:CGroup/Crazyracing Kartrider@60141039	
歐利凡特	cgroup	Template:CGroup/GundamW@87064245	
歐利果	cgroup	Module:CGroup/SAO@89298185	
歐力司	cgroup	Template:CGroup/GundamIBO@91631774	
歐力庫	cgroup	Module:CGroup/SAO@89298185	
歐加農砲	cgroup	Module:CGroup/Danball Senki@81863967	
歐嘉	char	高譚角色列表@92146409	
歐塔瑪人	char	哈尔的移动城堡@94539471	
歐奇	char	飛天小女警Z@94716201	
歐尼斯龙	cgroup	Template:CGroup/MapleStory@57794822	
歐巴羅	cgroup	Template:CGroup/GBF@82201572	CHECK
歐布萊特	cgroup	Template:CGroup/GundamAGE@51366593	
歐帝斯	cgroup	Template:CGroup/GundamUC@94693163	
歐庫斯	cgroup	Template:CGroup/GundamIBO@91631774	
歐德沙	cgroup	Module:CGroup/Half-Life@94355597	
歐德美	cgroup	Template:CGroup/魔法咪路咪路@26972197	
歐拉夫	cgroup	Module:CGroup/LOL@93322985	
歐摩洛	char	羅密歐的藍天@91519228	
歐普	cgroup	Template:CGroup/GundamSeed@92969101	
歐普國際救援隊	cgroup	Template:CGroup/GundamSeed@92969101	
歐格利拉	cgroup	Module:CGroup/Wow@94351016	
歐格雷	cgroup	Template:CGroup/GundamSeed@92969101	
歐比斯	cgroup	Module:CGroup/Danball Senki@81863967	
歐波	cgroup	Module:CGroup/My Little Pony@91388064	zh-hant
歐洲治安維持部隊	cgroup	Module:CGroup/Counter-Strike@85677571	zh-hant
歐爾嘉	cgroup	Module:CGroup/SPY×FAMILY@86080268	
歐爾布德	cgroup	Template:CGroup/進擊的巨人@76977335	
歐爾斐諾亞	cgroup	Template:CGroup/GundamAGE@51366593	
歐爾比雅	cgroup	Module:CGroup/OnePiece@83858889	
歐爾菲	cgroup	Template:CGroup/GundamSeed@92969101	
歐爾雪夫斯基	cgroup	Module:CGroup/Cyberpunk@85139581	
歐爾麥特	cgroup	Template:CGroup/MyHeroAcademia@87565804	
歐珊	cgroup	Module:CGroup/My Little Pony@91388064	
歐絲拉	cgroup	Template:CGroup/Mabinogi@50754648	
歐羅拉	cgroup	Module:CGroup/LOL@93322985	
歐華	cgroup	Template:CGroup/GundamAGE@51366593	
歐菲莉亞	char	Vivy -Fluorite Eye's Song-@93702039	
歐蘭	cgroup	Template:CGroup/The Witcher@86825096	
歐迪	cgroup	Template:CGroup/愛天使傳說@43103330	
歐達因	cgroup	Module:CGroup/Cyberpunk@85139581	
歐達姆	char	翠星上的加爾岡緹亞@91223485	
歐里巴市長	char	劇場版 寶可夢 我們的故事@86542622	CHECK
歐重錘	cgroup	Module:CGroup/Danball Senki@81863967	CHECK
歐霹	cgroup	Module:CGroup/BLEACH@81833737	
歐魯	cgroup	Template:CGroup/進擊的巨人@76977335	
歐魯卡	cgroup	Template:CGroup/GundamSeed@92969101	
歐魯特	char	聖天空戰記@94720493	
歐魯特卡	cgroup	Template:CGroup/KamenRider@94225985	
歡樂假期	cgroup	Template:CGroup/Sim@37867988	
歡樂家庭組合	cgroup	Template:CGroup/Sim@37867988	
歡樂微笑綵衣	cgroup	Template:CGroup/Pretty Rhythm@77221109	zh-hant
歡樂心動潛行	cgroup	Template:CGroup/Pretty Rhythm@77221109	zh-hant
歡歡仙子	cgroup	Module:CGroup/Anime@94680982	
歡笑土壺	cgroup	Template:CGroup/妖怪手錶@75937932	
正義之都	cgroup	Module:CGroup/蠟筆小新@93760288	
正義天平	cgroup	Template:CGroup/戰鬥陀螺 鋼鐵奇兵@68490308	
正義女神鋼彈	cgroup	Template:CGroup/Gundam00@70972545	
正義戰士	cgroup	Module:CGroup/Cartoon@93410586	
正義海盜船長	cgroup	Template:CGroup/Crazyracing Kartrider@60141039	
正義的鐵拳	cgroup	Module:CGroup/閃電十一人@68657168	
正義聯盟	cgroup	Module:CGroup/美国漫画@94638375	zh-hant
正義聯盟大戰少年悍將	cgroup	Module:CGroup/美国漫画@94638375	
正義聯盟大戰末日軍團	cgroup	Module:CGroup/美国漫画@94638375	
正義聯盟火力全開	cgroup	Module:CGroup/美国漫画@94638375	
正義聯盟超級行動	cgroup	Module:CGroup/美国漫画@94638375	
正義騎士鋼彈	cgroup	Template:CGroup/GBF@82201572	
正面交鋒	cgroup	Module:CGroup/Half-Life@94355597	
正餐前的開胃年菜	cgroup	Module:CGroup/BlueArchive@93972468	zh-hant
步槍設計圖	cgroup	Module:CGroup/Counter-Strike@85677571	zh-hant
步槍類	cgroup	Module:CGroup/Counter-Strike@85677571	zh-hant
步步獸	char	數碼寶貝覺醒節拍角色列表@94712797	
武井克弘	char	富豪刑事 Balance:UNLIMITED@93288613	
武器專家執照	cgroup	Module:CGroup/Counter-Strike@85677571	zh-hant
武村	cgroup	Module:CGroup/Cyberpunk@85139581	
武泰斗	char	七龙珠角色列表@94425793	
武田將士	char	舞-HiME角色列表@91610502	
武田美千留	char	高校艦隊@93341996	
武田鐵男	char	遊戲王ZEXAL@93180378	
武藏土木工程通天	cgroup	Template:CGroup/Eyeshield21@86998850	
武藤岳彥	char	名侦探柯南：沉默的15分钟@94454904	
武藤里伽子	char	海潮之声@94677880	
武裝機兵	cgroup	Module:CGroup/LOL@93322985	
武裝獾獸	char	數碼寶貝覺醒節拍角色列表@94712797	
武裝異端式	cgroup	Template:CGroup/GundamSeed@92969101	
武裝進化	cgroup	Template:CGroup/Digimon@94687201	
武部沙織	char	少女與戰車角色列表@93320972	
武陵桃園	cgroup	Template:CGroup/MapleStory@57794822	
歪曲空間	cgroup	Module:CGroup/閃電十一人@68657168	
歸來的超人	cgroup	Template:CGroup/Ultraman@94663541	
歸來的超人力霸王	cgroup	Template:CGroup/Ultraman@94663541	
死亡代理人	title	死亡代理人@93463069	
死亡墓碑	cgroup	Template:CGroup/Crazyracing Kartrider@60141039	
死亡夢魘	cgroup	Module:CGroup/Counter-Strike@85677571	zh-hant
死亡復甦	cgroup	Module:CGroup/Games@94658856	
死亡暴雨	cgroup	Module:CGroup/閃電十一人@68657168	
死亡毀滅	cgroup	Module:CGroup/閃電十一人@68657168	
死亡燃燒獸	char	數碼寶貝覺醒節拍角色列表@94712797	
死亡獸	char	数码宝贝大冒险：角色列表@94538377	
死亡礦坑	cgroup	Module:CGroup/Wow@94351016	
死亡終結	cgroup	Module:CGroup/閃電十一人@68657168	
死亡羽蛇	cgroup	Template:CGroup/戰鬥陀螺 鋼鐵奇兵@68490308	
死亡華爾茲兄弟	cgroup	Module:CGroup/Danball Senki@81863967	
死亡遊行	title	死亡遊行@91275771	
死亡金屬大叔	char	佐賀偶像是傳奇@94005232	
死亡領域	cgroup	Module:CGroup/閃電十一人@68657168	
死亡騎士	char	異世界四重奏@93605298	
死亡鷲獅	cgroup	Module:CGroup/Danball Senki@81863967	
死侍	cgroup	Module:CGroup/美国漫画@94638375	
死侍狗	cgroup	Module:CGroup/美国漫画@94638375	
死侍與金鋼狼	cgroup	Module:CGroup/美国漫画@94638375	
死兆炮	cgroup	Template:CGroup/Gundam00@70972545	
死射	cgroup	Module:CGroup/美国漫画@94638375	
死氣彈	cgroup	Template:CGroup/Reborn@29403199	
死氣的火焰	cgroup	Template:CGroup/Reborn@29403199	
死氣的零地點突破	cgroup	Template:CGroup/Reborn@29403199	
死灰驅魔師	cgroup	Module:CGroup/LOL@93322985	
死神公會	cgroup	Module:CGroup/Solo Leveling@86308871	
死神憤怒	cgroup	Module:CGroup/Counter-Strike@85677571	zh-hant
死神火焰獸	char	数码宝贝大冒险角色列表@94744369	
死神獸	char	数码宝贝大冒险角色列表@94744369	
死縛之裝	char	KILL la KILL@94827565	
死者的挖掘	cgroup	Template:CGroup/Warcraft@92164655	zh-hant
死靈法師	cgroup	Template:CGroup/Warcraft@92164655	zh-hant
殖民地墜落之地	cgroup	Template:CGroup/GundamUC@94693163	
殖民地運輸	cgroup	Template:CGroup/GundamAGE@51366593	
殘命	cgroup	Template:CGroup/GundamIBO@91631774	
殘命搜魔	cgroup	Template:CGroup/GundamIBO@91631774	
殘命搜魔鋼彈	cgroup	Template:CGroup/GundamIBO@91631774	
殘命軍刀	cgroup	Template:CGroup/GundamIBO@91631774	
殘命鋼彈	cgroup	Template:CGroup/GundamIBO@91631774	
殘暴手榴彈	cgroup	Module:CGroup/Counter-Strike@85677571	zh-hant
殘暴炎魔	cgroup	Template:CGroup/MapleStory@57794822	
殘暴達叔	cgroup	Module:CGroup/Counter-Strike@85677571	zh-hant
殘暴雷比亞	cgroup	Module:CGroup/Counter-Strike@85677571	zh-hant
殘暴魔王	cgroup	Template:CGroup/爆丸@31893398	
殘破的城鎮中心	cgroup	Template:CGroup/Crazyracing Kartrider@60141039	
殭屍人	cgroup	Module:CGroup/Half-Life@94355597	
殭屍化豬布林	cgroup	Module:CGroup/Minecraft@94388709	
殭屍大逃殺	cgroup	Module:CGroup/Counter-Strike@85677571	zh-hant
殭屍復活	cgroup	Module:CGroup/Counter-Strike@85677571	zh-hant
殭屍怒氣指數	cgroup	Module:CGroup/Counter-Strike@85677571	zh-hant
殭屍模式	cgroup	Module:CGroup/Counter-Strike@85677571	zh-hant
殭屍樣本	cgroup	Module:CGroup/Counter-Strike@85677571	zh-hant
殭屍狂暴	cgroup	Module:CGroup/Counter-Strike@85677571	zh-hant
殭屍王	cgroup	Module:CGroup/Counter-Strike@85677571	zh-hant
殭屍異變模式	cgroup	Module:CGroup/Counter-Strike@85677571	zh-hant
殭屍經典模式	cgroup	Module:CGroup/Counter-Strike@85677571	zh-hant
殭屍英雄模式	cgroup	Module:CGroup/Counter-Strike@85677571	zh-hant
殭屍豬人	cgroup	Module:CGroup/Minecraft@94388709	
殭屍軍團戰	cgroup	Module:CGroup/Counter-Strike@85677571	zh-hant
殭屍隱身	cgroup	Module:CGroup/Counter-Strike@85677571	zh-hant
殭屍魔王	cgroup	Module:CGroup/Counter-Strike@85677571	zh-hant
殲滅刃	cgroup	Template:CGroup/GundamSeed@92969101	
殲魔鋼彈	cgroup	Template:CGroup/GundamIBO@91631774	
段藏	cgroup	Template:CGroup/NARUTO@86143617	
殺大索	cgroup	Template:CGroup/HUNTER@80241645	
殺戮戰神	cgroup	Module:CGroup/Counter-Strike@85677571	zh-hant
殺戮禁區	cgroup	Module:CGroup/Counter-Strike@85677571	zh-hant
殺戮貨運站	cgroup	Module:CGroup/Counter-Strike@85677571	zh-hant
殺手加農鋼彈	cgroup	Template:CGroup/GBF@82201572	
殺手本能	cgroup	Module:CGroup/Games@94658856	zh-hant
殺手雙子	cgroup	Template:CGroup/戰鬥陀螺 鋼鐵奇兵@68490308	
殺殘	cgroup	Template:CGroup/HUNTER@80241645	
殺無赦	cgroup	Template:CGroup/Transformers@87179168	
殺破狼	cgroup	Module:CGroup/Counter-Strike@85677571	zh-hant
殿村	char	岁月的童话@92224070	
毀天滅地	cgroup	Template:CGroup/Might&Magic@42603917	
毀滅之影	cgroup	Template:CGroup/Might&Magic@42603917	
毀滅公爵	cgroup	Module:CGroup/Counter-Strike@85677571	zh-hant
毀滅天龍	cgroup	Template:CGroup/戰鬥陀螺 鋼鐵奇兵@68490308	
毀滅巨刀	cgroup	Template:CGroup/GundamIBO@91631774	
毀滅手榴彈	cgroup	Module:CGroup/Counter-Strike@85677571	zh-hant
毀滅時鐘	cgroup	Template:CGroup/戰鬥陀螺 鋼鐵奇兵@68490308	
毀滅模式	cgroup	Template:CGroup/GundamUC@94693163	
毀滅行動	cgroup	Template:CGroup/Transformers@87179168	zh-hant
毀滅風暴	cgroup	Module:CGroup/閃電十一人@68657168	
毁魔鋼彈	cgroup	Template:CGroup/GundamIBO@91631774	
母親和孤兒	char	高譚角色列表@92146409	
每日任務	cgroup	Module:CGroup/Counter-Strike@85677571	zh-hant
毒刺水母	cgroup	Template:CGroup/Pokemon@85444397	
毒爆蟲	cgroup	Template:CGroup/StarCraft2@39914602	
毒爆蟲巢	cgroup	Template:CGroup/StarCraft2@39914602	
毒蛇神殿洞穴	cgroup	Module:CGroup/Wow@94351016	
毒蛟	char	半妖的夜叉姬@87932716	
毒蠍人	cgroup	Module:CGroup/美国漫画@94638375	
毒蠍碧洋琪	cgroup	Template:CGroup/Reborn@29403199	
毒電嬰	cgroup	Template:CGroup/Pokemon@85444397	
比亞吉	cgroup	Template:CGroup/Gundam00@70972545	
比克	cgroup	Template:CGroup/DragonBall@92325756	
比克多魯	cgroup	Template:CGroup/BUDDYCOMPLEX@77221119	
比利迪威廉斯	cgroup	Template:CGroup/C&C@83793789	
比博麗	char	光之美少女：食尚甜心@92951245	CHECK
比卡涅	cgroup	Module:CGroup/Square Enix@93012351	
比多獸	cgroup	Template:CGroup/Digimon@94687201	
比奇堡	cgroup	Module:CGroup/SpongeBob SquarePants@91129493	
比宇宙更遠的地方	title	比宇宙更遠的地方@93910432	
比拉夫	cgroup	Template:CGroup/DragonBall@92325756	
比拿可	cgroup	Template:CGroup/FullmetalAlchemist@48481493	
比斯塔	cgroup	Module:CGroup/OnePiece@83858889	
比比提	cgroup	Template:CGroup/DragonBall@92325756	
比水流	char	K (動畫)@93234659	
比爾吉沃特	cgroup	Module:CGroup/LOL@93322985	
比爾哥	cgroup	Template:CGroup/GundamW@87064245	
比爾朵	cgroup	Template:CGroup/GundamIBO@91631774	
比琪	char	能量獸之戰獸旋戰鬥@93872390	
比盧海魯姆	cgroup	Template:CGroup/BUDDYCOMPLEX@77221119	
比翁	cgroup	Module:CGroup/閃電十一人@68657168	
比良平千咲	char	来自风平浪静的明天@94727749	
比良拓海	char	月色真美@90814427	CHECK
比茲獸	char	數碼寶貝覺醒節拍角色列表@94712797	CHECK
比莉	char	光之美少女@94825358	
比諾	cgroup	Template:CGroup/GundamUC@94693163	
比谷	char	音速小子X@94737938	
比賽實況	char	航海王電影：GOLD@93412929	
比路里亞	cgroup	Template:CGroup/Mabinogi@50754648	
比魯斯	cgroup	Template:CGroup/DragonBall@92325756	
毛伊	cgroup	Module:CGroup/Disney@93925402	
毛茸怪獸	char	飛天小女警Z@94716201	CHECK
毛莎	char	天元突破 紅蓮螺巖@93776700	CHECK
毛莫獸	char	數碼寶貝04無限地帶@94757548	
毬子彩花	char	魔法少女小圓角色列表@94590242	
氏家睦	char	偶像大師 灰姑娘女孩角色列表@91786822	
民族風光點	cgroup	Template:CGroup/Pretty Rhythm@77221109	
民營保全公司	cgroup	Template:CGroup/GundamIBO@91631774	
民用異端式	cgroup	Template:CGroup/GundamSeed@92969101	
氣墊型黃金國猛獸	cgroup	Template:CGroup/GBF@82201572	
氣象龍獸	char	數碼暴龍App世代角色列表@94177588	
氣龍獸	char	数码宝贝大冒险：角色列表@94538377	
氪普托	cgroup	Module:CGroup/美国漫画@94638375	
水久保仁	char	名偵探柯南：水平線上的陰謀@94562230	
水之七島	cgroup	Module:CGroup/OnePiece@83858889	
水口洋介	char	名偵探柯南：戰慄的樂譜@94461985	
水和油惡靈	char	吊带袜天使@94456883	
水地零士	char	戰鬥陀螺 鋼鐵奇兵角色列表@94643342	
水尾春太郎	char	名偵探柯南：迷宮的十字路@94462568	
水島綾	char	Heartcatch 光之美少女！@94574540	
水嶌光良	char	光之美少女：食尚甜心@92951245	
水川正輝	char	名侦探柯南：天空的遇难船@94562607	
水幕爆破	cgroup	Module:CGroup/閃電十一人@68657168	
水平四方斬	cgroup	Module:CGroup/SAO@89298185	
水手冥王星	cgroup	Template:CGroup/Sailor Moon@93051346	
水手土星	cgroup	Template:CGroup/Sailor Moon@93051346	
水手天王星	cgroup	Template:CGroup/Sailor Moon@93051346	
水手小月亮	cgroup	Template:CGroup/Sailor Moon@93051346	
水手月亮	cgroup	Template:CGroup/Sailor Moon@93051346	
水手木星	cgroup	Template:CGroup/Sailor Moon@93051346	
水手水星	cgroup	Template:CGroup/Sailor Moon@93051346	
水手海王星	cgroup	Template:CGroup/Sailor Moon@93051346	
水手火星	cgroup	Template:CGroup/Sailor Moon@93051346	
水手號合作社	cgroup	Template:CGroup/GundamIBO@91631774	
水手號商會	cgroup	Template:CGroup/GundamIBO@91631774	
水手號市	cgroup	Template:CGroup/GundamIBO@91631774	
水手金星	cgroup	Template:CGroup/Sailor Moon@93051346	
水族部落	cgroup	Template:CGroup/降世神通@43998034	
水星一式	cgroup	Template:CGroup/GBF@82201572	
水晶之歌森林	cgroup	Module:CGroup/Wow@94351016	
水晶兵營	cgroup	Module:CGroup/LOL@93322985	
水晶帝國	cgroup	Module:CGroup/My Little Pony@91388064	zh-hant
水晶洗禮	cgroup	Module:CGroup/My Little Pony@91388064	
水晶螢光點點	cgroup	Template:CGroup/Pretty Rhythm@77221109	zh-hant
水木聖來	char	偶像大師 灰姑娘女孩角色列表@91786822	
水本紫	char	偶像大師 灰姑娘女孩角色列表@91786822	
水柿司	char	可塑性記憶@94399638	
水樹壘	char	魔法少女小圓角色列表@94590242	
水母蟹堡	cgroup	Module:CGroup/SpongeBob SquarePants@91129493	
水泥人	cgroup	Template:CGroup/MyHeroAcademia@87565804	
水滴風暴	cgroup	Template:CGroup/Yes! 光之美少女5@89217113	
水澄楓	char	拜託了☆老師@90724500	
水澤勇氣	char	戰鬥陀螺 鋼鐵奇兵角色列表@94643342	
水無月小香	cgroup	Template:CGroup/Yes! 光之美少女5@89217113	
水無瀨佳織	char	PSYCHO-PASS角色列表@93403235	
水牛和蘋果樹	cgroup	Module:CGroup/My Little Pony@91388064	
水田加奈	char	名侦探柯南：沉默的15分钟@94454904	
水色真珠音調	cgroup	Template:CGroup/Pichi Pichi Pitch@94608266	
水虎魚獸	char	數碼寶貝覺醒節拍角色列表@94712797	CHECK
水蠆式	cgroup	Template:CGroup/Gundam00@70972545	
水谷浩介	char	名偵探柯南：漆黑的追跡者@94634868	
水辰	char	異邦人 無皇刃譚@86100576	
水野彩音	char	月色真美@90814427	
水野愛	char	佐賀偶像是傳奇@94005232	
水野枝莉	char	花開物語@94760130	
水野沙織	char	月色真美@90814427	
水野洋	char	月色真美@90814427	
水野理佳	char	雲之彼端，約定的地方@92998776	
水野理紗	char	秒速5公分@94405277	
水野翠	char	偶像大師 灰姑娘女孩角色列表@91786822	
水野茜	char	月色真美@90814427	
水面直樹	char	爆旋陀螺Burst@94644099	
永不結束的	cgroup	Module:CGroup/蠟筆小新@93760288	
永井沙織	char	光之美少女@94825358	
永原翔	char	月色真美@90814427	
永恆之闇	cgroup	Module:CGroup/Games@94658856	
永恆傳奇	cgroup	Module:CGroup/Tales@54832633	
永恆暴風雪	cgroup	Module:CGroup/閃電十一人@68657168	
永恆精靈	char	光之美少女@94825358	
永恆系統	cgroup	Template:CGroup/ED@94768974	zh-hant
永恆紀元	cgroup	Module:CGroup/Games@94658856	
永束友宏	char	電影版 聲之形@93974890	
永澤勝子	char	光之美少女@94825358	
永罄	cgroup	Module:CGroup/Simpsons@84869408	
永遠的蝙蝠俠	cgroup	Module:CGroup/美国漫画@94638375	
永遠自由森林	cgroup	Module:CGroup/My Little Pony@91388064	
汀克獸	char	數碼寶貝覺醒節拍角色列表@94712797	
汀奇	cgroup	Module:CGroup/OnePiece@83858889	
汀柏	cgroup	Template:CGroup/黑執事@49361116	
汎戴茵	cgroup	Module:CGroup/美国漫画@94638375	
汎用視覺化記憶檔案	cgroup	Module:CGroup/SAO@89298185	
汐見勝彥	char	名偵探柯南：水平線上的陰謀@94562230	CHECK
江上椿	char	偶像大師 灰姑娘女孩角色列表@91786822	
江利愛實	char	魔法少女小圓角色列表@94590242	
江姜	cgroup	Module:CGroup/Counter-Strike@85677571	zh-hant
江守哲之助	char	名偵探柯南：貝克街的亡靈@94782563	
江守晃	char	名偵探柯南：貝克街的亡靈@94782563	
江川岳	char	来自风平浪静的明天@94727749	
江湖本色	cgroup	Module:CGroup/Games@94658856	
江田一彥	char	東之伊甸@92226285	
江田島木葉	char	拜託了☆老師@90724500	
江田島稔	char	拜託了☆老師@90724500	
江藤綾	char	學校怪談 (動畫)@92145862	
池本幹雄	cgroup	Template:CGroup/NARUTO@86143617	zh-hant
池澤佳主馬	char	夏日大作戰@94786998	
池澤聖美	char	夏日大作戰@94786998	
池田江美	char	少女與戰車角色列表@93320972	
池袋晶葉	char	偶像大師 灰姑娘女孩角色列表@91786822	
池谷博史	char	白箱@94727899	
池部叔父	char	回转企鹅罐@94635162	
污垢達人	cgroup	Module:CGroup/蠟筆小新@93760288	
污水企業聯合	cgroup	Module:CGroup/Wow@94351016	
汪水弟	cgroup	Module:CGroup/Pixar@93247177	CHECK
汪汪三劍客	title	汪汪三劍客@94071011	
汪達	cgroup	Module:CGroup/美国漫画@94638375	
汪達巴	cgroup	Module:CGroup/閃電十一人@68657168	CHECK
汪達幻視	cgroup	Module:CGroup/美国漫画@94638375	
決勝古堡	cgroup	Module:CGroup/Counter-Strike@85677571	zh-hant
決勝慶典	cgroup	Module:CGroup/LOL@93322985	
決戰哈瓦那	cgroup	Module:CGroup/Counter-Strike@85677571	zh-hant
決戰城市	cgroup	Module:CGroup/Counter-Strike@85677571	zh-hant
決戰少林	cgroup	Module:CGroup/Cartoon@93410586	
決戰新世界	cgroup	Template:CGroup/Death Note@84122694	
決戰未來	cgroup	Module:CGroup/Counter-Strike@85677571	zh-hant
決戰異世界	cgroup	Template:CGroup/Might&Magic@42603917	
決戰碼頭	cgroup	Module:CGroup/Counter-Strike@85677571	zh-hant
決戰紅帽火魔	cgroup	Module:CGroup/美国漫画@94638375	
決戰艾澤拉斯	cgroup	Module:CGroup/Wow@94351016	
決鬥傳奇	cgroup	Module:CGroup/Tales@54832633	
決鬥刃	cgroup	Template:CGroup/GundamSeed@92969101	
決鬥大師	title	決鬥大師@92994775	
決鬥電擊	cgroup	Template:CGroup/GundamSeed@92969101	
沃克	cgroup	Module:CGroup/美国漫画@94638375	
沃利克	cgroup	Template:CGroup/Code Geass@70270136	
沃夫	char	FRESH光之美少女！@93922959	
沃夫剛格	cgroup	Module:CGroup/KingOfFighters@91481321	
沃沃卡	cgroup	Template:CGroup/Mabinogi@50754648	
沃爾普	char	91Days@89878470	
沃科	cgroup	Template:CGroup/GundamIBO@91631774	
沃維克	cgroup	Module:CGroup/LOL@93322985	
沃茲	cgroup	Template:CGroup/KamenRider@94225985	CHECK
沃辛頓	cgroup	Module:CGroup/Pixar@93247177	
沈默古堡	cgroup	Module:CGroup/Counter-Strike@85677571	zh-hant
沉利	cgroup	Template:CGroup/Toaru@89726592	zh-hant
沉重王冠	cgroup	Module:CGroup/LOL@93322985	
沉默之丘	cgroup	Module:CGroup/Games@94658856	
沉默的陷阱	cgroup	Module:CGroup/Counter-Strike@85677571	zh-hant
沓姿	cgroup	Template:CGroup/DragonBall@92325756	
沖田海	cgroup	Template:CGroup/四驅兄弟@86987120	
沖田總司	char	名偵探柯南角色列表@94461808	
沙丘魔堡	cgroup	Module:CGroup/Games@94658856	
沙丘魔物	cgroup	Module:CGroup/Counter-Strike@85677571	zh-hant
沙代	char	鬼滅之刃角色列表@94583765	
沙勒諾	cgroup	Template:CGroup/GundamIBO@91631774	CHECK
沙古牙獸	char	数码宝贝03驯兽师之王角色列表@94744434	
沙吉拉斯陵墓	cgroup	Template:CGroup/Warcraft@92164655	zh-hant
沙地蜻蜓獸	char	数码宝贝大冒险：角色列表@94538377	
沙地龍獸	char	數碼寶貝覺醒節拍角色列表@94712797	
沙坎	cgroup	Module:CGroup/Jewelpet@81833309	
沙塵切割	cgroup	Module:CGroup/閃電十一人@68657168	
沙多克里夫	cgroup	Template:CGroup/黑執事@49361116	
沙德威斯坦	cgroup	Module:CGroup/Cyberpunk@85139581	
沙悟獸	char	數碼寶貝覺醒節拍角色列表@94712797	
沙拉曼多拉	cgroup	Template:CGroup/童話槍手小紅帽@22981301	
沙曼	char	高譚角色列表@92146409	
沙梁	char	甲鐵城的卡巴內里@93830519	
沙海穗香	char	數碼寶貝覺醒節拍角色列表@94712797	
沙漠之獅隊	cgroup	Module:CGroup/閃電十一人@68657168	
沙漠區	cgroup	Module:CGroup/Disney@93925402	
沙漠強襲	cgroup	Module:CGroup/Counter-Strike@85677571	zh-hant
沙漠惡魔	char	Heartcatch 光之美少女！@94574540	
沙漠渠道	cgroup	Template:CGroup/Crazyracing Kartrider@60141039	
沙漠異形	char	Heartcatch 光之美少女！@94574540	
沙漠遺跡	cgroup	Module:CGroup/Counter-Strike@85677571	zh-hant
沙特馬拉伯	cgroup	Module:CGroup/My Little Pony@91388064	zh-hant
沙瑟伊	cgroup	Template:CGroup/GundamIBO@91631774	
沙瑟斯	cgroup	Template:CGroup/Gundam00@70972545	
沙維格	cgroup	Module:CGroup/美国漫画@94638375	
沙羅曼達男爵	char	Heartcatch 光之美少女！@94574540	
沙薩	cgroup	Module:CGroup/SAO@89298185	
沙薩比	cgroup	Template:CGroup/GundamUC@94693163	
沙薩比小姐	cgroup	Template:CGroup/GBF@82201572	
沙西凱	cgroup	Template:CGroup/魔法咪路咪路@26972197	CHECK
沙貝特	cgroup	Template:CGroup/GundamW@87064245	
沙金斯	char	魔法使光之美少女！@94758670	
沙魯	char	七龍珠Z@94711042	
沛尼達	cgroup	Module:CGroup/BLEACH@81833737	
沛達	cgroup	Template:CGroup/魔法咪路咪路@26972197	
河原崎	char	數碼寶貝覺醒節拍角色列表@94712797	
河嶋桃	char	少女與戰車角色列表@93320972	
河西忍	char	少女與戰車角色列表@93320972	
河邊奏子	char	名偵探柯南：戰慄的樂譜@94461985	
河野幸泰	char	白箱@94727899	
河野燕	char	高校艦隊@93341996	
油女志乃	cgroup	Template:CGroup/NARUTO@86143617	
油漆風波	cgroup	Module:CGroup/SpongeBob SquarePants@91129493	
治癒美酒	char	数码宝贝03驯兽师之王角色列表@94744434	
沼渡	char	半妖的夜叉姬@87932716	
沼澤異形	cgroup	Module:CGroup/美国漫画@94638375	
沼珉	cgroup	Template:CGroup/Pretty Rhythm@77221109	zh-hant
沼骸	cgroup	Module:CGroup/Minecraft@94388709	
泉宮寺豐久	char	PSYCHO-PASS角色列表@93403235	
法丹	cgroup	Template:CGroup/GundamAGE@51366593	
法伯斯	cgroup	Template:CGroup/GundamAGE@51366593	
法國憲兵特勤隊	cgroup	Module:CGroup/Counter-Strike@85677571	zh-hant
法娜提歐	cgroup	Module:CGroup/SAO@89298185	CHECK
法德巴尼	char	萬里尋親記@94719791	
法拉急	cgroup	Template:CGroup/NARUTO@86143617	
法格斯	char	森林王子 少年毛克利@94715809	
法比歐	char	萬里尋親記@94719791	
法洛士	cgroup	Module:CGroup/LOL@93322985	
法爾修	cgroup	Module:CGroup/Frieren@82010966	
法爾克	cgroup	Template:CGroup/GundamIBO@91631774	
法爾布羅斯	cgroup	Template:CGroup/爆丸@31893398	
法爾汀	cgroup	Template:CGroup/GundamTWFM@82129397	
法爾西亞	cgroup	Template:CGroup/GundamAGE@51366593	
法爾賽特	char	Suite 光之美少女♪@92951168	
法畢爾	cgroup	Template:CGroup/爆丸@31893398	
法穆葉	char	悲慘世界 少女珂賽特@94720109	
法米利昂	char	森林王子 少年毛克利@94715809	
法統式	cgroup	Template:CGroup/Gundam00@70972545	
法老獸	char	数码宝贝幽灵游戏角色列表@94560916	
法蘭克蘭登	cgroup	Template:CGroup/GundamIBO@91631774	
法蘭絲	cgroup	Module:CGroup/Pixar@93247177	
法里德	cgroup	Template:CGroup/GundamIBO@91631774	
泛用語	cgroup	Module:CGroup/SAO@89298185	
泡泡先生	cgroup	Module:CGroup/Cartoon@93410586	
泡泡王子	cgroup	Template:CGroup/Adventure Time@90284406	
泡芙阿姨	cgroup	Module:CGroup/SpongeBob SquarePants@91129493	
泡芙阿姨失業了	cgroup	Module:CGroup/SpongeBob SquarePants@91129493	
波佐間光	char	戰鬥陀螺 鋼鐵奇兵角色列表@94643342	
波倫加	cgroup	Template:CGroup/DragonBall@92325756	
波傑克	cgroup	Template:CGroup/DragonBall@92325756	
波克	char	航海王電影：GOLD@93412929	
波克比	cgroup	Template:CGroup/Pokemon@85444397	
波古丹	char	ONE PIECE角色列表@94658502	
波可獸	char	数码宝贝幽灵游戏角色列表@94560916	
波塔尼卡	cgroup	Module:CGroup/Wow@94351016	
波塞頓獸	char	數碼暴龍App世代角色列表@94177588	
波寶	cgroup	Template:CGroup/Pretty Rhythm@77221109	CHECK
波尼	cgroup	Template:CGroup/GundamSeed@92969101	
波希拉	cgroup	Module:CGroup/Disney@93925402	
波托拜	cgroup	Template:CGroup/HUNTER@80241645	
波普莉	char	Heartcatch 光之美少女！@94574540	
波札德	cgroup	Template:CGroup/進擊的巨人@76977335	
波波努恩	char	光之美少女：食尚甜心@92951245	
波波獸	char	數碼寶貝覺醒節拍角色列表@94712797	
波波菈	cgroup	Module:CGroup/Square Enix@93012351	
波浪戰甲	cgroup	Template:CGroup/爆丸@31893398	
波浪鋼爪	cgroup	Template:CGroup/爆丸@31893398	
波爾凱尼恩	char	Pokemon the movie XY&Z 波爾凱尼恩與機關人偶 瑪機雅娜@92337863	CHECK
波爾薩利諾	cgroup	Module:CGroup/OnePiece@83858889	CHECK
波特卡斯	cgroup	Module:CGroup/OnePiece@83858889	
波特拉	cgroup	Template:CGroup/DragonBall@92325756	
波琪	cgroup	Module:CGroup/OnePiece@83858889	
波琳	cgroup	Module:CGroup/Nintendo@94745610	
波瑪	char	攻殼機動隊 STAND ALONE COMPLEX@94382435	
波紋坦桑石	char	魔法使光之美少女！@94758670	
波紋月光石	char	魔法使光之美少女！@94758670	
波紋橄欖石	char	魔法使光之美少女！@94758670	
波紋海藍寶石	char	魔法使光之美少女！@94758670	
波紋石榴石	char	魔法使光之美少女！@94758670	
波紋粉紅電氣石	char	魔法使光之美少女！@94758670	
波紋紫水晶	char	魔法使光之美少女！@94758670	
波絲妮	char	光之美少女@94825358	
波維諾	cgroup	Template:CGroup/Reborn@29403199	
波羅五號	cgroup	Module:CGroup/Anime@94680982	
波莉	cgroup	Module:CGroup/PeppaPig@87025478	
波雅	cgroup	Module:CGroup/OnePiece@83858889	
波麗姨媽	char	湯姆歷險記 (動畫)@94720074	CHECK
泥人獸	char	数码宝贝大冒险：角色列表@94538377	
注定沒落的貴族	cgroup	Module:CGroup/Anime@94680982	
泰伯倫	cgroup	Template:CGroup/C&C@83793789	
泰伯倫戰爭	cgroup	Module:CGroup/Games@94658856	
泰伯倫暮光	cgroup	Module:CGroup/Games@94658856	
泰倫自治聯盟	cgroup	Template:CGroup/StarCraft2@39914602	
泰利	char	長腿叔叔 (動畫)@94856329	
泰利特	char	高立的未來世界@90116301	
泰坦巨劍	cgroup	Module:CGroup/Counter-Strike@85677571	zh-hant
泰山神踢	cgroup	Module:CGroup/閃電十一人@68657168	
泰德	char	湯姆歷險記 (動畫)@94720074	
泰拉	char	高立的未來世界@90116301	
泰晤士伯爵	char	航海王電影：GOLD@93412929	
泰格	cgroup	Module:CGroup/OnePiece@83858889	
泰洛卡森林	cgroup	Module:CGroup/Wow@94351016	
泰涅布利斯	cgroup	Template:CGroup/MapleStory@57794822	
泰瑞根	cgroup	Module:CGroup/美国漫画@94638375	
泰瑞的仙境	cgroup	Module:CGroup/Square Enix@93012351	
泰瑞莎	char	萬里尋親記@94719791	CHECK
泰迪老爹	cgroup	Template:CGroup/GundamIBO@91631774	
泳魚獸	char	数码宝贝大冒险：角色列表@94538377	
洗澡囉	cgroup	Module:CGroup/SpongeBob SquarePants@91129493	CHECK
洗牌同盟	cgroup	Template:CGroup/GGundam@85035825	
洛伊	cgroup	Template:CGroup/小魔女DoReMi@65858319	
洛克斯塔	cgroup	Module:CGroup/閃電十一人@68657168	
洛克斯達	cgroup	Module:CGroup/OnePiece@83858889	
洛克昂	cgroup	Template:CGroup/Gundam00@70972545	
洛克貝爾	cgroup	Template:CGroup/FullmetalAlchemist@48481493	
洛可	cgroup	Module:CGroup/Pixar@93247177	
洛可莫夫司令官	char	星之聲@92143926	
洛吉塔	cgroup	Template:CGroup/GundamUC@94693163	
洛奇亞爆誕	cgroup	Template:CGroup/Pokemon@85444397	
洛拉帕	cgroup	Template:CGroup/GundamSeed@92969101	
洛瑪	cgroup	Template:CGroup/GundamSeed@92969101	
洛瓦伊	cgroup	Template:CGroup/Mabinogi@50754648	
洛號	cgroup	Template:CGroup/GundamSeed@92969101	
洛迪文至尊	char	變形金剛：超能連結@94758428	
洛連茲	cgroup	Template:CGroup/ED@94768974	CHECK,zh-hant
洛馬諾夫	cgroup	Template:CGroup/C&C@83793789	
洞洞波	cgroup	Template:CGroup/DragonBall@92325756	
洞窟獸	char	数码宝贝大冒险：角色列表@94538377	
津嘉	cgroup	Template:CGroup/Reborn@29403199	
津庫魯	char	大雄的月球探測記@93357355	
津田功介	char	跳躍吧！時空少女@94438891	
津路	cgroup	Template:CGroup/GundamIBO@91631774	
洪水巨龜	char	爆丸5星域爭霸@90756067	
洪水猛獅	char	爆丸5星域爭霸@90756067	
洪金豹	cgroup	Module:CGroup/Disney@93925402	
洪鏽注	cgroup	Module:CGroup/Simpsons@84869408	
洲際系列賽	cgroup	Module:CGroup/LOL@93322985	
活動戰術總覽	cgroup	Module:CGroup/SAO@89298185	
活死人師團	cgroup	Template:CGroup/GundamUC@94693163	
活蝓	cgroup	Template:CGroup/NARUTO@86143617	
派克諾妲	cgroup	Template:CGroup/HUNTER@80241645	
派對咖孔明	cgroup	Module:CGroup/Anime@94680982	
派拉斯	cgroup	Template:CGroup/Pokemon@85444397	
派拉斯特	cgroup	Template:CGroup/Pokemon@85444397	
派瑞克	cgroup	Template:CGroup/Mabinogi@50754648	
派翠克夫	cgroup	Template:CGroup/Adventure Time@90284406	
派葛亞	cgroup	Module:CGroup/OnePiece@83858889	
派蒂和道格	char	高譚角色列表@92146409	
流刃若火	char	BLEACH角色列表@94571323	
流星之刃	cgroup	Module:CGroup/閃電十一人@68657168	
流星射手	cgroup	Module:CGroup/閃電十一人@68657168	
流星花園	cgroup	Module:CGroup/Anime@94680982	
流氓喵	cgroup	Template:CGroup/妖怪手錶@75937932	
流氓熊貓	cgroup	Template:CGroup/Pokemon@85444397	
流水百足	char	爆丸5星域爭霸@90756067	
流浪者之歌	cgroup	Module:CGroup/Square Enix@93012351	
流浪野蠻人	cgroup	Template:CGroup/Heroes of the Storm@49727842	
流行光點	cgroup	Template:CGroup/Pretty Rhythm@77221109	
流髑	cgroup	Module:CGroup/Minecraft@94388709	
浦太洛斯	cgroup	Template:CGroup/KamenRider@94225985	
浦思青蘭	char	名侦探柯南：世纪末的魔术师@94403742	
浦木	cgroup	Template:CGroup/GundamUC@94693163	
浦木宏	cgroup	Template:CGroup/GundamUC@94693163	
浦添加伊	char	數碼寶貝03馴獸師之王@94757540	
浩克	cgroup	Module:CGroup/美国漫画@94638375	
浩劫與重生	cgroup	Module:CGroup/Wow@94351016	
浩劫重生	cgroup	Module:CGroup/Half-Life@94355597	
浮島監獄	cgroup	Module:CGroup/美国漫画@94638375	
浮游城	cgroup	Module:CGroup/SAO@89298185	
浮球獸	char	數碼寶貝覺醒節拍角色列表@94712797	
浮雲獸	char	數碼寶貝覺醒節拍角色列表@94712797	
浴血隧道	cgroup	Module:CGroup/Counter-Strike@85677571	zh-hant
海伊諾魯基亞流	cgroup	Module:CGroup/SAO@89298185	
海伯利昂號	cgroup	Template:CGroup/StarCraft@73588136	
海伯爾	cgroup	Template:CGroup/GundamSeed@92969101	
海克力士	cgroup	Module:CGroup/美国漫画@94638375	
海克瑟骨架	cgroup	Template:CGroup/GundamIBO@91631774	
海利歐波里斯	cgroup	Template:CGroup/GundamSeed@92969101	
海刺龍	cgroup	Template:CGroup/Pokemon@85444397	
海加	cgroup	Template:CGroup/GundamTWFM@82129397	
海加爾山	cgroup	Module:CGroup/Wow@94351016	
海咪	cgroup	Module:CGroup/OnePiece@83858889	
海嘯障壁	cgroup	Module:CGroup/閃電十一人@68657168	
海因凱爾	cgroup	Template:CGroup/FullmetalAlchemist@48481493	
海因德里	cgroup	Template:CGroup/GundamTWFM@82129397	
海塔	cgroup	Module:CGroup/Frieren@82010966	
海天翼號	cgroup	Template:CGroup/Mazinger@84157445	
海奇美拉獸	char	數碼寶貝覺醒節拍角色列表@94712797	
海尼爾	cgroup	Template:CGroup/Cyber Formula@68486475	
海底國	cgroup	Module:CGroup/My Little Pony@91388064	
海底總動員	cgroup	Module:CGroup/Pixar@93247177	
海怒斯	cgroup	Template:CGroup/MapleStory@57794822	
海恩	char	星之卡比 (動畫)@94160462	
海拉	cgroup	Module:CGroup/美国漫画@94638375	
海曼	cgroup	Template:CGroup/GundamUC@94693163	
海松愛瑠	char	可塑性記憶@94399638	
海格力	cgroup	Module:CGroup/Counter-Strike@85677571	zh-hant
海格拉斯	cgroup	Module:CGroup/OnePiece@83858889	
海江田藤伍	char	名偵探柯南：唐紅的戀歌@94765694	
海洋奇緣	cgroup	Module:CGroup/Disney@93925402	
海洋颶風	cgroup	Module:CGroup/閃電十一人@68657168	
海渡	cgroup	Template:CGroup/GundamSeed@92969101	
海潮王座	cgroup	Module:CGroup/Wow@94351016	
海灣觀察者	char	吊带袜天使@94456883	
海爾冥界	cgroup	Template:CGroup/KamenRider@94225985	
海爾曼	cgroup	Module:CGroup/Cyberpunk@85139581	
海爾曼博士	char	湯姆歷險記 (動畫)@94720074	
海特	cgroup	Module:CGroup/Pixar@93247177	
海獸之子	cgroup	Module:CGroup/Anime@94680982	
海王星八式	cgroup	Template:CGroup/GBF@82201572	
海瓦茲	cgroup	Template:CGroup/ED@94768974	CHECK,zh-hant
海盜危機大逃亡	cgroup	Template:CGroup/Crazyracing Kartrider@60141039	
海盜懸崖上的決鬥	cgroup	Template:CGroup/Crazyracing Kartrider@60141039	
海盜戰記	cgroup	Module:CGroup/Anime@94680982	
海盜炸彈	cgroup	Template:CGroup/Crazyracing Kartrider@60141039	
海盜紀元	cgroup	Template:CGroup/Crazyracing Kartrider@60141039	
海盜阿西	cgroup	Module:CGroup/SpongeBob SquarePants@91129493	CHECK
海盜風暴	cgroup	Template:CGroup/Crazyracing Kartrider@60141039	
海盜首領	char	高校艦隊@93341996	
海立士	cgroup	Module:CGroup/Pixar@93247177	
海綿寶寶飛向天際	cgroup	Module:CGroup/SpongeBob SquarePants@91129493	
海老原菜帆	char	偶像大師 灰姑娘女孩角色列表@91786822	
海肯	cgroup	Template:CGroup/GundamSeed@92969101	
海膽壽司怪獸	char	飛天小女警Z@94716201	
海花	cgroup	Module:CGroup/BlueArchive@93972468	zh-hant
海萊因	cgroup	Template:CGroup/GundamSeed@92969101	
海藤典	char	Go Princess 光之美少女@94065409	
海藤真澄	char	Go Princess 光之美少女@94065409	
海藻妹	cgroup	Template:CGroup/妖怪手錶@75937932	CHECK
海蛞蝓獸	char	數碼寶貝覺醒節拍角色列表@94712797	
海豚獸	char	数码宝贝大冒险：角色列表@94538377	
海超人與大洋遊俠	cgroup	Module:CGroup/SpongeBob SquarePants@91129493	
海超人與大洋遊俠三	cgroup	Module:CGroup/SpongeBob SquarePants@91129493	
海超人與大洋遊俠二	cgroup	Module:CGroup/SpongeBob SquarePants@91129493	
海超人與大洋遊俠五	cgroup	Module:CGroup/SpongeBob SquarePants@91129493	
海超人與大洋遊俠四	cgroup	Module:CGroup/SpongeBob SquarePants@91129493	
海迪倫	cgroup	Module:CGroup/KingOfFighters@91481321	
海部千果	char	鈴芽之旅@94338447	
海雷格	cgroup	Template:CGroup/GundamUC@94693163	
海馬獸	char	数码宝贝大冒险：角色列表@94538377	
海魔薩克	cgroup	Template:CGroup/GBF@82201572	
涅布拉	cgroup	Module:CGroup/美国漫画@94638375	
涅斯托爾	cgroup	Template:CGroup/BUDDYCOMPLEX@77221119	
涅法雷姆	cgroup	Template:CGroup/Diablo@94495831	
涅波拉	cgroup	Template:CGroup/GundamTWFM@82129397	
涅蘆拉	char	秋葉原冥途戰爭@94822711	
涅里耶爾	cgroup	Module:CGroup/BLEACH@81833737	
消跡忍者	char	爆丸5星域爭霸@90756067	
消逝的旅途	cgroup	Template:CGroup/MapleStory@57794822	
涉谷貴雄	char	藍色恐懼@94281992	
液態氮氣桶	cgroup	Module:CGroup/Counter-Strike@85677571	zh-hant
液態火藥	cgroup	Module:CGroup/Counter-Strike@85677571	zh-hant
液態瓦斯	cgroup	Module:CGroup/Counter-Strike@85677571	zh-hant
涼堂	cgroup	Module:CGroup/Simpsons@84869408	
涼宮星花	char	偶像大師 灰姑娘女孩角色列表@91786822	
涼宮春日的消失	title	涼宮春日的消失@94676932	
涼宮春日的直覺	cgroup	Template:CGroup/涼宮春日的憂鬱@71080538	
涼野糸	cgroup	Template:CGroup/Pretty Rhythm@77221109	
淘氣刑警	cgroup	Template:CGroup/Aikatsu@68312381	
淚滴卡卡	cgroup	Module:CGroup/Simpsons@84869408	
淡島世理	char	K (動畫)@93234659	
淣菈	cgroup	Module:CGroup/LOL@93322985	
淤能碁呂	cgroup	Template:CGroup/GundamSeed@92969101	CHECK
淨惡棒	cgroup	Template:CGroup/Shugo Chara!@81936822	
淩梁	cgroup	Template:CGroup/C&C@83793789	
淬鍊重生	cgroup	Template:CGroup/Warcraft@92164655	zh-hant
深層秘密	cgroup	Module:CGroup/Pixar@93247177	
深山總一郎	char	名偵探柯南：偵探們的鎮魂歌@94562297	
深幽泥沼	cgroup	Module:CGroup/Wow@94351016	
深度凍結	cgroup	Module:CGroup/SAO@89298185	
深月菲莉希亞	char	魔法少女小圓角色列表@94590242	
深海巨爪	cgroup	Template:CGroup/爆丸@31893398	
深海巨蟹	char	爆丸5星域爭霸@90756067	
深海的公主	cgroup	Module:CGroup/Anime@94680982	
深海魔獸	cgroup	Template:CGroup/爆丸@31893398	
深淵傳奇	cgroup	Module:CGroup/Tales@54832633	
深淵惡魔	cgroup	Module:CGroup/Counter-Strike@85677571	zh-hant
深淵獸	char	数码宝贝大冒险：角色列表@94538377	
深淵魔	cgroup	Template:CGroup/Warcraft@92164655	zh-hant
深潛者	char	数码宝贝大冒险tri.角色列表@94265439	CHECK
深澤千草	char	來自繽紛世界的明日@94729384	
深瀬稔	char	名偵探柯南：漆黑的追跡者@94634868	
深爪龍子	cgroup	Module:CGroup/蠟筆小新@93760288	
深紅書	cgroup	Module:CGroup/Square Enix@93012351	
深紅模特兒	char	DokiDoki! 光之美少女@93549956	CHECK
混亂之治	cgroup	Template:CGroup/Warcraft@92164655	zh-hant
混沌之心	cgroup	Template:CGroup/Mabinogi@50754648	
混沌之手	cgroup	Template:CGroup/Mabinogi@50754648	
混沌之智	cgroup	Template:CGroup/Mabinogi@50754648	
混沌之治	cgroup	Module:CGroup/Games@94658856	
混沌之體	cgroup	Template:CGroup/Mabinogi@50754648	
混沌慾望怪	char	魔法使光之美少女！@94758670	
混沌武士	title	混沌武士@93915699	
混沌炸裂	cgroup	Module:CGroup/閃電十一人@68657168	
混沌爆烈	cgroup	Module:CGroup/閃電十一人@68657168	
混沌紀元	cgroup	Module:CGroup/閃電十一人@68657168	
混沌超人	cgroup	Template:CGroup/Ultraman@94663541	
混混妖	cgroup	Template:CGroup/妖怪手錶@75937932	
混源體	cgroup	Template:CGroup/StarCraft@73588136	
淺井成實	char	名偵探柯南角色列表@94461808	
淺利七海	char	偶像大師 灰姑娘女孩角色列表@91786822	
淺古小卷	char	魔法少女小圓角色列表@94590242	
淺木	char	BORUTO-火影新世代-NARUTO NEXT GENERATIONS-角色列表@94842050	
淺谷心	char	妖怪手錶系列@93337229	
淺野光洋	char	名侦探柯南：天空的遇难船@94562607	
淺野晴彥	char	妖怪手錶系列@93337229	
淺野風香	char	偶像大師 灰姑娘女孩角色列表@91786822	
淺間櫻	char	K (動畫)@93234659	
淺香沙羅	char	光之美少女：食尚甜心@92951245	
清水富雄	char	玉子市場@93415198	
清水幸宏	char	富豪刑事 Balance:UNLIMITED@93288613	
清水明子	char	海潮之声@94677880	
清水瑛梨	cgroup	Module:CGroup/Solo Leveling@86308871	
清水麗子	char	名偵探柯南：偵探們的鎮魂歌@94562297	CHECK
清純天使德姬	cgroup	Template:CGroup/愛天使傳說@43103330	
渋谷杏奈	char	妖怪手錶系列@93337229	
渡橋泰水	char	涼宮春日系列@94449678	
渡瀨明日菜	char	追逐繁星的孩子@94412901	
渡瀬真悧	char	回转企鹅罐@94635162	
渡邊一郎	char	午睡公主～不為人知的故事～@94260985	
渡邊咲子	char	Little Busters!角色列表@91842236	
渡邊美雪	char	學校怪談 (動畫)@92145862	
渡邊隼	char	白箱@94727899	
渡邊隼人	char	名偵探柯南：絕海的偵探@94596266	
渡鴉獸	char	數碼寶貝拯救隊角色列表@94177566	
渡鴨市	cgroup	Module:CGroup/Half-Life@94355597	
渥爾多	cgroup	Template:CGroup/GundamUC@94693163	
渥特菲德	cgroup	Template:CGroup/GundamSeed@92969101	
渥美裕治	char	白箱@94727899	
渥茲	char	交响诗篇@94703945	CHECK
渥頓	cgroup	Template:CGroup/GBF@82201572	
渥頓戰艇	cgroup	Template:CGroup/GBF@82201572	
渥頓戰艇改	cgroup	Template:CGroup/GBF@82201572	
渥魯帝	cgroup	Module:CGroup/SAO@89298185	
渦之國	cgroup	Template:CGroup/NARUTO@86143617	
渦潮忍者村	cgroup	Template:CGroup/NARUTO@86143617	
渦羅	cgroup	Module:CGroup/SAO@89298185	
渴什拉	cgroup	Template:CGroup/The Witcher@86825096	
游遊網路	cgroup	Module:CGroup/Games-zh@90861641	zh-hant
渾沌再起	cgroup	Template:CGroup/Warhammer@93295042	
湊秋人	char	K (動畫)@93234659	
湊速人	char	K (動畫)@93234659	
湖之主	cgroup	Template:CGroup/The Witcher@86825096	
湯匙伯母歷險記	title	湯匙伯母歷險記@90197190	
湯姆貓與傑利鼠	cgroup	Module:CGroup/Cartoon@93410586	
湯姆造船公司	cgroup	Module:CGroup/OnePiece@83858889	
湯婆婆	char	千与千寻@94787677	
湯宮健太	char	戰鬥陀螺 鋼鐵奇兵角色列表@94643342	
湯尼	cgroup	Module:CGroup/Pixar@93247177	
湯尼霍克	cgroup	Module:CGroup/Games@94658856	
湯文斯	cgroup	Template:CGroup/C&C@83793789	
湯本小百合	char	玉子市場@93415198	
湯本鐵平	char	富豪刑事 Balance:UNLIMITED@93288613	
湯本長治	char	玉子市場@93415198	
湯瑪士	cgroup	Module:CGroup/Solo Leveling@86308871	
湯瑪士小火車	cgroup	Module:CGroup/Cartoon@93410586	
源八	char	獸兵衛忍風帖@94218789	
源櫻	char	佐賀偶像是傳奇@94005232	
源種	cgroup	Module:CGroup/閃電十一人@68657168	
源義經	char	名偵探柯南：迷宮的十字路@94462568	
源輝二	char	數碼寶貝04無限地帶角色列表@94744460	
源造	cgroup	Module:CGroup/OnePiece@83858889	
溜溜獸	char	數碼寶貝覺醒節拍角色列表@94712797	
溝通英雄	cgroup	Template:CGroup/MyHeroAcademia@87565804	
溫帝獨眼霹靂	char	星際寶貝：神奇大冒險@94779708	
溫泉屋小女將	cgroup	Module:CGroup/Anime@94680982	
溫澤爾	cgroup	Template:CGroup/ED@94768974	zh-hant
溫莉	cgroup	Template:CGroup/FullmetalAlchemist@48481493	
溫迪	char	遊戲王VRAINS@92292355	
溫魔鋼彈	cgroup	Template:CGroup/GundamIBO@91631774	
滅世烈焰	char	数码宝贝03驯兽师之王角色列表@94744434	
滅亡之火	char	数码宝贝03驯兽师之王角色列表@94744434	
滅亡堡	char	Go Princess 光之美少女@94065409	
滅絕之呢喃	cgroup	Template:CGroup/StarCraft2@39914602	
滋貝魯庫	cgroup	Module:CGroup/SAO@89298185	
滑軌加農	cgroup	Module:CGroup/Counter-Strike@85677571	zh-hant
滑雪板小子	cgroup	Module:CGroup/Games@94658856	
滕秀星	char	PSYCHO-PASS角色列表@93403235	
滾動衝擊	cgroup	Module:CGroup/Counter-Strike@85677571	zh-hant
滾石獸	char	数码宝贝幽灵游戏角色列表@94560916	
滿地屍骸	char	衝吧烈子@91183058	
滿村文子	char	玉子市場@93415198	
滿艦飾又郎	char	KILL la KILL@94827565	
滿艦飾好代	char	KILL la KILL@94827565	
滿艦飾真子	char	KILL la KILL@94827565	
滿艦飾薔薇藏	char	KILL la KILL@94827565	
漁野大	char	Free!@93607624	
漂泊遊子	cgroup	Template:CGroup/Heroes of the Storm@49727842	
漆黑的反叛者	cgroup	Module:CGroup/Square Enix@93012351	
演奏者馬耶斯特羅	cgroup	Module:CGroup/閃電十一人@68657168	
漢凱格	cgroup	Template:CGroup/GundamUC@94693163	
漢妮根	cgroup	Module:CGroup/ResidentEvil@94612703	
漢尼斯	cgroup	Template:CGroup/進擊的巨人@76977335	
漢柏拉比	cgroup	Template:CGroup/GundamUC@94693163	
漢特斯公會	cgroup	Module:CGroup/Solo Leveling@86308871	
漢米爾頓	cgroup	Module:CGroup/Pixar@93247177	
漢肯	cgroup	Template:CGroup/GundamUC@94693163	
漢茲沃斯	cgroup	Template:CGroup/黑執事@49361116	CHECK
漢賽爾	cgroup	Template:CGroup/童話槍手小紅帽@22981301	
漢默丁格	cgroup	Module:CGroup/LOL@93322985	
漩戰幫	cgroup	Module:CGroup/Cyberpunk@85139581	CHECK
漩渦尖塔	cgroup	Module:CGroup/Wow@94351016	
漩渦海龍	char	爆丸5星域爭霸@90756067	
漫天飛舞的戀愛花瓣	cgroup	Template:CGroup/Pretty Rhythm@77221109	zh-hant
漫威一擊	cgroup	Module:CGroup/美国漫画@94638375	
漫威喪屍	cgroup	Module:CGroup/美国漫画@94638375	
漫威影業	cgroup	Module:CGroup/美国漫画@94638375	
漫威影業特別節目	cgroup	Module:CGroup/美国漫画@94638375	
漫威無限傳奇	cgroup	Module:CGroup/美国漫画@94638375	
漫長萬聖節	cgroup	Module:CGroup/美国漫画@94638375	
潔塔	char	異世界四重奏@93605298	
潔妮	cgroup	Module:CGroup/KingOfFighters@91481321	
潔拉	cgroup	Template:CGroup/愛天使傳說@43103330	
潔紗	char	狼雨@93653337	
潔莉	char	高譚角色列表@92146409	
潔莉安	cgroup	Template:CGroup/ED@94768974	zh-hant
潔莉獸	char	数码宝贝幽灵游戏角色列表@94560916	
潔莉絲卡	cgroup	Module:CGroup/SAO@89298185	
潔莉諾	cgroup	Module:CGroup/BlueArchive@93972468	zh-hant
潘妮	cgroup	Module:CGroup/美国漫画@94638375	
潘娜洛普	cgroup	Template:CGroup/GundamUC@94693163	CHECK
潘懷棕	cgroup	Module:CGroup/Simpsons@84869408	
潘朵兒	char	遊戲王VRAINS@92292355	
潘柏	cgroup	Template:CGroup/Death Note@84122694	
潘特爾兄弟	char	Fate/Apocrypha@90728159	
潘芷	cgroup	Template:CGroup/DragonBall@92325756	
潘蘭杞	cgroup	Template:CGroup/GundamTWFM@82129397	
潘賽門	cgroup	Module:CGroup/Pixar@93247177	
潘達利亞之謎	cgroup	Module:CGroup/Wow@94351016	
潛水大砲	cgroup	Template:CGroup/GBF@82201572	
潛網者	cgroup	Template:CGroup/GBF@82201572	CHECK
潛艇獸	char	数码宝贝幽灵游戏角色列表@94560916	
潛霸團	cgroup	Template:CGroup/GBF@82201572	CHECK
潛鯊獸	cgroup	Template:CGroup/Digimon@94687201	CHECK
潛龍諜影	cgroup	Module:CGroup/Games@94658856	CHECK
潮汐都市	cgroup	Module:CGroup/Counter-Strike@85677571	zh-hant
潮留晃	char	来自风平浪静的明天@94727749	
潮留美海	char	来自风平浪静的明天@94727749	
潮留美織	char	来自风平浪静的明天@94727749	
潮留至	char	来自风平浪静的明天@94727749	
澀谷凜	char	偶像大師 灰姑娘女孩角色列表@91786822	
澀谷圭一郎	cgroup	Module:CGroup/Anime@94680982	
澀谷圭介	cgroup	Module:CGroup/Anime@94680982	
澄玲	cgroup	Template:CGroup/Aikatsu@68312381	
澄田花苗	char	秒速5公分@94405277	
澈底對你成癮	cgroup	Module:CGroup/Anime@94680982	zh-hant
澤井樹里	cgroup	Template:CGroup/Eyeshield21@86998850	
澤井直美	char	Heartcatch 光之美少女！@94574540	
澤口知奈美	char	名偵探柯南：往天國的倒數計時@94658929	
澤城京	char	數碼寶貝覺醒節拍角色列表@94712797	
澤崎淳	cgroup	Template:CGroup/Code Geass@70270136	
澤拉	cgroup	Template:CGroup/GundamAGE@51366593	
澤木修一郎	char	奇蛋物语@93093482	
澤木公平	char	名偵探柯南：第14號獵物@94562556	
澤木桃惠	char	奇蛋物语@93093482	
澤村俊	char	名偵探柯南：漆黑的追跡者@94634868	
澤村啟太	char	名偵探柯南：絕海的偵探@94596266	
澤梓	char	少女與戰車角色列表@93320972	
澤永	char	七龍珠Z 超級賽亞人孫悟空@93733657	
澤渡	char	BLEACH角色列表@94571323	
澤渡佐由理	char	雲之彼端，約定的地方@92998776	
澤渡真吾	char	遊戲王ARC-V@93483654	
澤田弘樹	char	名偵探柯南：貝克街的亡靈@94782563	
澤田麻理菜	char	偶像大師 灰姑娘女孩角色列表@91786822	
澤裕喜	char	FRESH光之美少女！@93922959	
澤部藏之助	char	名侦探柯南：世纪末的魔术师@94403742	
澪紗	cgroup	Module:CGroup/BlueArchive@93972468	zh-hant
激炎型雙頭龍鋼彈	cgroup	Template:CGroup/GBF@82201572	
激速神鷹	cgroup	Template:CGroup/爆丸@31893398	
激鬥峽谷	cgroup	Module:CGroup/LOL@93322985	
激鬥模式	cgroup	Template:CGroup/Crazyracing Kartrider@60141039	
濁庵	char	獸兵衛忍風帖@94218789	
濱口菖蒲	char	偶像大師 灰姑娘女孩角色列表@91786822	
濱川愛結奈	char	偶像大師 灰姑娘女孩角色列表@91786822	
濱田廣	cgroup	Module:CGroup/Disney@93925402	
濱田正	cgroup	Module:CGroup/Disney@93925402	
濱田糸子	char	小魔女DoReMi@94721174	
濱田紀代	char	少女與戰車角色列表@93320972	
瀧壺理后	cgroup	Template:CGroup/Toaru@89726592	zh-hant
瀧川克里斯特爾	char	東京地震8.0@93461799	
瀧川露露	char	決鬥大師@92994775	
瀧澤朗	char	東之伊甸@92226285	
瀧澤葵	char	月色真美@90814427	
瀧澤進也	char	名偵探柯南：貝克街的亡靈@94782563	
瀧響子	char	遊戲王VRAINS@92292355	
瀨名詩織	char	偶像大師 灰姑娘女孩角色列表@91786822	
瀨奈	cgroup	Module:CGroup/BlueArchive@93972468	zh-hant
瀨川瞳	char	Go Princess 光之美少女@94065409	
瀨川美里	char	白箱@94727899	
瀬能葵	char	舞-HiME角色列表@91610502	
灌籃高手	cgroup	Module:CGroup/Anime@94680982	
灣岸	cgroup	Module:CGroup/Games@94658856	
火丑	char	異邦人 無皇刃譚@86100576	
火人	cgroup	Module:CGroup/美国漫画@94638375	
火力強化禁藥	cgroup	Module:CGroup/Counter-Strike@85677571	zh-hant
火力強化禁藥的樣本	cgroup	Module:CGroup/Counter-Strike@85677571	zh-hant
火天使	cgroup	Template:CGroup/Yes! 光之美少女5@89217113	
火小炎	cgroup	Module:CGroup/Pixar@93247177	
火山代代子	cgroup	Module:CGroup/蠟筆小新@93760288	
火山守	cgroup	Module:CGroup/蠟筆小新@93760288	
火山戀曲	cgroup	Module:CGroup/Pixar@93247177	
火山獸	char	数码宝贝大冒险：角色列表@94538377	
火山良良子	cgroup	Module:CGroup/蠟筆小新@93760288	
火山龍獸	char	数码宝贝大冒险：角色列表@94538377	
火州	cgroup	Template:CGroup/GGundam@85035825	
火影忍者疾風傳	title	火影忍者疾風傳@92412208	
火影顏岩	cgroup	Template:CGroup/NARUTO@86143617	
火星四式	cgroup	Template:CGroup/GBF@82201572	
火村	cgroup	Module:CGroup/OshinoKo@84428949	
火槍彈丸	cgroup	Module:CGroup/閃電十一人@68657168	
火浦元	char	東之伊甸@92226285	
火源之界	cgroup	Module:CGroup/Wow@94351016	
火源的怒焰	cgroup	Module:CGroup/Wow@94351016	
火焰之舞	cgroup	Module:CGroup/閃電十一人@68657168	
火焰兄弟	char	凱洛與塔斯黛@92015221	
火焰獸	char	数码宝贝大冒险角色列表@94744369	
火焰神龍隊	cgroup	Module:CGroup/閃電十一人@68657168	
火焰英雄	cgroup	Template:CGroup/MyHeroAcademia@87565804	
火焰魔君	cgroup	Template:CGroup/Warcraft@92164655	zh-hant
火焰鳥	cgroup	Template:CGroup/Pokemon@85444397	
火焰鳳凰	cgroup	Template:CGroup/四驅兄弟@86987120	
火爆史巴克	cgroup	Module:CGroup/Pixar@93247177	CHECK
火球公主	char	美少女戰士角色列表@94852109	
火球術	cgroup	Template:CGroup/Mabinogi@50754648	
火神機槍	cgroup	Module:CGroup/Counter-Strike@85677571	zh-hant
火種源	cgroup	Template:CGroup/Transformers@87179168	
火箭發射器	cgroup	Module:CGroup/Half-Life@94355597	
火線交鋒	cgroup	Module:CGroup/Games@94658856	
火線先鋒大吾	cgroup	Module:CGroup/Anime@94680982	
火線對決	cgroup	Module:CGroup/Games@94658856	
火線殺機	cgroup	Module:CGroup/Counter-Strike@85677571	zh-hant
火線獵殺	cgroup	Module:CGroup/Games@94658856	
火線登陸	cgroup	Module:CGroup/Wow@94351016	
火美	char	蒼鷺與少年@94140876	
火車車庫	cgroup	Module:CGroup/Counter-Strike@85677571	zh-hant
灰刃坊	char	犬夜叉角色列表@94790447	
灰塵精靈	char	龙猫@93245446	
灰嶋羅登	char	爆旋陀螺Burst@94644099	
灰田	char	衝吧烈子@91183058	
灰田次郎	char	衝吧烈子@91183058	
灰田響子	char	BLEACH角色列表@94571323	
灰白之丘	cgroup	Module:CGroup/Wow@94351016	
灰羽連盟	title	灰羽連盟@94642936	
灰色野獸	cgroup	Module:CGroup/Danball Senki@81863967	
灰貓	char	BLEACH角色列表@94571323	
灼炎軍團	cgroup	Template:CGroup/Warcraft@92164655	zh-hant
灼熱蠍虎	cgroup	Template:CGroup/戰鬥陀螺 鋼鐵奇兵@68490308	CHECK
灼熱黎明	cgroup	Template:CGroup/Digimon@94687201	
災厄之章	cgroup	Module:CGroup/Counter-Strike@85677571	zh-hant
災厄之第三章	cgroup	Module:CGroup/Counter-Strike@85677571	zh-hant
災厄之第二章	cgroup	Module:CGroup/Counter-Strike@85677571	zh-hant
災厄復仇者	cgroup	Module:CGroup/Counter-Strike@85677571	zh-hant
災厄爆破	cgroup	Module:CGroup/閃電十一人@68657168	
災厄軍團戰	cgroup	Module:CGroup/Counter-Strike@85677571	zh-hant
災厄降臨	cgroup	Module:CGroup/Counter-Strike@85677571	zh-hant
災禍驅動擊	cgroup	Module:CGroup/Danball Senki@81863967	
災骸魔神	cgroup	Module:CGroup/Counter-Strike@85677571	zh-hant
炎之風向雞	cgroup	Module:CGroup/閃電十一人@68657168	
炎凪	char	舞-HiME角色列表@91610502	
炎咒	char	B傳說！戰鬥彈珠人@94175384	
炎天使獸	cgroup	Template:CGroup/Digimon@94687201	
炎殺黑龍	cgroup	Module:CGroup/Counter-Strike@85677571	zh-hant
炎珠	char	犬夜叉角色列表@94790447	
炎田	char	火影忍者角色列表@94671076	
炙焰重生	cgroup	Module:CGroup/Counter-Strike@85677571	zh-hant
炮蜂獸	char	数码宝贝大冒险：角色列表@94538377	
炸彈人獸	char	數碼寶貝覺醒節拍角色列表@94712797	
炸彈什麼獸	char	數碼寶貝覺醒節拍角色列表@94712797	
炸彈客	cgroup	Module:CGroup/Pixar@93247177	
炸彈拆解包	cgroup	Module:CGroup/Counter-Strike@85677571	zh-hant
為丑女獻上花束	cgroup	Module:CGroup/Anime@94680982	
為我譜上樂章	cgroup	Module:CGroup/Disney@93925402	
為甚麼君	cgroup	Module:CGroup/Jewelpet@81833309	
為誰辛苦為誰忙	cgroup	Module:CGroup/My Little Pony@91388064	
烈子	char	衝吧烈子@91183058	
烈火之炎	cgroup	Module:CGroup/Anime@94680982	
烈火冰風暴	cgroup	Module:CGroup/閃電十一人@68657168	
烈火國	cgroup	Template:CGroup/降世神通@43998034	
烈火巨炎	cgroup	Module:CGroup/閃電十一人@68657168	
烈火戰狼	cgroup	Template:CGroup/戰鬥陀螺 鋼鐵奇兵@68490308	
烈火獨角龍	char	爆丸5星域爭霸@90756067	
烈火王	cgroup	Template:CGroup/降世神通@43998034	
烈火衝撞	cgroup	Module:CGroup/閃電十一人@68657168	
烈火騎士	char	爆丸5星域爭霸@90756067	
烈火鳳凰	cgroup	Template:CGroup/戰鬥陀螺 鋼鐵奇兵@68490308	
烈焰使者	cgroup	Module:CGroup/Minecraft@94388709	
烈焰天平	cgroup	Template:CGroup/戰鬥陀螺 鋼鐵奇兵@68490308	
烈焰巫師	cgroup	Template:CGroup/MapleStory@57794822	
烈焰巫師獸	char	数码宝贝幽灵游戏角色列表@94560916	
烈焰戰鎚	cgroup	Template:CGroup/Warhammer@93295042	
烈焰戰魂	cgroup	Module:CGroup/Counter-Strike@85677571	zh-hant
烈焰火球	cgroup	Template:CGroup/Yes! 光之美少女5@89217113	
烈焰猛蜥	char	爆丸5星域爭霸@90756067	
烈焰獸	cgroup	Template:CGroup/Digimon@94687201	
烈焰鳳凰	cgroup	Module:CGroup/閃電十一人@68657168	
烈焰龍捲風	cgroup	Module:CGroup/閃電十一人@68657168	
烈燄競賽	cgroup	Module:CGroup/My Little Pony@91388064	
烈雀	cgroup	Template:CGroup/Pokemon@85444397	
烈風山羊	cgroup	Template:CGroup/戰鬥陀螺 鋼鐵奇兵@68490308	
烏丸美穗	char	禁獵魔女@94041811	
烏亥	cgroup	Template:CGroup/GundamIBO@91631774	
烏兒碧妲	cgroup	Module:CGroup/閃電十一人@68657168	
烏南	char	ONE PIECE 黃金島大冒險@93015050	
烏卡比	cgroup	Module:CGroup/美国漫画@94638375	
烏巴	cgroup	Template:CGroup/DragonBall@92325756	CHECK
烏拉諾斯獸	char	數碼暴龍App世代角色列表@94177588	
烏普	cgroup	Template:CGroup/DragonBall@92325756	
烏爾加特	cgroup	Module:CGroup/LOL@93322985	
烏爾庫林	cgroup	Template:CGroup/進擊的巨人@76977335	
烏爾村	cgroup	Module:CGroup/Square Enix@93012351	
烏納特	cgroup	Template:CGroup/GundamSeed@92969101	
烏羅佐	cgroup	Template:CGroup/GundamAGE@51366593	
烏茲米	cgroup	Template:CGroup/GundamSeed@92969101	CHECK
烏蘇拉	cgroup	Module:CGroup/Disney@93925402	
烏賊壽司怪獸	char	飛天小女警Z@94716201	
烏間明	char	PSYCHO-PASS角色列表@93403235	
烏魯基	cgroup	Module:CGroup/OnePiece@83858889	
烏魯基歐拉	cgroup	Module:CGroup/BLEACH@81833737	
烙印勇士	cgroup	Module:CGroup/Anime@94680982	
烤肉攤	cgroup	Module:CGroup/SPY×FAMILY@86080268	
無名小卒隊	cgroup	Module:CGroup/Pixar@93247177	
無名異端鋼彈	cgroup	Template:CGroup/GBF@82201572	
無女	char	犬夜叉角色列表@94790447	
無尚禮讚交響曲	cgroup	Template:CGroup/Pretty Rhythm@77221109	zh-hant
無幻	char	混沌武士@93915699	
無序的嫉妒	cgroup	Module:CGroup/My Little Pony@91388064	
無形女俠	cgroup	Template:CGroup/MyHeroAcademia@87565804	
無懈可擊的騎士團	cgroup	Module:CGroup/閃電十一人@68657168	
無懼的勇士	cgroup	Module:CGroup/LOL@93322985	
無懼選角	cgroup	Module:CGroup/LOL@93322985	
無我極境	cgroup	Template:CGroup/DragonBall@92325756	
無政府小子	cgroup	Module:CGroup/美国漫画@94638375	
無敵太空船	cgroup	Module:CGroup/Anime@94680982	
無敵小戰士	cgroup	Module:CGroup/Anime@94680982	
無敵浩克幫	cgroup	Module:CGroup/美国漫画@94638375	
無敵鐵金剛系列	cgroup	Template:CGroup/Mazinger@84157445	
無敵鐵金剛軍團	cgroup	Template:CGroup/Mazinger@84157445	
無敵隊	cgroup	Template:CGroup/KamenRider@94225985	
無敵龍捲風	cgroup	Module:CGroup/Anime@94680982	
無星夜的詠嘆調	cgroup	Module:CGroup/SAO@89298185	
無死角區域壓制	cgroup	Module:CGroup/閃電十一人@68657168	
無法盜取的寶石	cgroup	Module:CGroup/Square Enix@93012351	
無界煉獄	cgroup	Module:CGroup/Counter-Strike@85677571	zh-hant
無畏惡魔	cgroup	Template:CGroup/妖怪手錶@75937932	
無畏狂戰	cgroup	Module:CGroup/Counter-Strike@85677571	zh-hant
無盡傳奇	cgroup	Module:CGroup/Tales@54832633	
無臉男	char	千与千寻@94787677	
無賴神掌	cgroup	Module:CGroup/閃電十一人@68657168	
無間特攻	cgroup	Module:CGroup/Games@94658856	
無限劍製	cgroup	Module:CGroup/Anime@94680982	zh-hant
無限加魯魯	cgroup	Template:CGroup/Digimon@94687201	
無限地帶	cgroup	Template:CGroup/Digimon@94687201	
無限寶石	cgroup	Module:CGroup/美国漫画@94638375	
無限快樂開心的箭	cgroup	Template:CGroup/Pretty Rhythm@77221109	
無限手榴彈	cgroup	Module:CGroup/Counter-Strike@85677571	zh-hant
無限斬擊	cgroup	Template:CGroup/Mabinogi@50754648	
無限死鬥	cgroup	Module:CGroup/LOL@93322985	
無限爆炎風暴	cgroup	Module:CGroup/閃電十一人@68657168	
無限領域	cgroup	Module:CGroup/Counter-Strike@85677571	zh-hant
無雙龍	cgroup	Template:CGroup/KamenRider@94225985	
無頭機車騎士	char	學校怪談 (動畫)@92145862	
無頭馬	char	學校怪談 (動畫)@92145862	
煉獄之怒	cgroup	Module:CGroup/Counter-Strike@85677571	zh-hant
煉獄巫師	cgroup	Template:CGroup/MapleStory@57794822	
煙山軟件	cgroup	Module:CGroup/Games-zh@90861641	zh-hant
煙幕型	cgroup	Template:CGroup/Digimon@94687201	
煙雲獸	char	數碼寶貝覺醒節拍角色列表@94712797	
煙霧炸彈隼人	cgroup	Template:CGroup/Reborn@29403199	
煞蜜拉	cgroup	Module:CGroup/LOL@93322985	
煤氣燈下的高壇市	cgroup	Module:CGroup/美国漫画@94638375	
照相機怪	char	飛天小女警Z@94716201	
熊亞凱	cgroup	Template:CGroup/GBF@82201572	
熊仔	char	魔法使光之美少女！@94758670	CHECK
熊仔獸	char	数码宝贝大冒险角色列表@94744369	CHECK
熊島五郎太	char	妖怪手錶系列@93337229	
熊徹	char	怪物的孩子@93936285	
熊抱哥	cgroup	Module:CGroup/Pixar@93247177	
熊本敦史	cgroup	Module:CGroup/Solo Leveling@86308871	
熊澤步美	char	Heartcatch 光之美少女！@94574540	
熊熊寶貝遇見你	cgroup	Module:CGroup/Cartoon@93410586	
熊熊遇見你	cgroup	Module:CGroup/Cartoon@93410586	
熊狸獸	char	數碼寶貝覺醒節拍角色列表@94712797	
熊的傳說	cgroup	Module:CGroup/Disney@93925402	
熊耳	char	Charlotte (動畫)@94727945	
熊谷安次	char	漂流家園@87146899	
熊谷航祐	char	漂流家園@87146899	
熊谷靖子	char	漂流家園@87146899	
熊貓家族	title	熊貓家族@93355443	
熊貓小土龍	cgroup	Template:CGroup/妖怪手錶@75937932	
熊貓軟體	cgroup	Module:CGroup/Games-zh@90861641	zh-hant
熊貓釀酒師	cgroup	Template:CGroup/Warcraft@92164655	zh-hant
熊魔王傳說	cgroup	Module:CGroup/Pixar@93247177	
熔岩冥王	cgroup	Template:CGroup/戰鬥陀螺 鋼鐵奇兵@68490308	
熔岩斷層	cgroup	Module:CGroup/閃電十一人@68657168	
熱力追緝	cgroup	Module:CGroup/Games@94658856	
熱區	cgroup	Template:CGroup/Transformers@87179168	
熱帶代表隊	cgroup	Template:CGroup/四驅兄弟@86987120	
熱帶急凍	cgroup	Module:CGroup/Nintendo@94745610	
熱帶斑馬號	cgroup	Template:CGroup/四驅兄弟@86987120	
熱情傳奇	cgroup	Module:CGroup/Tales@54832633	
熱情百萬薔薇	cgroup	Template:CGroup/Pretty Rhythm@77221109	
熱情精靈	char	光之美少女@94825358	
熱拳本色	cgroup	Module:CGroup/Anime@94680982	
熱流雙魚	cgroup	Template:CGroup/戰鬥陀螺 鋼鐵奇兵@68490308	
熱舞男	char	飛天小女警Z@94716201	
熱血之拳	cgroup	Module:CGroup/閃電十一人@68657168	
熱血獅	cgroup	Template:CGroup/妖怪手錶@75937932	
熱血足球	cgroup	Module:CGroup/Counter-Strike@85677571	zh-hant
熾焰先鋒	cgroup	Template:CGroup/四驅兄弟@86987120	
熾焰彩砲	cgroup	Module:CGroup/Counter-Strike@85677571	zh-hant
燃燒地獄	cgroup	Template:CGroup/Diablo@94495831	
燃燒天鳳	cgroup	Template:CGroup/戰鬥陀螺 鋼鐵奇兵@68490308	
燄魔	cgroup	Module:CGroup/美国漫画@94638375	
燈節豬	cgroup	Template:CGroup/妖怪手錶@75937932	
燒豬獸	cgroup	Template:CGroup/Digimon@94687201	
燒錄卡	cgroup	Module:CGroup/Games@94658856	zh-hant
燕之塔	cgroup	Template:CGroup/The Witcher@86825096	
燕子咖啡廳	cgroup	Module:CGroup/Danball Senki@81863967	
燕尾服蒙面俠	cgroup	Template:CGroup/Sailor Moon@93051346	
燕式	cgroup	Template:CGroup/GundamIBO@91631774	
燕式格雷茲	cgroup	Template:CGroup/GundamIBO@91631774	CHECK
燦爛之光	cgroup	Module:CGroup/SAO@89298185	
燦眸歌姬	cgroup	Module:CGroup/LOL@93322985	
爆丸戰車	cgroup	Template:CGroup/爆丸@31893398	
爆丸超時空	cgroup	Template:CGroup/爆丸@31893398	
爆庫兒	cgroup	Template:CGroup/HUNTER@80241645	
爆拳槍神	cgroup	Template:CGroup/MapleStory@57794822	
爆炎風暴	cgroup	Module:CGroup/閃電十一人@68657168	
爆破者	cgroup	Template:CGroup/Transformers@87179168	
爆神魔蠅	cgroup	Template:CGroup/戰鬥陀螺 鋼鐵奇兵@68490308	
爆能脈衝	cgroup	Module:CGroup/Counter-Strike@85677571	zh-hant
爆裂之拳	cgroup	Module:CGroup/閃電十一人@68657168	
爆裂天馬	cgroup	Template:CGroup/戰鬥陀螺 鋼鐵奇兵@68490308	
爆裂寒冰	char	数码宝贝03驯兽师之王角色列表@94744434	
爆裂模式發動	cgroup	Template:CGroup/Digimon@94687201	
爆雷女孩	cgroup	Template:CGroup/妖怪手錶@75937932	
爆鬥宣言大鋼彈	cgroup	Module:CGroup/Anime@94680982	
爐心山神	cgroup	Module:CGroup/LOL@93322985	
爐石戰記	cgroup	Module:CGroup/Games@94658856	
爭霸之劍	cgroup	Module:CGroup/Games@94658856	
父役	char	千与千寻@94787677	
片倉輔助	char	哆啦A梦角色列表@94533440	
片剪太刀	char	KILL la KILL@94827565	
片原	char	BORUTO-火影新世代-NARUTO NEXT GENERATIONS-角色列表@94842050	
片岡八郎	char	名偵探柯南：迷宮的十字路@94462568	
片桐早苗	char	偶像大師 灰姑娘女孩角色列表@91786822	
牙蝙蝠	cgroup	Template:CGroup/KamenRider@94225985	
牙蝠蘭	cgroup	Template:CGroup/KamenRider@94225985	
牙血鬼	cgroup	Template:CGroup/KamenRider@94225985	
牙買加代表隊	cgroup	Template:CGroup/四驅兄弟@86987120	
牛山尚吾	char	妄想代理人@91610420	
牛皮被戳破	cgroup	Module:CGroup/My Little Pony@91388064	
牛鬼獸	char	数码宝贝幽灵游戏角色列表@94560916	
牡山獸	cgroup	Module:CGroup/Wow@94351016	
牧久子	char	蒼鷺與少年@94140876	
牧勝一	char	蒼鷺與少年@94140876	
牧場上的小乖乖	title	牧場上的少女卡特莉@94856105	
牧場主人	char	名偵探福爾摩斯@94071005	
牧夏子	char	蒼鷺與少年@94140876	
牧樹里	char	名偵探柯南：銀翼的奇術師@94771896	
牧真人	char	蒼鷺與少年@94140876	
牧葉光	char	金剛戰神@91363742	
牧薰	char	魔法少女小圓角色列表@94590242	
牧野洋輔	char	名偵探柯南：黑鐵的魚影@94777147	
牧野留美子	char	数码宝贝03驯兽师之王角色列表@94744434	
牧野神奈	char	玉子市場@93415198	
牧野郁美	char	魔法少女小圓角色列表@94590242	
物件控制權限	cgroup	Module:CGroup/SAO@89298185	
物部大樹	char	東之伊甸@92226285	
特列斯	cgroup	Template:CGroup/GundamW@87064245	
特別武器	cgroup	Module:CGroup/Counter-Strike@85677571	zh-hant
特別魅力秀	cgroup	Template:CGroup/Aikatsu@68312381	
特利卡	cgroup	Template:CGroup/Ultraman@94663541	
特務仕官	cgroup	Template:CGroup/BUDDYCOMPLEX@77221119	
特務小英雄	cgroup	Module:CGroup/Cartoon@93410586	
特務支援課	cgroup	Template:CGroup/ED@94768974	zh-hant
特勤機動車	cgroup	Template:CGroup/Crazyracing Kartrider@60141039	
特婓爾	char	91Days@89878470	
特戰英豪	cgroup	Module:CGroup/Games@94658856	
特技金剛	cgroup	Template:CGroup/Transformers@87179168	
特拉傑	cgroup	Template:CGroup/GundamUC@94693163	
特拉克	cgroup	Template:CGroup/Mabinogi@50754648	
特拉哥斯	cgroup	Template:CGroup/GundamW@87064245	
特拉德爾	cgroup	Template:CGroup/GundamSeed@92969101	
特攻膽小鬼	cgroup	Template:CGroup/妖怪手錶@75937932	
特斯拉潔莉獸	char	数码宝贝幽灵游戏角色列表@94560916	
特普市	cgroup	Template:CGroup/FullmetalAlchemist@48481493	
特朗德	cgroup	Module:CGroup/LOL@93322985	
特殊學園	cgroup	Module:CGroup/BlueArchive@93972468	zh-hant
特殊遊戲	cgroup	Template:CGroup/Crazyracing Kartrider@60141039	
特洛	cgroup	Template:CGroup/GundamIBO@91631774	
特瑞絲	cgroup	Template:CGroup/The Witcher@86825096	
特田種男	char	我的英雄学院角色列表@94403792	
特異現象搜查部	cgroup	Module:CGroup/BlueArchive@93972468	zh-hant
特種部隊的作戰地圖	cgroup	Module:CGroup/Counter-Strike@85677571	zh-hant
特蘭西	cgroup	Template:CGroup/黑執事@49361116	CHECK
特裝型	cgroup	Template:CGroup/GundamAGE@51366593	
特諾伊	cgroup	Template:CGroup/GBF@82201572	
特質系	cgroup	Template:CGroup/HUNTER@80241645	zh-hant
特里普大佐	char	爆丸5星域爭霸@90756067	
特里歐納	cgroup	Template:CGroup/Mabinogi@50754648	
特雷司	cgroup	Module:CGroup/閃電十一人@68657168	
特雷基亞	cgroup	Template:CGroup/Ultraman@94663541	zh-hant
特雷恩	char	能量獸之戰獸旋戰鬥@93872390	
特馬里亞	cgroup	Template:CGroup/The Witcher@86825096	
特魯內克	cgroup	Module:CGroup/Square Enix@93012351	
特魯得	cgroup	Template:CGroup/童話槍手小紅帽@22981301	
特魯迪亞	cgroup	Template:CGroup/GundamAGE@51366593	
犀牛獸	char	数码宝贝大冒险：角色列表@94538377	
犀甲獨角仙獸	char	數碼寶貝04無限地帶角色列表@94744460	
犀莉	cgroup	Module:CGroup/Pixar@93247177	
犬吠埼樹	char	結城友奈是勇者@91244822	
犬吠埼風	char	結城友奈是勇者@91244822	
犬大將	char	半妖的夜叉姬@87932716	
犬山金子	char	小松先生@93448405	
犬崎劉聖	char	BLEACH角色列表@94571323	
犬牟田寶火	char	KILL la KILL@94827565	CHECK
犬神獸	cgroup	Template:CGroup/Digimon@94687201	
犯人惡靈	char	吊带袜天使@94456883	
犯案怪	char	名偵探柯南角色列表@94461808	
犯險者	cgroup	Module:CGroup/Cyberpunk@85139581	
犰狳獸	char	數碼暴龍 LAST EVOLUTION 絆@94708497	
犽凝	cgroup	Module:CGroup/LOL@93322985	
犽宿	cgroup	Module:CGroup/LOL@93322985	
狂刀藍斯	cgroup	Module:CGroup/Pixar@93247177	
狂化	char	Fate/Apocrypha@90728159	
狂嵐小鎮	cgroup	Module:CGroup/Counter-Strike@85677571	zh-hant
狂彈風暴	cgroup	Module:CGroup/Games@94658856	
狂戰巨斧	cgroup	Module:CGroup/Counter-Strike@85677571	zh-hant
狂暴手榴彈	cgroup	Module:CGroup/Counter-Strike@85677571	zh-hant
狂暴雷比亞	cgroup	Module:CGroup/Counter-Strike@85677571	zh-hant
狂歡三寶	cgroup	Module:CGroup/Cartoon@93410586	
狂歡派對	cgroup	Module:CGroup/SpongeBob SquarePants@91129493	
狂派	cgroup	Template:CGroup/Transformers@87179168	
狂烈牡羊	cgroup	Template:CGroup/戰鬥陀螺 鋼鐵奇兵@68490308	
狂狼勇士	cgroup	Template:CGroup/MapleStory@57794822	
狂膽	cgroup	Module:CGroup/Cyberpunk@85139581	
狂豹獵人	cgroup	Template:CGroup/MapleStory@57794822	
狂野奇襲	cgroup	Template:CGroup/KamenRider@94225985	
狂野戰翼	cgroup	Module:CGroup/Counter-Strike@85677571	zh-hant
狂野獵手	cgroup	Module:CGroup/LOL@93322985	
狂野騎士	cgroup	Template:CGroup/Transformers@87179168	
狂飆卡車	cgroup	Module:CGroup/Games@94658856	
狂飆賽車	cgroup	Module:CGroup/Games@94658856	
狂飆騎士	cgroup	Module:CGroup/Square Enix@93012351	
狂魔帝斯	cgroup	Module:CGroup/Counter-Strike@85677571	zh-hant
狄安	cgroup	Template:CGroup/GundamAGE@51366593	
狄瑞克	cgroup	Module:CGroup/Pixar@93247177	
狄絲	cgroup	Template:CGroup/Yes! 光之美少女5@89217113	
狄華因	cgroup	Template:CGroup/Gundam00@70972545	
狄蘭迪	cgroup	Template:CGroup/Gundam00@70972545	
狐坂若藻的沈默與祝宴	cgroup	Module:CGroup/BlueArchive@93972468	zh-hant
狐塚誠	char	妄想代理人@91610420	
狐大盜	cgroup	Template:CGroup/Pokemon@85444397	
狐狐獸	char	数码宝贝大冒险：角色列表@94538377	
狐狸與獵犬	cgroup	Module:CGroup/Disney@93925402	
狗狗喵	cgroup	Template:CGroup/妖怪手錶@75937932	
狗狗獸	char	数码宝贝大冒险：角色列表@94538377	
狗頭人領主	cgroup	Module:CGroup/SAO@89298185	
狙擊之神	cgroup	Module:CGroup/Games@94658856	
狙擊之館	cgroup	Module:CGroup/Counter-Strike@85677571	zh-hant
狙擊槍設計圖	cgroup	Module:CGroup/Counter-Strike@85677571	zh-hant
狙擊槍類	cgroup	Module:CGroup/Counter-Strike@85677571	zh-hant
狙擊龍殺手	cgroup	Template:CGroup/GBF@82201572	
狙殺功能	cgroup	Module:CGroup/Counter-Strike@85677571	zh-hant
狙獵鋼彈	cgroup	Template:CGroup/GBF@82201572	
狡嚙慎也	char	PSYCHO-PASS角色列表@93403235	
狩獵之矛	cgroup	Module:CGroup/閃電十一人@68657168	
狩獵型	cgroup	Template:CGroup/GundamAGE@51366593	
狩真啟	cgroup	Template:CGroup/GBF@82201572	
狩矢神	char	BLEACH角色列表@94571323	
狩能雅忘人	char	BLEACH角色列表@94571323	
狩野沙也加	char	Go Princess 光之美少女@94065409	
狸寶	cgroup	Module:CGroup/Disney@93925402	CHECK
狸平竹千代	char	半妖的夜叉姬@87932716	
狸想世界	cgroup	Module:CGroup/Pixar@93247177	
狸狽多	cgroup	Template:CGroup/HUNTER@80241645	
狹山旬	char	来自风平浪静的明天@94727749	
狼人傳奇	cgroup	Module:CGroup/閃電十一人@68657168	
狼倫	char	Smile 光之美少女！@93787006	
狼爪	char	狼雨@93653337	
狼牙風風拳	cgroup	Template:CGroup/DragonBall@92325756	
狼狽麵包	cgroup	Template:CGroup/妖怪手錶@75937932	
狼的孩子雨和雪	title	狼的孩子雨和雪@90148091	
狼與辛香料	cgroup	Module:CGroup/Anime@94680982	
狼野干	char	犬夜叉角色列表@94790447	
狼鎧	cgroup	Module:CGroup/Minecraft@94388709	
狼雨	title	狼雨@93653337	
狼髭	char	狼雨@93653337	
猛毒巨蟒	cgroup	Template:CGroup/戰鬥陀螺 鋼鐵奇兵@68490308	
猛毒月女	cgroup	Template:CGroup/戰鬥陀螺 鋼鐵奇兵@68490308	
猛烈火焰彈	char	航海王電影：Z@94840945	
猛烈爆彈	char	航海王電影：Z@94840945	
猛烈龍捲風	char	航海王電影：Z@94840945	
猛爪督依德	cgroup	Template:CGroup/Warcraft@92164655	zh-hant
猛獁獸	char	数码宝贝大冒险：角色列表@94538377	
猛禽小隊	cgroup	Module:CGroup/美国漫画@94638375	
猛虎勁馳	cgroup	Module:CGroup/閃電十一人@68657168	
猛鬼獸	char	数码宝贝大冒险角色列表@94744369	
猛鬼獸牧師	char	数码宝贝大冒险角色列表@94744369	
猛鬼獸牧師軍隊	char	数码宝贝大冒险角色列表@94744369	
猩猩獸	char	数码宝贝大冒险02角色列表@94744398	
猴人	cgroup	Module:CGroup/Wow@94351016	
猴子喵	cgroup	Template:CGroup/妖怪手錶@75937932	
猴子迴轉	cgroup	Module:CGroup/閃電十一人@68657168	
猴王五九	cgroup	Module:CGroup/Anime@94680982	
猴王大戰七超人	cgroup	Template:CGroup/Ultraman@94663541	
猶大之約	cgroup	Module:CGroup/美国漫画@94638375	
猶巴	char	風之谷 (電影)@94844860	CHECK
猿山樂園	cgroup	Module:CGroup/Simpsons@84869408	
猿投山渦	char	KILL la KILL@94827565	
猿猴川流三郎	char	BLEACH角色列表@94571323	
猿田直行	char	妄想代理人@91610420	
猿飛光喜	char	PSYCHO-PASS角色列表@93403235	
獄天使鋼彈	cgroup	Template:CGroup/Gundam00@70972545	
獄炎食人魔	cgroup	Template:CGroup/GBF@82201572	
獄門獸	char	数码宝贝大冒险：角色列表@94538377	
獄髓	cgroup	Module:CGroup/Minecraft@94388709	
獅子劫燈貴	char	Fate/Apocrypha@90728159	
獅子劫界離	char	Fate/Apocrypha@90728159	
獅子小石	cgroup	Template:CGroup/妖怪手錶@75937932	
獅明德	cgroup	Module:CGroup/Disney@93925402	
獅明德市長	cgroup	Module:CGroup/Disney@93925402	
獅蟻	cgroup	Module:CGroup/Half-Life@94355597	
獅蟻衛兵	cgroup	Module:CGroup/Half-Life@94355597	
獅身法老	char	爆丸5星域爭霸@90756067	
獅鷲假面	cgroup	Module:CGroup/KingOfFighters@91481321	
獅鷲獸	char	数码宝贝大冒险：角色列表@94538377	
獨武俠	cgroup	Module:CGroup/Cyberpunk@85139581	
獨眼魔人	char	爆丸5星域爭霸@90756067	
獨角仙怪高加索里歐	char	飛天小女警Z@94716201	
獨角馬獸	char	数码宝贝大冒险角色列表@94744369	CHECK
獵人克萊文	cgroup	Module:CGroup/美国漫画@94638375	
獵人史多特	char	爆丸5星域爭霸@90756067	
獵人和阿努比斯	char	高譚角色列表@92146409	
獵命射手	cgroup	Module:CGroup/Counter-Strike@85677571	zh-hant
獵殺夜行	cgroup	Module:CGroup/Counter-Strike@85677571	zh-hant
獵殺電光網	cgroup	Module:CGroup/閃電十一人@68657168	
獵頭人溫德爾	char	高譚角色列表@92146409	
獵魂槍	cgroup	Module:CGroup/Counter-Strike@85677571	zh-hant
獵魔士	cgroup	Template:CGroup/The Witcher@86825096	
獵魔戰記	cgroup	Module:CGroup/Anime@94680982	
獵魔者	cgroup	Module:CGroup/Counter-Strike@85677571	zh-hant
獵魔鋼彈	cgroup	Template:CGroup/GundamIBO@91631774	
獵鷹獸	char	数码宝贝大冒险：角色列表@94538377	
獵鷹與酷寒戰士	cgroup	Module:CGroup/美国漫画@94638375	
獸人加魯魯	cgroup	Template:CGroup/Digimon@94687201	
獸人起義	cgroup	Template:CGroup/Might&Magic@42603917	
獸兵衛忍風帖	title	獸兵衛忍風帖@94218789	
獸將	cgroup	Template:CGroup/Power Rangers@27638544	zh-hant
獺太太	cgroup	Module:CGroup/Disney@93925402	
獺密特	cgroup	Module:CGroup/Disney@93925402	
獻祭公主與獸王	cgroup	Module:CGroup/Anime@94680982	
玄冥大帝	cgroup	Template:CGroup/Power Rangers@27638544	zh-hant
玄天神劍	cgroup	Module:CGroup/Games@94658856	
玄武太郎	char	KILL la KILL@94827565	
玉乃	char	半妖的夜叉姬@87932716	
玉子市場	title	玉子市場@93415198	
玉木凜	char	比宇宙更遠的地方@93910432	
玉木真理	char	比宇宙更遠的地方@93910432	
玉木艾莉卡	char	小魔女DoReMi@94721174	
玉王中室	cgroup	Module:CGroup/蠟筆小新@93760288	
玉田環	char	少女與戰車角色列表@93320972	
玉蛟寺	cgroup	Module:CGroup/Wow@94351016	
王之劍	cgroup	Module:CGroup/閃電十一人@68657168	
王位爭奪戰	cgroup	Template:CGroup/Might&Magic@42603917	
王侯大帝	cgroup	Template:CGroup/Transformers@87179168	
王后羿	char	爆旋陀螺Burst@94644099	
王哆啦	cgroup	Module:CGroup/Doraemon@88509940	
王國的興起	cgroup	Module:CGroup/Games@94658856	
王城白色騎士	cgroup	Template:CGroup/Eyeshield21@86998850	
王城銀色騎士	cgroup	Template:CGroup/Eyeshield21@86998850	
王大河	char	少女與戰車角色列表@93320972	
王大衛	cgroup	Module:CGroup/Simpsons@84869408	
王天霸	cgroup	Template:CGroup/Power Rangers@27638544	zh-hant
王子與先知	cgroup	Template:CGroup/Warcraft@92164655	zh-hant
王族的出兵	cgroup	Template:CGroup/Warcraft@92164655	zh-hant
王牌前鋒	cgroup	Template:CGroup/Battle Spirits@29023902	
王牌射擊	char	DokiDoki! 光之美少女@93549956	
王牌潛網組件	cgroup	Template:CGroup/GBF@82201572	CHECK
王牌鏡面閃光	char	DokiDoki! 光之美少女@93549956	
王立倫敦醫院	cgroup	Template:CGroup/黑執事@49361116	
王立宇宙軍	title	王立宇宙軍@88092927	
王翊碁	char	大欺诈师@90518284	CHECK
王耀	char	義呆利 Axis Powers@92992888	
王者之劍	cgroup	Module:CGroup/閃電十一人@68657168	
王者之劍隊	cgroup	Template:CGroup/戰鬥陀螺 鋼鐵奇兵@68490308	
王者之怒	cgroup	Module:CGroup/Counter-Strike@85677571	zh-hant
王者之龍	cgroup	Module:CGroup/閃電十一人@68657168	
王者天下	cgroup	Module:CGroup/Anime@94680982	
王者獸	char	數碼暴龍App世代角色列表@94177588	
王者的殞落	cgroup	Module:CGroup/Wow@94351016	
王者蜥獸	char	數碼寶貝覺醒節拍角色列表@94712797	
王蟲	cgroup	Template:CGroup/StarCraft@73588136	
王道異端雙重鍛型	cgroup	Template:CGroup/GBF@82201572	
王陵璃華子	char	PSYCHO-PASS角色列表@93403235	
玖我夏樹	char	舞-HiME角色列表@91610502	
玖我紗江子	char	舞-HiME角色列表@91610502	
玩偶遊戲	cgroup	Module:CGroup/Anime@94680982	
玩具亞古獸	char	数码宝贝大冒险：角色列表@94538377	
玩具總動員	cgroup	Module:CGroup/Pixar@93247177	
玩具魔神	char	FRESH光之美少女！@93922959	
玩命山道	cgroup	Module:CGroup/Games@94658856	
玩命骷髏	cgroup	Module:CGroup/Counter-Strike@85677571	zh-hant
玩樂派對組合	cgroup	Template:CGroup/Sim@37867988	
玩耍時光	cgroup	Template:CGroup/Sim@37867988	
玫伊	cgroup	Template:CGroup/GundamTWFM@82129397	
玫瑰寶盒	cgroup	Template:CGroup/Yes! 光之美少女5@89217113	CHECK
玲音	title	玲音@94565560	
玲香	char	FRESH光之美少女！@93922959	
玻璃假面	cgroup	Module:CGroup/Anime@94680982	
珀爾	cgroup	Template:CGroup/ED@94768974	zh-hant
珀羅獸	char	数码宝贝幽灵游戏角色列表@94560916	
珀金斯	char	愛少女波麗安娜物語@94856145	
珂莉	char	長腿叔叔 (動畫)@94856329	
珂賽特	char	悲慘世界 少女珂賽特@94720109	
珊培麗絲	char	悲慘世界 少女珂賽特@94720109	CHECK
珊瑚獸	char	数码宝贝大冒险：角色列表@94538377	
珍奇探長	cgroup	Module:CGroup/My Little Pony@91388064	
珍奇脫險	cgroup	Module:CGroup/My Little Pony@91388064	
珍妮佛莫瑞森	cgroup	Template:CGroup/C&C@83793789	
珍娜的會面	cgroup	Template:CGroup/Warcraft@92164655	CHECK,zh-hant
珠洲城遙	char	舞-HiME角色列表@91610502	
班克爾	cgroup	Template:CGroup/Mabinogi@50754648	
班卡爾藩國	cgroup	Template:CGroup/黑執事@49361116	
班叔	cgroup	Module:CGroup/美国漫画@94638375	
班基拉斯	char	寶可夢動畫角色列表@93411809	
班塔	cgroup	Module:CGroup/OnePiece@83858889	
班尼拉	cgroup	Module:CGroup/Square Enix@93012351	
班德	cgroup	Template:CGroup/Futurama@34999934	
班德爾城	cgroup	Module:CGroup/LOL@93322985	
班德爾頓	char	長腿叔叔 (動畫)@94856329	
班德爾頓夫人	char	長腿叔叔 (動畫)@94856329	
班德爾頓董事長	char	長腿叔叔 (動畫)@94856329	
班恩	cgroup	Module:CGroup/美国漫画@94638375	
班森先生	char	名偵探福爾摩斯@94071005	
班比艾塔	cgroup	Module:CGroup/BLEACH@81833737	
班特萊牧師	char	清秀佳人 (動畫)@94720065	
班福德	cgroup	Module:CGroup/ResidentEvil@94612703	
班納	cgroup	Module:CGroup/美国漫画@94638375	
班舒泰爾	cgroup	Module:CGroup/KingOfFighters@91481321	
班薩姆	cgroup	Module:CGroup/OnePiece@83858889	
班阿爾得	cgroup	Template:CGroup/The Witcher@86825096	
班頓夫人	char	愛少女波麗安娜物語@94856145	
現在認戀	cgroup	Module:CGroup/OshinoKo@84428949	
現夢十郎	char	獸兵衛忍風帖@94218789	
現實寶石	cgroup	Module:CGroup/美国漫画@94638375	
球場殺戮者	cgroup	Module:CGroup/閃電十一人@68657168	
球球	cgroup	Module:CGroup/Hayate the Combat Butler@81833661	
球蓋姆	cgroup	Module:CGroup/Nintendo@94745610	
理夏爾神父	char	悲慘世界 少女珂賽特@94720109	
理安	char	魔法使光之美少女！@94758670	
理性與感性	cgroup	Module:CGroup/Disney@93925402	
理查德森	cgroup	Template:CGroup/BUDDYCOMPLEX@77221119	
理查斯	cgroup	Module:CGroup/美国漫画@94638375	
理玖	char	半妖的夜叉姬@87932716	
理珠	char	魔法使光之美少女！@94758670	
理理人	cgroup	Module:CGroup/Simpsons@84869408	
理花子	char	DARKER THAN BLACK@93233512	
琉加	cgroup	Module:CGroup/Hayate the Combat Butler@81833661	
琉球武士瘋雲錄	cgroup	Module:CGroup/Anime@94680982	
琉璃色孔雀	char	BLEACH角色列表@94571323	
琉許	char	大雄的月球探測記@93357355	
琦爾奎督思環	cgroup	Template:CGroup/童話槍手小紅帽@22981301	
琪拉拉	cgroup	Template:CGroup/GBF@82201572	
琪琪	cgroup	Template:CGroup/DragonBall@92325756	
琪琪蒂達	char	萬里尋親記@94719791	
琪絲緹絲	cgroup	Module:CGroup/Square Enix@93012351	
琳茲	cgroup	Template:CGroup/ED@94768974	CHECK,zh-hant
琳達司	cgroup	Module:CGroup/SAO@89298185	
琴之森	cgroup	Module:CGroup/Anime@94680982	
琴仙	cgroup	Module:CGroup/LOL@93322985	
琴坂	char	K (動畫)@93234659	
琴爪志乃	char	光之美少女：食尚甜心@92951245	
琴特拉	cgroup	Template:CGroup/The Witcher@86825096	
琶爾莫	cgroup	Module:CGroup/Cyberpunk@85139581	CHECK
瑛二	cgroup	Module:CGroup/SAO@89298185	
瑞傑塔	cgroup	Template:CGroup/Gundam00@70972545	
瑞克	cgroup	Module:CGroup/美国漫画@94638375	
瑞典北極復仇者	cgroup	Module:CGroup/Counter-Strike@85677571	zh-hant
瑞城亞利絲	char	玲音@94565560	
瑞德弗德	char	終末的伊澤塔@91239289	
瑞德院長	char	高譚角色列表@92146409	
瑞恩	cgroup	Template:CGroup/MapleStory@57794822	
瑞曲之戰	cgroup	Module:CGroup/Games@94658856	
瑞特	cgroup	Template:CGroup/魔法咪路咪路@26972197	
瑞秋	cgroup	Template:CGroup/黑執事@49361116	
瑞莎	cgroup	Module:CGroup/閃電十一人@68657168	CHECK
瑞雯	cgroup	Module:CGroup/美国漫画@94638375	
瑞鳳	cgroup	Template:CGroup/BUDDYCOMPLEX@77221119	
瑟希	cgroup	Module:CGroup/美国漫画@94638375	
瑟杜莎	char	飛天小女警Z@94716201	CHECK
瑟芬	char	悲慘世界 少女珂賽特@94720109	
瑟菈紛	cgroup	Module:CGroup/LOL@93322985	
瑟雷西	cgroup	Module:CGroup/LOL@93322985	CHECK
瑟雷迪	cgroup	Module:CGroup/Danball Senki@81863967	
瑟雷迪克萊斯勒	cgroup	Module:CGroup/Danball Senki@81863967	
瑟魯	char	地海傳說@94685926	
瑠璃川祖	char	爆旋陀螺Burst@94644099	
瑪利亞貝爾	cgroup	Template:CGroup/ED@94768974	zh-hant
瑪利歐樂園	cgroup	Module:CGroup/Nintendo@94745610	
瑪利歐派對	cgroup	Module:CGroup/Nintendo@94745610	zh-hant
瑪利歐賽車	cgroup	Module:CGroup/Nintendo@94745610	
瑪利歐賽車巡迴賽	cgroup	Module:CGroup/Nintendo@94745610	
瑪利歐醫生	cgroup	Module:CGroup/Nintendo@94745610	
瑪利歐醫生世界	cgroup	Module:CGroup/Nintendo@94745610	
瑪利歐醫生與面板方塊	cgroup	Module:CGroup/Nintendo@94745610	
瑪力露	cgroup	Template:CGroup/Pokemon@85444397	
瑪力露麗	cgroup	Template:CGroup/Pokemon@85444397	CHECK
瑪卡洛尼亞	cgroup	Module:CGroup/Jewelpet@81833309	
瑪卡瑞	cgroup	Module:CGroup/美国漫画@94638375	
瑪哈尼亞	char	光之美少女：食尚甜心@92951245	
瑪基	char	DARKER THAN BLACK@93233512	
瑪塔	char	名偵探福爾摩斯@94071005	
瑪夏多	char	劇場版 寶可夢 就決定是你了！@90262215	
瑪妮	char	回憶中的瑪妮@94615795	
瑪姆斯汀	cgroup	Template:CGroup/Mabinogi@50754648	
瑪姬路達	cgroup	Template:CGroup/GundamUC@94693163	
瑪律克尼	cgroup	Template:CGroup/ED@94768974	zh-hant
瑪德拉絲	char	異域天使@91247092	
瑪德蓮	char	FRESH光之美少女！@93922959	
瑪恰蘿奴	char	光之美少女：食尚甜心@92951245	
瑪格哈	cgroup	Module:CGroup/Wow@94351016	
瑪格達蓮娜	char	萬里尋親記@94719791	CHECK
瑪格麗塔	cgroup	Template:CGroup/BUDDYCOMPLEX@77221119	CHECK
瑪機雅娜	char	Pokemon the movie XY&Z 波爾凱尼恩與機關人偶 瑪機雅娜@92337863	CHECK
瑪洛士	cgroup	Template:CGroup/Mabinogi@50754648	
瑪洛美	char	妄想代理人@91610420	
瑪爾卡莉	char	ONE PIECE角色列表@94658502	
瑪爾琪特	cgroup	Template:CGroup/Valkyria@77221191	
瑪爾絲	cgroup	Template:CGroup/The World God Only Knows@50754307	
瑪琉	cgroup	Template:CGroup/GundamSeed@92969101	
瑪琪	char	森林王子 少年毛克利@94715809	
瑪琳婆婆	char	航海王電影：Z@94840945	
瑪瑙水母	cgroup	Template:CGroup/Pokemon@85444397	
瑪瓦許	cgroup	Template:CGroup/GundamTWFM@82129397	
瑪納麗	char	BORUTO-火影新世代-NARUTO NEXT GENERATIONS-角色列表@94842050	CHECK
瑪艾斯托洛	cgroup	Module:CGroup/BlueArchive@93972468	zh-hant
瑪茉	char	DokiDoki! 光之美少女@93549956	
瑪荷莉雅	cgroup	Template:CGroup/GundamUC@94693163	
瑪莉亞的凝望	cgroup	Module:CGroup/Anime@94680982	
瑪莉哥德	cgroup	Module:CGroup/OnePiece@83858889	
瑪莉安唐妮	char	舞-HiME角色列表@91610502	
瑪莉安娜	cgroup	Module:CGroup/Jewelpet@81833309	
瑪莉梅亞	cgroup	Template:CGroup/GundamW@87064245	
瑪莉蓓爾	cgroup	Template:CGroup/Code Geass@70270136	
瑪莉蓮舔舔獸	char	數碼暴龍App世代角色列表@94177588	
瑪葛	char	BORUTO-火影新世代-NARUTO NEXT GENERATIONS-角色列表@94842050	
瑪西	cgroup	Template:CGroup/ThePeanuts@54446337	CHECK
瑪西亞孤兒院	cgroup	Template:CGroup/ED@94768974	zh-hant
瑪貝特	cgroup	Template:CGroup/GundamUC@94693163	
瑪農	char	寶可夢動畫角色列表@93411809	
瑪迦提亞城	cgroup	Template:CGroup/MapleStory@57794822	
瑪雅與三劍客	cgroup	Module:CGroup/Cartoon@93410586	
瑪雷	cgroup	Template:CGroup/進擊的巨人@76977335	
瑪雷戒指	cgroup	Template:CGroup/Reborn@29403199	
瑪魯加姆	cgroup	Template:CGroup/KamenRider@94225985	
瑪魯莫	cgroup	Template:CGroup/魔法咪路咪路@26972197	
瑪麗伊丹	char	动物新世代 BNA@91791723	
瑪麗喬	char	清秀佳人 (動畫)@94720065	
瑪麗安	char	阿爾卑斯物語 我的安妮特@94720095	
璃茉	cgroup	Template:CGroup/Shugo Chara!@81936822	
璃音	char	半妖的夜叉姬@87932716	
環奈	cgroup	Module:CGroup/BlueArchive@93972468	zh-hant
環彩羽	char	魔法少女小圓角色列表@94590242	
瓊斯牧師	char	愛的小婦人物語@94856165	
瓜德	cgroup	Module:CGroup/Square Enix@93012351	
瓠丸	char	BLEACH角色列表@94571323	
瓦丸	char	犬夜叉角色列表@94790447	
瓦倫提諾	cgroup	Module:CGroup/Cyberpunk@85139581	
瓦倫提諾會	cgroup	Module:CGroup/Cyberpunk@85139581	
瓦倫蒂亞	cgroup	Template:CGroup/打工吧！魔王大人@40273238	
瓦傑	cgroup	Module:CGroup/OnePiece@83858889	
瓦利亞	cgroup	Template:CGroup/Reborn@29403199	
瓦利歐工坊	cgroup	Module:CGroup/Games@94658856	
瓦利歐樂園	cgroup	Module:CGroup/Nintendo@94745610	
瓦力	cgroup	Module:CGroup/Pixar@93247177	
瓦勒斯	cgroup	Module:CGroup/Half-Life@94355597	CHECK
瓦卡布拉達	cgroup	Module:CGroup/BLEACH@81833737	
瓦夷帕	cgroup	Module:CGroup/OnePiece@83858889	
瓦奇	cgroup	Template:CGroup/ED@94768974	zh-hant
瓦妮菈	char	音速小子X@94737938	
瓦安特	cgroup	Template:CGroup/Mabinogi@50754648	
瓦干達	cgroup	Module:CGroup/美国漫画@94638375	
瓦德	cgroup	Module:CGroup/Cyberpunk@85139581	
瓦拉內	cgroup	Module:CGroup/Solo Leveling@86308871	
瓦斯提	cgroup	Template:CGroup/Gundam00@70972545	
瓦斯精煉廠	cgroup	Template:CGroup/StarCraft2@39914602	
瓦斯萃取巢	cgroup	Template:CGroup/StarCraft2@39914602	
瓦斯處理廠	cgroup	Template:CGroup/StarCraft2@39914602	
瓦昆	cgroup	Module:CGroup/美国漫画@94638375	
瓦爾基里獸	char	数码宝贝大冒险：角色列表@94538377	
瓦爾夫	cgroup	Module:CGroup/Jewelpet@81833309	
瓦爾奇利	cgroup	Module:CGroup/BLEACH@81833737	
瓦爾巴拉德	cgroup	Template:CGroup/KamenRider@94225985	CHECK
瓦爾德獸	char	数码宝贝大冒险：角色列表@94538377	
瓦爾提歐流	cgroup	Module:CGroup/SAO@89298185	
瓦爾格獸	char	数码宝贝大冒险：角色列表@94538377	
瓦特爾	cgroup	Module:CGroup/OnePiece@83858889	
瓦納迪斯	cgroup	Template:CGroup/GundamTWFM@82129397	
瓦羅然	cgroup	Module:CGroup/LOL@93322985	
瓦羅然之盾	cgroup	Module:CGroup/LOL@93322985	
瓦羅然城市公園	cgroup	Module:CGroup/LOL@93322985	
瓦蕾	cgroup	Template:CGroup/GundamSeed@92969101	
瓦許	cgroup	Template:CGroup/Warcraft@92164655	zh-hant
瓦許伊爾	cgroup	Module:CGroup/Wow@94351016	
瓦豆魯篤	char	星之卡比 (動畫)@94160462	
瓦路易吉	cgroup	Module:CGroup/Nintendo@94745610	
瓦龍	char	遊戲王系列角色列表@94649313	
甘乃迪	cgroup	Module:CGroup/ResidentEvil@94612703	
甘佐	char	91Days@89878470	
甘利信長	char	犬夜叉角色列表@94790447	
甘恩	cgroup	Template:CGroup/GundamUC@94693163	
甘舒	cgroup	Template:CGroup/HUNTER@80241645	
甘諾	char	BORUTO-火影新世代-NARUTO NEXT GENERATIONS-角色列表@94842050	
甜夢夢	cgroup	Template:CGroup/魔法咪路咪路@26972197	
甜心出擊	cgroup	Template:CGroup/Shugo Chara!@81936822	
甜心變身	cgroup	Template:CGroup/Shugo Chara!@81936822	
甜甜仙子	cgroup	Module:CGroup/Anime@94680982	
甜甜圈河流	char	光之美少女：食尚甜心@92951245	
甜秘密與槍擊戰	cgroup	Module:CGroup/BlueArchive@93972468	zh-hant
甜蜜公主	cgroup	Module:CGroup/Anime@94680982	
甜蜜小天使	cgroup	Module:CGroup/Anime@94680982	
甜蜜男孩	cgroup	Module:CGroup/蠟筆小新@93760288	
甜蜜的城堡	cgroup	Module:CGroup/My Little Pony@91388064	
甜點寵物	cgroup	Module:CGroup/Jewelpet@81833309	
甜點王國	cgroup	Module:CGroup/Jewelpet@81833309	
生化危機	cgroup	Module:CGroup/Counter-Strike@85677571	zh-hant
生化型	cgroup	Template:CGroup/Digimon@94687201	
生化突擊隊	cgroup	Module:CGroup/Games@94658856	
生化超人卡撒	cgroup	Module:CGroup/Anime@94680982	
生命獸	char	數碼暴龍App世代角色列表@94177588	
生命球	cgroup	Template:CGroup/DragonBall@92325756	
生命起源	cgroup	Module:CGroup/閃電十一人@68657168	
生存形態	cgroup	Template:CGroup/KamenRider@94225985	
生得術式	char	咒術迴戰角色列表@94830133	
生怪蛋	cgroup	Module:CGroup/Minecraft@94388709	
生態域	cgroup	Module:CGroup/Minecraft@94388709	
生死格鬥	cgroup	Module:CGroup/Games@94658856	
生物人	char	七龍珠Z 世界最強的高手@93733633	
生物突擊隊	cgroup	Module:CGroup/美国漫画@94638375	
生髮彈	cgroup	Template:CGroup/Reborn@29403199	
產子救世錄	cgroup	Module:CGroup/Anime@94680982	zh-hant
産絹彥檷	char	BLEACH角色列表@94571323	CHECK
用毅力揮棒	cgroup	Module:CGroup/閃電十一人@68657168	
甩輪	cgroup	Template:CGroup/Transformers@87179168	
田中一	char	奇巧計程車@89552760	
田中健三	cgroup	Module:CGroup/Solo Leveling@86308871	
田中先生	char	航海王電影：GOLD@93412929	
田中安雄	char	哆啦A梦角色列表@94533440	
田中櫻	char	月色真美@90814427	
田山資悅	char	名偵探柯南：紺碧之棺@91454532	
田島天子	char	名偵探柯南：銀翼的奇術師@94771896	
田村厚史	char	K (動畫)@93234659	
田畑佳苗	cgroup	Module:CGroup/Solo Leveling@86308871	
由嶌歐許	char	BLEACH角色列表@94571323	
由拉	cgroup	Template:CGroup/GundamSeed@92969101	
由比鶴乃	char	魔法少女小圓角色列表@94590242	
由莉	char	異世界四重奏@93605298	
由莉耶兒	cgroup	Module:CGroup/SAO@89298185	
由諾婭	cgroup	Template:CGroup/GundamAGE@51366593	
由貴真里愛	char	魔法少女小圓角色列表@94590242	
由里烏斯	char	異世界四重奏@93605298	
甲板龍獸	char	数码宝贝大冒险：角色列表@94538377	
甲蟲式	cgroup	Template:CGroup/Gundam00@70972545	
甲賀獸	char	數碼寶貝覺醒節拍角色列表@94712797	
甲龍獸	char	數碼暴龍 LAST EVOLUTION 絆@94708497	
申谷誡	cgroup	Module:CGroup/BlueArchive@93972468	zh-hant
男女蹺蹺板	cgroup	Module:CGroup/Anime@94680982	
男服務生	char	名侦探柯南：天空的遇难船@94562607	
界伏盒	cgroup	Module:CGroup/Minecraft@94388709	
界伏蚌	cgroup	Module:CGroup/Minecraft@94388709	
畑宗德	char	名偵探柯南：絕海的偵探@94596266	
畔上忠男	char	名侦探柯南：沉默的15分钟@94454904	
留達斯	cgroup	Module:CGroup/BLEACH@81833737	
畢古	cgroup	Module:CGroup/閃電十一人@68657168	
畢塔多	char	光之美少女：食尚甜心@92951245	
畢夏普	cgroup	Module:CGroup/美国漫画@94638375	
畢安卡	char	終末的伊澤塔@91239289	
畢洛娃	cgroup	Module:CGroup/美国漫画@94638375	
畢爾斯	cgroup	Template:CGroup/GundamIBO@91631774	
畢雷	cgroup	Template:CGroup/進擊的巨人@76977335	
番健次	char	Heartcatch 光之美少女！@94574540	
番台蛙	char	千与千寻@94787677	
番長豆豆獸	char	数码宝贝大冒险：角色列表@94538377	
異世界四重奏	title	異世界四重奏@93605298	
異化蟲	cgroup	Template:CGroup/StarCraft2@39914602	
異域傳說	cgroup	Module:CGroup/Games@94658856	
異域型	cgroup	Template:CGroup/Digimon@94687201	
異域天使	title	異域天使@91247092	
異域精靈	cgroup	Template:CGroup/KamenRider@94225985	
異域系列	cgroup	Module:CGroup/Games@94658856	
異域霸者	cgroup	Template:CGroup/KamenRider@94225985	
異度神劍	cgroup	Module:CGroup/Games@94658856	
異形之石	cgroup	Module:CGroup/閃電十一人@68657168	
異攻隊	cgroup	Module:CGroup/美国漫画@94638375	
異星戰士	cgroup	Template:CGroup/Power Rangers@27638544	zh-hant
異次元魔手	cgroup	Module:CGroup/閃電十一人@68657168	
異特龍獸	char	数码宝贝大冒险：角色列表@94538377	
異端巫醫	cgroup	Template:CGroup/Heroes of the Storm@49727842	
異端鋼彈	cgroup	Template:CGroup/GundamSeed@92969101	
異能新世紀	cgroup	Template:CGroup/Sim@37867988	
異蟲	cgroup	Template:CGroup/KamenRider@94225985	
異說俱樂部徽章	cgroup	Module:CGroup/Doraemon@88509940	
異靈	cgroup	Template:CGroup/GundamTWFM@82129397	
異靈鋼彈	cgroup	Template:CGroup/GundamTWFM@82129397	
異魔人	cgroup	Template:CGroup/KamenRider@94225985	
當不成魔法師的女孩	cgroup	Module:CGroup/Anime@94680982	
當紅妖男	cgroup	Template:CGroup/妖怪手錶@75937932	
畿央	cgroup	Template:CGroup/GundamSeed@92969101	
疊紙網絡	cgroup	Module:CGroup/Games-zh@90861641	zh-hant
疋殺地蔵	char	BLEACH角色列表@94571323	CHECK
疾瘋	cgroup	Template:CGroup/Transformers@87179168	
疾蜓	cgroup	Template:CGroup/KamenRider@94225985	
疾跑	cgroup	Module:CGroup/Counter-Strike@85677571	zh-hant
疾速斧頭	cgroup	Template:CGroup/四驅兄弟@86987120	
疾速眼鏡蛇	cgroup	Template:CGroup/四驅兄弟@86987120	
疾速蝮蛇	cgroup	Template:CGroup/四驅兄弟@86987120	
疾風人狼	char	爆丸5星域爭霸@90756067	
疾風戰士	cgroup	Module:CGroup/Anime@94680982	
疾風暴龍	char	爆丸5星域爭霸@90756067	
疾風水瓶	cgroup	Template:CGroup/戰鬥陀螺 鋼鐵奇兵@68490308	
疾風滑雪板	cgroup	Module:CGroup/Games@94658856	
疾風牛頭人	char	爆丸5星域爭霸@90756067	
疾風狂蜂	char	爆丸5星域爭霸@90756067	
疾風獵鷹	cgroup	Module:CGroup/Counter-Strike@85677571	zh-hant
疾風蜘蛛	char	爆丸5星域爭霸@90756067	
疾風蝙蝠	char	爆丸5星域爭霸@90756067	
疾風螳螂	char	爆丸5星域爭霸@90756067	
疾風衝刺	cgroup	Module:CGroup/閃電十一人@68657168	
疾風陸龜	char	爆丸5星域爭霸@90756067	
疾風魔根	char	爆丸5星域爭霸@90756067	
疾鬥	cgroup	Template:CGroup/HUNTER@80241645	
病毒獸	char	數碼暴龍App世代角色列表@94177588	
痞子妹	cgroup	Template:CGroup/Crazyracing Kartrider@60141039	CHECK
痞子妹必殺技	cgroup	Template:CGroup/Crazyracing Kartrider@60141039	CHECK
瘋子幫	char	高譚角色列表@92146409	
瘋狂基因藥水	cgroup	Module:CGroup/Counter-Strike@85677571	zh-hant
瘋狂計程車	cgroup	Module:CGroup/Games@94658856	
療天使鋼彈	cgroup	Template:CGroup/Gundam00@70972545	
癟四與大頭蛋	cgroup	Module:CGroup/Cartoon@93410586	
癢癢怪	cgroup	Template:CGroup/妖怪手錶@75937932	
登貝伊	cgroup	Template:CGroup/MapleStory@57794822	
發條城歷險記	cgroup	Module:CGroup/Doraemon@88509940	
發條花的帕凡舞曲	cgroup	Module:CGroup/BlueArchive@93972468	zh-hant
白傑克	char	航海王電影：GOLD@93412929	
白允浩	cgroup	Module:CGroup/Solo Leveling@86308871	
白兔玩偶	cgroup	Module:CGroup/Anime@94680982	
白入洞	cgroup	Module:CGroup/Simpsons@84869408	
白凰	char	決鬥大師@92994775	
白坂小梅	char	偶像大師 灰姑娘女孩角色列表@91786822	
白夜團	char	BORUTO-火影新世代-NARUTO NEXT GENERATIONS-角色列表@94842050	
白夜號	cgroup	Template:CGroup/四驅兄弟@86987120	
白川拓也	char	雲之彼端，約定的地方@92998776	CHECK
白川美保	char	奇巧計程車@89552760	
白拋拋千金	cgroup	Template:CGroup/妖怪手錶@75937932	
白斯勒	char	爆丸5星域爭霸@90756067	CHECK
白木忠直	char	玉子市場@93415198	
白杯杯	cgroup	Template:CGroup/Family Guy@79259281	
白柳弓	char	Charlotte (動畫)@94727945	
白獅獸	char	數碼寶貝覺醒節拍角色列表@94712797	
白皇三人娘	cgroup	Module:CGroup/Hayate the Combat Butler@81833661	CHECK
白石杏	char	劇場版 世界計畫 崩壞的世界與無法歌唱的初音未來@94728690	
白石民子	char	比宇宙更遠的地方@93910432	
白石結月	char	比宇宙更遠的地方@93910432	
白箱	title	白箱@94727899	
白羊獸	cgroup	Template:CGroup/Digimon@94687201	
白色十字架	cgroup	Module:CGroup/Anime@94680982	
白色基地	cgroup	Template:CGroup/GundamUC@94693163	
白色獠牙	cgroup	Template:CGroup/GundamW@87064245	
白色花瓣飄舞的山谷	cgroup	Template:CGroup/FullmetalAlchemist@48481493	
白色魔女	char	終末的伊澤塔@91239289	
白花千津	char	可塑性記憶@94399638	
白菊螢	char	偶像大師 灰姑娘女孩角色列表@91786822	
白虎四郎	char	KILL la KILL@94827565	
白賓諾	char	萬里尋親記@94719791	
白金之星	cgroup	Module:CGroup/Counter-Strike@85677571	zh-hant
白金太太	char	Go Princess 光之美少女@94065409	
白金迷宮	cgroup	Module:CGroup/Doraemon@88509940	
白金雪	char	學校怪談 (動畫)@92145862	
白金鼻涕獸	char	数码宝贝幽灵游戏角色列表@94560916	
白銀號船長	char	名偵探福爾摩斯@94071005	
白銀誓盟	cgroup	Module:CGroup/Wow@94351016	
白雪之珮	cgroup	Module:CGroup/OnePiece@83858889	
白雪公主前奏曲	cgroup	Template:CGroup/GundamW@87064245	
白雪千夜	char	偶像大師 灰姑娘女孩角色列表@91786822	
白骨夫人	cgroup	Template:CGroup/妖怪手錶@75937932	
白鯨號	cgroup	Module:CGroup/OnePiece@83858889	
白鳥旬	cgroup	Template:CGroup/Bakuman@59602158	
白鳥沙羅	char	名偵探柯南：瞳孔中的暗殺者@94403739	
白鳩舞子	char	名偵探柯南：緋色的彈丸@94682470	
白鶴報恩少女	char	牧場上的少女卡特莉@94856105	
白鶴王子	char	牧場上的少女卡特莉@94856105	
白鷺城類	char	爆旋陀螺Burst@94644099	
白鸞	char	異邦人 無皇刃譚@86100576	
百之骨架	cgroup	Template:CGroup/GundamIBO@91631774	
百合丸	char	獸兵衛忍風帖@94218789	
百合之丞	cgroup	Template:CGroup/NARUTO@86143617	
百合父	char	回转企鹅罐@94635162	
百合華	cgroup	Template:CGroup/Aikatsu@68312381	
百家陀螺少林拳	cgroup	Template:CGroup/戰鬥陀螺 鋼鐵奇兵@68490308	
百崎喜一	char	佐賀偶像是傳奇@94005232	
百戰小奇兵	cgroup	Module:CGroup/Anime@94680982	
百江渚	char	魔法少女小圓角色列表@94590242	
百瀨勇	char	白箱@94727899	
百瀨多希	char	少女與戰車角色列表@93320972	
百烈踢	cgroup	Module:CGroup/閃電十一人@68657168	
百生獸	cgroup	Template:CGroup/StarCraft2@39914602	
百秋坊	char	怪物的孩子@93936285	
百舌昌子	char	妖怪手錶系列@93337229	
百萬噸頭鎚	cgroup	Module:CGroup/閃電十一人@68657168	
百萬格鬥儀	cgroup	Template:CGroup/Ultraman@94663541	zh-hant
百萬海龍獸	char	数码宝贝大冒险：角色列表@94538377	
百萬神掌	cgroup	Module:CGroup/閃電十一人@68657168	
百萬黑暗騎士獸	char	数码宝贝大冒险：角色列表@94538377	
百變步槍	cgroup	Template:CGroup/GBF@82201572	
百足妖婦	char	犬夜叉角色列表@94790447	
的訓育師	cgroup	Template:CGroup/Digimon@94687201	
皆卜戎	cgroup	Template:CGroup/HUNTER@80241645	
皇后天使	char	DokiDoki! 光之美少女@93549956	
皇家使者	cgroup	Template:CGroup/小魔女DoReMi@65858319	
皇家女王	char	Smile 光之美少女！@93787006	
皇家果實	cgroup	Template:CGroup/小魔女DoReMi@65858319	
皇家聖劍	char	数码宝贝03驯兽师之王角色列表@94744434	
皇族聖痕	cgroup	Module:CGroup/Counter-Strike@85677571	zh-hant
皇星	cgroup	Module:CGroup/OnePiece@83858889	
皇蛇獸	cgroup	Template:CGroup/Digimon@94687201	
皎潔深宵之月	cgroup	Module:CGroup/Anime@94680982	
皮丘	cgroup	Template:CGroup/Pokemon@85444397	
皮丘與皮卡丘	cgroup	Template:CGroup/Pokemon@85444397	
皮優	cgroup	Template:CGroup/HUNTER@80241645	
皮克希斯	cgroup	Template:CGroup/進擊的巨人@76977335	
皮利斯	cgroup	Template:CGroup/Gundam00@70972545	
皮卓	cgroup	Module:CGroup/PeppaPig@87025478	
皮卡丘的心跳捉迷藏	cgroup	Template:CGroup/Pokemon@85444397	
皮卡丘的探險隊	cgroup	Template:CGroup/Pokemon@85444397	
皮卡丘的歡樂假期	cgroup	Template:CGroup/Pokemon@85444397	
皮卡丘與伊布好朋友	cgroup	Template:CGroup/Pokemon@85444397	
皮卡丘與神奇寶貝樂隊	cgroup	Template:CGroup/Pokemon@85444397	
皮卡啾	cgroup	Template:CGroup/MapleStory@57794822	
皮卡皮卡的星空露營	cgroup	Template:CGroup/Pokemon@85444397	
皮卡羅	char	BLEACH角色列表@94571323	
皮可庫	cgroup	Template:CGroup/Pretty Rhythm@77221109	
皮可西	cgroup	Template:CGroup/Pokemon@85444397	CHECK
皮哥	cgroup	Template:CGroup/四驅兄弟@86987120	
皮塔里亞	cgroup	Template:CGroup/Cyber Formula@68486475	
皮姆	cgroup	Module:CGroup/美国漫画@94638375	
皮姆粒子	cgroup	Module:CGroup/美国漫画@94638375	
皮姊	cgroup	Template:CGroup/Adventure Time@90284406	
皮尼歐	char	翠星上的加爾岡緹亞@91223485	
皮朋尼提	cgroup	Template:CGroup/GundamUC@94693163	
皮爾托福	cgroup	Module:CGroup/LOL@93322985	
皮特洛	cgroup	Module:CGroup/美国漫画@94638375	
皮老爹	cgroup	Template:CGroup/Adventure Time@90284406	
皮耶勇酷雞	cgroup	Module:CGroup/OshinoKo@84428949	
皮耶勇開機舞	cgroup	Module:CGroup/OshinoKo@84428949	
皮耶羅	char	Smile 光之美少女！@93787006	
皮薩德	char	光之美少女@94825358	
皮諾丘	cgroup	Module:CGroup/Disney@93925402	
皮那獸	char	数码宝贝大冒险：角色列表@94538377	
皮隆	char	哆啦A梦角色列表@94533440	
皿田木子	char	IQ博士角色列表@92724875	
益智獸	char	數碼暴龍App世代角色列表@94177588	
盔甲巨人	cgroup	Template:CGroup/進擊的巨人@76977335	
盛大互動娛樂	cgroup	Module:CGroup/Games-zh@90861641	zh-hant
盛大網絡	cgroup	Module:CGroup/Games-zh@90861641	zh-hant
盜夢偵探	title	盜夢偵探 (電影)@91173763	
盜火之賊	cgroup	Module:CGroup/閃電十一人@68657168	
監察王蟲	cgroup	Template:CGroup/StarCraft2@39914602	
監視者座天使	cgroup	Template:CGroup/Gundam00@70972545	
盤牙蓄湖	cgroup	Module:CGroup/Wow@94351016	
盧到	cgroup	Module:CGroup/Simpsons@84869408	
盧吉	cgroup	Template:CGroup/GundamTWFM@82129397	
盧奇	cgroup	Template:CGroup/四驅兄弟@86987120	
盧小小	cgroup	Template:CGroup/Family Guy@79259281	
盧提魯德夫	char	異世界四重奏@93605298	
盧柯	char	DARKER THAN BLACK@93233512	
盧格溫	cgroup	Template:CGroup/The Witcher@86825096	
盧格溫的維列佛茲	cgroup	Template:CGroup/The Witcher@86825096	CHECK
目標在綫	cgroup	Module:CGroup/Games-zh@90861641	zh-hant
目盲之眼修道會	cgroup	Template:CGroup/Diablo@94495831	
盲婦愛兒	cgroup	Module:CGroup/美国漫画@94638375	
盲眼武僧	cgroup	Module:CGroup/LOL@93322985	
盲選模式	cgroup	Module:CGroup/LOL@93322985	
盲阿	cgroup	Module:CGroup/Simpsons@84869408	
直井健人	char	Angel Beats!角色列表@87218149	
直枝理樹	char	Little Busters!角色列表@91842236	
直線中士	char	航海王電影：GOLD@93412929	
相原雪乃	char	偶像大師 灰姑娘女孩角色列表@91786822	
相反的你和我	cgroup	Module:CGroup/Anime@94680982	
相川千夏	char	偶像大師 灰姑娘女孩角色列表@91786822	
相川要一	char	Vivy -Fluorite Eye's Song-@93702039	
相撲獸	char	數碼暴龍App世代角色列表@94177588	
相田亞弓	char	DokiDoki! 光之美少女@93549956	
相良豹馬	char	Fate/Apocrypha@90728159	
相葉夕美	char	偶像大師 灰姑娘女孩角色列表@91786822	
相野美都	char	魔法少女小圓角色列表@94590242	
相馬光	char	名偵探柯南：戰慄的樂譜@94461985	
相馬夏美	char	偶像大師 灰姑娘女孩角色列表@91786822	
相馬玲奈	char	白箱@94727899	
相馬芳野	char	BLEACH角色列表@94571323	
盾式	cgroup	Template:CGroup/GundamIBO@91631774	
盾式格雷茲	cgroup	Template:CGroup/GundamIBO@91631774	CHECK
盾神翔	char	戰鬥陀螺 鋼鐵奇兵角色列表@94643342	
盾神高	char	戰鬥陀螺 鋼鐵奇兵角色列表@94643342	
看不見獸	char	數碼暴龍App世代角色列表@94177588	
看不見的帝國	cgroup	Module:CGroup/BLEACH@81833737	
看誰來搞笑	cgroup	Module:CGroup/My Little Pony@91388064	
真下英明	char	数码宝贝合体战争角色列表@94717250	
真人電影篇	cgroup	Template:CGroup/FullmetalAlchemist@48481493	
真刀神威	cgroup	Module:CGroup/Danball Senki@81863967	
真夕	cgroup	Template:CGroup/GundamSeed@92969101	
真實傳奇	cgroup	Module:CGroup/Tales@54832633	
真實精靈	char	光之美少女@94825358	
真實鋼鐵	cgroup	Template:CGroup/MyHeroAcademia@87565804	
真尾日美香	char	魔法少女小圓角色列表@94590242	
真崎瞳子	char	禁獵魔女@94041811	
真愛爾蘭共和軍	cgroup	Template:CGroup/Gundam00@70972545	
真愛蘇布里姆花	cgroup	Template:CGroup/小魔女DoReMi@65858319	
真新鎮	cgroup	Template:CGroup/Pokemon@85444397	
真晝	cgroup	Template:CGroup/WORKING!!@28976859	
真枝若菜	char	星之聲@92143926	
真柴智	char	電影版 聲之形@93974890	
真正的朋友	cgroup	Module:CGroup/My Little Pony@91388064	
真珠皮亞利	cgroup	Template:CGroup/Pichi Pichi Pitch@94608266	
真珠美人魚	cgroup	Template:CGroup/Pichi Pichi Pitch@94608266	
真田紫子	char	舞-HiME角色列表@91610502	
真白愛麗絲	char	數碼暴龍App世代角色列表@94177588	
真紅蓮	cgroup	Template:CGroup/Digimon@94687201	
真鍋齋	char	偶像大師 灰姑娘女孩角色列表@91786822	
真魔神傳	cgroup	Module:CGroup/Anime@94680982	
眾神的三角神力	cgroup	Module:CGroup/Games@94658856	
眾魂熔爐	cgroup	Module:CGroup/Wow@94351016	
睏寶	cgroup	Template:CGroup/Crazyracing Kartrider@60141039	CHECK
睏寶必殺技	cgroup	Template:CGroup/Crazyracing Kartrider@60141039	CHECK
睡犬	cgroup	Module:CGroup/Games@94658856	
睡眠獸	char	數碼暴龍App世代角色列表@94177588	
睡衣派對	cgroup	Module:CGroup/My Little Pony@91388064	
睡豬豬	cgroup	Template:CGroup/妖怪手錶@75937932	
瞄準鏡獸	char	數碼暴龍App世代角色列表@94177588	
瞬殺者	cgroup	Module:CGroup/Counter-Strike@85677571	zh-hant
瞬發型薩克幽靈	cgroup	Template:CGroup/GundamSeed@92969101	
瞬發型薩克戰士	cgroup	Template:CGroup/GundamSeed@92969101	
瞬變	cgroup	Template:CGroup/GBF@82201572	
矢口真佐代	char	名偵探柯南：銀翼的奇術師@94771896	
矢口美羽	char	偶像大師 灰姑娘女孩角色列表@91786822	
矢吹省吾	char	PSYCHO-PASS角色列表@93403235	
矢坂	cgroup	Template:CGroup/GBF@82201572	
矢宵可乃子	char	魔法少女小圓角色列表@94590242	
矢島俊彌	char	名偵探柯南：唐紅的戀歌@94765694	
矢崎優	char	追逐繁星的孩子@94412901	
矢田優	char	小魔女DoReMi@94721174	
矢車草之助	char	KILL la KILL@94827565	
矢部千秋	char	光之美少女@94825358	
矢野治人	char	奇巧計程車@89552760	
矢野艾莉卡	char	白箱@94727899	
矢龍	cgroup	Module:CGroup/OnePiece@83858889	
知世	cgroup	Module:CGroup/BlueArchive@93972468	zh-hant
知名萌香	char	高校艦隊@93341996	
知床鈴	char	高校艦隊@93341996	
知念大輔	char	FRESH光之美少女！@93922959	
知念美雪	char	FRESH光之美少女！@93922959	
知無領域	cgroup	Module:CGroup/美国漫画@94638375	
知道天空有多藍的人啊	cgroup	Module:CGroup/Anime@94680982	
短劍飛射	cgroup	Module:CGroup/閃電十一人@68657168	
短片研究部	cgroup	Module:CGroup/Hayate the Combat Butler@81833661	
矮人山王	cgroup	Template:CGroup/Warcraft@92164655	zh-hant
石上亘	char	舞-HiME角色列表@91610502	CHECK
石中劍	cgroup	Module:CGroup/Disney@93925402	
石之大廳	cgroup	Module:CGroup/Wow@94351016	
石之守衛者裂片	cgroup	Module:CGroup/Wow@94351016	
石之森優香	char	妖怪手錶系列@93337229	
石動靜流	char	Free!@93607624	
石原誠	char	名偵探柯南：緋色的彈丸@94682470	
石岡艾莉	char	名偵探柯南：緋色的彈丸@94682470	
石岩之心	cgroup	Module:CGroup/Wow@94351016	
石島美佐子	char	魔法少女小圓角色列表@94590242	
石嶺泰三	char	名偵探柯南：業火的向日葵@94611870	
石川五右衛門	char	魯邦三世 卡里奧斯特羅之城@93074151	
石本順平	char	名侦探柯南：天空的遇难船@94562607	
石森勇香	char	妖怪手錶系列@93337229	
石獅獸	char	数码宝贝03驯兽师之王角色列表@94744434	
石田將也	char	電影版 聲之形@93974890	
石田瑪利亞	char	電影版 聲之形@93974890	
石田真凜	cgroup	Module:CGroup/Solo Leveling@86308871	
石田美也子	char	電影版 聲之形@93974890	
石精靈	cgroup	Module:CGroup/Frozen@82365390	
石蕗卡農	char	數碼寶貝覺醒節拍角色列表@94712797	
石蕗美蔓	char	少女革命@93843108	
石頭族樂園	cgroup	Module:CGroup/Cartoon@93410586	
砂冢明	char	偶像大師 灰姑娘女孩角色列表@91786822	
砂砂團	cgroup	Module:CGroup/OnePiece@83858889	
砂礫的大地	cgroup	Template:CGroup/FullmetalAlchemist@48481493	
砂糖興奮劑	cgroup	Template:CGroup/MyHeroAcademia@87565804	
砂部	char	少女與戰車角色列表@93320972	
砍擊	cgroup	Module:CGroup/SAO@89298185	
研究工具	cgroup	Module:CGroup/Counter-Strike@85677571	zh-hant
研究資金	cgroup	Module:CGroup/Counter-Strike@85677571	zh-hant
砲彈射手	cgroup	Template:CGroup/MapleStory@57794822	
砲擊型薩克幽靈	cgroup	Template:CGroup/GundamSeed@92969101	
砲擊型薩克戰士	cgroup	Template:CGroup/GundamSeed@92969101	
砲擊型輔助裝備	cgroup	Template:CGroup/GundamSeed@92969101	
砲筒	cgroup	Template:CGroup/GundamSeed@92969101	
破冰伯爵	cgroup	Module:CGroup/SPY×FAMILY@86080268	
破壞步槍	cgroup	Template:CGroup/GundamW@87064245	
破壞神席德	cgroup	Module:CGroup/Square Enix@93012351	
破壞神涅墨西斯	cgroup	Template:CGroup/戰鬥陀螺 鋼鐵奇兵@68490308	CHECK
破壞蠍	cgroup	Template:CGroup/StarCraft@73588136	
破壞龍獸	char	数码宝贝大冒险：角色列表@94538377	
破曉傳奇	cgroup	Module:CGroup/Tales@54832633	
破曉地平線團	cgroup	Template:CGroup/GundamIBO@91631774	
破殼蛋蛋	cgroup	Template:CGroup/妖怪手錶@75937932	
破滅的王國	cgroup	Module:CGroup/Anime@94680982	
破滅鋼彈	cgroup	Template:CGroup/GundamSeed@92969101	
破滅魔劍	cgroup	Template:CGroup/GundamIBO@91631774	
破碎之日	cgroup	Module:CGroup/Wow@94351016	
破碎傳奇	cgroup	Module:CGroup/Tales@54832633	
破碎的島嶼	cgroup	Template:CGroup/Warcraft@92164655	zh-hant
破碎遺跡	cgroup	Module:CGroup/Counter-Strike@85677571	zh-hant
破舊骷髏頭	cgroup	Template:CGroup/妖怪手錶@75937932	
破邪	char	B傳說！戰鬥彈珠人@94175384	
破銅爛鐵島	cgroup	Module:CGroup/OnePiece@83858889	
破風使者	cgroup	Template:CGroup/MapleStory@57794822	
砸不停	cgroup	Template:CGroup/Adventure Time@90284406	
硫磺立方怪	cgroup	Module:CGroup/Minecraft@94388709	
硬質化	cgroup	Template:CGroup/進擊的巨人@76977335	
碎之星	title	Fractale@90968404	
碎地震盪	cgroup	Module:CGroup/閃電十一人@68657168	
碎峰嶺	cgroup	Template:CGroup/Diablo@94495831	
碎形之屋	cgroup	Module:CGroup/閃電十一人@68657168	
碎骨	cgroup	Module:CGroup/Cyberpunk@85139581	
碎骨機	cgroup	Template:CGroup/Transformers@87179168	
碎骨銀狼	cgroup	Module:CGroup/Counter-Strike@85677571	zh-hant
碑文谷文佳	char	飛天小女警Z@94716201	
碧兒	cgroup	Template:CGroup/DragonBall@92325756	
碧兒絲莉	cgroup	Template:CGroup/GGundam@85035825	
碧卡	cgroup	Module:CGroup/OnePiece@83858889	
碧奇魂	cgroup	Module:CGroup/Anime@94680982	
碧姬公主	cgroup	Module:CGroup/Nintendo@94745610	
碧姬娘娘	cgroup	Module:CGroup/Cyberpunk@85139581	
碧歐菈	cgroup	Module:CGroup/OnePiece@83858889	
碧洋琪	cgroup	Template:CGroup/Reborn@29403199	
碧琪	cgroup	Module:CGroup/My Little Pony@91388064	
碧琪派	cgroup	Module:CGroup/My Little Pony@91388064	
碧琪的分身	cgroup	Module:CGroup/My Little Pony@91388064	
碧琪與祕密驚喜	cgroup	Module:CGroup/My Little Pony@91388064	
碧琪預感	cgroup	Module:CGroup/My Little Pony@91388064	
碧絲蒂爾	cgroup	Template:CGroup/愛天使傳說@43103330	
碧翠絲	char	異世界四重奏@93605298	
碧色真珠音調	cgroup	Template:CGroup/Pichi Pichi Pitch@94608266	
碧血狂殺	cgroup	Module:CGroup/Games@94658856	
碧血狂殺系列	cgroup	Module:CGroup/Games@94658856	
碧雅翠絲	char	悲慘世界 少女珂賽特@94720109	
碰太	char	火影忍者角色列表@94671076	
磁浮飛車	cgroup	Module:CGroup/Games@94658856	
磁牙	char	火影忍者角色列表@94671076	
磁鼓島	cgroup	Module:CGroup/OnePiece@83858889	
磁鼓王國	cgroup	Module:CGroup/OnePiece@83858889	
磊札	cgroup	Template:CGroup/HUNTER@80241645	
磊歐陸	cgroup	Template:CGroup/HUNTER@80241645	
磐舟天雞	char	K (動畫)@93234659	
磯崎	char	泡泡 (動畫電影)@88419728	
磯崎滋	char	名偵探柯南：水平線上的陰謀@94562230	
磯邊典子	char	少女與戰車角色列表@93320972	
礦山奪魂鐵道	cgroup	Template:CGroup/Crazyracing Kartrider@60141039	
礦山岩漿洞	cgroup	Template:CGroup/Crazyracing Kartrider@60141039	
礦石多頭龍	cgroup	Template:CGroup/爆丸@31893398	
礦石巨龍	cgroup	Template:CGroup/爆丸@31893398	
礪波告善	char	PSYCHO-PASS角色列表@93403235	
祈倫托	cgroup	Module:CGroup/Wow@94351016	
祈倫托先遣軍	cgroup	Module:CGroup/Wow@94351016	
祐馬	cgroup	Template:CGroup/GBF@82201572	
祕密的偶像公主	cgroup	Module:CGroup/Anime@94680982	zh-hant
祕密道具	cgroup	Module:CGroup/Doraemon@88509940	
祕寶	cgroup	Module:CGroup/Square Enix@93012351	CHECK,zh-hant
祖先之地	cgroup	Module:CGroup/美国漫画@94638375	
祖哥	cgroup	Module:CGroup/Pixar@93247177	
祖爾德拉克	cgroup	Module:CGroup/Wow@94351016	
祖爾文	cgroup	Template:CGroup/StarCraft@73588136	
祖瑪	char	天元突破 紅蓮螺巖@93776700	
神之伊甸	cgroup	Module:CGroup/閃電十一人@68657168	
神代凌牙	char	遊戲王ZEXAL@93180378	
神偷怪盜	cgroup	Template:CGroup/名偵探柯南@93449521	
神兵泰坦	cgroup	Module:CGroup/Games@94658856	
神劍傳奇	cgroup	Module:CGroup/Cartoon@93410586	
神劍號	cgroup	Template:CGroup/四驅兄弟@86987120	
神劍闖江湖	cgroup	Module:CGroup/Anime@94680982	
神力人	cgroup	Module:CGroup/美国漫画@94638375	
神力轟炸手	cgroup	Template:CGroup/Transformers@87179168	
神勇戰士	cgroup	Module:CGroup/Anime@94680982	
神北小次郎	char	Little Busters!角色列表@91842236	
神北小毬	char	Little Busters!角色列表@91842236	
神北拓也	char	Little Busters!角色列表@91842236	CHECK
神原駿河	char	魔法少女小圓角色列表@94590242	
神城麻郁	char	拜託了☆雙子星@90723419	
神奇寶貝交換者	cgroup	Template:CGroup/Pokemon@85444397	
神奇寶貝培育者	cgroup	Template:CGroup/Pokemon@85444397	
神奇寶貝孵化者	cgroup	Template:CGroup/Pokemon@85444397	
神奇寶貝戰鬥者	cgroup	Template:CGroup/Pokemon@85444397	
神奇寶貝探究者	cgroup	Template:CGroup/Pokemon@85444397	
神奇寶貝收服者	cgroup	Template:CGroup/Pokemon@85444397	
神奇寶貝治癒者	cgroup	Template:CGroup/Pokemon@85444397	
神奇寶貝無印	cgroup	Template:CGroup/Pokemon@85444397	
神奇寶貝變化者	cgroup	Template:CGroup/Pokemon@85444397	
神奇寶貝超世代	cgroup	Template:CGroup/Pokemon@85444397	
神奇寶貝超級願望	cgroup	Template:CGroup/Pokemon@85444397	
神奇寶貝酒侍	cgroup	Template:CGroup/Pokemon@85444397	
神奇寶貝鎮平者	cgroup	Template:CGroup/Pokemon@85444397	
神奇寶貝魅力者	cgroup	Template:CGroup/Pokemon@85444397	
神奇海螺	cgroup	Module:CGroup/SpongeBob SquarePants@91129493	
神奇的秘密解藥	cgroup	Module:CGroup/My Little Pony@91388064	
神奇鉛筆	cgroup	Module:CGroup/SpongeBob SquarePants@91129493	
神奇閃電	cgroup	Module:CGroup/My Little Pony@91388064	
神奈備命	char	AIR角色列表@90228621	
神威加農砲	cgroup	Module:CGroup/閃電十一人@68657168	
神威巨人	cgroup	Template:CGroup/爆丸@31893398	
神威炸裂	cgroup	Module:CGroup/閃電十一人@68657168	
神娃之伊莎莉亞戰記	cgroup	Module:CGroup/Cartoon@93410586	
神尾晴子	char	AIR角色列表@90228621	
神尾觀鈴	char	AIR角色列表@90228621	
神崎曲	cgroup	Template:CGroup/Pretty Rhythm@77221109	zh-hant
神崎瞳	char	聖天空戰記@94720493	
神崎蘭子	char	偶像大師 灰姑娘女孩角色列表@91786822	
神崎黎人	char	舞-HiME角色列表@91610502	
神廟歷險	cgroup	Module:CGroup/My Little Pony@91388064	
神成	char	哆啦A梦角色列表@94533440	
神戶大助	char	富豪刑事 Balance:UNLIMITED@93288613	
神戶茂丸	char	富豪刑事 Balance:UNLIMITED@93288613	
神戶鈴江	char	富豪刑事 Balance:UNLIMITED@93288613	
神戸喜久子	char	富豪刑事 Balance:UNLIMITED@93288613	
神木世界	cgroup	Template:CGroup/GBF@82201572	
神木燃燒鋼彈	cgroup	Template:CGroup/GBF@82201572	
神木經紀公司	cgroup	Module:CGroup/OshinoKo@84428949	
神栖臣佳	cgroup	Module:CGroup/Anime@94680982	
神樂坂泉	char	數碼暴龍App世代角色列表@94177588	
神樂坂理紗	char	光之美少女：食尚甜心@92951245	
神樣中學生	cgroup	Module:CGroup/Anime@94680982	
神機醫	cgroup	Module:CGroup/Cyberpunk@85139581	
神機錯亂	cgroup	Module:CGroup/Cyberpunk@85139581	
神火源	cgroup	Template:CGroup/Transformers@87179168	
神獸師	cgroup	Template:CGroup/Warcraft@92164655	zh-hant
神田陽子	char	Go Princess 光之美少女@94065409	
神的指揮棒	cgroup	Module:CGroup/閃電十一人@68657168	
神盾騎士鋼彈	cgroup	Template:CGroup/GBF@82201572	
神祕果實	cgroup	Module:CGroup/Games@94658856	
神祕甜心變身	cgroup	Template:CGroup/Shugo Chara!@81936822	
神祕蛋	cgroup	Template:CGroup/Shugo Chara!@81936822	
神秘之吻	char	奇巧計程車@89552760	
神秘小鎮大冒險	cgroup	Module:CGroup/Cartoon@93410586	
神秘法師	cgroup	Module:CGroup/美国漫画@94638375	
神秘英雄馬	cgroup	Module:CGroup/My Little Pony@91388064	
神羊	cgroup	Module:CGroup/LOL@93322985	
神聖之刃	cgroup	Template:CGroup/Mabinogi@50754648	
神聖之劍	char	DokiDoki! 光之美少女@93549956	
神聖之力	cgroup	Template:CGroup/Mabinogi@50754648	
神聖之心	cgroup	Template:CGroup/Mabinogi@50754648	
神聖之物奧普	cgroup	Template:CGroup/爆丸@31893398	
神聖之眼	cgroup	Template:CGroup/Mabinogi@50754648	
神聖制裁	cgroup	Module:CGroup/Counter-Strike@85677571	zh-hant
神聖天女獸	cgroup	Template:CGroup/Digimon@94687201	
神聖的德姬手錶	cgroup	Template:CGroup/愛天使傳說@43103330	
神聖的百合彩帶	cgroup	Template:CGroup/愛天使傳說@43103330	
神聖的純潔劍	cgroup	Template:CGroup/愛天使傳說@43103330	
神聖計劃	cgroup	Template:CGroup/Digimon@94687201	
神聖鬥士	cgroup	Template:CGroup/爆丸@31893398	
神臍小捲毛	cgroup	Module:CGroup/Cartoon@93410586	
神與魔	cgroup	Module:CGroup/美国漫画@94638375	
神行蛋葆	cgroup	Module:CGroup/Disney@93925402	
神話世紀	cgroup	Module:CGroup/Games@94658856	
神谷奈緒	char	偶像大師 灰姑娘女孩角色列表@91786822	
神通小精靈	cgroup	Module:CGroup/Anime@94680982	
神通王節	cgroup	Template:CGroup/降世神通@43998034	
神速史雷格	cgroup	Template:CGroup/GBF@82201572	
神邑橣	char	刀劍神域角色列表@94550774	
神駒族	cgroup	Module:CGroup/My Little Pony@91388064	zh-hant
神龍國	cgroup	Module:CGroup/Disney@93925402	
神龍奇兵	cgroup	Module:CGroup/Square Enix@93012351	
神龍特攻隊	cgroup	Module:CGroup/Cartoon@93410586	
神龍獸	char	数码宝贝大冒险：角色列表@94538377	
神龍翼獸	char	數碼寶貝覺醒節拍角色列表@94712797	
祥庵	char	異邦人 無皇刃譚@86100576	
祭品之力	cgroup	Template:CGroup/NARUTO@86143617	
祭師獸	char	数码宝贝03驯兽师之王角色列表@94744434	
祭物與雪之剎那	cgroup	Module:CGroup/Square Enix@93012351	
禁忌果實	cgroup	Template:CGroup/KamenRider@94225985	
禁忌的魔法書	cgroup	Module:CGroup/Jewelpet@81833309	
禁止項目	cgroup	Template:CGroup/涼宮春日的憂鬱@71080538	
禁獵魔女	title	禁獵魔女@94041811	
福井柚嬉	char	名偵探柯南角色列表@94461808	
福內典子	char	高校艦隊@93341996	
福卡斯先生	char	名偵探福爾摩斯@94071005	
福嫂	cgroup	Module:CGroup/閃電十一人@68657168	CHECK
福山舞	char	偶像大師 灰姑娘女孩角色列表@91786822	
福拉卡	cgroup	Template:CGroup/GundamSeed@92969101	
福斯丁尼	char	萬里尋親記@94719791	
福斯柯	char	萬里尋親記@94719791	
福星小子	cgroup	Module:CGroup/Anime@94680982	
福爾夏特島	cgroup	Module:CGroup/OnePiece@83858889	
福特夫人	char	愛少女波麗安娜物語@94856145	
福特巨人	cgroup	Template:CGroup/Transformers@87179168	
福田春	char	少女與戰車角色列表@93320972	
福艾爾	char	光之美少女：食尚甜心@92951245	
福袋老爺爺	cgroup	Template:CGroup/妖怪手錶@75937932	
禦國巨像	cgroup	Module:CGroup/LOL@93322985	
禪遊科技	cgroup	Module:CGroup/Games-zh@90861641	zh-hant
禱耳達	cgroup	Template:CGroup/潘朵拉之心@39382393	
禹鎮澈	cgroup	Module:CGroup/Solo Leveling@86308871	
禾姆	char	翠星上的加爾岡緹亞@91223485	
禿鷲獸	char	數碼寶貝覺醒節拍角色列表@94712797	
禿鷹俯衝	cgroup	Module:CGroup/閃電十一人@68657168	
秀念	char	機靈小和尚@92445221	
秀秀	cgroup	Template:CGroup/Pichi Pichi Pitch@94608266	
秀逗泰山	cgroup	Module:CGroup/Anime@94680982	
秀逗魔導士	cgroup	Module:CGroup/Anime@94680982	
私人時間	cgroup	Module:CGroup/OshinoKo@84428949	
秋之舞公主	cgroup	Module:CGroup/My Little Pony@91388064	zh-hant
秋元叮叮	cgroup	Template:CGroup/Yes! 光之美少女5@89217113	
秋吉美波子	char	名偵探柯南：水平線上的陰謀@94562230	
秋季朋友	cgroup	Module:CGroup/My Little Pony@91388064	
秋山優花里	char	少女與戰車角色列表@93320972	
秋山冰杜	char	K (動畫)@93234659	
秋山好子	char	少女與戰車角色列表@93320972	
秋山淳五郎	char	少女與戰車角色列表@93320972	
秋嵐	char	犬夜叉角色列表@94790447	
秋庭怜子	char	名偵探柯南：戰慄的樂譜@94461985	
秋收節	cgroup	Template:CGroup/Mabinogi@50754648	
秋犯	cgroup	Template:CGroup/Bakuman@59602158	
秋葉原冥途戰爭	title	秋葉原冥途戰爭@94822711	
科內留斯	cgroup	Template:CGroup/GundamUC@94693163	
科塞德王子	cgroup	Template:CGroup/C&C@83793789	
科塞特斯	char	異世界四重奏@93605298	
科學一方通行	cgroup	Template:CGroup/Toaru@89726592	
科學小飛俠	cgroup	Module:CGroup/Anime@94680982	
科學心理掌握	cgroup	Template:CGroup/Toaru@89726592	
科學怪犬	cgroup	Module:CGroup/Disney@93925402	
科學情人	cgroup	Module:CGroup/Anime@94680982	
科學未元物質	cgroup	Template:CGroup/Toaru@89726592	
科學長官利爾	char	金剛戰神@91363742	
科學飛龍獸	char	数码宝贝03驯兽师之王角色列表@94744434	
科尼	char	哆啦A梦角色列表@94533440	
科技巴特	cgroup	Template:CGroup/Transformers@87179168	CHECK
科欽博士	char	七龍珠Z 世界最強的高手@93733633	
科爾蘇加德	cgroup	Template:CGroup/Warcraft@92164655	zh-hant
科特亞魯	cgroup	Module:CGroup/閃電十一人@68657168	
科特尼泰勒	cgroup	Template:CGroup/C&C@83793789	
科納	cgroup	Template:CGroup/Gundam00@70972545	
科索沃紅色貝雷帽部隊	cgroup	Module:CGroup/Counter-Strike@85677571	zh-hant
科維爾	cgroup	Template:CGroup/The Witcher@86825096	
秘傳劍招	cgroup	Module:CGroup/SAO@89298185	
秘境探險	cgroup	Module:CGroup/Games@94658856	
秘境探險隊	cgroup	Module:CGroup/Square Enix@93012351	
秘天使鋼彈	cgroup	Template:CGroup/Gundam00@70972545	
秘奧義	cgroup	Module:CGroup/SAO@89298185	
秘密地圖	cgroup	Module:CGroup/Counter-Strike@85677571	zh-hant
秘密寶盒	cgroup	Module:CGroup/SpongeBob SquarePants@91129493	CHECK
秘寶傳說	cgroup	Module:CGroup/Square Enix@93012351	CHECK
秘技獸	char	數碼暴龍App世代角色列表@94177588	
秘法符文	cgroup	Template:CGroup/MapleStory@57794822	
秦聖子	char	数码宝贝03驯兽师之王角色列表@94744434	
秩序獸	char	数码宝贝大冒险tri.角色列表@94265439	
移動加速	cgroup	Module:CGroup/Counter-Strike@85677571	zh-hant
移動城堡	char	哈尔的移动城堡@94539471	
稜鏡天使	cgroup	Module:CGroup/開闊天空！光之美少女@83218661	
種村孝一	char	花開物語@94760130	
稻光衝刺	cgroup	Module:CGroup/閃電十一人@68657168	
稻富響	char	少女與戰車角色列表@93320972	
稻浪良和	char	白箱@94727899	
稻草人獸	char	数码宝贝大冒险：角色列表@94538377	
稻葉保仁	char	月色真美@90814427	
穂村尊	char	遊戲王VRAINS@92292355	
穆修拉	cgroup	Module:CGroup/Games@94658856	
穆卡迪	cgroup	Template:CGroup/Yes! 光之美少女5@89217113	
穆吉卡	cgroup	Module:CGroup/The Promised Neverland@83209401	zh-hant
穆庫雷德	cgroup	Template:CGroup/GundamAGE@51366593	
穆舒凡	cgroup	Template:CGroup/Yes! 光之美少女5@89217113	
穆蓋特	cgroup	Template:CGroup/Reborn@29403199	
穆達	cgroup	Template:CGroup/GundamSeed@92969101	
積分對戰	cgroup	Module:CGroup/LOL@93322985	
積頓	cgroup	Template:CGroup/Ultraman@94663541	
穗龍	cgroup	Module:CGroup/My Little Pony@91388064	zh-hant
穗龍任您差遣	cgroup	Module:CGroup/My Little Pony@91388064	
穗龍公主	cgroup	Module:CGroup/My Little Pony@91388064	
穴見運太	char	爆旋陀螺Burst@94644099	CHECK
究極三角洲部隊	cgroup	Module:CGroup/Games@94658856	
究極亂鬥	cgroup	Module:CGroup/LOL@93322985	
究極天使獸	cgroup	Template:CGroup/Digimon@94687201	
究極格鬥	cgroup	Template:CGroup/Digimon@94687201	
究極武裝進化	cgroup	Template:CGroup/Digimon@94687201	
究極毀滅砲	cgroup	Template:CGroup/爆丸@31893398	
究極閃電	cgroup	Module:CGroup/閃電十一人@68657168	
空中殺手	cgroup	Module:CGroup/Anime@94680982	
空中滑行	cgroup	Module:CGroup/閃電十一人@68657168	
空中行者	cgroup	Module:CGroup/閃電十一人@68657168	
空中霸者	cgroup	Template:CGroup/GundamSeed@92969101	
空井咲希	cgroup	Module:CGroup/BlueArchive@93972468	zh-hant
空島寶貝龍學院	cgroup	Module:CGroup/Cartoon@93410586	zh-hant
空我	cgroup	Template:CGroup/KamenRider@94225985	
空戰奇兵	cgroup	Module:CGroup/Games@94658856	
空投炸彈	cgroup	Module:CGroup/Counter-Strike@85677571	zh-hant
空操彈	char	爆丸5星域爭霸@90756067	
空操彈馬	char	爆丸@90775249	
空氣壓縮砲	cgroup	Module:CGroup/Counter-Strike@85677571	zh-hant
空牙獸	char	數碼寶貝覺醒節拍角色列表@94712797	
空穗夏希	char	魔法少女小圓角色列表@94590242	
空腹爺爺	cgroup	Template:CGroup/妖怪手錶@75937932	
空間之門	cgroup	Template:CGroup/StarCraft2@39914602	
空間傳送	cgroup	Module:CGroup/閃電十一人@68657168	
空間寶石	cgroup	Module:CGroup/美国漫画@94638375	
空間跳躍門	cgroup	Template:CGroup/MyHeroAcademia@87565804	
空間躍動	cgroup	Module:CGroup/Counter-Strike@85677571	zh-hant
穿越時空之門	cgroup	Module:CGroup/Jewelpet@81833309	
突擊兵蜂	cgroup	Module:CGroup/Counter-Strike@85677571	zh-hant
突擊模式	cgroup	Module:CGroup/Counter-Strike@85677571	zh-hant
突擊護甲	cgroup	Template:CGroup/GundamSeed@92969101	
突擊龍獸	char	數碼寶貝覺醒節拍角色列表@94712797	
突襲傭兵營	cgroup	Module:CGroup/Counter-Strike@85677571	zh-hant
突襲用貨櫃	cgroup	Template:CGroup/Gundam00@70972545	
窟盧塔族	cgroup	Template:CGroup/HUNTER@80241645	
窩金	cgroup	Template:CGroup/HUNTER@80241645	
竄網使	cgroup	Module:CGroup/Cyberpunk@85139581	
立原冬美	char	名侦探柯南：沉默的15分钟@94454904	
立原冬馬	char	名侦探柯南：沉默的15分钟@94454904	
立石志摩	char	高校艦隊@93341996	
立石洋介	char	死亡遊行@91275771	
立石由紀夫	char	名偵探柯南：絕海的偵探@94596266	
立花大輔	char	月色真美@90814427	
立花宗一郎	char	魔法少女小圓角色列表@94590242	
立花富美	char	天气之子@94186671	
立花雄	char	光之美少女：食尚甜心@92951245	
立體機動裝置	cgroup	Module:CGroup/Counter-Strike@85677571	zh-hant
童話旅程	cgroup	Template:CGroup/Crazyracing Kartrider@60141039	
童話木馬樂園	cgroup	Template:CGroup/Crazyracing Kartrider@60141039	
童話村	cgroup	Template:CGroup/MapleStory@57794822	
童話沉睡巨人之森	cgroup	Template:CGroup/Crazyracing Kartrider@60141039	
童話青蛙澡堂	cgroup	Template:CGroup/Crazyracing Kartrider@60141039	
競技擂台	cgroup	Module:CGroup/Counter-Strike@85677571	zh-hant
競技模式	cgroup	Module:CGroup/LOL@93322985	
競技聖殿	cgroup	Module:CGroup/Counter-Strike@85677571	zh-hant
竹之內吉美	char	光之美少女@94825358	
竹劍少女	cgroup	Module:CGroup/Anime@94680982	
竹川	char	名偵探柯南：絕海的偵探@94596266	
竹馬之交	cgroup	Template:CGroup/Digimon@94687201	
笆蒂	cgroup	Module:CGroup/Counter-Strike@85677571	zh-hant
笑咪咪教授	cgroup	Module:CGroup/BlueArchive@93972468	zh-hant
笑彈大王	char	IQ博士角色列表@92724875	
笑臉貓	cgroup	Template:CGroup/潘朵拉之心@39382393	
笑風亭吞樂	char	奇巧計程車@89552760	
笛音子	char	衝吧烈子@91183058	
笠原真希	char	雲之彼端，約定的地方@92998776	
笠秋彥	char	妄想代理人@91610420	
符文大地	cgroup	Module:CGroup/LOL@93322985	
符文大地傳說	cgroup	Module:CGroup/LOL@93322985	
符澤琉斯	cgroup	Template:CGroup/GundamSeed@92969101	
笨久	cgroup	Template:CGroup/MyHeroAcademia@87565804	
笨笨派大星	cgroup	Module:CGroup/SpongeBob SquarePants@91129493	
笨笨鳥	cgroup	Module:CGroup/Jewelpet@81833309	
第一個好朋友	cgroup	Module:CGroup/My Little Pony@91388064	
第一賽季	cgroup	Module:CGroup/LOL@93322985	
第三波資訊	cgroup	Module:CGroup/Games-zh@90861641	zh-hant
第三賽季	cgroup	Module:CGroup/LOL@93322985	
第三魔法	cgroup	Module:CGroup/Anime@94680982	
第二代寶仙鬼	char	半妖的夜叉姬@87932716	CHECK
第二國度	cgroup	Module:CGroup/Anime@94680982	zh-hant
第二賽季	cgroup	Module:CGroup/LOL@93322985	
第五院	cgroup	Module:CGroup/閃電十一人@68657168	
笹浦洋介	char	名偵探柯南：絕海的偵探@94596266	
笹瀨川佐佐美	char	Little Busters!角色列表@91842236	
笹部吾朗	char	Free!@93607624	
筆怪	char	飛天小女警Z@94716201	
筆頭審問官	cgroup	Template:CGroup/打工吧！魔王大人@40273238	
等松美海	char	高校艦隊@93341996	
等等力孝	char	遊戲王ZEXAL@93180378	
等級惡靈	char	吊带袜天使@94456883	
筋疲力盡的派對	cgroup	Module:CGroup/My Little Pony@91388064	
策士獸	char	數碼暴龍App世代角色列表@94177588	
策略傳奇	cgroup	Module:CGroup/Tales@54832633	
筧菫	cgroup	Template:CGroup/NARUTO@86143617	
箕宿三伽馬獸	char	数码宝贝幽灵游戏角色列表@94560916	
管家薩凱那	char	光之美少女@94825358	
管浪衝	cgroup	Module:CGroup/閃電十一人@68657168	
管狐獸	char	數碼寶貝拯救隊角色列表@94177566	
管理人伯伯	cgroup	Template:CGroup/涼宮春日的憂鬱@71080538	
節慶營運管理部	cgroup	Module:CGroup/BlueArchive@93972468	zh-hant
節拍護盾	char	Suite 光之美少女♪@92951168	
節拍音箭	char	Suite 光之美少女♪@92951168	
篝日花	char	Lycoris Recoil 莉可麗絲@94031169	
篠原和雄	char	夏日大作戰@94786998	
篠原夏希	char	夏日大作戰@94786998	
篠原明里	char	秒速5公分@94405277	
篠原禮	char	偶像大師 灰姑娘女孩角色列表@91786822	
篠原若葉	char	少女革命@93843108	
篠原雪子	char	夏日大作戰@94786998	
篠宮瞳	char	數碼寶貝覺醒節拍角色列表@94712797	
篠宮綾瀨	char	罪惡王冠@87767894	
篠川香音	char	少女與戰車角色列表@93320972	
篤恩	cgroup	Template:CGroup/HUNTER@80241645	
簡單模式	cgroup	Module:CGroup/Counter-Strike@85677571	zh-hant
簡秀吉	cgroup	Template:CGroup/KamenRider@94225985	
籏本夏江	char	名偵探柯南角色列表@94461808	
籏本武	char	名偵探柯南角色列表@94461808	
米中尉	cgroup	Template:CGroup/Gundam00@70972545	
米克斯塔	cgroup	Template:CGroup/GundamIBO@91631774	
米克爾	cgroup	Template:CGroup/GundamUC@94693163	
米兒	cgroup	Template:CGroup/Pichi Pichi Pitch@94608266	
米凱洛	cgroup	Template:CGroup/GGundam@85035825	
米利亞爾特	cgroup	Template:CGroup/GundamW@87064245	
米利塔利亞	cgroup	Template:CGroup/Eyeshield21@86998850	
米力伍斯	cgroup	Template:CGroup/進擊的巨人@76977335	
米勒院長	char	長腿叔叔 (動畫)@94856329	
米卡艾利斯	cgroup	Template:CGroup/黑執事@49361116	
米卡莎	cgroup	Template:CGroup/進擊的巨人@76977335	CHECK
米口	cgroup	Module:CGroup/蠟筆小新@93760288	
米口和油美	cgroup	Module:CGroup/Simpsons@84869408	
米可	cgroup	Template:CGroup/進擊的巨人@76977335	
米哈遊	cgroup	Module:CGroup/Games-zh@90861641	zh-hant
米哈遊網絡	cgroup	Module:CGroup/Games-zh@90861641	zh-hant
米塔比	cgroup	Template:CGroup/進擊的巨人@76977335	
米夏	cgroup	Template:CGroup/GundamUC@94693163	
米多福特	cgroup	Template:CGroup/黑執事@49361116	
米夢夢	cgroup	Template:CGroup/魔法咪路咪路@26972197	
米奇妙妙世界	cgroup	Module:CGroup/Cartoon@93410586	
米奇家族的萬聖歷險	cgroup	Module:CGroup/Disney@93925402	
米奇耶誕嘉年華	cgroup	Module:CGroup/Disney@93925402	
米奇與魔豆	cgroup	Module:CGroup/Disney@93925402	
米奈娃	char	數碼暴龍App世代角色列表@94177588	
米奧琳涅	cgroup	Template:CGroup/GundamTWFM@82129397	
米妮拿	cgroup	Module:CGroup/BLEACH@81833737	
米妮老鼠	cgroup	Module:CGroup/Disney@93925402	
米娜	cgroup	Template:CGroup/黑執事@49361116	CHECK
米尼翁	cgroup	Module:CGroup/SAO@89298185	
米恩	cgroup	Template:CGroup/Mabinogi@50754648	
米才伊史多姆	cgroup	Template:CGroup/HUNTER@80241645	
米拉吉	cgroup	Template:CGroup/GundamIBO@91631774	
米拉貝兒	cgroup	Module:CGroup/Disney@93925402	
米爾娃	cgroup	Template:CGroup/The Witcher@86825096	
米爾康南	cgroup	Template:CGroup/GundamIBO@91631774	
米爾菲歐雷	cgroup	Template:CGroup/Reborn@29403199	
米琪安	char	愛的小婦人物語@94856165	
米盧利亞	char	最終幻想 零式與Agito角色列表@93380052	
米科	char	少女與戰車角色列表@93320972	
米米	cgroup	Module:CGroup/My Little Pony@91388064	zh-hant
米納爾森林	cgroup	Template:CGroup/MapleStory@57794822	
米索卡贊	char	七龍珠Z 世界最強的高手@93733633	
米羅的莫非命運	cgroup	Module:CGroup/Cartoon@93410586	
米莎	char	交响诗篇@94703945	CHECK
米菲	cgroup	Module:CGroup/Counter-Strike@85677571	zh-hant
米萊	cgroup	Template:CGroup/GundamUC@94693163	
米蓮	char	悲慘世界 少女珂賽特@94720109	
米蕾莉亞	cgroup	Template:CGroup/GundamSeed@92969101	
米諾	char	魔法少女小圓角色列表@94590242	
米赫莎	cgroup	Template:CGroup/GundamUC@94693163	CHECK
米里歐	cgroup	Module:CGroup/LOL@93322985	
米里艾主教	char	悲慘世界 少女珂賽特@94720109	
米釐賽	cgroup	Module:CGroup/SAO@89298185	CHECK
米阿默卡丹紗公主	cgroup	Module:CGroup/My Little Pony@91388064	zh-hant
米須維爾	cgroup	Template:CGroup/The Witcher@86825096	
粉碎人	cgroup	Module:CGroup/Pixar@93247177	
粉碎者	char	星之卡比 (動畫)@94160462	
粉紅先生	cgroup	Module:CGroup/OnePiece@83858889	
粉紅女俠	cgroup	Template:CGroup/MyHeroAcademia@87565804	
粉色真珠音調	cgroup	Template:CGroup/Pichi Pichi Pitch@94608266	
粗暴小子	char	飛天小女警Z@94716201	
粗皮雄	cgroup	Module:CGroup/Simpsons@84869408	
粗魯男	char	異世界四重奏@93605298	
粟根心	char	魔法少女小圓角色列表@94590242	
精品店開幕了	cgroup	Module:CGroup/My Little Pony@91388064	
精密強化零件	cgroup	Module:CGroup/Counter-Strike@85677571	zh-hant
精準射擊	cgroup	Module:CGroup/Counter-Strike@85677571	zh-hant
精神感應式鋼彈	cgroup	Template:CGroup/GundamUC@94693163	
精神感應砲	cgroup	Template:CGroup/GGundam@85035825	
精神衝擊	char	数码宝贝03驯兽师之王角色列表@94744434	
精英牛頭大佬	cgroup	Template:CGroup/Heroes of the Storm@49727842	
精通格鬥	cgroup	Template:CGroup/Mabinogi@50754648	
精通遠距離戰術	cgroup	Template:CGroup/Mabinogi@50754648	
精通魔法	cgroup	Template:CGroup/Mabinogi@50754648	
精靈月光庭園	cgroup	Template:CGroup/Crazyracing Kartrider@60141039	
精靈樂章	cgroup	Template:CGroup/Mabinogi@50754648	
精靈海底城的秘密	cgroup	Template:CGroup/Crazyracing Kartrider@60141039	
精靈神木的捷徑	cgroup	Template:CGroup/Crazyracing Kartrider@60141039	
精靈血	cgroup	Template:CGroup/The Witcher@86825096	
糊塗塌客	cgroup	Template:CGroup/ThePeanuts@54446337	
糖果屋的侵略者	cgroup	Template:CGroup/KamenRider@94225985	
糖糖	char	Smile 光之美少女！@93787006	
糜稽	cgroup	Template:CGroup/HUNTER@80241645	
紀代子	char	岁月的童话@92224070	
紀念物語	cgroup	Template:CGroup/Digimon@94687201	
約修亞	char	DARKER THAN BLACK@93233512	
約兒	cgroup	Module:CGroup/SPY×FAMILY@86080268	
約德爾炮手	cgroup	Module:CGroup/LOL@93322985	
約爾芭	cgroup	Module:CGroup/Square Enix@93012351	
約瑞科	cgroup	Module:CGroup/LOL@93322985	
約翰浩克	cgroup	Template:CGroup/C&C@83793789	
紅之校外旅行	cgroup	Template:CGroup/名偵探柯南@93449521	zh-hant
紅坦克	cgroup	Module:CGroup/美国漫画@94638375	
紅屋	cgroup	Module:CGroup/美国漫画@94638375	
紅扁帽	cgroup	Template:CGroup/GBF@82201572	
紅扁帽格利摩亞	cgroup	Template:CGroup/GBF@82201572	
紅樹林木	cgroup	Module:CGroup/Minecraft@94388709	
紅樹林木原木	cgroup	Module:CGroup/Minecraft@94388709	
紅浩克	cgroup	Module:CGroup/美国漫画@94638375	
紅王	cgroup	Template:CGroup/Ultraman@94663541	zh-hant
紅白雙星	cgroup	Module:CGroup/Counter-Strike@85677571	zh-hant
紅色夜鷹	cgroup	Module:CGroup/Counter-Strike@85677571	zh-hant
紅色彗星	cgroup	Template:CGroup/GundamUC@94693163	
紅色衛兵	cgroup	Module:CGroup/美国漫画@94638375	
紅色警戒	cgroup	Template:CGroup/Transformers@87179168	
紅色麥格農狙擊槍	cgroup	Module:CGroup/Counter-Strike@85677571	zh-hant
紅蓮的解放者	cgroup	Module:CGroup/Square Enix@93012351	
紅蓮騎士獸真紅蓮型態	char	数码宝贝03驯兽师之王角色列表@94744434	
紅蘿蔔怪	char	飛天小女警Z@94716201	CHECK
紅里	char	獸兵衛忍風帖@94218789	
紅雞獸	char	數碼寶貝覺醒節拍角色列表@94712797	
紅領巾軍	cgroup	Template:CGroup/DragonBall@92325756	
紅魅魔	cgroup	Template:CGroup/Mabinogi@50754648	
紅鼻屎獸	char	数码宝贝大冒险角色列表@94744369	
納傑庫普	cgroup	Module:CGroup/BLEACH@81833737	
納克斯	cgroup	Template:CGroup/Ultraman@94663541	
納克瓦爾	cgroup	Module:CGroup/BLEACH@81833737	
納克魯斯	char	音速小子X@94737938	
納博	cgroup	Template:CGroup/GundamTWFM@82129397	
納塔王子	char	光之美少女：食尚甜心@92951245	
納奇班	cgroup	Template:CGroup/Heroes of the Storm@49727842	
納希沙漠	cgroup	Template:CGroup/MapleStory@57794822	
納希綠洲城	cgroup	Template:CGroup/MapleStory@57794822	
納帝魯斯	cgroup	Module:CGroup/LOL@93322985	
納摩菈	cgroup	Module:CGroup/美国漫画@94638375	
納斯塔西婭	cgroup	Template:CGroup/GBF@82201572	CHECK
納森	cgroup	Module:CGroup/美国漫画@94638375	
納沙幸子	char	高校艦隊@93341996	
納瑟斯	cgroup	Module:CGroup/LOL@93322985	
納祖瑪	cgroup	Module:CGroup/LOL@93322985	
納納拉	char	BORUTO-火影新世代-NARUTO NEXT GENERATIONS-角色列表@94842050	
納羅利那	cgroup	Template:CGroup/GundamIBO@91631774	
納美克	cgroup	Template:CGroup/DragonBall@92325756	
納菲魯塔莉	cgroup	Module:CGroup/OnePiece@83858889	
納葛蘭	cgroup	Module:CGroup/Wow@94351016	
納蘭卡	cgroup	Template:CGroup/GundamTWFM@82129397	
納西索	char	萬里尋親記@94719791	CHECK
納賽	cgroup	Module:CGroup/閃電十一人@68657168	
納迦	cgroup	Module:CGroup/Wow@94351016	
納迦海巫	cgroup	Template:CGroup/Warcraft@92164655	zh-hant
納迪	cgroup	Template:CGroup/GundamIBO@91631774	
納里	cgroup	Template:CGroup/Mabinogi@50754648	
納雷斯高原	cgroup	Template:CGroup/Mabinogi@50754648	
紐奧布丁	cgroup	Template:CGroup/FullmetalAlchemist@48481493	
紐蓋特	cgroup	Module:CGroup/OnePiece@83858889	
純情房東俏房客	cgroup	Module:CGroup/Anime@94680982	
純愛手札	cgroup	Module:CGroup/Games@94658856	
純樸小鎮風	cgroup	Module:CGroup/My Little Pony@91388064	
純源	cgroup	Template:CGroup/Gundam00@70972545	
純潔旋風	char	KILL la KILL@94827565	
純白結婚禮服奇石	cgroup	Template:CGroup/Pretty Rhythm@77221109	zh-hant
純真傳奇	cgroup	Module:CGroup/Tales@54832633	
純真精靈	char	光之美少女@94825358	
純美雨	char	魔法少女小圓角色列表@94590242	
純黑的惡夢	cgroup	Template:CGroup/名偵探柯南@93449521	
紗夏	cgroup	Module:CGroup/SAO@89298185	
紗羅妲	cgroup	Template:CGroup/NARUTO@86143617	
紙箱獸	char	数码宝贝大冒险：角色列表@94538377	
級電腦	cgroup	Template:CGroup/Digimon@94687201	
素體型	cgroup	Template:CGroup/GundamAGE@51366593	
索列塔西	char	FRESH光之美少女！@93922959	CHECK
索列姆	cgroup	Module:CGroup/SAO@89298185	
索列姆海姆	cgroup	Module:CGroup/SAO@89298185	
索利	char	Suite 光之美少女♪@92951168	
索命模式	cgroup	Module:CGroup/Counter-Strike@85677571	zh-hant
索命羅剎	cgroup	Module:CGroup/Counter-Strike@85677571	zh-hant
索妮雅	char	SPY×FAMILY間諜家家酒角色列表@94041877	
索娜	cgroup	Module:CGroup/LOL@93322985	CHECK
索希斯	char	机动战士GUNDAM SEED ASTRAY角色列表@88363421	
索德	cgroup	Template:CGroup/GundamUC@94693163	
索拉	cgroup	Module:CGroup/美国漫画@94638375	
索朗	cgroup	Template:CGroup/Gundam00@70972545	
索爾小隊	cgroup	Module:CGroup/美国漫画@94638375	
索爾希埃爾	char	魔法使光之美少女！@94758670	
索爾緹莉娜	cgroup	Module:CGroup/SAO@89298185	CHECK
索琉香	char	異世界四重奏@93605298	
索萊娜	char	光之美少女：食尚甜心@92951245	CHECK
索西	char	天元突破 紅蓮螺巖@93776700	CHECK
索辛彗星	cgroup	Template:CGroup/降世神通@43998034	
索隆	cgroup	Module:CGroup/OnePiece@83858889	
索馬	cgroup	Template:CGroup/黑執事@49361116	
索魯斯	cgroup	Module:CGroup/SAO@89298185	
紫光魔龍	cgroup	Template:CGroup/爆丸@31893398	
紫天使	cgroup	Template:CGroup/Yes! 光之美少女5@89217113	
紫悅	cgroup	Module:CGroup/My Little Pony@91388064	
紫悅公主	cgroup	Module:CGroup/My Little Pony@91388064	
紫悅時光	cgroup	Module:CGroup/My Little Pony@91388064	
紫悦	cgroup	Module:CGroup/My Little Pony@91388064	
紫津	char	犬夜叉角色列表@94790447	
紫羅蘭堡	cgroup	Module:CGroup/Wow@94351016	
紫色機動車	char	DokiDoki! 光之美少女@93549956	
紫色真珠音調	cgroup	Template:CGroup/Pichi Pichi Pitch@94608266	
紫雲寺家的兄弟姊妹	cgroup	Module:CGroup/Anime@94680982	CHECK
紮諾	cgroup	Module:CGroup/閃電十一人@68657168	
細寬	cgroup	Template:CGroup/HUNTER@80241645	
細沙獸	char	數碼寶貝覺醒節拍角色列表@94712797	
細見靜子	char	少女與戰車角色列表@93320972	CHECK
紹斯	cgroup	Template:CGroup/GundamUC@94693163	
紹昊	cgroup	Template:CGroup/Warcraft@92164655	zh-hant
紹爾	cgroup	Module:CGroup/Cyberpunk@85139581	
紹羅馬	char	KILL la KILL@94827565	
紺田福吉	char	爆旋陀螺Burst@94644099	
紺野木綿季	cgroup	Module:CGroup/SAO@89298185	
紺野真琴	char	跳躍吧！時空少女@94438891	
紺野純子	char	佐賀偶像是傳奇@94005232	
紺野美雪	char	跳躍吧！時空少女@94438891	
終北山大氣寺	cgroup	Template:CGroup/降世神通@43998034	
終南山大氣寺	cgroup	Template:CGroup/降世神通@43998034	
終末之界	cgroup	Module:CGroup/Minecraft@94388709	
終末的伊澤塔	title	終末的伊澤塔@91239289	
終末起點	cgroup	Module:CGroup/Anime@94680982	
終極七龍珠	char	七龍珠GT@94711068	
終極動員令	cgroup	Module:CGroup/Games@94658856	
終極幻想世界	cgroup	Module:CGroup/Square Enix@93012351	
終極悍將	cgroup	Module:CGroup/Counter-Strike@85677571	zh-hant
終極感染	cgroup	Module:CGroup/Counter-Strike@85677571	zh-hant
終極殺陣	cgroup	Module:CGroup/Counter-Strike@85677571	zh-hant
終極法書	cgroup	Module:CGroup/LOL@93322985	
終極浮士德	char	ONE PIECE STAMPEDE@94401180	
終極生死戰	cgroup	Module:CGroup/Counter-Strike@85677571	zh-hant
終極聖劍	char	DokiDoki! 光之美少女@93549956	
終極閃耀光束	cgroup	Module:CGroup/開闊天空！光之美少女@83218661	
終極雷射砲	cgroup	Template:CGroup/爆丸@31893398	
終極魔王	cgroup	Template:CGroup/Power Rangers@27638544	zh-hant
終焉之刻	cgroup	Module:CGroup/Wow@94351016	
終界	cgroup	Module:CGroup/Minecraft@94388709	
終界之眼	cgroup	Module:CGroup/Minecraft@94388709	
終界使者	cgroup	Module:CGroup/Minecraft@94388709	
終界珍珠	cgroup	Module:CGroup/Minecraft@94388709	
終界蟎	cgroup	Module:CGroup/Minecraft@94388709	
終界遣使	cgroup	Module:CGroup/Minecraft@94388709	
終界龍	cgroup	Module:CGroup/Minecraft@94388709	
終結之手	cgroup	Module:CGroup/閃電十一人@68657168	
終西山大氣寺	cgroup	Template:CGroup/降世神通@43998034	
組合材料	cgroup	Module:CGroup/Counter-Strike@85677571	zh-hant
組長女兒與保姆	cgroup	Module:CGroup/Anime@94680982	
結乃岩兵衛	cgroup	Template:CGroup/NARUTO@86143617	
結城京子	char	刀劍神域角色列表@94550774	
結城亮	char	東之伊甸@92226285	
結城友奈	char	結城友奈是勇者@91244822	
結城友奈是勇者	title	結城友奈是勇者@91244822	
結城奈緒	char	舞-HiME角色列表@91610502	
結城彰三	char	刀劍神域角色列表@94550774	
結城明日奈	cgroup	Module:CGroup/SAO@89298185	
結城晴	char	偶像大師 灰姑娘女孩角色列表@91786822	
結城浩一郎	char	刀劍神域角色列表@94550774	
結城翼	char	回转企鹅罐@94635162	
結婚桃子	cgroup	Template:CGroup/愛天使傳說@43103330	
結希鹿子	char	魔法使光之美少女！@94758670	
結晶塔的帝王	cgroup	Template:CGroup/Pokemon@85444397	
結比奈	char	BORUTO-火影新世代-NARUTO NEXT GENERATIONS-角色列表@94842050	
結緣甘神神社	cgroup	Module:CGroup/Anime@94680982	
絕冬	cgroup	Module:CGroup/Games@94658856	
絕冬城之夜	cgroup	Module:CGroup/Games@94658856	
絕命時刻	cgroup	Template:CGroup/C&C@83793789	
絕命沙堡	cgroup	Module:CGroup/Counter-Strike@85677571	zh-hant
絕命異次元	cgroup	Module:CGroup/Games@94658856	
絕命終結站	cgroup	Module:CGroup/Counter-Strike@85677571	zh-hant
絕對安全護衞	cgroup	Module:CGroup/閃電十一人@68657168	
絕對服從	char	KILL la KILL@94827565	
絕望堡	char	Go Princess 光之美少女@94065409	
絕茲絕拉	cgroup	Template:CGroup/HUNTER@80241645	CHECK
絕跡重生	cgroup	Template:CGroup/Transformers@87179168	
絢香	char	寶可夢動畫角色列表@93411809	
給不滅的你	cgroup	Module:CGroup/Anime@94680982	
給斯拉	cgroup	Template:CGroup/Ultraman@94663541	zh-hant
絨絨博士	cgroup	Module:CGroup/Disney@93925402	
統御式	cgroup	Template:CGroup/Gundam00@70972545	
絲卡	cgroup	Template:CGroup/愛天使傳說@43103330	
絲坦恩	cgroup	Template:CGroup/Pretty Rhythm@77221109	
絲比妲	cgroup	Template:CGroup/Yes! 光之美少女5@89217113	
絲派克	cgroup	Module:CGroup/美国漫画@94638375	
絲綢之觸	cgroup	Module:CGroup/Minecraft@94388709	
絲葳	cgroup	Module:CGroup/My Little Pony@91388064	
絲諾	char	七龙珠角色列表@94425793	
綑綁水炸彈	cgroup	Template:CGroup/Crazyracing Kartrider@60141039	
經典傳奇	cgroup	Module:CGroup/Tales@54832633	
經典版	cgroup	Module:CGroup/Wow@94351016	
經典老爺車	cgroup	Template:CGroup/MyHeroAcademia@87565804	
經驗值勳章	cgroup	Module:CGroup/Counter-Strike@85677571	zh-hant
綠光戰警	cgroup	Module:CGroup/美国漫画@94638375	
綠光軍團	cgroup	Module:CGroup/美国漫画@94638375	
綠動精靈	cgroup	Template:CGroup/MyHeroAcademia@87565804	
綠川啟太	char	Smile 光之美少女！@93787006	
綠川源次	char	Smile 光之美少女！@93787006	
綠川犬介	char	爆旋陀螺Burst@94644099	
綠巨人大戰	cgroup	Module:CGroup/美国漫画@94638375	
綠林府邸	cgroup	Module:CGroup/Minecraft@94388709	
綠水晶限定版	cgroup	Template:CGroup/Sim@37867988	
綠翡翠	char	回转企鹅罐@94635162	
綠葉獸	char	数码宝贝大冒险：角色列表@94538377	
綠野仙蹤獅子手槍	cgroup	Module:CGroup/Counter-Strike@85677571	zh-hant
綠野仙蹤稻草人十字鎬	cgroup	Module:CGroup/Counter-Strike@85677571	zh-hant
綠野仙蹤錫人機關槍	cgroup	Module:CGroup/Counter-Strike@85677571	zh-hant
綠風巨人	cgroup	Template:CGroup/爆丸@31893398	
綠風金剛	cgroup	Template:CGroup/爆丸@31893398	
維丹	cgroup	Template:CGroup/GundamUC@94693163	
維伊德	cgroup	Template:CGroup/Mabinogi@50754648	
維克	cgroup	Module:CGroup/Cyberpunk@85139581	
維克多洛維奇	cgroup	Template:CGroup/BUDDYCOMPLEX@77221119	
維克特	cgroup	Module:CGroup/LOL@93322985	
維列佛茲	cgroup	Template:CGroup/The Witcher@86825096	CHECK
維吉尼	char	光之美少女@94825358	
維吉尼亞級	cgroup	Template:CGroup/Gundam00@70972545	
維吉米爾	cgroup	Template:CGroup/The Witcher@86825096	
維吉馬	cgroup	Template:CGroup/The Witcher@86825096	
維夏	char	異世界四重奏@93605298	
維多	cgroup	Template:CGroup/GundamIBO@91631774	
維多利亞島	cgroup	Template:CGroup/MapleStory@57794822	
維多利亞港	cgroup	Template:CGroup/MapleStory@57794822	
維多莉亞	cgroup	Module:CGroup/Pixar@93247177	
維奧拉	cgroup	Template:CGroup/Reborn@29403199	
維妮公主	cgroup	Template:CGroup/Crazyracing Kartrider@60141039	
維拉爾	char	天元突破 紅蓮螺巖@93776700	
維拉迪摩	cgroup	Template:CGroup/C&C@83793789	
維斯康提	cgroup	Module:CGroup/Pixar@93247177	
維斯達拉斯	cgroup	Module:CGroup/SAO@89298185	
維根基亞	cgroup	Template:CGroup/GundamAGE@51366593	
維爾戈	cgroup	Module:CGroup/LOL@93322985	
維爾福	cgroup	Module:CGroup/Games@94658856	
維爾莉特	cgroup	Module:CGroup/OnePiece@83858889	
維瑟娜	cgroup	Template:CGroup/The Witcher@86825096	CHECK
維茲	char	異世界四重奏@93605298	CHECK
維薩利亞	cgroup	Module:CGroup/OnePiece@83858889	
維諾	cgroup	Template:CGroup/GundamSeed@92969101	
維酷人	cgroup	Module:CGroup/Wow@94351016	
維里耶	cgroup	Module:CGroup/Square Enix@93012351	
維里迪亞娜	char	少女與戰車角色列表@93320972	CHECK
綱彌代時灘	char	BLEACH角色列表@94571323	
網乃合成人	cgroup	Template:CGroup/Eyeshield21@86998850	
網絡文化經營許可證	cgroup	Module:CGroup/Games-zh@90861641	zh-hant
網絡有限公司	cgroup	Module:CGroup/Games-zh@90861641	zh-hant
網絡科技有限公司	cgroup	Module:CGroup/Games-zh@90861641	zh-hant
網絡科技發展有限公司	cgroup	Module:CGroup/Games-zh@90861641	zh-hant
網絡股份有限公司	cgroup	Module:CGroup/Games-zh@90861641	zh-hant
網路動畫	cgroup	Module:CGroup/Cartoon@93410586	
網路安琪兒	cgroup	Module:CGroup/Anime@94680982	
網路封包裡的訊息	cgroup	Template:CGroup/Digimon@94687201	
網路科技有限公司	cgroup	Module:CGroup/Games-zh@90861641	zh-hant
網路科技股份有限公司	cgroup	Module:CGroup/Games-zh@90861641	zh-hant
網路空間	cgroup	Module:CGroup/Cyberpunk@85139581	
網際網路惡靈	char	吊带袜天使@94456883	
網龍網絡	cgroup	Module:CGroup/Games-zh@90861641	zh-hant
綵球棒	cgroup	Template:CGroup/Pretty Rhythm@77221109	zh-hant
綺多	cgroup	Template:CGroup/HUNTER@80241645	
綺羅鈴	char	光之美少女：食尚甜心@92951245	
綾瀨穗乃香	char	偶像大師 灰姑娘女孩角色列表@91786822	
綾紬蘆花	char	超時空輝耀姬！@94633982	
綾野梨花	char	魔法少女小圓角色列表@94590242	
綾野鐵彥	char	刀劍神域角色列表@94550774	
綿綿布丁	cgroup	Template:CGroup/Aikatsu@68312381	
緋夜傳奇	cgroup	Module:CGroup/Tales@54832633	
緋禍	cgroup	Module:CGroup/Cyberpunk@85139581	
緋紅女巫	cgroup	Module:CGroup/美国漫画@94638375	
緋紅恩典	cgroup	Module:CGroup/Square Enix@93012351	
緋紅森林	cgroup	Module:CGroup/Minecraft@94388709	
緋色幻影	cgroup	Template:CGroup/HUNTER@80241645	
緒方智繪里	char	偶像大師 灰姑娘女孩角色列表@91786822	
緞帶肥肥	cgroup	Template:CGroup/Crazyracing Kartrider@60141039	
緞帶魔法姬	cgroup	Module:CGroup/Anime@94680982	
緣川小石	char	拜託了☆老師@90724500	
緣川雅火	char	罪惡王冠@87767894	
緹妲	cgroup	Template:CGroup/ED@94768974	zh-hant
緹娜	char	Go Princess 光之美少女@94065409	CHECK
緹潔	cgroup	Module:CGroup/SAO@89298185	
緹琳	cgroup	Module:CGroup/SAO@89298185	
緹莎亞	cgroup	Template:CGroup/The Witcher@86825096	CHECK
緹露露	cgroup	Module:CGroup/SAO@89298185	
縛之裝	char	KILL la KILL@94827565	
縱尾真理	char	白箱@94727899	
縱橫諜海	cgroup	Module:CGroup/Games@94658856	
縱游網絡	cgroup	Module:CGroup/Games-zh@90861641	zh-hant
縹康孝	char	可塑性記憶@94399638	
總之就是很可愛	cgroup	Module:CGroup/Anime@94680982	
總統萬歲	cgroup	Module:CGroup/Games@94658856	
繁榮精靈	char	光之美少女@94825358	
織本泉	char	數碼寶貝04無限地帶角色列表@94744460	
織田信成	char	Yuri!!! on ICE@90120235	
織部椿	char	拜託了☆雙子星@90723419	
繩鬼	cgroup	Module:CGroup/美国漫画@94638375	
繪圖獸	char	數碼暴龍App世代角色列表@94177588	
繪琉	cgroup	Template:CGroup/Shugo Chara!@81936822	
繪美里	char	回憶中的瑪妮@94615795	
繪里香	cgroup	Module:CGroup/BlueArchive@93972468	zh-hant
繭利	cgroup	Module:CGroup/BLEACH@81833737	
繼承神的少女	cgroup	Template:CGroup/FullmetalAlchemist@48481493	
繽紛世界	cgroup	Template:CGroup/Bakuman@59602158	
繽紛甜點食尚甜心	char	光之美少女：食尚甜心@92951245	
繽紛瘋兔衝鋒槍	cgroup	Module:CGroup/Counter-Strike@85677571	zh-hant
纏流子	char	KILL la KILL@94827565	
罩豎海	cgroup	Template:CGroup/Family Guy@79259281	
罪惡之源	cgroup	Template:CGroup/Diablo@94495831	
罪惡城市	cgroup	Module:CGroup/Games@94658856	
羅亞	cgroup	Template:CGroup/FullmetalAlchemist@48481493	
羅伊德	cgroup	Template:CGroup/Code Geass@70270136	
羅伊洛特博士	char	名偵探福爾摩斯@94071005	
羅伯	cgroup	Module:CGroup/Disney@93925402	
羅伯爾	char	名偵探福爾摩斯@94071005	
羅伯茲	cgroup	Module:CGroup/Pixar@93247177	CHECK
羅佩斯沙漠	cgroup	Template:CGroup/Mabinogi@50754648	
羅修	char	天元突破 紅蓮螺巖@93776700	
羅修沃	cgroup	Template:CGroup/KamenRider@94225985	
羅傑儂	char	天元突破 紅蓮螺巖@93776700	
羅傑克羅伊茲	cgroup	Template:CGroup/Cyber Formula@68486475	CHECK
羅哈斯夫人	char	萬里尋親記@94719791	
羅商會	cgroup	Template:CGroup/GundamUC@94693163	
羅培茲	cgroup	Module:CGroup/Frozen@82365390	CHECK
羅塞	cgroup	Template:CGroup/進擊的巨人@76977335	
羅塞蒂	cgroup	Template:CGroup/BUDDYCOMPLEX@77221119	
羅妮耶	cgroup	Module:CGroup/SAO@89298185	
羅姆菲拉	cgroup	Template:CGroup/GundamW@87064245	
羅宇治	cgroup	Template:CGroup/Reborn@29403199	
羅安那克	cgroup	Template:CGroup/GundamSeed@92969101	
羅尼喬	cgroup	Module:CGroup/閃電十一人@68657168	
羅希南特	cgroup	Module:CGroup/OnePiece@83858889	
羅希達	char	萬里尋親記@94719791	
羅德星	cgroup	Template:CGroup/爆丸@31893398	
羅德里哥	char	羅密歐的藍天@91519228	
羅德隆	cgroup	Module:CGroup/Wow@94351016	
羅斯可	cgroup	Template:CGroup/GOSICK@62514366	
羅曼亞	char	阿尔卑斯山的少女@94715457	
羅格鎮	cgroup	Module:CGroup/OnePiece@83858889	
羅梭港	cgroup	Module:CGroup/Pixar@93247177	
羅武明	cgroup	Template:CGroup/GundamUC@94693163	
羅潔塔	cgroup	Module:CGroup/Nintendo@94745610	
羅狼	char	異邦人 無皇刃譚@86100576	
羅珊	cgroup	Template:CGroup/GOSICK@62514366	
羅瑟瑞	cgroup	Template:CGroup/GundamIBO@91631774	
羅甯	cgroup	Template:CGroup/Warcraft@92164655	CHECK,zh-hant
羅米羅	cgroup	Template:CGroup/Shugo Chara!@81936822	
羅米路	cgroup	Template:CGroup/GundamUC@94693163	
羅納多	char	91Days@89878470	
羅納德	cgroup	Template:CGroup/黑執事@49361116	
羅索史特拉達隊	cgroup	Template:CGroup/四驅兄弟@86987120	
羅羅亞	cgroup	Module:CGroup/OnePiece@83858889	
羅茲瓦德	cgroup	Module:CGroup/OnePiece@83858889	CHECK
羅茲瓦爾	char	異世界四重奏@93605298	CHECK
羅莎米亞	cgroup	Template:CGroup/GundamUC@94693163	CHECK
羅蕾萊	cgroup	Template:CGroup/Mazinger@84157445	
羅薩琳	char	悲慘世界 少女珂賽特@94720109	
羅薩琳德	char	長腿叔叔 (動畫)@94856329	
羅許福爾	char	湯姆歷險記 (動畫)@94720074	
羅貝迪歐	cgroup	Template:CGroup/打工吧！魔王大人@40273238	
羅賽	cgroup	Template:CGroup/FullmetalAlchemist@48481493	
羅迪至尊	cgroup	Template:CGroup/Transformers@87179168	
羅連	cgroup	Template:CGroup/GundamAGE@51366593	
羅達隆	cgroup	Template:CGroup/Warcraft@92164655	zh-hant
羅達隆的毀滅	cgroup	Template:CGroup/Warcraft@92164655	zh-hant
羅馬利歐	cgroup	Template:CGroup/Reborn@29403199	
羅馬霸主	cgroup	Module:CGroup/Games@94658856	
羈絆劇情	cgroup	Module:CGroup/BlueArchive@93972468	zh-hant
羊角魔爪	cgroup	Module:CGroup/Counter-Strike@85677571	zh-hant
羊蹄山戰鬼	cgroup	Module:CGroup/Games@94658856	
美亞	char	爆丸5星域爭霸@90756067	
美人魚公主	cgroup	Template:CGroup/Pichi Pichi Pitch@94608266	
美凪紗紗蘿	char	魔法少女小圓角色列表@94590242	
美味盛宴	cgroup	Module:CGroup/Disney@93925402	
美味蟹堡	cgroup	Module:CGroup/SpongeBob SquarePants@91129493	
美商藝電	cgroup	Module:CGroup/Games@94658856	
美國中西部城市傭兵	cgroup	Module:CGroup/Counter-Strike@85677571	zh-hant
美國副總統	char	CANAAN@94727525	
美國宇宙漫遊者隊	cgroup	Template:CGroup/四驅兄弟@86987120	
美國正義聯盟	cgroup	Module:CGroup/美国漫画@94638375	zh-hant
美國淪亡錄	cgroup	Module:CGroup/Games@94658856	
美國第六海豹特遣隊	cgroup	Module:CGroup/Counter-Strike@85677571	zh-hant
美國總統	char	CANAAN@94727525	
美國織莉子	char	魔法少女小圓角色列表@94590242	
美國老爹	cgroup	Module:CGroup/Cartoon@93410586	
美國軍人	char	雲之彼端，約定的地方@92998776	
美國隊長	cgroup	Module:CGroup/美国漫画@94638375	
美城常務	char	偶像大師 灰姑娘女孩角色列表@91786822	
美塔領域	cgroup	Template:CGroup/Ultraman@94663541	
美墨亮太	char	光之美少女@94825358	
美墨岳	char	光之美少女@94825358	
美墨理惠	char	光之美少女@94825358	
美夢俱樂部	cgroup	Module:CGroup/Games@94658856	
美好的青空會	cgroup	Template:CGroup/KamenRider@94225985	
美它利佛鍬形蟲獸	char	数码宝贝大冒险：角色列表@94538377	
美少女戰鬥隊	cgroup	Module:CGroup/Anime@94680982	
美彌子	cgroup	Module:CGroup/OshinoKo@84428949	
美德傳奇	cgroup	Module:CGroup/Tales@54832633	
美星	cgroup	Template:CGroup/GBF@82201572	
美木杉愛九郎	char	KILL la KILL@94827565	
美枝	cgroup	Module:CGroup/Simpsons@84869408	
美格福斯	cgroup	Module:CGroup/Games@94658856	
美樹沙耶香	char	魔法少女小圓角色列表@94590242	
美波一輝	char	Free!@93607624	
美洛耶塔的閃亮音樂會	cgroup	Template:CGroup/Pokemon@85444397	
美津芽	cgroup	Template:CGroup/KamenRider@94225985	
美特隆星人	cgroup	Template:CGroup/Ultraman@94663541	zh-hant
美玲	cgroup	Template:CGroup/GundamSeed@92969101	
美美月夢	char	Go Princess 光之美少女@94065409	
美聲天籟	cgroup	Module:CGroup/My Little Pony@91388064	
美聲樂團	cgroup	Module:CGroup/My Little Pony@91388064	
美芝	char	功夫貓黨@94855681	
美袋命	char	舞-HiME角色列表@91610502	
美食人生	cgroup	Module:CGroup/My Little Pony@91388064	
美食偵探王	cgroup	Module:CGroup/Anime@94680982	
美食小專家	cgroup	Module:CGroup/Anime@94680982	
美食獵人	cgroup	Module:CGroup/Anime@94680982	
美馬和男	char	名偵探柯南：紺碧之棺@91454532	
美體工坊	cgroup	Template:CGroup/Sim@37867988	
美鬨	cgroup	Module:CGroup/Simpsons@84869408	
美鳥伴身邊	cgroup	Module:CGroup/Anime@94680982	
美麗人生	cgroup	Template:CGroup/Sim@37867988	
美麗夜未眠	cgroup	Template:CGroup/Sim@37867988	
美麗彩虹	cgroup	Template:CGroup/Pretty Rhythm@77221109	zh-hant
美麗獸	char	數碼暴龍App世代角色列表@94177588	
美麗的新娘捧花	cgroup	Template:CGroup/愛天使傳說@43103330	
羚羊老師	cgroup	Module:CGroup/PeppaPig@87025478	zh-hant
群星閃耀	cgroup	Template:CGroup/Pretty Rhythm@77221109	
群魔	cgroup	Module:CGroup/Counter-Strike@85677571	zh-hant
群魔堡壘	cgroup	Template:CGroup/Diablo@94495831	
義呆利	cgroup	Module:CGroup/Anime@94680982	CHECK
義大利國王	char	羅密歐的藍天@91519228	
義大利巷戰	cgroup	Module:CGroup/Counter-Strike@85677571	zh-hant
義天使	cgroup	Template:CGroup/Heroes of the Storm@49727842	
羽場二三一	char	名偵探柯南：零的執行人@94628185	
羽場詩織	char	佐賀偶像是傳奇@94005232	
羽奈	cgroup	Template:CGroup/KamenRider@94225985	
羽川翼	char	魔法少女小圓角色列表@94590242	
羽張迅	char	K (動畫)@93234659	
羽柴沙紀	cgroup	Template:CGroup/Aikatsu@68312381	
羽柴長官	char	數碼寶貝拯救隊角色列表@94177566	
羽沢順子	char	妖怪手錶系列@93337229	
羽留奈	cgroup	Module:CGroup/BlueArchive@93972468	zh-hant
羽羽斬獸	char	數碼寶貝覺醒節拍角色列表@94712797	
羽蛇獸	char	数码宝贝幽灵游戏角色列表@94560916	
羽賀響輔	char	名偵探柯南角色列表@94461808	
羽間	cgroup	Template:CGroup/HUNTER@80241645	
羽馬令依菜	char	漂流家園@87146899	
翁迦明	cgroup	Template:CGroup/Family Guy@79259281	
翔光戰將	cgroup	Template:CGroup/爆丸@31893398	
翔翼型威達	cgroup	Template:CGroup/GundamSeed@92969101	
翔翼型攻擊	cgroup	Template:CGroup/GundamSeed@92969101	
翔翼型攻擊鋼彈	cgroup	Template:CGroup/GundamSeed@92969101	
翔翼型瘟神	cgroup	Template:CGroup/GundamSeed@92969101	
翔翼型瘟神鋼彈	cgroup	Template:CGroup/GundamSeed@92969101	
翔風督依德	cgroup	Template:CGroup/Warcraft@92164655	zh-hant
翠星上的加爾岡緹亞	title	翠星上的加爾岡緹亞@91223485	
翠玉林	cgroup	Module:CGroup/Wow@94351016	
翠絲	char	惡魔獵人系列角色列表@92426452	
翠西卡海爾弗	cgroup	Template:CGroup/C&C@83793789	CHECK
翠龍巴沙拿	char	爆旋陀螺Burst@94644099	CHECK
翡翠宙斯	cgroup	Template:CGroup/戰鬥陀螺 鋼鐵奇兵@68490308	
翱銳龍獸	cgroup	Module:CGroup/LOL@93322985	
翻桌大法	cgroup	Module:CGroup/閃電十一人@68657168	
翻滾海賊團	cgroup	Module:CGroup/OnePiece@83858889	
翻滾滑鏟	cgroup	Module:CGroup/閃電十一人@68657168	
翻譯蒟蒻	cgroup	Module:CGroup/Doraemon@88509940	
翻車星	cgroup	Module:CGroup/OnePiece@83858889	
翻車魚獸	char	数码宝贝大冒险：角色列表@94538377	
翼狀感應炮	cgroup	Template:CGroup/GundamUC@94693163	
翼王模式	cgroup	Template:CGroup/KamenRider@94225985	
翼魔鋼彈	cgroup	Template:CGroup/GundamIBO@91631774	
翼龍怒吼	cgroup	Module:CGroup/閃電十一人@68657168	
翼龍暴風雪	cgroup	Module:CGroup/閃電十一人@68657168	
翼龍爪	cgroup	Template:CGroup/Eyeshield21@86998850	
耀獅獸	char	數碼寶貝覺醒節拍角色列表@94712797	
老大妖	cgroup	Template:CGroup/妖怪手錶@75937932	
老奈	cgroup	Module:CGroup/Disney@93925402	
老皮	cgroup	Template:CGroup/Adventure Time@90284406	
老蔡	char	大欺诈师@90518284	
老蕨	cgroup	Module:CGroup/Pixar@93247177	
老頭阿迪	cgroup	Template:CGroup/小魔女DoReMi@65858319	
老鵜鶘	char	蒼鷺與少年@94140876	
老鷹射門	cgroup	Module:CGroup/Counter-Strike@85677571	zh-hant
考森	cgroup	Module:CGroup/美国漫画@94638375	
考狄利亞	char	羅密歐×茱麗葉@78678859	
耐徹爾	char	Suite 光之美少女♪@92951168	
耐斯	cgroup	Template:CGroup/Ultraman@94663541	
耕四郎	cgroup	Module:CGroup/OnePiece@83858889	
耶利內克	char	龍與雀斑公主@94650173	
耶卡	cgroup	Template:CGroup/Gundam00@70972545	
耶拉	char	音速小子X@94737938	
耶林奇大臣	cgroup	Module:CGroup/Jewelpet@81833309	
耶歐萊茵	cgroup	Module:CGroup/SAO@89298185	
耶穌布	cgroup	Module:CGroup/OnePiece@83858889	
耶羅尼姆斯	cgroup	Module:CGroup/BlueArchive@93972468	zh-hant
耶色魯	cgroup	Template:CGroup/童話槍手小紅帽@22981301	
耶雷弗	cgroup	Template:CGroup/MapleStory@57794822	
耶魯馬他	cgroup	Module:CGroup/Doraemon@88509940	
耶魯馬他哆啦	cgroup	Module:CGroup/Doraemon@88509940	
聖之冠	cgroup	Template:CGroup/Shugo Chara!@81936822	
聖亞	cgroup	Module:CGroup/BlueArchive@93972468	zh-hant
聖代星光	char	光之美少女：食尚甜心@92951245	
聖休亞瑞	cgroup	Template:CGroup/Diablo@94495831	
聖光之路	cgroup	Module:CGroup/閃電十一人@68657168	
聖光之鎚	cgroup	Module:CGroup/Counter-Strike@85677571	zh-hant
聖光亞巴頓	char	爆丸5星域爭霸@90756067	
聖光人馬	char	爆丸5星域爭霸@90756067	
聖光天馬	char	爆丸5星域爭霸@90756067	
聖光猩猩	char	爆丸5星域爭霸@90756067	
聖光翔翼	cgroup	Template:CGroup/爆丸@31893398	
聖光鎖鏈	cgroup	Template:CGroup/爆丸@31893398	
聖光長毛象	char	爆丸5星域爭霸@90756067	
聖光雷擊	char	数码宝贝03驯兽师之王角色列表@94744434	
聖劍颶風	char	DokiDoki! 光之美少女@93549956	
聖十字火焰	cgroup	Module:CGroup/閃電十一人@68657168	
聖堂文庫	cgroup	Template:CGroup/StarCraft2@39914602	
聖多拉	cgroup	Template:CGroup/愛天使傳說@43103330	
聖天空戰記	title	聖天空戰記@94720493	
聖天空龍	char	爆丸5星域爭霸@90756067	
聖女密碼	cgroup	Module:CGroup/ResidentEvil@94612703	
聖女烈火	cgroup	Module:CGroup/閃電十一人@68657168	
聖女魔力無所不能	cgroup	Module:CGroup/Anime@94680982	
聖奶奶	cgroup	Template:CGroup/妖怪手錶@75937932	
聖娜	cgroup	Module:CGroup/美国漫画@94638375	CHECK
聖戰士丹拜因	cgroup	Module:CGroup/Anime@94680982	
聖戰雙姬	cgroup	Module:CGroup/Counter-Strike@85677571	zh-hant
聖手鷹刁	cgroup	Module:CGroup/Counter-Strike@85677571	zh-hant
聖托里尼	cgroup	Module:CGroup/Counter-Strike@85677571	zh-hant
聖樹獸	cgroup	Template:CGroup/Digimon@94687201	
聖次郎	char	數碼暴龍App世代角色列表@94177588	
聖母艦	cgroup	Template:CGroup/StarCraft2@39914602	
聖水手榴彈	cgroup	Module:CGroup/Counter-Strike@85677571	zh-hant
聖汀島	cgroup	Module:CGroup/OnePiece@83858889	
聖物	cgroup	Module:CGroup/Cyberpunk@85139581	
聖界裁決	cgroup	Module:CGroup/Counter-Strike@85677571	zh-hant
聖羅莎	cgroup	Template:CGroup/愛天使傳說@43103330	CHECK
聖蘭	cgroup	Template:CGroup/GundamSeed@92969101	
聖蝶	cgroup	Module:CGroup/開闊天空！光之美少女@83218661	
聖誕兵蜂	cgroup	Module:CGroup/Counter-Strike@85677571	zh-hant
聖誕夜怪譚	cgroup	Module:CGroup/Disney@93925402	
聖誕夜驚魂	cgroup	Module:CGroup/Disney@93925402	
聖誕節大賽	cgroup	Template:CGroup/Eyeshield21@86998850	
聖誕老老師	cgroup	Template:CGroup/妖怪手錶@75937932	
聖誕閃靈	cgroup	Module:CGroup/Counter-Strike@85677571	zh-hant
聖誕限定版殲滅者	cgroup	Module:CGroup/Counter-Strike@85677571	zh-hant
聖誕限定版火神機槍	cgroup	Module:CGroup/Counter-Strike@85677571	zh-hant
聖誕限定版皇族聖痕	cgroup	Module:CGroup/Counter-Strike@85677571	zh-hant
聖誕限定版蛇姬之吻	cgroup	Module:CGroup/Counter-Strike@85677571	zh-hant
聖誕鷹刁	cgroup	Module:CGroup/Counter-Strike@85677571	zh-hant
聖鏡	cgroup	Template:CGroup/愛天使傳說@43103330	
聖騎士之戰	cgroup	Module:CGroup/Games@94658856	
聖騎士之路	cgroup	Template:CGroup/Mabinogi@50754648	
聖騎士強襲	cgroup	Module:CGroup/閃電十一人@68657168	
聖騎戰史	cgroup	Module:CGroup/Games@94658856	
聖魂劍士	cgroup	Template:CGroup/MapleStory@57794822	
聖龍聯合	cgroup	Module:CGroup/SAO@89298185	
聚友網絡	cgroup	Module:CGroup/Games-zh@90861641	zh-hant
聚雷神	cgroup	Template:CGroup/妖怪手錶@75937932	
聯合式機動工兵	cgroup	Template:CGroup/GundamIBO@91631774	
聯合軍	cgroup	Template:CGroup/BUDDYCOMPLEX@77221119	
聯盟先鋒	cgroup	Module:CGroup/Wow@94351016	
聯盟幣	cgroup	Module:CGroup/LOL@93322985	
聯盟戰棋	cgroup	Module:CGroup/LOL@93322985	
聯盟系統	cgroup	Module:CGroup/LOL@93322985	
聯網格鬥	cgroup	Template:CGroup/Digimon@94687201	
聯邦圍城	cgroup	Module:CGroup/LOL@93322985	
聯邦學生會	cgroup	Module:CGroup/BlueArchive@93972468	zh-hant
聰明浩克	cgroup	Module:CGroup/美国漫画@94638375	
聲優廣播的幕前幕後	cgroup	Module:CGroup/Anime@94680982	
聲鳥獸	char	数码宝贝大冒险：角色列表@94538377	
聶德	cgroup	Template:CGroup/GOSICK@62514366	
聶明	cgroup	Template:CGroup/四驅兄弟@86987120	
聶狸寶	cgroup	Module:CGroup/Disney@93925402	CHECK
職業網球大聯盟	cgroup	Module:CGroup/Games@94658856	
職業街頭	cgroup	Module:CGroup/Games@94658856	
肉傀儡	cgroup	Template:CGroup/Warcraft@92164655	zh-hant
肉雫唼	char	BLEACH角色列表@94571323	
肌肉不倒翁	cgroup	Template:CGroup/妖怪手錶@75937932	
肌肉先生	char	星之卡比 (動畫)@94160462	
肌肉猛龜	char	航海王電影：GOLD@93412929	
肌肉獸	char	數碼暴龍App世代角色列表@94177588	
肚臍雷射光	cgroup	Template:CGroup/MyHeroAcademia@87565804	
肥嘟嘟左衛門	cgroup	Module:CGroup/蠟筆小新@93760288	
肥貓鬥小強	cgroup	Module:CGroup/Cartoon@93410586	
肩撞	cgroup	Template:CGroup/GundamAGE@51366593	
肯尼希	char	異世界四重奏@93605298	
肯尼洋	cgroup	Template:CGroup/Pokemon@85444397	
肯恩之怒	cgroup	Module:CGroup/Games@94658856	
肯林	cgroup	Module:CGroup/閃電十一人@68657168	
肯泰羅	cgroup	Template:CGroup/Pokemon@85444397	
肯特基	cgroup	Template:CGroup/打工吧！魔王大人@40273238	
肯特妮普	cgroup	Module:CGroup/BLEACH@81833737	
背刺短刀	cgroup	Module:CGroup/Counter-Strike@85677571	zh-hant
胖丁	cgroup	Template:CGroup/Pokemon@85444397	
胡地	cgroup	Template:CGroup/Pokemon@85444397	
胡尼克	cgroup	Module:CGroup/Disney@93925402	
胡帕	char	Pokemon the movie XY 光環的超魔神 胡帕@93394331	
胡桃愛香	char	魔法少女小圓角色列表@94590242	
胡桃澤	char	東京教父@92832083	
胡梅爾夫人	char	愛的小婦人物語@94856165	
胡爺爺	cgroup	Template:CGroup/FullmetalAlchemist@48481493	
胡莉葉塔	cgroup	Module:CGroup/Disney@93925402	
胡葛	cgroup	Template:CGroup/GundamIBO@91631774	
胡蘭	cgroup	Template:CGroup/GBF@82201572	
胡麻班海豹	cgroup	Template:CGroup/MyHeroAcademia@87565804	
能天使鋼彈	cgroup	Template:CGroup/Gundam00@70972545	
能幹貓今天也憂鬱	cgroup	Module:CGroup/Anime@94680982	
能村進愛	char	高校艦隊@93341996	
能源方塊	cgroup	Template:CGroup/Crazyracing Kartrider@60141039	
能源方塊結晶	cgroup	Template:CGroup/Crazyracing Kartrider@60141039	
能量獸之戰獸旋戰鬥	title	能量獸之戰獸旋戰鬥@93872390	
能量防護罩	cgroup	Module:CGroup/閃電十一人@68657168	
脇山珠美	char	偶像大師 灰姑娘女孩角色列表@91786822	CHECK
脈衝槍	cgroup	Module:CGroup/Half-Life@94355597	
脈衝鋼彈	cgroup	Template:CGroup/GundamSeed@92969101	
脊刺爬行蟲	cgroup	Template:CGroup/StarCraft2@39914602	CHECK
脫線戰車	cgroup	Template:CGroup/妖怪手錶@75937932	
腐化飛蟲	cgroup	Template:CGroup/StarCraft2@39914602	
腐朽之都	cgroup	Module:CGroup/Games@94658856	
腓力特	cgroup	Template:CGroup/Mabinogi@50754648	
腓特烈	cgroup	Template:CGroup/GundamAGE@51366593	
腔棘魚獸	char	数码宝贝大冒险：角色列表@94538377	
腦波傳導型薩克	cgroup	Template:CGroup/GundamUC@94693163	
腦波增幅器	cgroup	Module:CGroup/美国漫画@94638375	
腫泡泡公主	cgroup	Template:CGroup/Adventure Time@90284406	
腰痠背痛工頭	cgroup	Template:CGroup/妖怪手錶@75937932	
腳跟貫釘	cgroup	Template:CGroup/GundamIBO@91631774	
膝撞	cgroup	Template:CGroup/GundamAGE@51366593	
膠帶狂人	cgroup	Template:CGroup/MyHeroAcademia@87565804	
膠帶英雄	cgroup	Template:CGroup/MyHeroAcademia@87565804	
膠龍獸	char	数码宝贝幽灵游戏角色列表@94560916	
膨膨獸	char	數碼寶貝覺醒節拍角色列表@94712797	
臥底風雲	cgroup	Module:CGroup/Games@94658856	
臨終擁抱	cgroup	Module:CGroup/LOL@93322985	
自動機器人	cgroup	Template:CGroup/Gundam00@70972545	
自動砲塔	cgroup	Module:CGroup/Counter-Strike@85677571	zh-hant
自動輔助槍管	cgroup	Module:CGroup/Counter-Strike@85677571	zh-hant
自動馬人	cgroup	Template:CGroup/KamenRider@94225985	
自我療癒	cgroup	Module:CGroup/Counter-Strike@85677571	zh-hant
自殺突擊隊	cgroup	Module:CGroup/美国漫画@94638375	
自治聯盟	cgroup	Template:CGroup/StarCraft@73588136	
自治聯盟幽靈特務	cgroup	Template:CGroup/Heroes of the Storm@49727842	
自由幻局	cgroup	Module:CGroup/Cyberpunk@85139581	
自由條約聯合	cgroup	Template:CGroup/BUDDYCOMPLEX@77221119	
自私始祖	char	DokiDoki! 光之美少女@93549956	
自私怪	char	DokiDoki! 光之美少女@93549956	
自私王	char	DokiDoki! 光之美少女@93549956	
自訂對戰	cgroup	Module:CGroup/LOL@93322985	
臭泥	cgroup	Template:CGroup/Pokemon@85444397	
至尊魔法師	cgroup	Module:CGroup/美国漫画@94638375	
至高天	cgroup	Template:CGroup/Diablo@94495831	
至高族	cgroup	Module:CGroup/美国漫画@94638375	
至高進化	cgroup	Module:CGroup/美国漫画@94638375	
致候吾友	cgroup	Module:CGroup/Disney@93925402	
致勝光束	cgroup	Template:CGroup/GBF@82201572	
致勝砲	cgroup	Template:CGroup/GBF@82201572	
致勝鋼彈	cgroup	Template:CGroup/GBF@82201572	
致勝鐵拳	cgroup	Template:CGroup/GBF@82201572	
致命大廈	cgroup	Module:CGroup/Counter-Strike@85677571	zh-hant
致命爆擊	cgroup	Module:CGroup/Counter-Strike@85677571	zh-hant
致命追擊	cgroup	Module:CGroup/Games@94658856	
致命重傷	cgroup	Module:CGroup/Counter-Strike@85677571	zh-hant
與太	char	火影忍者角色列表@94671076	
與蟲蟲獸合步進化	char	数码宝贝大冒险02角色列表@94744398	
興津由佳	char	白箱@94727899	
舊京山	cgroup	Module:CGroup/Disney@93925402	
舒瓦茲	cgroup	Template:CGroup/GGundam@85035825	CHECK
舒茲	cgroup	Template:CGroup/ThePeanuts@54446337	CHECK
舒莉	cgroup	Module:CGroup/美国漫画@94638375	
舔舔獸	char	數碼暴龍App世代角色列表@94177588	
舞劍靈使	cgroup	Module:CGroup/LOL@93322985	
舞動瓦利歐製造	cgroup	Module:CGroup/Nintendo@94745610	
舞動脫逃球	cgroup	Module:CGroup/閃電十一人@68657168	
舞台首秀篇	cgroup	Module:CGroup/OshinoKo@84428949	
舞茸蘑菇	char	白箱@94727899	CHECK
航空巴特	cgroup	Template:CGroup/Transformers@87179168	CHECK
般若拔	cgroup	Module:CGroup/OnePiece@83858889	
舷炮	cgroup	Template:CGroup/Transformers@87179168	
船上的兔子追逐者	cgroup	Module:CGroup/BlueArchive@93972468	zh-hant
船之精靈	char	ONE PIECE角色列表@94658502	
船原雪	char	PSYCHO-PASS角色列表@93403235	
船橋喜一	char	数码宝贝合体战争角色列表@94717250	
艦隊導航台	cgroup	Template:CGroup/StarCraft2@39914602	
良舞	cgroup	Module:CGroup/BlueArchive@93972468	zh-hant
艷麗光點	cgroup	Template:CGroup/Pretty Rhythm@77221109	
艾亞利茲	cgroup	Template:CGroup/GundamW@87064245	CHECK
艾亞魔筆	cgroup	Module:CGroup/Jewelpet@81833309	
艾伯	cgroup	Template:CGroup/Gundam00@70972545	
艾伯托	cgroup	Module:CGroup/Pixar@93247177	
艾伯蘭奇	cgroup	Template:CGroup/GundamIBO@91631774	
艾佛瑞特	cgroup	Module:CGroup/美国漫画@94638375	
艾修鐸爾	cgroup	Module:CGroup/SAO@89298185	
艾倫夫人	char	清秀佳人 (動畫)@94720065	
艾倫戴爾	cgroup	Module:CGroup/Frozen@82365390	
艾倫牧師	char	清秀佳人 (動畫)@94720065	
艾克	cgroup	Template:CGroup/GundamUC@94693163	
艾克史蘭德學園	cgroup	Module:CGroup/Jewelpet@81833309	
艾克斯德斯	cgroup	Module:CGroup/Square Enix@93012351	
艾克斯托爾	cgroup	Module:CGroup/OnePiece@83858889	
艾克索達	cgroup	Module:CGroup/Wow@94351016	
艾克絲女士	cgroup	Template:CGroup/Code Geass@70270136	
艾克萊爾	char	少女與戰車角色列表@93320972	
艾克蓮	cgroup	Module:CGroup/Jewelpet@81833309	
艾冉	cgroup	Module:CGroup/Frieren@82010966	
艾列克	cgroup	Template:CGroup/GundamIBO@91631774	
艾利斯公司	cgroup	Template:CGroup/Gundam00@70972545	
艾利法斯	char	Pokemon the movie XY&Z 波爾凱尼恩與機關人偶 瑪機雅娜@92337863	
艾力獸	char	数码宝贝大冒险角色列表@94744369	
艾卡	cgroup	Template:CGroup/GundamIBO@91631774	
艾可奈特	cgroup	Module:CGroup/Jewelpet@81833309	
艾塔因	cgroup	Template:CGroup/The Witcher@86825096	
艾塔米諾	cgroup	Template:CGroup/愛天使傳說@43103330	
艾夏	cgroup	Template:CGroup/GundamSeed@92969101	
艾夫曼	cgroup	Template:CGroup/Gundam00@70972545	
艾奧傑亞	cgroup	Module:CGroup/Square Enix@93012351	
艾妮維亞	cgroup	Module:CGroup/LOL@93322985	
艾姆斯董事長	char	名偵探福爾摩斯@94071005	
艾娜	cgroup	Template:CGroup/GundamUC@94693163	CHECK
艾娜歐	cgroup	Template:CGroup/GundamTWFM@82129397	CHECK
艾密里歐	char	萬里尋親記@94719791	
艾尼亞克爾	cgroup	Template:CGroup/GundamAGE@51366593	
艾尼愛斯大廳	cgroup	Module:CGroup/OnePiece@83858889	
艾嵐	char	寶可夢動畫角色列表@93411809	
艾巴耶夫	cgroup	Template:CGroup/GundamUC@94693163	CHECK
艾布勞	cgroup	Template:CGroup/GundamIBO@91631774	
艾希莉	cgroup	Module:CGroup/My Little Pony@91388064	
艾德	char	名偵探柯南：黑鐵的魚影@94777147	
艾德卡	cgroup	Module:CGroup/閃電十一人@68657168	
艾德嘉	char	SPY×FAMILY間諜家家酒角色列表@94041877	
艾德拉哥	char	ONE PIECE 黃金島大冒險@93015050	
艾德海蒂	cgroup	Template:CGroup/Reborn@29403199	
艾德翰	cgroup	Template:CGroup/Mabinogi@50754648	
艾恩葛朗特	cgroup	Module:CGroup/SAO@89298185	
艾提恩	cgroup	Module:CGroup/SAO@89298185	
艾文	cgroup	Template:CGroup/Valkyria@77221191	
艾斯佩拉	cgroup	Template:CGroup/MapleStory@57794822	
艾斯化工廠	cgroup	Module:CGroup/美国漫画@94638375	
艾斯卡爾博士	char	星之卡比 (動畫)@94160462	
艾斯巴古	cgroup	Module:CGroup/OnePiece@83858889	CHECK
艾斯拉	cgroup	Template:CGroup/Mabinogi@50754648	
艾斯曼	cgroup	Template:CGroup/GundamSeed@92969101	
艾斯特	cgroup	Template:CGroup/The Witcher@86825096	
艾斯皮歐	char	音速小子X@94737938	
艾斯科	cgroup	Template:CGroup/The Witcher@86825096	
艾明馬夏	cgroup	Template:CGroup/Mabinogi@50754648	
艾札克	char	ONE PIECE角色列表@94658502	
艾柯雷	cgroup	Module:CGroup/Pixar@93247177	
艾格妮絲	cgroup	Template:CGroup/GundamSeed@92969101	
艾格巴	cgroup	Template:CGroup/GundamUC@94693163	CHECK
艾格薩斯	cgroup	Template:CGroup/GundamSeed@92969101	
艾梅拉爾妲	cgroup	Template:CGroup/GundamUC@94693163	
艾梅洛閣下二世	char	Fate/Apocrypha@90728159	
艾梅爾	char	音速小子X@94737938	
艾梅達	cgroup	Template:CGroup/GundamAGE@51366593	
艾歐	cgroup	Module:CGroup/美国漫画@94638375	
艾歐莉雅	cgroup	Template:CGroup/ED@94768974	zh-hant
艾歷多亞	cgroup	Template:CGroup/GundamUC@94693163	
艾比	cgroup	Module:CGroup/Pixar@93247177	
艾比弗利亞	char	七龍珠Z 世界最強的高手@93733633	
艾比蓋兒	cgroup	Module:CGroup/Disney@93925402	
艾法瑞茲	cgroup	Module:CGroup/Cyberpunk@85139581	CHECK
艾波利歐	cgroup	Module:CGroup/OnePiece@83858889	
艾洛塔	cgroup	Template:CGroup/愛天使傳說@43103330	
艾涅爾	cgroup	Module:CGroup/OnePiece@83858889	
艾溫	cgroup	Template:CGroup/GundamUC@94693163	
艾爾凱普特	cgroup	Module:CGroup/Square Enix@93012351	
艾爾加	cgroup	Template:CGroup/GundamIBO@91631774	
艾爾多利耶	cgroup	Module:CGroup/SAO@89298185	
艾爾岱之鑰	cgroup	Template:CGroup/童話槍手小紅帽@22981301	
艾爾希翁	cgroup	Module:CGroup/Danball Senki@81863967	
艾爾法梅	cgroup	Template:CGroup/GundamAGE@51366593	
艾爾美斯	cgroup	Template:CGroup/GundamUC@94693163	
艾爾芙	char	魔法少女奈葉系列角色列表@93877995	
艾爾萊特	cgroup	Template:CGroup/爆丸@31893398	
艾爾薇拉	char	終末的伊澤塔@91239289	
艾爾迪亞	cgroup	Template:CGroup/進擊的巨人@76977335	
艾爾達斯	cgroup	Template:CGroup/MapleStory@57794822	
艾特根	char	凱洛與塔斯黛@92015221	
艾狄歐	char	ONE PIECE角色列表@94658502	
艾瑟達姆	cgroup	Module:CGroup/Danball Senki@81863967	
艾瑪老師	cgroup	Template:CGroup/魔法咪路咪路@26972197	
艾甲甲	cgroup	Module:CGroup/Simpsons@84869408	
艾立歐	cgroup	Module:CGroup/Pixar@93247177	
艾米利歐	cgroup	Template:CGroup/Gundam00@70972545	
艾米哈	cgroup	Template:CGroup/進擊的巨人@76977335	
艾米提亞	cgroup	Module:CGroup/Square Enix@93012351	
艾米莉	char	爆丸5星域爭霸@90756067	
艾米莉亞	cgroup	Template:CGroup/打工吧！魔王大人@40273238	
艾米莉雅	cgroup	Template:CGroup/GundamIBO@91631774	
艾納斯大陸	cgroup	Template:CGroup/MapleStory@57794822	
艾紐	cgroup	Template:CGroup/Gundam00@70972545	
艾絲妮	cgroup	Template:CGroup/Pretty Rhythm@77221109	
艾絲黛拉	char	Vivy -Fluorite Eye's Song-@93702039	
艾維拉	cgroup	Template:CGroup/BUDDYCOMPLEX@77221119	
艾美拉達	cgroup	Template:CGroup/打工吧！魔王大人@40273238	
艾翁	cgroup	Template:CGroup/Gundam00@70972545	
艾肯涅	cgroup	Template:CGroup/GundamUC@94693163	
艾芙琳	cgroup	Module:CGroup/Pixar@93247177	
艾茲拉	char	愛少女波麗安娜物語@94856145	CHECK
艾莉	cgroup	Module:CGroup/Frieren@82010966	
艾莉亞	cgroup	Template:CGroup/Code Geass@70270136	
艾莉克娜	cgroup	Template:CGroup/Mabinogi@50754648	CHECK
艾莉可	cgroup	Template:CGroup/GundamUC@94693163	
艾莉娜	cgroup	Template:CGroup/Mabinogi@50754648	CHECK
艾莉的異想世界	cgroup	Module:CGroup/Disney@93925402	
艾莉紗	cgroup	Template:CGroup/Toaru@89726592	
艾莉緹	char	借物少女艾莉緹@89682636	
艾莉莎白	char	Vivy -Fluorite Eye's Song-@93702039	CHECK
艾華	cgroup	Template:CGroup/GundamAGE@51366593	
艾菲	cgroup	Template:CGroup/Mabinogi@50754648	
艾蕾卡	char	交响诗篇@94703945	
艾蕾特	cgroup	Template:CGroup/GundamUC@94693163	
艾薇	cgroup	Template:CGroup/GundamIBO@91631774	
艾薇兒	cgroup	Template:CGroup/GOSICK@62514366	
艾薇爾	cgroup	Template:CGroup/Adventure Time@90284406	
艾蘭德	cgroup	Template:CGroup/The Witcher@86825096	
艾裘	cgroup	Template:CGroup/GundamUC@94693163	
艾諾亞	cgroup	Template:CGroup/GundamAGE@51366593	
艾謝爾	cgroup	Template:CGroup/打工吧！魔王大人@40273238	zh-hant
艾賈克	cgroup	Module:CGroup/美国漫画@94638375	
艾路吉	cgroup	Template:CGroup/GundamIBO@91631774	
艾迪利	cgroup	Template:CGroup/Cyber Formula@68486475	
艾連	cgroup	Template:CGroup/進擊的巨人@76977335	
艾連姆	cgroup	Template:CGroup/GundamIBO@91631774	
艾達爾加	cgroup	Template:CGroup/Ultraman@94663541	zh-hant
艾那姆	cgroup	Module:CGroup/閃電十一人@68657168	
艾里娜	char	少女與戰車角色列表@93320972	CHECK
艾里昂	cgroup	Template:CGroup/GundamIBO@91631774	
艾雷伊	cgroup	Template:CGroup/GundamIBO@91631774	
艾靈森林	cgroup	Template:CGroup/MapleStory@57794822	
艾魯多	cgroup	Template:CGroup/進擊的巨人@76977335	
艾魯西	cgroup	Template:CGroup/The World God Only Knows@50754307	CHECK
艾黛爾	cgroup	Module:CGroup/Frieren@82010966	
芊姨婆	cgroup	Module:CGroup/Pixar@93247177	
芙利斯	cgroup	Template:CGroup/The Witcher@86825096	
芙勞	cgroup	Template:CGroup/GundamUC@94693163	
芙卡	cgroup	Template:CGroup/GundamIBO@91631774	
芙洛蒂	cgroup	Template:CGroup/愛天使傳說@43103330	
芙琉奈	char	Fractale@90968404	
芙琳特	char	少女與戰車角色列表@93320972	
芙瑞嘉	cgroup	Module:CGroup/美国漫画@94638375	
芙米妲	cgroup	Template:CGroup/GundamIBO@91631774	
芙莉	cgroup	Template:CGroup/愛天使傳說@43103330	
芙莉妲	cgroup	Template:CGroup/進擊的巨人@76977335	
芙菈森	cgroup	Template:CGroup/StarCraft@73588136	
芙蕾	cgroup	Template:CGroup/GundamSeed@92969101	
芙蕾妮卡	cgroup	Module:CGroup/SAO@89298185	
芙蘭西斯	char	音速小子X@94737938	CHECK
芙蘿絲	cgroup	Module:CGroup/My Little Pony@91388064	
芙麗爾	char	奇蛋物语@93093482	CHECK
芝山三崎	char	小魔女DoReMi@94721174	
芝蒙獸	char	数码宝贝大冒险角色列表@94744369	
芝陽一郎	char	名偵探柯南：瞳孔中的暗殺者@94403739	
芝魯王	char	飛虎奇兵@90162991	
芥末無薑	cgroup	Module:CGroup/Disney@93925402	
芬克斯	cgroup	Template:CGroup/HUNTER@80241645	
芬布迪	cgroup	Module:CGroup/OnePiece@83858889	
芬瑟	cgroup	Template:CGroup/GundamUC@94693163	
芭卡拉	char	航海王電影：GOLD@93412929	
芭拉路	cgroup	Template:CGroup/魔法咪路咪路@26972197	
芭朵絲	cgroup	Template:CGroup/DragonBall@92325756	
芭秋菈	cgroup	Module:CGroup/OnePiece@83858889	
芭維塔	cgroup	Template:CGroup/The Witcher@86825096	
芭貝爾	char	爆丸5星域爭霸@90756067	
芮比與起司	char	音速小子X@94737938	
芮琪娜	cgroup	Module:CGroup/Cyberpunk@85139581	CHECK
花仙獸	cgroup	Template:CGroup/Digimon@94687201	
花咲空	char	Heartcatch 光之美少女！@94574540	
花咲美月	char	Heartcatch 光之美少女！@94574540	
花咲陽一	char	Heartcatch 光之美少女！@94574540	
花園別墅組合	cgroup	Template:CGroup/Sim@37867988	
花天狂骨	char	BLEACH角色列表@94571323	
花嵐繪里	char	數碼暴龍App世代角色列表@94177588	
花拉獸	char	数码宝贝大冒险角色列表@94744369	
花村千種	char	Free!@93607624	
花村美加	char	禁獵魔女@94041811	
花果獸	char	數碼寶貝覺醒節拍角色列表@94712797	
花瀨薰	char	玉子市場@93415198	
花田少年史	cgroup	Module:CGroup/Anime@94680982	
花皇	char	犬夜叉角色列表@94790447	
花笠	char	ONE PIECE FILM RED@94073649	
花繪	cgroup	Module:CGroup/BlueArchive@93972468	zh-hant
花花公子帥章魚	cgroup	Module:CGroup/SpongeBob SquarePants@91129493	
花蝶	cgroup	Template:CGroup/GBF@82201572	
花蝶流星	cgroup	Template:CGroup/Yes! 光之美少女5@89217113	
花輪弁慶	char	戰鬥陀螺 鋼鐵奇兵角色列表@94643342	
花野井同學與戀愛病	cgroup	Module:CGroup/Anime@94680982	
花開領主獸	char	数码宝贝幽灵游戏角色列表@94560916	
花龍獸	char	数码宝贝大冒险：角色列表@94538377	
芳山和子	char	跳躍吧！時空少女@94438891	
芳達貝雷	cgroup	Template:CGroup/童話槍手小紅帽@22981301	
芳達貝雷之鑰	cgroup	Template:CGroup/童話槍手小紅帽@22981301	
芳鄰物語	cgroup	Module:CGroup/Anime@94680982	
芹奈	cgroup	Module:CGroup/BlueArchive@93972468	zh-hant
芹澤尚	char	Free!@93607624	
芹澤朋也	char	鈴芽之旅@94338447	
芹菜怪	char	飛天小女警Z@94716201	
苑田莖子	char	少女革命@93843108	
若亞敬	cgroup	Template:CGroup/GundamSeed@92969101	
若惡	cgroup	Module:CGroup/Cyberpunk@85139581	
若林智香	char	偶像大師 灰姑娘女孩角色列表@91786822	
若狹麗緒	char	高校艦隊@93341996	CHECK
若苗湊太	char	可塑性記憶@94399638	
若菜紬	char	魔法少女小圓角色列表@94590242	
若骨丸	char	半妖的夜叉姬@87932716	
英利政美	char	玲音@94565560	
英勇無敵號	cgroup	Module:CGroup/Anime@94680982	
英國皇家特種空勤隊	cgroup	Module:CGroup/Counter-Strike@85677571	zh-hant
英文村	cgroup	Template:CGroup/MapleStory@57794822	
英格茲	cgroup	Module:CGroup/Square Enix@93012351	CHECK
英澤	cgroup	Template:CGroup/魔法咪路咪路@26972197	
英雄之戰	cgroup	Template:CGroup/Might&Magic@42603917	
英雄傳奇	cgroup	Module:CGroup/Tales@54832633	
英雄傳說	cgroup	Template:CGroup/ED@94768974	zh-hant
英雄崛起	cgroup	Module:CGroup/美国漫画@94638375	zh-hant
英雄戰擊	cgroup	Module:CGroup/Counter-Strike@85677571	zh-hant
英雄誌	cgroup	Template:CGroup/Might&Magic@42603917	
英雄連隊	cgroup	Module:CGroup/Games@94658856	
苿奈	cgroup	Module:CGroup/OshinoKo@84428949	
茂丘西奧	char	羅密歐×茱麗葉@78678859	CHECK
茂木遙史	char	名偵探柯南角色列表@94461808	
茂為歐買尬數位科技	cgroup	Module:CGroup/Games-zh@90861641	zh-hant
范倫廷	cgroup	Module:CGroup/ResidentEvil@94612703	
范倫蒂諾	cgroup	Template:CGroup/GundamSeed@92969101	
范蕾特	cgroup	Template:CGroup/ThePeanuts@54446337	
茅菜夢衣	char	白箱@94727899	
茉丘莉	cgroup	Template:CGroup/The World God Only Knows@50754307	
茉兒的禮物	cgroup	Module:CGroup/My Little Pony@91388064	
茉刺盟	cgroup	Module:CGroup/Cyberpunk@85139581	
茜迪特	char	爆旋陀螺Burst@94644099	
茜香	cgroup	Module:CGroup/BlueArchive@93972468	zh-hant
茱耶爾	cgroup	Module:CGroup/BLEACH@81833737	
茱莉亞諾	char	FRESH光之美少女！@93922959	
茱蒂絲	cgroup	Module:CGroup/Half-Life@94355597	
茱麗雅劍	cgroup	Template:CGroup/GundamIBO@91631774	CHECK
茲姆莉	cgroup	Template:CGroup/KamenRider@94225985	CHECK
茲巴獸	char	数码宝贝幽灵游戏角色列表@94560916	CHECK
茲歐斯	cgroup	Template:CGroup/KamenRider@94225985	CHECK
茲沙	cgroup	Template:CGroup/GundamUC@94693163	CHECK
茲馮	cgroup	Template:CGroup/Code Geass@70270136	CHECK
茶掛豪	char	爆旋陀螺Burst@94644099	
茶澤信輔	char	白箱@94727899	
茶蘿絲	cgroup	Module:CGroup/Jewelpet@81833309	
茸茸獸	char	數碼寶貝覺醒節拍角色列表@94712797	
草壁梅	char	龙猫@93245446	
草壁皋月	char	龙猫@93245446	
草壁達郎	char	龙猫@93245446	
草壁靖子	char	龙猫@93245446	
草帽一伙	cgroup	Module:CGroup/OnePiece@83858889	
草莓娛樂	cgroup	Module:CGroup/OshinoKo@84428949	
草莓娛樂經紀公司	cgroup	Module:CGroup/OshinoKo@84428949	
草葉天音	char	爆旋陀螺Burst@94644099	
草薙仁	char	遊戲王VRAINS@92292355	
草薙出雲	char	K (動畫)@93234659	
草薙寧寧	char	劇場版 世界計畫 崩壞的世界與無法歌唱的初音未來@94728690	
草薙梢	char	拜託了☆老師@90724500	
草薙翔一	char	遊戲王VRAINS@92292355	
草野薰	char	名偵探柯南角色列表@94461808	
草間花音	char	罪惡王冠@87767894	
草阿寶	cgroup	Template:CGroup/Adventure Time@90284406	
荒原之軍	cgroup	Template:CGroup/Might&Magic@42603917	
荒島歷險記	cgroup	Template:CGroup/Sim@37867988	
荒木剛	char	富豪刑事 Balance:UNLIMITED@93288613	
荒木比奈	char	偶像大師 灰姑娘女孩角色列表@91786822	
荒木研究官	char	天气之子@94186671	
荒漠之鷹	cgroup	Module:CGroup/Counter-Strike@85677571	zh-hant
荒蕪大樓	cgroup	Module:CGroup/Counter-Strike@85677571	zh-hant
荒野女巫	char	哈尔的移动城堡@94539471	
荷姆薇潔	cgroup	Template:CGroup/GundamIBO@91631774	
荷帝	cgroup	Module:CGroup/OnePiece@83858889	
荷普	cgroup	Module:CGroup/美国漫画@94638375	
荷曼妮	cgroup	Template:CGroup/GOSICK@62514366	
荷林	cgroup	Template:CGroup/FullmetalAlchemist@48481493	
荷熊	cgroup	Module:CGroup/Simpsons@84869408	
荷熊歷險記	cgroup	Module:CGroup/Simpsons@84869408	
荷莉	cgroup	Module:CGroup/Pixar@93247177	
荷莉夫人	char	名偵探福爾摩斯@94071005	
荷蜜莉	char	借物少女艾莉緹@89682636	
荷黑	char	萬里尋親記@94719791	
荷黑斯	char	萬里尋親記@94719791	
荻野千尋	char	千与千寻@94787677	
荻野彩實	char	名偵探柯南：漆黑的追跡者@94634868	
荻野悠子	char	千与千寻@94787677	
荻野明夫	char	千与千寻@94787677	
荻野目桃果	char	回转企鹅罐@94635162	
荻野目繪里子	char	回转企鹅罐@94635162	
荻野目聰	char	回转企鹅罐@94635162	
荻野目蘋果	char	回转企鹅罐@94635162	
莉亞	cgroup	Template:CGroup/Diablo@94495831	
莉塔	cgroup	Template:CGroup/GundamUC@94693163	
莉央	cgroup	Module:CGroup/BlueArchive@93972468	zh-hant
莉姆	char	ONE PIECE角色列表@94658502	
莉姿姆	char	數碼寶貝拯救隊@94733000	
莉娜莉亞	char	翠星上的加爾岡緹亞@91223485	CHECK
莉婕特	char	翠星上的加爾岡緹亞@91223485	
莉拉	cgroup	Template:CGroup/Futurama@34999934	
莉比	cgroup	Module:CGroup/Pixar@93247177	
莉法	cgroup	Module:CGroup/SAO@89298185	
莉潔莉特	char	Fate/stay night角色列表@94041607	
莉玲	char	BLEACH角色列表@94571323	
莉瑪	char	翠星上的加爾岡緹亞@91223485	
莉精	cgroup	Module:CGroup/Simpsons@84869408	
莉精安妮	cgroup	Module:CGroup/Simpsons@84869408	
莉絲	cgroup	Template:CGroup/GundamUC@94693163	
莉絲妲黛	char	異世界四重奏@93605298	
莉茲貝特	cgroup	Module:CGroup/SAO@89298185	CHECK
莉莉佳	cgroup	Module:CGroup/OnePiece@83858889	
莉莉克	cgroup	Template:CGroup/GundamTWFM@82129397	
莉莉板	cgroup	Module:CGroup/Pixar@93247177	
莉蕾公主	char	大雄與綠之巨人傳@90942689	
莉蘿	cgroup	Module:CGroup/Disney@93925402	
莉西	cgroup	Template:CGroup/黑執事@49361116	CHECK
莉賽莉絲	cgroup	Module:CGroup/SAO@89298185	
莉迪拉德	cgroup	Template:CGroup/GundamSeed@92969101	
莉露多托	cgroup	Module:CGroup/BLEACH@81833737	
莉露姆	cgroup	Template:CGroup/魔法咪路咪路@26972197	
莊一郎	char	飛天小女警Z@94716201	
莊尼	char	翠星上的加爾岡緹亞@91223485	
莎也佳	cgroup	Template:CGroup/Mazinger@84157445	CHECK
莎多	char	星之卡比 (動畫)@94160462	CHECK
莎拉公主	title	小公主莎拉@94856128	
莎索莉娜	char	Heartcatch 光之美少女！@94574540	CHECK
莎莉曼夫人	char	哈尔的移动城堡@94539471	
莎莉班	cgroup	Template:CGroup/小魔女DoReMi@65858319	
莎莉雅	cgroup	Template:CGroup/魔法咪路咪路@26972197	
莎蒂	char	長腿叔叔 (動畫)@94856329	CHECK
莎賓娜	cgroup	Template:CGroup/The Witcher@86825096	CHECK
莎黛辛頓	cgroup	Template:CGroup/C&C@83793789	CHECK
莖道修一郎	char	罪惡王冠@87767894	
莫內	cgroup	Module:CGroup/OnePiece@83858889	
莫利夫人	char	名偵探福爾摩斯@94071005	
莫勾	cgroup	Module:CGroup/Wow@94351016	
莫奇	cgroup	Template:CGroup/Heroes of the Storm@49727842	
莫少蔥	cgroup	Module:CGroup/Simpsons@84869408	
莫尤沙漠	cgroup	Template:CGroup/Mabinogi@50754648	
莫布利特	cgroup	Template:CGroup/進擊的巨人@76977335	
莫布斯通	char	航海王電影：Z@94840945	
莫德	cgroup	Module:CGroup/My Little Pony@91388064	
莫拉萊斯中尉	cgroup	Template:CGroup/Heroes of the Storm@49727842	
莫撒	cgroup	Template:CGroup/GundamIBO@91631774	
莫格羅	cgroup	Template:CGroup/GundamIBO@91631774	
莫法特夫人	char	愛的小婦人物語@94856165	
莫蘭上校	char	名偵探柯南：貝克街的亡靈@94782563	
莫那	cgroup	Module:CGroup/Simpsons@84869408	
莫里亞提教授	char	名偵探柯南：貝克街的亡靈@94782563	
莫里亞蒂教授	char	名偵探福爾摩斯@94071005	
莫阿	char	七龍珠Z 燃燒吧!!熱戰·烈戰·超激戰@93733652	
莫雷尼	char	萬里尋親記@94719791	
莫魯塔貝多校長	cgroup	Module:CGroup/Jewelpet@81833309	
菁嚇會	cgroup	Module:CGroup/Pixar@93247177	
菅之木愁	char	BLEACH角色列表@94571323	
菅沼千紗	cgroup	Module:CGroup/BlueArchive@93972468	zh-hant
菅野光明	char	白箱@94727899	
菇菇村	cgroup	Template:CGroup/MapleStory@57794822	
菊之丞	cgroup	Template:CGroup/NARUTO@86143617	
菊代	char	少女與戰車角色列表@93320972	
菊川清一郎	char	名偵探柯南：貝克街的亡靈@94782563	
菊川雪之	char	舞-HiME角色列表@91610502	
菜鳥考驗	cgroup	Module:CGroup/My Little Pony@91388064	
華之國大名	char	BORUTO-火影新世代-NARUTO NEXT GENERATIONS-角色列表@94842050	
華克夫人	char	愛的小婦人物語@94856165	
華勒	cgroup	Module:CGroup/美国漫画@94638375	CHECK
華域網絡	cgroup	Module:CGroup/Games-zh@90861641	zh-hant
華娜莉	cgroup	Module:CGroup/Cyberpunk@85139581	CHECK
華斯納神父	char	崔普一家物語@86705471	
華特斯	cgroup	Module:CGroup/美国漫画@94638375	
華特迪士尼影業	cgroup	Module:CGroup/Pixar@93247177	zh-hant
華生博士	char	名偵探福爾摩斯@94071005	
華生夫人	char	湯姆歷險記 (動畫)@94720074	
華石鬥郎	cgroup	Template:CGroup/HUNTER@80241645	
華米	cgroup	Template:CGroup/小魔女DoReMi@65858319	
華米之家	cgroup	Template:CGroup/Death Note@84122694	
華藍市	cgroup	Template:CGroup/Pokemon@85444397	
華頭	cgroup	Module:CGroup/Simpsons@84869408	
華麗舞台	cgroup	Template:CGroup/Sim@37867988	
菱鏡色彩	cgroup	Module:CGroup/SAO@89298185	
菲亞查德	cgroup	Template:CGroup/GundamUC@94693163	
菲利培	cgroup	Module:CGroup/Pixar@93247177	
菲利特	cgroup	Template:CGroup/GundamAGE@51366593	
菲利達菲亞	cgroup	Module:CGroup/My Little Pony@91388064	zh-hant
菲卡博士	char	遊戲王ZEXAL@93180378	
菲奧	char	91Days@89878470	
菲姆席姆	cgroup	Template:CGroup/KamenRider@94225985	
菲尼安	cgroup	Template:CGroup/黑執事@49361116	
菲拉林	char	红猪@94562543	
菲拉蕾	cgroup	Template:CGroup/Code Geass@70270136	
菲斯特斯	cgroup	Template:CGroup/童話槍手小紅帽@22981301	
菲札爾	cgroup	Template:CGroup/GundamAGE@51366593	
菲歐娜	cgroup	Template:CGroup/BUDDYCOMPLEX@77221119	CHECK
菲歐拉	cgroup	Module:CGroup/LOL@93322985	
菲歐蕾	cgroup	Template:CGroup/The World God Only Knows@50754307	
菲洛	char	異世界四重奏@93605298	
菲涅	char	終末的伊澤塔@91239289	
菲爾西	cgroup	Template:CGroup/GundamTWFM@82129397	CHECK
菲特	cgroup	Template:CGroup/Gundam00@70972545	
菲米妮	cgroup	Template:CGroup/Pretty Rhythm@77221109	
菲西斯	cgroup	Template:CGroup/Mabinogi@50754648	CHECK
菲西斯傳說	cgroup	Template:CGroup/Mabinogi@50754648	CHECK
菲鑫	cgroup	Template:CGroup/C&C@83793789	
菲雅莉娜	cgroup	Module:CGroup/Jewelpet@81833309	CHECK
菲露狄	cgroup	Module:CGroup/Jewelpet@81833309	
菲魯特	char	異世界四重奏@93605298	
萊克路易斯	cgroup	Template:CGroup/BUDDYCOMPLEX@77221119	
萊因哈特	cgroup	Template:CGroup/GundamSeed@92969101	
萊因哈魯特	char	異世界四重奏@93605298	
萊姆吉斯	cgroup	Module:CGroup/OnePiece@83858889	
萊希拉姆	char	Pokemon the movie XY 光環的超魔神 胡帕@93394331	
萊德寧	char	遊戲王VRAINS@92292355	
萊德尼西亞	cgroup	Template:CGroup/GundamIBO@91631774	
萊恩	cgroup	Module:CGroup/美国漫画@94638375	
萊斯達爾	cgroup	Template:CGroup/GundamIBO@91631774	
萊普寧	char	DARKER THAN BLACK@93233512	
萊普康柏	cgroup	Template:CGroup/Transformers@87179168	
萊普蕾	char	航海王電影：GOLD@93412929	
萊桑德上校	char	名偵探福爾摩斯@94071005	
萊桑德司令官	char	名偵探福爾摩斯@94071005	
萊歐斯	cgroup	Module:CGroup/SAO@89298185	
萊比	cgroup	Template:CGroup/Mabinogi@50754648	
萊肯	cgroup	Template:CGroup/Mabinogi@50754648	
萊芬	char	爆丸5星域爭霸@90756067	
萊莉	cgroup	Module:CGroup/Pixar@93247177	
萊莎	char	新·大雄的宇宙開拓史@94688485	CHECK
萊薩	cgroup	Template:CGroup/GundamIBO@91631774	
萌黃	cgroup	Template:CGroup/NARUTO@86143617	
萍姨婆	cgroup	Module:CGroup/Pixar@93247177	
萩姫	char	異邦人 無皇刃譚@86100576	
萬偶數羽生子	char	我的英雄学院角色列表@94403792	
萬年和平號	cgroup	Template:CGroup/GundamW@87064245	
萬年嵐子	char	秋葉原冥途戰爭@94822711	
萬田洋子	char	小魔女DoReMi@94721174	
萬田純次	char	小魔女DoReMi@94721174	
萬知堂	cgroup	Template:CGroup/降世神通@43998034	
萬知堂圖書館	cgroup	Template:CGroup/降世神通@43998034	
萬磁王	cgroup	Module:CGroup/美国漫画@94638375	
萬花筒寫輪眼	cgroup	Template:CGroup/NARUTO@86143617	
萬蛇	cgroup	Template:CGroup/NARUTO@86143617	
萬達外斯	cgroup	Module:CGroup/BLEACH@81833737	
萬里小路楓	char	高校艦隊@93341996	
萬馬網絡	cgroup	Module:CGroup/Games-zh@90861641	zh-hant
落合恵理	char	藍色恐懼@94281992	
落合達也	char	白箱@94727899	
落日霞光	cgroup	Module:CGroup/My Little Pony@91388064	zh-hant
落日飆神	cgroup	Module:CGroup/Games@94658856	
落落長鼻	cgroup	Template:CGroup/妖怪手錶@75937932	
落陽關	cgroup	Module:CGroup/Wow@94351016	
落雷高塔	cgroup	Module:CGroup/閃電十一人@68657168	
葉加	char	SPY×FAMILY間諜家家酒角色列表@94041877	
葉妮芙	cgroup	Template:CGroup/The Witcher@86825096	
葉拉娜	cgroup	Module:CGroup/Frozen@82365390	CHECK
葉月渚	char	Free!@93607624	
葉蓮娜	cgroup	Module:CGroup/美国漫画@94638375	CHECK
葉藍斯峽谷	cgroup	Template:CGroup/Mabinogi@50754648	
葉鬼	cgroup	Template:CGroup/NARUTO@86143617	
葛克	cgroup	Template:CGroup/GundamUC@94693163	
葛兒	cgroup	Template:CGroup/HUNTER@80241645	
葛利斯坦	cgroup	Template:CGroup/GundamTWFM@82129397	
葛利果	cgroup	Module:CGroup/BlueArchive@93972468	zh-hant
葛利比	char	悲慘世界 少女珂賽特@94720109	
葛利牧羅克	cgroup	Module:CGroup/SAO@89298185	
葛利索	char	羅密歐的藍天@91519228	
葛力克	cgroup	Template:CGroup/DragonBall@92325756	
葛力克克二世	char	七龍珠Z 熱血熱鬥@93733649	
葛原未來	char	東之伊甸@92226285	
葛城剛太郎	char	白箱@94727899	
葛尼提斯	cgroup	Template:CGroup/Mabinogi@50754648	
葛屁老師	cgroup	Template:CGroup/SouthPark@86964006	
葛巴揚	cgroup	Template:CGroup/GundamIBO@91631774	CHECK
葛德伊芙	cgroup	Template:CGroup/爆丸@31893398	
葛恩	char	哆啦A梦角色列表@94533440	
葛拉尼	cgroup	Template:CGroup/Digimon@94687201	
葛拉德	cgroup	Template:CGroup/Gundam00@70972545	
葛朗	char	DARKER THAN BLACK@93233512	
葛洛夫	cgroup	Module:CGroup/Frozen@82365390	
葛瑞斯	cgroup	Template:CGroup/Gundam00@70972545	
葛瑞絲派克	cgroup	Template:CGroup/C&C@83793789	
葛納烏	cgroup	Module:CGroup/Frieren@82010966	
葛索	cgroup	Module:CGroup/Disney@93925402	
葛索媽媽	cgroup	Module:CGroup/Disney@93925402	
葛若西亞	cgroup	Module:CGroup/KingOfFighters@91481321	
葛莉賽達	cgroup	Module:CGroup/SAO@89298185	
葛萊斯	cgroup	Template:CGroup/進擊的巨人@76977335	
葛葉獸	char	数码宝贝幽灵游戏角色列表@94560916	
葛葉霧香	cgroup	Module:CGroup/Hayate the Combat Butler@81833661	
葛蕾	cgroup	Module:CGroup/Counter-Strike@85677571	zh-hant
葛蕾希亞	cgroup	Template:CGroup/FullmetalAlchemist@48481493	
葛蘭	cgroup	Template:CGroup/潘朵拉之心@39382393	
葛蘭巴咖啡廳	cgroup	Template:CGroup/The World God Only Knows@50754307	CHECK
葛蘭茲	cgroup	Module:CGroup/BLEACH@81833737	CHECK
葛里芬	cgroup	Template:CGroup/GundamSeed@92969101	
葛雷	cgroup	Module:CGroup/美国漫画@94638375	
葛雷切	cgroup	Module:CGroup/SPY×FAMILY@86080268	
葛雷夫	cgroup	Module:CGroup/LOL@93322985	
葛雷夫人	char	愛少女波麗安娜物語@94856145	
葛雷寇	cgroup	Template:CGroup/GBF@82201572	
葛雷拉醫師	char	高譚角色列表@92146409	
葛雷斯利	cgroup	Template:CGroup/GundamTWFM@82129397	
葛雷果里	char	湯姆歷險記 (動畫)@94720074	
葛雷果里歐	char	萬里尋親記@94719791	
葛雷森	cgroup	Template:CGroup/Cyber Formula@68486475	
葛雷特神掌	cgroup	Module:CGroup/閃電十一人@68657168	
葛雷維席格	cgroup	Template:CGroup/The Witcher@86825096	
葛雷里歐	cgroup	Module:CGroup/Danball Senki@81863967	
葛麗特	cgroup	Template:CGroup/童話槍手小紅帽@22981301	CHECK
葵唯翔	char	來自繽紛世界的明日@94729384	CHECK
葵恩	cgroup	Module:CGroup/LOL@93322985	
葵絲	cgroup	Template:CGroup/GundamUC@94693163	
葵遙	char	來自繽紛世界的明日@94729384	
蒂亞	cgroup	Module:CGroup/BLEACH@81833737	
蒂亞拉	cgroup	Module:CGroup/My Little Pony@91388064	zh-hant
蒂亞穆	cgroup	Module:CGroup/美国漫画@94638375	
蒂堤	char	阿尔卑斯山的少女@94715457	
蒂塔妮亞	cgroup	Module:CGroup/SAO@89298185	
蒂姆妮	cgroup	Module:CGroup/OnePiece@83858889	
蒂娜	cgroup	Template:CGroup/Yes! 光之美少女5@89217113	CHECK
蒂安希	char	Pokemon the movie XY 破壞之繭與蒂安希@88421944	
蒂爾妮爾	cgroup	Module:CGroup/SAO@89298185	
蒂瑪西亞	cgroup	Module:CGroup/LOL@93322985	
蒂菈歌坦	cgroup	Module:CGroup/OnePiece@83858889	
蒂雅	cgroup	Template:CGroup/Crazyracing Kartrider@60141039	
蒂雅娜	cgroup	Template:CGroup/The World God Only Knows@50754307	CHECK
蒙克	cgroup	Template:CGroup/GBF@82201572	
蒙其	cgroup	Module:CGroup/OnePiece@83858889	
蒙卡	cgroup	Module:CGroup/OnePiece@83858889	
蒙塔克	cgroup	Template:CGroup/GundamIBO@91631774	
蒙塔克商會	cgroup	Template:CGroup/GundamIBO@91631774	
蒙塔多	char	萬里尋親記@94719791	
蒙夏	cgroup	Template:CGroup/GundamUC@94693163	
蒙多	cgroup	Template:CGroup/GundamUC@94693163	
蒙多醫生	cgroup	Module:CGroup/LOL@93322985	
蒙太古	char	羅密歐×茱麗葉@78678859	
蒙提法	cgroup	Module:CGroup/SAO@89298185	
蒙斯塔	cgroup	Module:CGroup/OnePiece@83858889	
蒙泰	char	高立的未來世界@90116301	
蒜山	cgroup	Template:CGroup/NARUTO@86143617	zh-hant
蒲惠	char	衝吧烈子@91183058	
蒸汽洞窟	cgroup	Module:CGroup/Wow@94351016	
蒸汽男孩	title	蒸汽男孩@94420408	
蒼乃麗美	char	FRESH光之美少女！@93922959	CHECK
蒼井常夏	char	爆旋陀螺Burst@94644099	
蒼天的伊修加爾德	cgroup	Module:CGroup/Square Enix@93012351	
蒼沼桐葉	char	数码宝贝合体战争角色列表@94717250	
蒼藍鋼鐵戰艦	cgroup	Module:CGroup/Anime@94680982	
蒼龍俠客	cgroup	Template:CGroup/MapleStory@57794822	
蓋亞之狂	cgroup	Module:CGroup/Counter-Strike@85677571	zh-hant
蓋亞族	cgroup	Template:CGroup/魔法咪路咪路@26972197	
蓋亞獸	char	數碼暴龍App世代角色列表@94177588	
蓋亞記憶體	cgroup	Template:CGroup/KamenRider@94225985	
蓋亞鋼彈	cgroup	Template:CGroup/GundamSeed@92969101	
蓋博瑞	char	高譚角色列表@92146409	
蓋古克	cgroup	Template:CGroup/GundamUC@94693163	
蓋奇獸	char	數碼暴龍App世代角色列表@94177588	
蓋德夫	cgroup	Template:CGroup/GundamUC@94693163	
蓋恩茲博羅	cgroup	Module:CGroup/Square Enix@93012351	CHECK
蓋斯	cgroup	Template:CGroup/GundamUC@94693163	
蓋普斯雷	cgroup	Template:CGroup/GundamUC@94693163	
蓋比蓋比	cgroup	Module:CGroup/Pixar@93247177	
蓋爾修卡	cgroup	Template:CGroup/KamenRider@94225985	
蓋爾瑟森	cgroup	Template:CGroup/GundamUC@94693163	
蓋特	cgroup	Template:CGroup/Getter Robo@89726924	
蓋特光束	cgroup	Template:CGroup/Getter Robo@89726924	
蓋特烈日彈	cgroup	Template:CGroup/Getter Robo@89726924	
蓋特爐	cgroup	Template:CGroup/Getter Robo@89726924	
蓋特線	cgroup	Template:CGroup/Getter Robo@89726924	
蓋瑪特利亞	cgroup	Module:CGroup/BlueArchive@93972468	zh-hant
蓋瓦蘭	cgroup	Template:CGroup/GundamAGE@51366593	
蓋維	cgroup	Template:CGroup/Mabinogi@50754648	
蓋諾賽克特	char	神奇寶貝劇場版：神速的蓋諾賽克特 超夢覺醒@86542408	
蓋里姆	cgroup	Module:CGroup/閃電十一人@68657168	
蓋里歐	cgroup	Template:CGroup/GundamIBO@91631774	
蓋馬克	cgroup	Template:CGroup/GundamUC@94693163	
蓋魯卡姆	cgroup	Module:CGroup/SAO@89298185	
蓓優妮塔	cgroup	Module:CGroup/Games@94658856	
蓓兒丹娣	cgroup	Module:CGroup/SAO@89298185	
蓓蓓	cgroup	Template:CGroup/Shugo Chara!@81936822	
蓮花挑戰	cgroup	Template:CGroup/GBF@82201572	
蔑視時代	cgroup	Template:CGroup/The Witcher@86825096	
蔓越梅	char	少女與戰車角色列表@93320972	
蔚藍巨浪隊	cgroup	Module:CGroup/閃電十一人@68657168	
蔬果店阿姨	char	名偵探福爾摩斯@94071005	
蔬菜怪	char	飛天小女警Z@94716201	
蔽魔鋼彈	cgroup	Template:CGroup/GundamIBO@91631774	
蕭伊凱特	cgroup	Module:CGroup/My Little Pony@91388064	
蕾伊希	cgroup	Template:CGroup/潘朵拉之心@39382393	
蕾吉娜	char	DokiDoki! 光之美少女@93549956	CHECK
蕾咪	cgroup	Template:CGroup/GundamAGE@51366593	
蕾妮	cgroup	Template:CGroup/GundamTWFM@82129397	
蕾恩	cgroup	Template:CGroup/ED@94768974	zh-hant
蕾柯亞	cgroup	Template:CGroup/GundamUC@94693163	
蕾歐娜	cgroup	Module:CGroup/KingOfFighters@91481321	CHECK
蕾琵	cgroup	Template:CGroup/FullmetalAlchemist@48481493	
蕾緹希婭	char	Fate/Apocrypha@90728159	
蕾茵	cgroup	Template:CGroup/GGundam@85035825	
蕾茵女王	cgroup	Template:CGroup/愛天使傳說@43103330	
蕾菲雅	cgroup	Module:CGroup/Square Enix@93012351	
蕾迪西雅	char	異域天使@91247092	CHECK
薄影族	cgroup	Template:CGroup/妖怪手錶@75937932	
薇可絲	cgroup	Module:CGroup/LOL@93322985	
薇奧麗塔	char	清秀佳人 (動畫)@94720065	CHECK
薇姊	cgroup	Module:CGroup/Pixar@93247177	
薇娜	cgroup	Module:CGroup/BlueArchive@93972468	CHECK,zh-hant
薇普	cgroup	Module:CGroup/KingOfFighters@91481321	
薇果	cgroup	Template:CGroup/The Witcher@86825096	
薇格女王	char	小魔女DoReMi@94721174	
薇莉貝莉	cgroup	Module:CGroup/開闊天空！光之美少女@83218661	
薇薇	cgroup	Module:CGroup/OnePiece@83858889	
薇薇歐	char	魔法少女奈葉系列角色列表@93877995	
薔薇學園	cgroup	Template:CGroup/Pretty Rhythm@77221109	
薔薇鋼彈	cgroup	Template:CGroup/GGundam@85035825	
薛札爾	cgroup	Template:CGroup/GundamUC@94693163	
薛琳達	cgroup	Module:CGroup/Square Enix@93012351	
薩亨	cgroup	Module:CGroup/LOL@93322985	
薩伍特	cgroup	Template:CGroup/GundamSeed@92969101	
薩倫之淵	cgroup	Module:CGroup/Wow@94351016	
薩克加農	cgroup	Template:CGroup/GundamUC@94693163	
薩克幽靈	cgroup	Template:CGroup/GundamSeed@92969101	
薩克蘭	cgroup	Module:CGroup/Jewelpet@81833309	
薩克雷	cgroup	Template:CGroup/進擊的巨人@76977335	
薩克雷洛	cgroup	Template:CGroup/GundamUC@94693163	
薩凱那	char	光之美少女@94825358	
薩卡利亞	cgroup	Module:CGroup/SAO@89298185	
薩卡利亞鎮	cgroup	Module:CGroup/SAO@89298185	
薩卡星	cgroup	Module:CGroup/美国漫画@94638375	
薩古	cgroup	Template:CGroup/GundamIBO@91631774	
薩吉	cgroup	Module:CGroup/OnePiece@83858889	
薩哈克	cgroup	Template:CGroup/GundamSeed@92969101	
薩塔	cgroup	Module:CGroup/Wow@94351016	
薩姆斯	cgroup	Module:CGroup/Nintendo@94745610	
薩姆札查	cgroup	Template:CGroup/GundamSeed@92969101	
薩姆林	char	PSYCHO-PASS角色列表@93403235	
薩巴酷博士	char	Heartcatch 光之美少女！@94574540	CHECK
薩布	char	哆啦A梦角色列表@94533440	
薩布那克	cgroup	Template:CGroup/GundamSeed@92969101	
薩布里耶	cgroup	Template:CGroup/潘朵拉之心@39382393	
薩戮德	char	寶可夢：皮卡丘與可可的冒險@94117602	
薩拉姆骨神	cgroup	Template:CGroup/爆丸@31893398	
薩拉札	char	大欺诈师@90518284	
薩拉米斯	cgroup	Template:CGroup/GundamUC@94693163	
薩拉雪恩	char	Charlotte (動畫)@94727945	
薩提	cgroup	Module:CGroup/SAO@89298185	
薩提斯里	cgroup	Module:CGroup/SAO@89298185	
薩提汪	cgroup	Module:CGroup/SAO@89298185	
薩提滋	cgroup	Module:CGroup/SAO@89298185	
薩旦	cgroup	Module:CGroup/Counter-Strike@85677571	zh-hant
薩比	cgroup	Template:CGroup/GundamUC@94693163	
薩比尼	cgroup	Template:CGroup/GundamUC@94693163	
薩沃	cgroup	Template:CGroup/Transformers@87179168	
薩滿獸	char	数码宝贝大冒险：角色列表@94538377	
薩潘塔因	cgroup	Template:CGroup/GundamSeed@92969101	
薩烏洛克	cgroup	Module:CGroup/Wow@94351016	
薩烏羅	cgroup	Module:CGroup/OnePiece@83858889	
薩爾瓦	cgroup	Template:CGroup/GundamUC@94693163	
薩瑟蘭	cgroup	Template:CGroup/Code Geass@70270136	
薩瓦蘭	cgroup	Template:CGroup/GundamIBO@91631774	
薩維斯	cgroup	Module:CGroup/Wow@94351016	
薩維里歐	char	羅密歐的藍天@91519228	
薩耶爾阿波羅	cgroup	Module:CGroup/BLEACH@81833737	
薩茨	cgroup	Template:CGroup/HUNTER@80241645	
薩諾斯	cgroup	Module:CGroup/美国漫画@94638375	
薩賓娜	cgroup	Template:CGroup/GundamTWFM@82129397	CHECK
薩鋼	cgroup	Module:CGroup/Wow@94351016	
薩魯哥	char	ONE PIECE角色列表@94658502	
薩魯夫	cgroup	Module:CGroup/Jewelpet@81833309	
薩魯戴斯	cgroup	Module:CGroup/OnePiece@83858889	
薪旗山小花	cgroup	Template:CGroup/小魔女DoReMi@65858319	
薯假包換	cgroup	Module:CGroup/Pixar@93247177	
薰幹	char	少女革命@93843108	
薰梢	char	少女革命@93843108	
薰香花朵凛然綻放	cgroup	Module:CGroup/Anime@94680982	CHECK,zh-hant
藍伯特	char	羅密歐的藍天@91519228	
藍博	cgroup	Module:CGroup/美国漫画@94638375	
藍原裕樹	char	Go Princess 光之美少女@94065409	
藍寶必殺技	cgroup	Template:CGroup/Crazyracing Kartrider@60141039	CHECK
藍寶手榴彈	cgroup	Module:CGroup/Counter-Strike@85677571	CHECK,zh-hant
藍尼	cgroup	Module:CGroup/Simpsons@84869408	
藍帕德	cgroup	Module:CGroup/BLEACH@81833737	
藍影	char	狼雨@93653337	
藍斯	cgroup	Module:CGroup/Counter-Strike@85677571	zh-hant
藍歇爾	cgroup	Module:CGroup/美国漫画@94638375	
藍波	cgroup	Template:CGroup/Reborn@29403199	
藍波球	cgroup	Module:CGroup/OnePiece@83858889	
藍波魔神	cgroup	Template:CGroup/爆丸@31893398	
藍港互動	cgroup	Module:CGroup/Games-zh@90861641	zh-hant
藍澤陣	char	爆旋陀螺Burst@94644099	
藍焰戰魂	cgroup	Module:CGroup/Counter-Strike@85677571	zh-hant
藍爪巨砲	cgroup	Template:CGroup/爆丸@31893398	
藍眼先生	cgroup	Module:CGroup/Cyberpunk@85139581	
藍紋	cgroup	Template:CGroup/Transformers@87179168	
藍翼雷霆	cgroup	Module:CGroup/Square Enix@93012351	
藍色命運	cgroup	Template:CGroup/GundamUC@94693163	
藍色惡靈	cgroup	Template:CGroup/降世神通@43998034	
藍色燃燒獸	char	數碼寶貝覺醒節拍角色列表@94712797	
藍色玫瑰風暴	cgroup	Template:CGroup/Yes! 光之美少女5@89217113	
藍色真珠音調	cgroup	Template:CGroup/Pichi Pichi Pitch@94608266	
藍色鷲獅	cgroup	Module:CGroup/Danball Senki@81863967	
藍艾蘇	cgroup	Template:CGroup/Diablo@94495831	
藍薔薇之劍	cgroup	Module:CGroup/SAO@89298185	
藍血王子	cgroup	Module:CGroup/My Little Pony@91388064	zh-hant
藍謎島	cgroup	Module:CGroup/Wow@94351016	
藍道爾	cgroup	Template:CGroup/Code Geass@70270136	
藍達喬	cgroup	Template:CGroup/童話槍手小紅帽@22981301	
藍默夫人	char	崔普一家物語@86705471	
藏紙神	cgroup	Template:CGroup/妖怪手錶@75937932	
藝術天才	cgroup	Module:CGroup/SpongeBob SquarePants@91129493	
藤乃靜留	char	舞-HiME角色列表@91610502	
藤井七海	char	名偵探柯南：絕海的偵探@94596266	
藤井司	char	你的名字。@94061490	
藤井草平	char	狼的孩子雨和雪@90148091	
藤代萬里	char	回转企鹅罐@94635162	
藤原晃	char	Yuri!!! on ICE@90120235	
藤原組合	char	Smile 光之美少女！@93787006	
藤原羽月	cgroup	Template:CGroup/小魔女DoReMi@65858319	
藤原肇	char	偶像大師 灰姑娘女孩角色列表@91786822	
藤原龍之介	char	妖怪手錶系列@93337229	
藤堂吟	char	比宇宙更遠的地方@93910432	
藤堂旋	cgroup	Template:CGroup/Pretty Rhythm@77221109	zh-hant
藤堂美沙	char	白箱@94727899	
藤居朋	char	偶像大師 灰姑娘女孩角色列表@91786822	
藤岡隆道	char	名侦探柯南：天空的遇难船@94562607	
藤島幸助	char	K (動畫)@93234659	
藤木遊作	char	遊戲王VRAINS@92292355	
藤本舞	char	妖怪手錶系列@93337229	
藤本里奈	char	偶像大師 灰姑娘女孩角色列表@91786822	
藤村省吾	char	光之美少女@94825358	
藤波宏明	char	名偵探柯南：異次元的狙擊手@94462152	
藤澤浩紀	char	雲之彼端，約定的地方@92998776	
藤田優衣	char	高校艦隊@93341996	
藤田茜	char	光之美少女@94825358	
藤男	char	小魔女DoReMi@94721174	
藤見露召呂	char	我的英雄学院角色列表@94403792	CHECK
藤谷果穗	char	跳躍吧！時空少女@94438891	
藤雞不二雄	char	哆啦A梦角色列表@94533440	
藥師寺康介	char	PSYCHO-PASS角色列表@93403235	
藥師少女的獨語	cgroup	Module:CGroup/Anime@94680982	
藥水製作	cgroup	Template:CGroup/Mabinogi@50754648	
蘇坦	cgroup	Module:CGroup/閃電十一人@68657168	
蘇娜	cgroup	Template:CGroup/Mabinogi@50754648	CHECK
蘇州古城	cgroup	Module:CGroup/Counter-Strike@85677571	zh-hant
蘇汶	char	龍與雀斑公主@94650173	
蘇爾特	cgroup	Module:CGroup/美国漫画@94638375	
蘇瑞瑪	cgroup	Module:CGroup/LOL@93322985	
蘇瓦倫	cgroup	Template:CGroup/GOSICK@62514366	
蘇瓦爾	cgroup	Template:CGroup/GOSICK@62514366	
蘇科維亞	cgroup	Module:CGroup/美国漫画@94638375	
蘇萊塔	cgroup	Template:CGroup/GundamTWFM@82129397	
蘇西	cgroup	Module:CGroup/PeppaPig@87025478	CHECK
蘇諾帕	cgroup	Template:CGroup/DragonBall@92325756	
蘇賽	cgroup	Template:CGroup/GundamSeed@92969101	
蘋果來過節	cgroup	Module:CGroup/My Little Pony@91388064	
蘋果嘉兒	cgroup	Module:CGroup/My Little Pony@91388064	
蘋果家的團聚	cgroup	Module:CGroup/My Little Pony@91388064	
蘋果核戰	cgroup	Module:CGroup/Anime@94680982	
蘋果白蘭地	cgroup	Template:CGroup/名偵探柯南@93449521	
蘋果的憂愁	cgroup	Module:CGroup/My Little Pony@91388064	
蘋果麗麗	cgroup	Module:CGroup/My Little Pony@91388064	CHECK
蘋裹龍	cgroup	Template:CGroup/Pokemon@85444397	CHECK
蘑菇地	cgroup	Module:CGroup/Minecraft@94388709	
蘭吉雷茲	cgroup	Template:CGroup/GundamIBO@91631774	CHECK
蘭吉雷茲茱麗雅	cgroup	Template:CGroup/GundamIBO@91631774	CHECK
蘭奇亞	cgroup	Template:CGroup/Reborn@29403199	
蘭姆卡韓	cgroup	Module:CGroup/Wow@94351016	
蘭島	char	BLEACH角色列表@94571323	
蘭巴	cgroup	Template:CGroup/GundamUC@94693163	CHECK
蘭德爾	cgroup	Template:CGroup/Cyber Formula@68486475	
蘭斯洛特騎士	char	清秀佳人 (動畫)@94720065	
蘭芬瑟爾	cgroup	Template:CGroup/童話槍手小紅帽@22981301	
蘭茲華斯	cgroup	Template:CGroup/潘朵拉之心@39382393	CHECK
蘭菲莉	cgroup	Template:CGroup/The Witcher@86825096	
蘿拉蓓莉	cgroup	Template:CGroup/GundamAGE@51366593	
蘿拉醫生	cgroup	Module:CGroup/Pixar@93247177	
蘿特	char	終末的伊澤塔@91239289	
蘿瑪莉	cgroup	Template:CGroup/GundamAGE@51366593	
蘿米	char	ONE PIECE FILM RED@94073649	
蘿絲之影	cgroup	Module:CGroup/ResidentEvil@94612703	
蘿絲瑪莉	cgroup	Template:CGroup/GundamUC@94693163	
蘿莎莉亞	cgroup	Module:CGroup/miHoYo@93804723	zh-hant
蘿蕾塔	char	魔法使光之美少女！@94758670	
蘿西塔	cgroup	Module:CGroup/Pixar@93247177	CHECK
虎嘯紋身	cgroup	Module:CGroup/Counter-Strike@85677571	zh-hant
虎杖將監	char	異邦人 無皇刃譚@86100576	CHECK
虎杖悠仁	char	咒術迴戰角色列表@94830133	CHECK
虎神戰士	cgroup	Module:CGroup/Pixar@93247177	CHECK
虎鉗掠奪者	cgroup	Template:CGroup/四驅兄弟@86987120	CHECK
虎鉤眾	cgroup	Module:CGroup/Cyberpunk@85139581	CHECK
虎鯨獸	char	数码宝贝幽灵游戏角色列表@94560916	CHECK
處決型	cgroup	Template:CGroup/GBF@82201572	
虛空掠食者	cgroup	Module:CGroup/LOL@93322985	
虹彩六號	cgroup	Module:CGroup/Games@94658856	
虹龍武	char	爆旋陀螺Burst@94644099	
蚊香泳士	cgroup	Template:CGroup/Pokemon@85444397	
蛇之目惠梨香	char	Lycoris Recoil 莉可麗絲@94031169	
蛇姬之吻	cgroup	Module:CGroup/Counter-Strike@85677571	zh-hant
蛇尾丸	char	BLEACH角色列表@94571323	
蛇崩乃音	char	KILL la KILL@94827565	
蛇形族	cgroup	Template:CGroup/妖怪手錶@75937932	
蛇英雄	cgroup	Template:CGroup/MyHeroAcademia@87565804	
蛇蠍社	cgroup	Module:CGroup/Pixar@93247177	
蛇行射門	cgroup	Module:CGroup/閃電十一人@68657168	
蛇雞獸	char	数码宝贝幽灵游戏角色列表@94560916	
蛇頸龍型	cgroup	Template:CGroup/Digimon@94687201	
蛇髮魔女三姐妹	cgroup	Module:CGroup/OnePiece@83858889	
蛇魔再臨	cgroup	Module:CGroup/Games@94658856	
蛋糕寶寶	cgroup	Module:CGroup/My Little Pony@91388064	
蛋蛋獸	char	数码宝贝大冒险角色列表@94744369	
蛋頭	cgroup	Module:CGroup/Pixar@93247177	
蛋頭博士	char	音速小子X@94737938	
蛛魔月	cgroup	Template:CGroup/Diablo@94495831	
蛭川妙子	char	妄想代理人@91610420	
蛭川雅美	char	妄想代理人@91610420	
蛾天丸	char	犬夜叉角色列表@94790447	
蛾御前	char	半妖的夜叉姬@87932716	
蛾羅丸	char	犬夜叉角色列表@94790447	
蜂蜜幸運草	cgroup	Module:CGroup/Anime@94680982	
蜂蜜派	cgroup	Module:CGroup/SAO@89298185	
蜘蛛人驚奇再起系列	cgroup	Module:CGroup/美国漫画@94638375	
蜘蛛吐絲	cgroup	Module:CGroup/閃電十一人@68657168	
蜘蛛獸	char	数码宝贝大冒险角色列表@94744369	
蜘蛛高塔	cgroup	Template:CGroup/Warcraft@92164655	zh-hant
蜜娜	cgroup	Template:CGroup/GundamSeed@92969101	CHECK
蜜德蕊	cgroup	Template:CGroup/GOSICK@62514366	
蜜拉	cgroup	Module:CGroup/ResidentEvil@94612703	
蜜琪	cgroup	Template:CGroup/Transformers@87179168	
蜜瑞	cgroup	Module:CGroup/Pixar@93247177	
蜜蕾娜	cgroup	Template:CGroup/Gundam00@70972545	CHECK
蜜蕾絲	cgroup	Template:CGroup/GundamAGE@51366593	
蜜薇	cgroup	Template:CGroup/The Witcher@86825096	
蜜蘋果園	cgroup	Module:CGroup/My Little Pony@91388064	
蜜蜂獸	char	数码宝贝大冒险：角色列表@94538377	
蜜雅	cgroup	Template:CGroup/GundamSeed@92969101	
蜷川新右衛門	char	機靈小和尚@92445221	
蝙蝠俠大戰忍者龜	cgroup	Module:CGroup/美国漫画@94638375	
蝙蝠俠大戰急凍人	cgroup	Module:CGroup/美国漫画@94638375	
蝙蝠俠大顯神威	cgroup	Module:CGroup/美国漫画@94638375	
蝙蝠女孩	cgroup	Module:CGroup/美国漫画@94638375	
蝙蝠小姐	cgroup	Template:CGroup/Pichi Pichi Pitch@94608266	
蝙蝠機車	cgroup	Module:CGroup/美国漫画@94638375	
蝠鱝獸	char	数码宝贝大冒险：角色列表@94538377	
蝦蝦	cgroup	Module:CGroup/Pixar@93247177	CHECK
蝦霸	cgroup	Module:CGroup/SpongeBob SquarePants@91129493	CHECK
蝦龍獸	char	数码宝贝大冒险：角色列表@94538377	CHECK
蝶舞鶯歌	cgroup	Module:CGroup/Disney@93925402	
蝶野亞美	char	少女與戰車角色列表@93320972	
蝶野晴美	char	妄想代理人@91610420	
蝸牛賽跑	cgroup	Module:CGroup/SpongeBob SquarePants@91129493	
蝸蝸	cgroup	Module:CGroup/My Little Pony@91388064	zh-hant
融合進化	cgroup	Template:CGroup/Digimon@94687201	
螞蟻騎兵	cgroup	Template:CGroup/KamenRider@94225985	
螢光石	cgroup	Module:CGroup/Minecraft@94388709	
螢幕擷取	cgroup	Module:CGroup/Games@94658856	
螢幕魔人	cgroup	Module:CGroup/Pixar@93247177	
螢火蟲在漫畫中為男性	char	高譚角色列表@92146409	
螳螂人	cgroup	Module:CGroup/Wow@94351016	
螳螂獸	char	数码宝贝大冒险角色列表@94744369	
螳螂荒原	cgroup	Module:CGroup/Wow@94351016	
螺旋丸	cgroup	Template:CGroup/NARUTO@86143617	
螺旋亂丸	cgroup	Template:CGroup/NARUTO@86143617	
螺旋剪刀腳	cgroup	Module:CGroup/閃電十一人@68657168	
螺旋吸丸	cgroup	Template:CGroup/NARUTO@86143617	
螺旋咬	cgroup	Template:CGroup/Eyeshield21@86998850	
螺旋多連丸	cgroup	Template:CGroup/NARUTO@86143617	
螺旋射門	cgroup	Module:CGroup/閃電十一人@68657168	
螺旋手裡劍	cgroup	Template:CGroup/NARUTO@86143617	
螺旋摩羯	cgroup	Template:CGroup/戰鬥陀螺 鋼鐵奇兵@68490308	
螺旋槳風暴	cgroup	Module:CGroup/閃電十一人@68657168	
螺旋牙	cgroup	Module:CGroup/Counter-Strike@85677571	zh-hant
螺旋粉碎飛拳	cgroup	Template:CGroup/Mazinger@84157445	
螺旋超多連丸	cgroup	Template:CGroup/NARUTO@86143617	
螺旋輪虞	cgroup	Template:CGroup/NARUTO@86143617	
螺旋連丸	cgroup	Template:CGroup/NARUTO@86143617	
螺旋金剛飛拳	cgroup	Template:CGroup/Mazinger@84157445	
螺旋鑽射	cgroup	Module:CGroup/閃電十一人@68657168	
螺栓獸	char	数码宝贝大冒险：角色列表@94538377	
螺門	cgroup	Template:CGroup/KamenRider@94225985	
蟇郡苛	char	KILL la KILL@94827565	CHECK
蟑螂繁殖場	cgroup	Template:CGroup/StarCraft2@39914602	
蟒太夫	char	犬夜叉角色列表@94790447	
蟒草田男	char	KILL la KILL@94827565	
蟲心崛起	cgroup	Module:CGroup/Counter-Strike@85677571	zh-hant
蟲殖地網	cgroup	Template:CGroup/StarCraft2@39914602	
蟲群蟲后	cgroup	Template:CGroup/Heroes of the Storm@49727842	
蟲藏	char	獸兵衛忍風帖@94218789	
蟹堡特訓	cgroup	Module:CGroup/SpongeBob SquarePants@91129493	
蟹老闆的愛	cgroup	Module:CGroup/SpongeBob SquarePants@91129493	
蟻人	cgroup	Module:CGroup/美国漫画@94638375	
蟻人與黃蜂女	cgroup	Module:CGroup/美国漫画@94638375	
蠍獅獸	char	数码宝贝幽灵游戏角色列表@94560916	
蠕蟲獸	char	數碼暴龍 LAST EVOLUTION 絆@94708497	
蠟燭獸	char	数码宝贝幽灵游戏角色列表@94560916	
蠻兵	cgroup	Template:CGroup/Warcraft@92164655	zh-hant
蠻牛局長	cgroup	Module:CGroup/Disney@93925402	
蠻牛牛島	cgroup	Template:CGroup/Eyeshield21@86998850	
蠻牛獸	cgroup	Template:CGroup/Digimon@94687201	
蠻獸派	cgroup	Module:CGroup/Cyberpunk@85139581	
蠻荒水壩	cgroup	Module:CGroup/Counter-Strike@85677571	zh-hant
血之英雄	cgroup	Template:CGroup/MyHeroAcademia@87565804	
血性噬放	cgroup	Module:CGroup/Counter-Strike@85677571	CHECK,zh-hant
血性暴走	cgroup	Module:CGroup/Counter-Strike@85677571	zh-hant
血性釋放	cgroup	Module:CGroup/Counter-Strike@85677571	zh-hant
血月獵殺	cgroup	Module:CGroup/LOL@93322985	
血河車	cgroup	Template:CGroup/Warcraft@92164655	zh-hant
血法師	cgroup	Template:CGroup/Warcraft@92164655	zh-hant
血濺亞克漢	cgroup	Module:CGroup/美国漫画@94638375	
血熔爐	cgroup	Module:CGroup/Wow@94351016	
血紅之水	cgroup	Template:CGroup/FullmetalAlchemist@48481493	
血紅之石	cgroup	Template:CGroup/FullmetalAlchemist@48481493	
血紅維爾	cgroup	Template:CGroup/KamenRider@94225985	
血肉剁切者	cgroup	Template:CGroup/Heroes of the Storm@49727842	
血腥情人節	cgroup	Template:CGroup/GundamSeed@92969101	
血與榮譽的聖戰	cgroup	Template:CGroup/Might&Magic@42603917	
血色丹娜	cgroup	Module:CGroup/Counter-Strike@85677571	CHECK,zh-hant
血色海灣	cgroup	Module:CGroup/Counter-Strike@85677571	zh-hant
血色潛行者	cgroup	Template:CGroup/KamenRider@94225985	
血色領區	cgroup	Module:CGroup/Wow@94351016	
血衛	cgroup	Module:CGroup/美国漫画@94638375	
血魔傳奇	cgroup	Module:CGroup/Games@94658856	
血魔甲	cgroup	Template:CGroup/Diablo@94495831	
行刑式	cgroup	Template:CGroup/GundamIBO@91631774	
行刑式凱萊爾	cgroup	Template:CGroup/GundamIBO@91631774	
行動傳奇	cgroup	Module:CGroup/Tales@54832633	
行動卡	cgroup	Template:CGroup/Digimon@94687201	
行動平台	cgroup	Module:CGroup/Games@94658856	
行動應用	cgroup	Module:CGroup/Games@94658856	
行動版	cgroup	Module:CGroup/Games@94658856	
行動產品	cgroup	Module:CGroup/Games@94658856	
行動社交	cgroup	Module:CGroup/Games@94658856	
行動端	cgroup	Module:CGroup/Games@94658856	
行動終端	cgroup	Module:CGroup/Games@94658856	
行動軟體	cgroup	Module:CGroup/Games@94658856	
行動遊戲	cgroup	Module:CGroup/Games@94658856	
行動部門	cgroup	Module:CGroup/Games@94658856	
行星吞噬者	cgroup	Module:CGroup/美国漫画@94638375	
行星覆膜	cgroup	Template:CGroup/GBF@82201572	
行進的疫軍	cgroup	Template:CGroup/Warcraft@92164655	zh-hant
街頑	cgroup	Module:CGroup/Cyberpunk@85139581	
街頭公演	cgroup	Template:CGroup/Mabinogi@50754648	
街頭快打	cgroup	Module:CGroup/Games@94658856	
衛司機器人	cgroup	Template:CGroup/Ultraman@94663541	
衛宮切嗣	char	Fate/stay night角色列表@94041607	
衛宮士郎	char	Fate/stay night角色列表@94041607	
衛宮家今天的餐桌風景	cgroup	Module:CGroup/Anime@94680982	
衛斯	cgroup	Template:CGroup/Code Geass@70270136	
衛斯馬屈	cgroup	Template:CGroup/Diablo@94495831	
衛星獸	char	數碼暴龍App世代角色列表@94177588	
衛網監理	cgroup	Module:CGroup/Cyberpunk@85139581	
衛藤美紗希	char	偶像大師 灰姑娘女孩角色列表@91786822	
衛門和夫	char	妖怪手錶系列@93337229	
衝擊王	cgroup	Template:CGroup/Battle Spirits@29023902	
衝擊的尾巴團	cgroup	Module:CGroup/Square Enix@93012351	
衝鋒四驅郎	cgroup	Module:CGroup/Anime@94680982	
衝鋒戰神	cgroup	Template:CGroup/四驅兄弟@86987120	
衝鋒槍設計圖	cgroup	Module:CGroup/Counter-Strike@85677571	zh-hant
衝鋒槍類	cgroup	Module:CGroup/Counter-Strike@85677571	zh-hant
衝鋒模式	cgroup	Module:CGroup/Counter-Strike@85677571	zh-hant
衝鋒鴨	cgroup	Template:CGroup/Crazyracing Kartrider@60141039	
衣夫人	cgroup	Module:CGroup/Pixar@93247177	
衣櫃嬸嬸	cgroup	Module:CGroup/Disney@93925402	
表演終結者	cgroup	Module:CGroup/My Little Pony@91388064	
表裏德之助	char	遊戲王ZEXAL@93180378	
袋狼大進擊	cgroup	Module:CGroup/Games@94658856	
袋田隆治	char	KILL la KILL@94827565	
袖珍古樂獸	cgroup	Template:CGroup/Digimon@94687201	
袖珍數碼寶貝	cgroup	Template:CGroup/Digimon@94687201	
袖白雪	char	BLEACH角色列表@94571323	
被破壞的電磁裝置	cgroup	Module:CGroup/Counter-Strike@85677571	zh-hant
被選召	cgroup	Template:CGroup/Digimon@94687201	
被選召的孩子們	cgroup	Template:CGroup/Digimon@94687201	CHECK
裁繡紡衛機關	char	KILL la KILL@94827565	
裂地虎砲	cgroup	Module:CGroup/Counter-Strike@85677571	CHECK,zh-hant
裂破獸	char	数码宝贝幽灵游戏角色列表@94560916	
裂雷	cgroup	Template:CGroup/Transformers@87179168	
裏葉	char	AIR角色列表@90228621	
裘尼	cgroup	Template:CGroup/GundamUC@94693163	
裘拉斯塔	cgroup	Template:CGroup/GundamIBO@91631774	
裘斯	cgroup	Module:CGroup/OnePiece@83858889	
裘比	cgroup	Template:CGroup/童話槍手小紅帽@22981301	
裘爾	cgroup	Template:CGroup/GundamSeed@92969101	
裘納	char	光之美少女@94825358	
裘迪魯金	cgroup	Module:CGroup/SAO@89298185	
裘里奧	char	羅密歐×茱麗葉@78678859	
補給箱	cgroup	Module:CGroup/Counter-Strike@85677571	zh-hant
補課部	cgroup	Module:CGroup/BlueArchive@93972468	zh-hant
裝大人鬥犬	cgroup	Template:CGroup/妖怪手錶@75937932	
裝甲進化	cgroup	Template:CGroup/Digimon@94687201	
裝甲體	cgroup	Template:CGroup/Digimon@94687201	
裝載獅子獸	char	数码宝贝大冒险tri.角色列表@94265439	
裝載運輸機	cgroup	Template:CGroup/Gundam00@70972545	
製作家	cgroup	Template:CGroup/GBF@82201572	
製作推進器	cgroup	Template:CGroup/GBF@82201572	
製作攻擊	cgroup	Template:CGroup/GBF@82201572	
製作武器	cgroup	Module:CGroup/Counter-Strike@85677571	zh-hant
製作燃燒鋼彈	cgroup	Template:CGroup/GBF@82201572	
製作鋼彈	cgroup	Template:CGroup/GBF@82201572	
製作鐵拳	cgroup	Template:CGroup/GBF@82201572	
複制	cgroup	Template:CGroup/C&C@83793789	
複製人技術	cgroup	Module:CGroup/SAO@89298185	
複製模組	cgroup	Module:CGroup/SAO@89298185	
複製貼上獸	char	數碼暴龍App世代角色列表@94177588	
褲褲寶	cgroup	Module:CGroup/Pixar@93247177	CHECK
襟蜥獸	char	數碼寶貝覺醒節拍角色列表@94712797	
西住志穗	char	少女與戰車角色列表@93320972	CHECK
西住真穗	char	少女與戰車角色列表@93320972	CHECK
西住美穗	char	少女與戰車角色列表@93320972	CHECK
西凱阿爾王國	cgroup	Module:CGroup/OnePiece@83858889	CHECK
西原八十子	char	少女與戰車角色列表@93320972	CHECK
西園寺琴歌	char	偶像大師 灰姑娘女孩角色列表@91786822	
西園寺莢一	char	少女革命@93843108	
西園美魚	char	Little Busters!角色列表@91842236	
西園美鳥	char	Little Busters!角色列表@91842236	
西城久留實	char	奇蛋物语@93093482	
西域禁地	cgroup	Module:CGroup/Games@94658856	
西堂榮吉郎	char	BLEACH角色列表@94571323	CHECK
西夫特車站	cgroup	Module:CGroup/OnePiece@83858889	CHECK
西宮八重子	char	電影版 聲之形@93974890	CHECK
西宮硝子	char	電影版 聲之形@93974890	
西宮糸	char	電影版 聲之形@93974890	
西宮結絃	char	電影版 聲之形@93974890	
西尾千夏	char	月色真美@90814427	CHECK
西山居世遊	cgroup	Module:CGroup/Games-zh@90861641	CHECK,zh-hant
西峰綾香	char	Go Princess 光之美少女@94065409	CHECK
西島大吾	char	数码宝贝大冒险tri.角色列表@94265439	
西島櫂	char	偶像大師 灰姑娘女孩角色列表@91786822	
西崎芽依	char	高校艦隊@93341996	CHECK
西川保奈美	char	偶像大師 灰姑娘女孩角色列表@91786822	CHECK
西布莉安娜	char	萬里尋親記@94719791	CHECK
西方峽谷	cgroup	Module:CGroup/SAO@89298185	
西方藍	cgroup	Module:CGroup/OnePiece@83858889	
西林諾船長	cgroup	Module:CGroup/My Little Pony@91388064	CHECK
西格	cgroup	Module:CGroup/OnePiece@83858889	CHECK
西格諾斯	cgroup	Template:CGroup/MapleStory@57794822	CHECK
西格魯特	cgroup	Module:CGroup/SAO@89298185	CHECK
西條大河	char	名偵探柯南：迷宮的十字路@94462568	CHECK
西森柚咲	char	Charlotte (動畫)@94727945	CHECK
西流區	cgroup	Module:CGroup/Cyberpunk@85139581	
西澤優香	char	小魔女DoReMi@94721174	CHECK
西爾巴上校	cgroup	Template:CGroup/DragonBall@92325756	CHECK
西爾爾克	cgroup	Module:CGroup/OnePiece@83858889	CHECK
西爾芙獸	char	數碼暴龍 LAST EVOLUTION 絆@94708497	CHECK
西班牙三紳士	cgroup	Module:CGroup/Disney@93925402	
西瑪	cgroup	Template:CGroup/GundamUC@94693163	CHECK
西瓜梗	cgroup	Module:CGroup/Minecraft@94388709	
西登	cgroup	Template:CGroup/GundamUC@94693163	CHECK
西索	cgroup	Template:CGroup/HUNTER@80241645	CHECK
西絹代	char	少女與戰車角色列表@93320972	CHECK
西維特	cgroup	Template:CGroup/GundamUC@94693163	CHECK
西羅布村	cgroup	Module:CGroup/OnePiece@83858889	CHECK
西莉亞	char	長腿叔叔 (動畫)@94856329	CHECK
西莉卡	cgroup	Module:CGroup/SAO@89298185	CHECK
西蓋爾	cgroup	Template:CGroup/GundamSeed@92969101	CHECK
西蕾妮蒂	cgroup	Template:CGroup/Sailor Moon@93051346	CHECK
西蘇	cgroup	Module:CGroup/Disney@93925402	CHECK
西諾	cgroup	Template:CGroup/GundamIBO@91631774	CHECK
西谷霞	char	名侦探柯南：天空的遇难船@94562607	CHECK
西貝爾	char	凱洛與塔斯黛@92015221	CHECK
西邊洞窟的老婆婆	cgroup	Module:CGroup/Jewelpet@81833309	
西郡優子	char	Yuri!!! on ICE@90120235	CHECK
西郡豪	char	Yuri!!! on ICE@90120235	CHECK
西部荒野大槍客	cgroup	Template:CGroup/Eyeshield21@86998850	
西里亞特	cgroup	Template:CGroup/打工吧！魔王大人@40273238	
西野仙花	char	數碼寶貝覺醒節拍角色列表@94712797	CHECK
西野真人	char	名侦探柯南：世纪末的魔术师@94403742	CHECK
要塞英雄	cgroup	Module:CGroup/Games@94658856	
見習騎士	cgroup	Template:CGroup/MapleStory@57794822	
覓星	cgroup	Template:CGroup/Cyber Formula@68486475	
視覺驅動器	cgroup	Template:CGroup/KamenRider@94225985	
視訊記憶體	cgroup	Module:CGroup/Games@94658856	
視訊輸入	cgroup	Module:CGroup/Games@94658856	
視訊輸出	cgroup	Module:CGroup/Games@94658856	
視訊遊戲	cgroup	Module:CGroup/Games@94658856	
視頻道	cgroup	Module:CGroup/Games@94658856	zh-hant
親熱天堂	cgroup	Template:CGroup/NARUTO@86143617	
親熱戰術	cgroup	Template:CGroup/NARUTO@86143617	
親熱暴力	cgroup	Template:CGroup/NARUTO@86143617	
親親麻吉	cgroup	Module:CGroup/Cartoon@93410586	
覺醒之百花華爾茲	cgroup	Template:CGroup/Pretty Rhythm@77221109	
覺醒之綻放我心花	cgroup	Template:CGroup/Pretty Rhythm@77221109	
覺醒節拍	cgroup	Template:CGroup/Digimon@94687201	
觀月小鳥	char	遊戲王ZEXAL@93180378	
觀鳥令	char	魔法少女小圓角色列表@94590242	
角古	char	決鬥大師@92994775	
角屋夫人	char	回憶中的瑪妮@94615795	
角色出自電子遊戲	char	高譚角色列表@92146409	
角色導讀	cgroup	Template:CGroup/FullmetalAlchemist@48481493	
角色扮演獸	char	數碼暴龍App世代角色列表@94177588	
角谷杏	char	少女與戰車角色列表@93320972	
角谷正宗	char	戰鬥陀螺 鋼鐵奇兵角色列表@94643342	
角野秋	char	DokiDoki! 光之美少女@93549956	
解壓縮獸	char	數碼暴龍App世代角色列表@94177588	
解說獸	char	數碼暴龍App世代角色列表@94177588	
解謎天使	char	名偵探柯南角色列表@94461808	
解除核心防壁	cgroup	Module:CGroup/SAO@89298185	
解體聖母	char	Fate/Apocrypha@90728159	
觸手感染	cgroup	Module:CGroup/Counter-Strike@85677571	zh-hant
觸控瓦利歐製造	cgroup	Module:CGroup/Nintendo@94745610	
言峰璃正	char	Fate/Apocrypha@90728159	
言葉之庭	title	言葉之庭@94474945	
言語如汽水般湧現	cgroup	Module:CGroup/Anime@94680982	
計算獸	char	數碼暴龍App世代角色列表@94177588	
討厭自己王	cgroup	Template:CGroup/妖怪手錶@75937932	
討厭鬼與莫莉麥琪	cgroup	Module:CGroup/Cartoon@93410586	
訓練部	cgroup	Module:CGroup/BlueArchive@93972468	zh-hant
記憶大追捕	cgroup	Module:CGroup/美国漫画@94638375	
記憶影像	cgroup	Module:CGroup/SAO@89298185	
記憶清潔工	cgroup	Module:CGroup/Pixar@93247177	
詐騙之王	cgroup	Module:CGroup/Anime@94680982	
評論獸	char	數碼暴龍App世代角色列表@94177588	
詛咒的傳說	cgroup	Template:CGroup/Warcraft@92164655	zh-hant
詛咒的儀式	cgroup	Template:CGroup/Warcraft@92164655	zh-hant
詩季織織	cgroup	Module:CGroup/Anime@94680982	
詩寇蒂	cgroup	Module:CGroup/SAO@89298185	
詩雅	char	太陽之子 (日法合作動畫)@94098493	
詩音千里	char	魔法少女小圓角色列表@94590242	
詭影殺手	cgroup	Module:CGroup/Counter-Strike@85677571	zh-hant
詳細傷害提示	cgroup	Module:CGroup/Counter-Strike@85677571	zh-hant
詹姆森	cgroup	Module:CGroup/美国漫画@94638375	
誂之裝	char	KILL la KILL@94827565	CHECK
誇張漢堡	cgroup	Template:CGroup/妖怪手錶@75937932	
認定球	cgroup	Template:CGroup/小魔女DoReMi@65858319	
誓約勝利之劍	char	Fate/stay night角色列表@94041607	
誓約型	cgroup	Module:CGroup/Danball Senki@81863967	
誓血龍騎士	cgroup	Module:CGroup/Games@94658856	
誘導機器人	char	七龍珠Z 激突!!100億能量的戰士們@93733648	
誘騙者	cgroup	Module:CGroup/BlueArchive@93972468	zh-hant
誠子	char	劇場版 寶可夢 就決定是你了！@90262215	
誤會一場	cgroup	Module:CGroup/SpongeBob SquarePants@91129493	
調整者	cgroup	Template:CGroup/GundamSeed@92969101	
調邊亞子	char	Suite 光之美少女♪@92951168	
諌山真實	char	超時空輝耀姬！@94633982	
諸事仔仔	char	功夫貓黨@94855681	CHECK
諸事媽媽	char	功夫貓黨@94855681	
諸克	cgroup	Module:CGroup/美国漫画@94638375	
諸岡久志	char	Yuri!!! on ICE@90120235	
諸星煌梨	char	偶像大師 灰姑娘女孩角色列表@91786822	
諸星登志夫	char	名偵探柯南：貝克街的亡靈@94782563	
諸星秀樹	char	名偵探柯南：貝克街的亡靈@94782563	
諸神之地祖阿曼	cgroup	Module:CGroup/Wow@94351016	
諸神黃昏	cgroup	Module:CGroup/閃電十一人@68657168	
諸神黃昏模式	cgroup	Module:CGroup/Danball Senki@81863967	
諸葉	char	半妖的夜叉姬@87932716	
諾伊托拉	cgroup	Module:CGroup/BLEACH@81833737	
諾克塔爾	cgroup	Template:CGroup/童話槍手小紅帽@22981301	
諾克薩斯	cgroup	Module:CGroup/LOL@93322985	
諾克薩斯總帥	cgroup	Module:CGroup/LOL@93322985	
諾利斯	cgroup	Template:CGroup/GundamUC@94693163	
諾古蘭	cgroup	Module:CGroup/SAO@89298185	
諾姆瑞根	cgroup	Module:CGroup/Wow@94351016	
諾恩	cgroup	Template:CGroup/GundamUC@94693163	
諾斯拉	cgroup	Template:CGroup/HUNTER@80241645	
諾易絲	cgroup	Template:CGroup/愛天使傳說@43103330	
諾比利斯	cgroup	Template:CGroup/GundamIBO@91631774	
諾波	char	漂流家園@87146899	
諾爾巴	cgroup	Template:CGroup/GundamIBO@91631774	CHECK
諾爾德	cgroup	Template:CGroup/打工吧！魔王大人@40273238	
諾爾瑪	cgroup	Module:CGroup/The Promised Neverland@83209401	zh-hant
諾特蕾特	cgroup	Template:CGroup/GundamTWFM@82129397	
諾瑙	cgroup	Template:CGroup/GundamSeed@92969101	
諾瑞加	cgroup	Template:CGroup/Gundam00@70972545	
諾瓦	cgroup	Template:CGroup/Gundam00@70972545	
諾瓦古曼	cgroup	Template:CGroup/戰鬥陀螺 鋼鐵奇兵@68490308	
諾瓦廣場	cgroup	Module:CGroup/Half-Life@94355597	
諾艾兒	cgroup	Template:CGroup/ED@94768974	zh-hant
諾艾爾	cgroup	Template:CGroup/Aikatsu@68312381	
諾葳爾	cgroup	Template:CGroup/Pichi Pichi Pitch@94608266	
諾蕾雅	cgroup	Template:CGroup/GundamTWFM@82129397	
諾蘭卡魯斯	cgroup	Module:CGroup/SAO@89298185	
諾貝爾鋼彈	cgroup	Template:CGroup/GGundam@85035825	
諾邊塔	cgroup	Template:CGroup/GundamW@87064245	
諾雷特	cgroup	Template:CGroup/爆丸@31893398	
諾魯基亞流	cgroup	Module:CGroup/SAO@89298185	
諾魯布	char	交响诗篇@94703945	
謀略獸	char	數碼暴龍App世代角色列表@94177588	
謎之假面人	char	最終幻想 零式與Agito角色列表@93380052	
謎之少年	char	Angel Beats!角色列表@87218149	
謎樣森林	cgroup	Module:CGroup/Cartoon@93410586	
謝勒德	cgroup	Template:CGroup/ThePeanuts@54446337	CHECK
謝夫	char	爆丸5星域爭霸@90756067	
謝爾	cgroup	Template:CGroup/黑執事@49361116	
謝爾吉斯	cgroup	Template:CGroup/GOSICK@62514366	
謝爾汗	char	森林王子 少年毛克利@94715809	
謝爾的奇幻仙境	cgroup	Template:CGroup/黑執事@49361116	
謝爾茲鎮	cgroup	Module:CGroup/OnePiece@83858889	CHECK
謝花真央	char	血戰@94607019	
謝里丹	cgroup	Module:CGroup/My Little Pony@91388064	
謬拉	cgroup	Module:CGroup/ResidentEvil@94612703	
謬雷	cgroup	Module:CGroup/SAO@89298185	
證城寺	cgroup	Template:CGroup/NARUTO@86143617	
譚雅	char	異世界四重奏@93605298	
譜和匠	char	名偵探柯南：戰慄的樂譜@94461985	
警報獸	char	數碼暴龍App世代角色列表@94177588	
警戒至尊	cgroup	Template:CGroup/Transformers@87179168	
讀切版	cgroup	Template:CGroup/GundamAGE@51366593	
讀心狗狗	cgroup	Template:CGroup/妖怪手錶@75937932	
讀我檔案	cgroup	Module:CGroup/Games@94658856	
變化系	cgroup	Template:CGroup/HUNTER@80241645	zh-hant
變形宇宙盾	cgroup	Template:CGroup/爆丸@31893398	
變種人領袖	char	高譚角色列表@92146409	
變種型	cgroup	Template:CGroup/Digimon@94687201	
變裝迷宮	cgroup	Module:CGroup/Tales@54832633	
變身咒語為	char	Smile 光之美少女！@93787006	
變身國王	cgroup	Module:CGroup/Disney@93925402	
變身術	cgroup	Template:CGroup/NARUTO@86143617	
變革者	cgroup	Template:CGroup/Gundam00@70972545	
讓今天是完美的一天	cgroup	Module:CGroup/Frozen@82365390	
讓我聽見愛的歌聲	cgroup	Module:CGroup/Anime@94680982	
讚美瑪莉亞傳球	cgroup	Template:CGroup/Eyeshield21@86998850	
讚美瑪莉亞接球	cgroup	Template:CGroup/Eyeshield21@86998850	
谷一	char	犬王 (動畫電影)@90346257	
谷口聖子	char	光之美少女@94825358	
谷崎玲奈	char	魔法使光之美少女！@94758670	
谷津子	char	岁月的童话@92224070	
豆丁獸	char	數碼暴龍 LAST EVOLUTION 絆@94708497	
豆太	cgroup	Module:CGroup/蠟筆小新@93760288	
豆柴	char	東之伊甸@92226285	
豆面人	cgroup	Template:CGroup/HUNTER@80241645	
豈凡網絡	cgroup	Module:CGroup/Games-zh@90861641	zh-hant
豐島英一	char	Smile 光之美少女！@93787006	
豐川翔太	char	BLEACH角色列表@94571323	
豐泉台	cgroup	Module:CGroup/Wow@94351016	
豐緣地方	cgroup	Template:CGroup/Pokemon@85444397	
豐緣聯盟	cgroup	Template:CGroup/Pokemon@85444397	
象帕	cgroup	Template:CGroup/DragonBall@92325756	
豪傑式	cgroup	Template:CGroup/Gundam00@70972545	
豪利特	cgroup	Module:CGroup/美国漫画@94638375	
豪剛雄	char	佐賀偶像是傳奇@94005232	
豪力	cgroup	Template:CGroup/Pokemon@85444397	
豪徳寺清子	char	飛天小女警Z@94716201	
豪爾威斯	cgroup	Module:CGroup/My Little Pony@91388064	zh-hant
豪琉琉	char	大雄的月球探測記@93357355	
豪華經典槍組	cgroup	Module:CGroup/Counter-Strike@85677571	zh-hant
豬八戒獸	char	數碼寶貝覺醒節拍角色列表@94712797	
豬奶奶	cgroup	Module:CGroup/PeppaPig@87025478	
豬客	cgroup	Module:CGroup/美国漫画@94638375	
豬屍獸	cgroup	Module:CGroup/Minecraft@94388709	
豬布林	cgroup	Module:CGroup/Minecraft@94388709	
豬布獸	cgroup	Module:CGroup/Minecraft@94388709	
豬狩慶一	char	妄想代理人@91610420	
豬王山	char	怪物的孩子@93936285	
豬豬人	cgroup	Module:CGroup/美国漫画@94638375	
豬蹄組	cgroup	Module:CGroup/蠟筆小新@93760288	
豬陣	cgroup	Template:CGroup/NARUTO@86143617	
豹式鋼彈達文西	cgroup	Template:CGroup/GBF@82201572	
豹達	cgroup	Module:CGroup/OnePiece@83858889	
貓兒歷險記	cgroup	Module:CGroup/Disney@93925402	
貓咪也瘋狂	cgroup	Module:CGroup/Anime@94680982	
貓巴士	char	龙猫@93245446	
貓熊達	cgroup	Template:CGroup/魔法咪路咪路@26972197	
貓田舞	char	少女與戰車角色列表@93320972	
貓男爵	char	心之谷@88760045	
貓頭鷹法庭	char	高譚角色列表@92146409	
貓鼠大戰	cgroup	Module:CGroup/Simpsons@84869408	
貝亞斯	char	B傳說！戰鬥彈珠人@94175384	
貝倫小姐	char	飛天小女警Z@94716201	
貝克納	cgroup	Template:CGroup/GundamUC@94693163	
貝利	char	DARKER THAN BLACK@93233512	
貝利亞吸血魔獸	char	数码宝贝大冒险02角色列表@94744398	
貝利爾	cgroup	Template:CGroup/Ultraman@94663541	
貝勒帝	cgroup	Template:CGroup/MapleStory@57794822	
貝吉達王	cgroup	Template:CGroup/DragonBall@92325756	
貝塔獸	char	数码宝贝大冒险：角色列表@94538377	
貝姆拉	cgroup	Template:CGroup/Ultraman@94663541	zh-hant
貝娜提	cgroup	Template:CGroup/GundamUC@94693163	CHECK
貝婷	cgroup	Template:CGroup/Mabinogi@50754648	
貝尼丘	char	魔法使光之美少女！@94758670	
貝尼托	char	凱洛與塔斯黛@92015221	
貝庫達	cgroup	Module:CGroup/SAO@89298185	
貝庫達的肉票	cgroup	Module:CGroup/SAO@89298185	
貝托蒂嘉	cgroup	Template:CGroup/GundamUC@94693163	
貝托蒂嘉的子嗣	cgroup	Template:CGroup/GundamUC@94693163	
貝拉多納	cgroup	Module:CGroup/OnePiece@83858889	
貝拉蒂	char	萬里尋親記@94719791	
貝斯帕	cgroup	Template:CGroup/GundamUC@94693163	
貝旺	char	午睡公主～不為人知的故事～@94260985	
貝格曼	char	終末的伊澤塔@91239289	
貝殼獸	char	数码宝贝大冒险角色列表@94744369	
貝殼鼻涕獸	char	数码宝贝大冒险：角色列表@94538377	
貝洛絲	char	我的英雄学院角色列表@94403792	
貝洛茲	char	翠星上的加爾岡緹亞@91223485	CHECK
貝漢	cgroup	Module:CGroup/閃電十一人@68657168	
貝爾塔	char	DARKER THAN BLACK@93233512	
貝爾席歐	cgroup	Template:CGroup/FullmetalAlchemist@48481493	
貝爾庫利	cgroup	Module:CGroup/SAO@89298185	
貝爾庫利和北之白龍	cgroup	Module:CGroup/SAO@89298185	
貝爾徒騰	char	巖窟王@93890339	
貝爾托特	cgroup	Template:CGroup/進擊的巨人@76977335	
貝爾梅爾	cgroup	Module:CGroup/OnePiece@83858889	
貝爾梅莉亞	cgroup	Template:CGroup/GundamTWFM@82129397	
貝爾納	cgroup	Template:CGroup/GundamUC@94693163	
貝爾菲戈爾	cgroup	Template:CGroup/Reborn@29403199	
貝爾蒙先生	char	名偵探福爾摩斯@94071005	
貝爾蒙夫人	char	名偵探福爾摩斯@94071005	
貝爾薇斯	cgroup	Module:CGroup/LOL@93322985	
貝特魯吉烏斯	char	異世界四重奏@93605298	
貝琳達	cgroup	Module:CGroup/PeppaPig@87025478	
貝瑞克希德	cgroup	Template:CGroup/Mabinogi@50754648	
貝瑞塔	cgroup	Module:CGroup/Counter-Strike@85677571	zh-hant
貝瑞夫人	char	清秀佳人 (動畫)@94720065	
貝納德	char	蒙面俠蘇洛傳 (日本動畫)@90157303	
貝維德雷伯爵	char	崔普一家物語@86705471	
貝羅芭	cgroup	Template:CGroup/KamenRider@94225985	
貝蒂諾	char	萬里尋親記@94719791	
貝薇爾	cgroup	Module:CGroup/Square Enix@93012351	
貝薩流士	cgroup	Template:CGroup/潘朵拉之心@39382393	
貝蘭傑	char	悲慘世界 少女珂賽特@94720109	
貝西摩斯	cgroup	Module:CGroup/SAO@89298185	
貝西摩斯之爪	cgroup	Module:CGroup/Counter-Strike@85677571	zh-hant
貝貝爾	char	翠星上的加爾岡緹亞@91223485	
貝貝魯	char	DokiDoki! 光之美少女@93549956	
貝里古德	cgroup	Module:CGroup/OnePiece@83858889	
貝里塔斯	cgroup	Module:CGroup/BlueArchive@93972468	zh-hant
貝雅特里榭	cgroup	Module:CGroup/BlueArchive@93972468	zh-hant
貝雷尼克	cgroup	Module:CGroup/BLEACH@81833737	
貝魯奇	cgroup	Module:CGroup/BLEACH@81833737	
貝魯梅伯	cgroup	Module:CGroup/OnePiece@83858889	
負債管家	cgroup	Module:CGroup/Hayate the Combat Butler@81833661	
負荷實驗階段	cgroup	Module:CGroup/SAO@89298185	
負面獸	char	数码宝贝大冒险：角色列表@94538377	
負音調	char	Suite 光之美少女♪@92951168	
財前時子	char	偶像大師 灰姑娘女孩角色列表@91786822	
財前晃	char	遊戲王VRAINS@92292355	
財前琢磨	char	禁獵魔女@94041811	
財前葵	char	遊戲王VRAINS@92292355	
財津耕三	char	名偵探柯南：漆黑的追跡者@94634868	
貢薩	char	大雄的金银岛@93512797	
貪吃爺爺	cgroup	Template:CGroup/妖怪手錶@75937932	
貪啃奇	cgroup	Module:CGroup/LOL@93322985	
貫井半左	char	BLEACH角色列表@94571323	
貴多	cgroup	Module:CGroup/Pixar@93247177	
貴島	cgroup	Module:CGroup/Hayate the Combat Butler@81833661	
貴族鴨	cgroup	Template:CGroup/Crazyracing Kartrider@60141039	
貴橋麻美	char	数码宝贝合体战争角色列表@94717250	
貴船理	char	BLEACH角色列表@94571323	
買下星星的日子	cgroup	Module:CGroup/Anime@94680982	
費加	cgroup	Template:CGroup/Mazinger@84157445	
費加星聯軍	cgroup	Template:CGroup/Mazinger@84157445	
費勒斯獸	char	数码宝贝幽灵游戏角色列表@94560916	CHECK
費南迪斯	char	萬里尋親記@94719791	
費吉	cgroup	Module:CGroup/美国漫画@94638375	
費吉拉	cgroup	Module:CGroup/Disney@93925402	
費婕	cgroup	Template:CGroup/HUNTER@80241645	
費拉凡德瑞	cgroup	Template:CGroup/The Witcher@86825096	
費斯傑利	cgroup	Template:CGroup/Diablo@94495831	
費斯克	cgroup	Module:CGroup/美国漫画@94638375	
費斯托斯	cgroup	Module:CGroup/美国漫画@94638375	
費洛帕	cgroup	Module:CGroup/Half-Life@94355597	
費爾姐妹的姐妹櫥柜	cgroup	Template:CGroup/GOSICK@62514366	CHECK
費爾米	cgroup	Template:CGroup/BUDDYCOMPLEX@77221119	
費狄歐	cgroup	Module:CGroup/閃電十一人@68657168	
費班克	cgroup	Template:CGroup/GundamIBO@91631774	
費賽爾	cgroup	Module:CGroup/SAO@89298185	
費迪南多	char	萬里尋親記@94719791	
費里尼	cgroup	Template:CGroup/GBF@82201572	
費雪	cgroup	Template:CGroup/GundamUC@94693163	
費雪律師	char	湯姆歷險記 (動畫)@94720074	
費魯西	cgroup	Module:CGroup/SAO@89298185	CHECK
賀伯特夫人	char	小公主莎拉@94856128	
賀寧格	cgroup	Template:CGroup/進擊的巨人@76977335	
資訊有限公司	cgroup	Module:CGroup/Games-zh@90861641	zh-hant
資訊股份有限公司	cgroup	Module:CGroup/Games-zh@90861641	zh-hant
賈克	cgroup	Module:CGroup/蠟筆小新@93760288	
賈克村長	char	天元突破 紅蓮螺巖@93776700	
賈卡傑克	cgroup	Module:CGroup/BLEACH@81833737	
賈卡拉	char	狼雨@93653337	
賈巴里	cgroup	Module:CGroup/美国漫画@94638375	
賈布利耶里	cgroup	Module:CGroup/BLEACH@81833737	
賈布拉	cgroup	Module:CGroup/OnePiece@83858889	
賈布羅	cgroup	Template:CGroup/GundamUC@94693163	
賈斯特	char	最终幻想VII系列角色列表@92525651	
賈斯里	cgroup	Template:CGroup/GundamIBO@91631774	
賈方復仇記	cgroup	Module:CGroup/Disney@93925402	
賈桂琳	cgroup	Template:CGroup/GOSICK@62514366	
賈洛尼	char	萬里尋親記@94719791	
賈爾席多	cgroup	Module:CGroup/閃電十一人@68657168	
賈爾迪諾	cgroup	Module:CGroup/OnePiece@83858889	
賈米托夫	cgroup	Template:CGroup/GundamUC@94693163	
賈維爾	char	悲慘世界 少女珂賽特@94720109	
賈蜜兒	cgroup	Template:CGroup/Mazinger@84157445	
賈酷王	char	光之美少女@94825358	
賓什莫克	cgroup	Module:CGroup/OnePiece@83858889	
賓加	char	名偵探柯南：黑鐵的魚影@94777147	
賓茲	char	航海王電影：Z@94840945	CHECK
賢妃型	cgroup	Template:CGroup/GBF@82201572	
賢妃型熾天使鋼彈	cgroup	Template:CGroup/GBF@82201572	
賢者獸	char	数码宝贝大冒险：角色列表@94538377	
賣一刀	cgroup	Module:CGroup/OnePiece@83858889	
賣岔	cgroup	Module:CGroup/Disney@93925402	
賣藥人	char	湯姆歷險記 (動畫)@94720074	
賭城風雲	cgroup	Module:CGroup/Counter-Strike@85677571	zh-hant
賴人醫	cgroup	Template:CGroup/Family Guy@79259281	
購買固定型機關槍子彈	cgroup	Module:CGroup/Counter-Strike@85677571	zh-hant
賽亞	cgroup	Template:CGroup/DragonBall@92325756	
賽伊	cgroup	Template:CGroup/GundamSeed@92969101	
賽伯拉斯俯衝	cgroup	Template:CGroup/Eyeshield21@86998850	
賽佛斯	cgroup	Template:CGroup/GundamAGE@51366593	
賽克斯	char	高譚角色列表@92146409	
賽兒菲	cgroup	Module:CGroup/Square Enix@93012351	
賽凡提斯	cgroup	Template:CGroup/打工吧！魔王大人@40273238	
賽勒斯	cgroup	Module:CGroup/LOL@93322985	CHECK
賽博創	cgroup	Template:CGroup/Transformers@87179168	
賽博坦	cgroup	Template:CGroup/Transformers@87179168	
賽博龐克	cgroup	Module:CGroup/Cyberpunk@85139581	
賽可鋼彈	cgroup	Template:CGroup/GundamUC@94693163	
賽多	cgroup	Template:CGroup/GundamTWFM@82129397	
賽娜	cgroup	Module:CGroup/Disney@93925402	CHECK
賽季決賽	cgroup	Module:CGroup/LOL@93322985	
賽季開幕戰	cgroup	Module:CGroup/LOL@93322985	
賽巴斯丁	cgroup	Module:CGroup/Disney@93925402	CHECK
賽巴斯小子	cgroup	Template:CGroup/黑執事@49361116	CHECK
賽巴斯欽	cgroup	Template:CGroup/黑執事@49361116	CHECK
賽巴斯汀	cgroup	Template:CGroup/GundamUC@94693163	CHECK
賽巴洛斯夫人	char	萬里尋親記@94719791	CHECK
賽布	cgroup	Template:CGroup/GundamSeed@92969101	
賽希爾	cgroup	Module:CGroup/Square Enix@93012351	
賽席妮	cgroup	Template:CGroup/Pretty Rhythm@77221109	
賽文史塔克	cgroup	Template:CGroup/GundamIBO@91631774	
賽斯	cgroup	Module:CGroup/KingOfFighters@91481321	
賽斯天使	char	DokiDoki! 光之美少女@93549956	
賽法	cgroup	Module:CGroup/Square Enix@93012351	
賽絲特拉	cgroup	Module:CGroup/Wow@94351016	
賽維里諾	char	萬里尋親記@94719791	
賽莉耶	cgroup	Module:CGroup/Frieren@82010966	
賽菲利雅	cgroup	Module:CGroup/SAO@89298185	
賽菲羅斯	cgroup	Module:CGroup/Square Enix@93012351	
賽西莉	cgroup	Template:CGroup/GundamUC@94693163	CHECK
賽車獸	char	數碼暴龍App世代角色列表@94177588	
賽迪斯	cgroup	Module:CGroup/美国漫画@94638375	
賽遊科技	cgroup	Module:CGroup/Games-zh@90861641	zh-hant
賽達斯	cgroup	Template:CGroup/GundamAGE@51366593	
賽采之	cgroup	Template:CGroup/GGundam@85035825	
賽門	cgroup	Template:CGroup/Adventure Time@90284406	
賽魯	cgroup	Template:CGroup/DragonBall@92325756	
賽魯卡	cgroup	Module:CGroup/SAO@89298185	
賽魯少年	cgroup	Template:CGroup/DragonBall@92325756	
賽魯魯特	cgroup	Module:CGroup/SAO@89298185	
賽麗絲婷	char	悲慘世界 少女珂賽特@94720109	CHECK
贈予你滿滿的祝福	cgroup	Template:CGroup/GundamTWFM@82129397	
贊德	cgroup	Module:CGroup/Square Enix@93012351	
贊恩	cgroup	Module:CGroup/Frieren@82010966	
贊斯卡爾	cgroup	Template:CGroup/GundamUC@94693163	
贊斯魯	char	BORUTO-火影新世代-NARUTO NEXT GENERATIONS-角色列表@94842050	
贊格沼澤	cgroup	Module:CGroup/Wow@94351016	
贊特	cgroup	Template:CGroup/GundamAGE@51366593	
赤冬	cgroup	Module:CGroup/BlueArchive@93972468	zh-hant
赤刃勇格	char	爆旋陀螺Burst@94644099	
赤城米莉亞	char	偶像大師 灰姑娘女孩角色列表@91786822	
赤城翔平	char	K (動畫)@93234659	
赤堤八三	char	飛天小女警Z@94716201	
赤堤柿子	char	飛天小女警Z@94716201	
赤堤栗子	char	飛天小女警Z@94716201	
赤外可視子	char	我的英雄学院角色列表@94403792	
赤手甲	char	KILL la KILL@94827565	
赤星小梅	char	少女與戰車角色列表@93320972	
赤焰神駒	cgroup	Module:CGroup/Counter-Strike@85677571	zh-hant
赤熱陽台	cgroup	Module:CGroup/Counter-Strike@85677571	zh-hant
赤獄魔龍	cgroup	Module:CGroup/Counter-Strike@85677571	zh-hant
赤眼的沙薩	cgroup	Module:CGroup/SAO@89298185	
赤紅馬戲團	cgroup	Module:CGroup/SPY×FAMILY@86080268	
赤翼	cgroup	Module:CGroup/Square Enix@93012351	
赤色戰線	cgroup	Module:CGroup/Games@94658856	
赤西瑛梨華	char	偶像大師 灰姑娘女孩角色列表@91786822	CHECK
赤馬零兒	char	遊戲王ARC-V@93483654	
赤馬零羅	char	遊戲王ARC-V@93483654	
赤鬼	char	Smile 光之美少女！@93787006	
赫丘利	cgroup	Template:CGroup/Gundam00@70972545	
赫克林	cgroup	Module:CGroup/LOL@93322985	
赫利歐特洛普符咒	cgroup	Template:CGroup/The Witcher@86825096	
赫力席母	cgroup	Template:CGroup/MapleStory@57794822	
赫卡特狙擊步槍	cgroup	Module:CGroup/Counter-Strike@85677571	zh-hant
赫古巴庫	cgroup	Module:CGroup/OnePiece@83858889	
赫密士菲亞	cgroup	Template:CGroup/ED@94768974	zh-hant
赫拉森	cgroup	Template:CGroup/Diablo@94495831	
赫敏爾奧尼	char	羅密歐×茱麗葉@78678859	
赫根	char	Fate/Apocrypha@90728159	
赫比	cgroup	Module:CGroup/美国漫画@94638375	
赫爾博士	cgroup	Template:CGroup/Mazinger@84157445	
赫爾奧斯塔	cgroup	Template:CGroup/MapleStory@57794822	
赫爾魔狼獸	char	數碼寶貝覺醒節拍角色列表@94712797	
赫特	cgroup	Template:CGroup/愛天使傳說@43103330	
赫賽德	cgroup	Module:CGroup/BlueArchive@93972468	zh-hant
赫魯斯加臺地	cgroup	Module:CGroup/Wow@94351016	
起始之女	cgroup	Template:CGroup/KamenRider@94225985	
起始之男	cgroup	Template:CGroup/KamenRider@94225985	
起始城鎮	cgroup	Module:CGroup/SAO@89298185	
起始鋼彈	cgroup	Template:CGroup/GBF@82201572	
超七龍珠英雄	cgroup	Template:CGroup/DragonBall@92325756	
超亂鬥	cgroup	Template:CGroup/Digimon@94687201	
超人七號	cgroup	Template:CGroup/Ultraman@94663541	zh-hant
超人之星	cgroup	Template:CGroup/Ultraman@94663541	zh-hant
超人兄弟	cgroup	Template:CGroup/Ultraman@94663541	
超人力霸王之母	cgroup	Template:CGroup/Ultraman@94663541	
超人力霸王之父	cgroup	Template:CGroup/Ultraman@94663541	
超人力霸王亞格	cgroup	Template:CGroup/Ultraman@94663541	
超人力霸王傑克	cgroup	Template:CGroup/Ultraman@94663541	
超人力霸王傑斯	cgroup	Template:CGroup/Ultraman@94663541	
超人力霸王傑洛	cgroup	Template:CGroup/Ultraman@94663541	
超人力霸王傑特	cgroup	Template:CGroup/Ultraman@94663541	
超人力霸王傑諾	cgroup	Template:CGroup/Ultraman@94663541	
超人力霸王傳奇	cgroup	Template:CGroup/Ultraman@94663541	
超人力霸王勝利	cgroup	Template:CGroup/Ultraman@94663541	
超人力霸王史考特	cgroup	Template:CGroup/Ultraman@94663541	
超人力霸王喬尼亞斯	cgroup	Template:CGroup/Ultraman@94663541	
超人力霸王大河	cgroup	Template:CGroup/Ultraman@94663541	
超人力霸王太郎	cgroup	Template:CGroup/Ultraman@94663541	
超人力霸王察克	cgroup	Template:CGroup/Ultraman@94663541	
超人力霸王尊王	cgroup	Template:CGroup/Ultraman@94663541	
超人力霸王布雷薩	cgroup	Template:CGroup/Ultraman@94663541	
超人力霸王希卡利	cgroup	Template:CGroup/Ultraman@94663541	
超人力霸王帕瓦德	cgroup	Template:CGroup/Ultraman@94663541	
超人力霸王帝納	cgroup	Template:CGroup/Ultraman@94663541	
超人力霸王影子	cgroup	Template:CGroup/Ultraman@94663541	
超人力霸王梅比斯	cgroup	Template:CGroup/Ultraman@94663541	
超人力霸王正義	cgroup	Template:CGroup/Ultraman@94663541	
超人力霸王男孩	cgroup	Template:CGroup/Ultraman@94663541	
超人力霸王皮克特	cgroup	Template:CGroup/Ultraman@94663541	
超人力霸王系列	cgroup	Template:CGroup/Ultraman@94663541	
超人力霸王納克斯	cgroup	Template:CGroup/Ultraman@94663541	
超人力霸王羅布	cgroup	Template:CGroup/Ultraman@94663541	
超人力霸王耐斯	cgroup	Template:CGroup/Ultraman@94663541	
超人力霸王葛雷	cgroup	Template:CGroup/Ultraman@94663541	
超人力霸王蓋亞	cgroup	Template:CGroup/Ultraman@94663541	
超人力霸王衛司	cgroup	Template:CGroup/Ultraman@94663541	
超人力霸王諾亞	cgroup	Template:CGroup/Ultraman@94663541	
超人力霸王貝利爾	cgroup	Template:CGroup/Ultraman@94663541	
超人力霸王超鬥士激傳	cgroup	Module:CGroup/Anime@94680982	
超人力霸王迪卡	cgroup	Template:CGroup/Ultraman@94663541	
超人力霸王銀河	cgroup	Template:CGroup/Ultraman@94663541	
超人力霸王銀河勝利	cgroup	Template:CGroup/Ultraman@94663541	
超人力霸王銀河大戰	cgroup	Template:CGroup/Ultraman@94663541	
超人力霸王雅克	cgroup	Template:CGroup/Ultraman@94663541	
超人力霸王雷傑	cgroup	Template:CGroup/Ultraman@94663541	
超人力霸王雷克洛斯	cgroup	Template:CGroup/Ultraman@94663541	
超人力霸王雷歐	cgroup	Template:CGroup/Ultraman@94663541	
超人力霸王雷歐斯	cgroup	Template:CGroup/Ultraman@94663541	
超人力霸王馬克斯	cgroup	Template:CGroup/Ultraman@94663541	
超人力霸王高斯	cgroup	Template:CGroup/Ultraman@94663541	
超人大戰十字軍團	cgroup	Module:CGroup/美国漫画@94638375	
超人特攻與鋼鐵人	cgroup	Module:CGroup/美国漫画@94638375	
超人特攻隊	cgroup	Module:CGroup/Pixar@93247177	
超人王朝	cgroup	Module:CGroup/美国漫画@94638375	
超人第三集	cgroup	Module:CGroup/美国漫画@94638375	
超人第二集	cgroup	Module:CGroup/美国漫画@94638375	
超值版	cgroup	Template:CGroup/Sim@37867988	
超兵機關	cgroup	Template:CGroup/Gundam00@70972545	
超合眾國最高議會	cgroup	Template:CGroup/Code Geass@70270136	
超哥	cgroup	Module:CGroup/Pixar@93247177	
超夢	cgroup	Template:CGroup/Pokemon@85444397	
超夢的逆襲	cgroup	Template:CGroup/Pokemon@85444397	
超夢覺醒	cgroup	Template:CGroup/Pokemon@85444397	
超大型鎚矛	cgroup	Template:CGroup/GundamIBO@91631774	
超悲觀蚊	cgroup	Template:CGroup/妖怪手錶@75937932	
超惡魔獸	cgroup	Template:CGroup/Digimon@94687201	
超惡魔獸的反擊	cgroup	Template:CGroup/Digimon@94687201	
超時空之鑰系列	cgroup	Module:CGroup/Square Enix@93012351	
超時空保姆	cgroup	Module:CGroup/Anime@94680982	
超時空博士	cgroup	Template:CGroup/Futurama@34999934	
超時空甩尾	cgroup	Module:CGroup/Anime@94680982	
超時空進化	cgroup	Template:CGroup/Digimon@94687201	
超時空騎兵	cgroup	Module:CGroup/Anime@94680982	
超海龍獸	char	数码宝贝大冒险角色列表@94744369	
超激力戰鬥車	cgroup	Module:CGroup/Anime@94680982	
超熱力追緝	cgroup	Module:CGroup/Games@94658856	
超異域公主連結	cgroup	Module:CGroup/Anime@94680982	zh-hant
超異象之謎	cgroup	Template:CGroup/Ultraman@94663541	
超直感	cgroup	Template:CGroup/Reborn@29403199	
超硬質刃	cgroup	Module:CGroup/Counter-Strike@85677571	zh-hant
超神巨龍	cgroup	Template:CGroup/爆丸@31893398	
超神戰士軍	cgroup	Template:CGroup/Transformers@87179168	
超級先鋒	cgroup	Template:CGroup/四驅兄弟@86987120	
超級劍豪傳	cgroup	Module:CGroup/Anime@94680982	
超級室長券	cgroup	Template:CGroup/Crazyracing Kartrider@60141039	
超級小偷	cgroup	Module:CGroup/Anime@94680982	
超級巨星	cgroup	Template:CGroup/Sim@37867988	
超級快跑鴨	cgroup	Module:CGroup/OnePiece@83858889	
超級手指喬	cgroup	Module:CGroup/蠟筆小新@93760288	
超級最前線	cgroup	Module:CGroup/美国漫画@94638375	
超級海嘯	cgroup	Module:CGroup/閃電十一人@68657168	
超級烈空坐	char	Pokemon the movie XY 光環的超魔神 胡帕@93394331	
超級無敵切割怪	char	星之卡比 (動畫)@94160462	
超級無敵厲害撲克牌	cgroup	Module:CGroup/蠟筆小新@93760288	
超級瑪俐歐樂園	cgroup	Module:CGroup/Nintendo@94745610	
超級瑪利歐創作家	cgroup	Module:CGroup/Nintendo@94745610	
超級瑪利歐派對	cgroup	Module:CGroup/Nintendo@94745610	
超級瑪利歐酷跑	cgroup	Module:CGroup/Nintendo@94745610	
超級瑪利歐銀河	cgroup	Module:CGroup/Nintendo@94745610	
超級英雄冒險	cgroup	Module:CGroup/美国漫画@94638375	zh-hant
超級英雄女孩	cgroup	Module:CGroup/美国漫画@94638375	
超級蓋伊人	char	吊带袜天使@94456883	
超級蝙蝠車	cgroup	Module:CGroup/美国漫画@94638375	
超級賽亞人四	char	七龍珠GT@94711068	
超級賽亞人四悟達爾	char	七龍珠GT@94711068	
超級銀河大怪獸格鬥	cgroup	Template:CGroup/Ultraman@94663541	zh-hant
超級黑暗殺手	cgroup	Template:CGroup/Ultraman@94663541	
超絕能量彈	cgroup	Module:CGroup/Danball Senki@81863967	
超者萊汀	cgroup	Module:CGroup/Anime@94680982	
超能女孩	cgroup	Module:CGroup/美国漫画@94638375	
超能小萌怪	cgroup	Module:CGroup/Cartoon@93410586	
超能小馬	cgroup	Module:CGroup/My Little Pony@91388064	
超能貓	char	小松先生@93448405	
超能颶風	cgroup	Module:CGroup/Counter-Strike@85677571	zh-hant
超越時空的少年獵人們	cgroup	Template:CGroup/Digimon@94687201	CHECK
超載境界	cgroup	Module:CGroup/Danball Senki@81863967	
超轉速領域	cgroup	Module:CGroup/Counter-Strike@85677571	zh-hant
超酷大樂團	cgroup	Module:CGroup/SpongeBob SquarePants@91129493	
超量企鵝	cgroup	Module:CGroup/閃電十一人@68657168	CHECK
超限旗幟式	cgroup	Template:CGroup/Gundam00@70972545	
超限旗幟部隊	cgroup	Template:CGroup/Gundam00@70972545	
超電磁砲	cgroup	Module:CGroup/Counter-Strike@85677571	zh-hant
超音蝠	cgroup	Template:CGroup/Pokemon@85444397	
超頂極模式	cgroup	Template:CGroup/KamenRider@94225985	
越南大戰	cgroup	Module:CGroup/Games@94658856	
越水七槻	char	名偵探柯南角色列表@94461808	
越野夏子	char	光之美少女@94825358	
越野菁英賽	cgroup	Module:CGroup/Games@94658856	
趙奎奐	cgroup	Module:CGroup/Solo Leveling@86308871	
趙鐘秀	cgroup	Module:CGroup/閃電十一人@68657168	
趣怪守護仙	cgroup	Module:CGroup/Cartoon@93410586	
足球帝國	cgroup	Module:CGroup/閃電十一人@68657168	
足球禁止令	cgroup	Module:CGroup/閃電十一人@68657168	
趾鹹	cgroup	Module:CGroup/Simpsons@84869408	
跑跑飛天車	cgroup	Template:CGroup/Crazyracing Kartrider@60141039	
跑車浪漫旅	cgroup	Module:CGroup/Games@94658856	
跟斗雲	cgroup	Template:CGroup/DragonBall@92325756	
跟班二人組	char	飛天小女警Z@94716201	
跟隨者	cgroup	Template:CGroup/MapleStory@57794822	
路克西雷	char	最终幻想VII系列角色列表@92525651	CHECK
路卡利歐	cgroup	Template:CGroup/Pokemon@85444397	
路卡斯	cgroup	Template:CGroup/Mabinogi@50754648	
路卡爾	cgroup	Module:CGroup/KingOfFighters@91481321	
路卡的啟程	cgroup	Module:CGroup/Square Enix@93012351	
路卡的夏天	cgroup	Module:CGroup/Pixar@93247177	
路希斯	cgroup	Module:CGroup/Square Enix@93012351	
路德斯湖	cgroup	Template:CGroup/MapleStory@57794822	
路德獸	char	數碼寶貝覺醒節拍角色列表@94712797	
路易吉洋樓	cgroup	Module:CGroup/Nintendo@94745610	
路易斯夫人	char	愛少女波麗安娜物語@94856145	
路歇	cgroup	Template:CGroup/GundamSeed@92969101	
路歇爾	cgroup	Template:CGroup/GundamAGE@51366593	
路涅斯	cgroup	Module:CGroup/Square Enix@93012351	
路瑟	cgroup	Module:CGroup/美国漫画@94638375	
路瓊	cgroup	Template:CGroup/FullmetalAlchemist@48481493	
路西恩	cgroup	Module:CGroup/LOL@93322985	CHECK
路西菲爾	cgroup	Template:CGroup/打工吧！魔王大人@40273238	CHECK
跳太	char	哆啦A梦角色列表@94533440	
跳崖者	cgroup	Template:CGroup/Transformers@87179168	
跳蚤團長	cgroup	Module:CGroup/Pixar@93247177	
跳跳虎歷險記	cgroup	Module:CGroup/Disney@93925402	CHECK
跳躍強化	cgroup	Module:CGroup/Counter-Strike@85677571	zh-hant
跳躍彈	cgroup	Template:CGroup/Reborn@29403199	
跳躍者號	cgroup	Template:CGroup/四驅兄弟@86987120	
踢球比賽	cgroup	Module:CGroup/My Little Pony@91388064	
踢蘋果季	cgroup	Module:CGroup/My Little Pony@91388064	
踢蝗	cgroup	Template:CGroup/KamenRider@94225985	
踢踢獸	char	數碼寶貝覺醒節拍角色列表@94712797	
蹂躪者	cgroup	Template:CGroup/Transformers@87179168	
蹦極衝刺	cgroup	Module:CGroup/閃電十一人@68657168	
躍動衝鋒	cgroup	Template:CGroup/四驅兄弟@86987120	
躍者之兔	cgroup	Module:CGroup/閃電十一人@68657168	
車海印	cgroup	Module:CGroup/Solo Leveling@86308871	
車站站員	char	喬瑟與虎與魚群動畫版@94591558	
車諾比之影	cgroup	Module:CGroup/Games@94658856	
車輪旋轉金剛飛拳	cgroup	Template:CGroup/Mazinger@84157445	
軌道型	cgroup	Template:CGroup/GundamAGE@51366593	
軌道電梯	cgroup	Template:CGroup/Gundam00@70972545	
軍刀小隊	cgroup	Module:CGroup/Games@94658856	
軍武科技	cgroup	Module:CGroup/Cyberpunk@85139581	
軍火之王	cgroup	Module:CGroup/Counter-Strike@85677571	zh-hant
軍用吉普車	cgroup	Template:CGroup/Crazyracing Kartrider@60141039	
軍臨天下	cgroup	Module:CGroup/Wow@94351016	
軒轅十四伽馬獸	char	数码宝贝幽灵游戏角色列表@94560916	
軒轅十四獸	char	数码宝贝幽灵游戏角色列表@94560916	
軟軟噗尼寵物小精靈	cgroup	Module:CGroup/Anime@94680982	
軟體世界	cgroup	Module:CGroup/Games-zh@90861641	zh-hant
輔導應用程序	cgroup	Template:CGroup/Digimon@94687201	
輕薄的假象	cgroup	Template:CGroup/HUNTER@80241645	
輕鬆百合	cgroup	Module:CGroup/Anime@94680982	zh-hant
輝兒	cgroup	Module:CGroup/Disney@93925402	
輝夜姬想讓人告白	cgroup	Module:CGroup/Anime@94680982	
輝耀姬物語	cgroup	Module:CGroup/Anime@94680982	
輪傑	cgroup	Template:CGroup/Transformers@87179168	
輪入道	char	地狱少女@93363580	
輪島君子	char	花開物語@94760130	
輪島巴	char	花開物語@94760130	CHECK
輪渦	cgroup	Module:CGroup/SAO@89298185	
輪迴獸	char	數碼寶貝覺醒節拍角色列表@94712797	
輿水幸子	char	偶像大師 灰姑娘女孩角色列表@91786822	
轉印	cgroup	Module:CGroup/BlueArchive@93972468	zh-hant
轉生式荷姆薇潔	cgroup	Template:CGroup/GundamIBO@91631774	
轟修斗	char	戰鬥陀螺 鋼鐵奇兵角色列表@94643342	
轟天高校生	cgroup	Module:CGroup/Anime@94680982	
轟擊劍	cgroup	Module:CGroup/Danball Senki@81863967	
轟擊型外掛裝備	cgroup	Template:CGroup/GundamSeed@92969101	
轟擊型推進器	cgroup	Template:CGroup/GundamTWFM@82129397	
轟擊型脈衝鋼彈	cgroup	Template:CGroup/GundamSeed@92969101	
轟擊大師傑鋼	cgroup	Template:CGroup/GBF@82201572	
轟炸彈力球	cgroup	Template:CGroup/Sim@37867988	
轟炸擂台	cgroup	Module:CGroup/Counter-Strike@85677571	zh-hant
轟炸超人	cgroup	Module:CGroup/Games@94658856	
轟炸領域	cgroup	Module:CGroup/Counter-Strike@85677571	zh-hant
轡田真紀	char	數碼寶貝覺醒節拍角色列表@94712797	
辛克蕾亞	cgroup	Template:CGroup/潘朵拉之心@39382393	
辛卡	cgroup	Module:CGroup/SAO@89298185	
辛吉米	cgroup	Module:CGroup/閃電十一人@68657168	
辛恩	cgroup	Template:CGroup/DragonBall@92325756	
辛拉登	cgroup	Module:CGroup/Pixar@93247177	
辛普森家庭電影版	cgroup	Module:CGroup/Simpsons@84869408	
辛朵莉	cgroup	Module:CGroup/OnePiece@83858889	
辛盈	cgroup	Module:CGroup/Simpsons@84869408	
辛賽西斯	cgroup	Module:CGroup/SAO@89298185	CHECK
辣妹高校生	cgroup	Module:CGroup/Anime@94680982	
辦公室攻防	cgroup	Module:CGroup/Counter-Strike@85677571	zh-hant
辭典獸	char	數碼暴龍App世代角色列表@94177588	
辰已	cgroup	Template:CGroup/GundamSeed@92969101	
辰巳大輔	char	光之美少女：食尚甜心@92951245	
農大菌物語	cgroup	Module:CGroup/Anime@94680982	
辻仁太郎	char	東之伊甸@92226285	
辻弘樹	char	名偵探柯南：第14號獵物@94562556	
辻本夏帆	char	名偵探柯南：水平線上的陰謀@94562230	
辻野朱里	char	偶像大師 灰姑娘女孩角色列表@91786822	
辻飼姜香	char	PSYCHO-PASS角色列表@93403235	
达尔默	cgroup	Template:CGroup/MapleStory@57794822	CHECK
迅遊科技	cgroup	Module:CGroup/Games-zh@90861641	zh-hant
迅雷先鋒	cgroup	Module:CGroup/Games@94658856	
迅雷猛獸	cgroup	Module:CGroup/閃電十一人@68657168	
迎風吹雪	cgroup	Module:CGroup/閃電十一人@68657168	
近戰武器組合包	cgroup	Module:CGroup/Counter-Strike@85677571	zh-hant
近戰武器設計圖	cgroup	Module:CGroup/Counter-Strike@85677571	zh-hant
近戰武器類	cgroup	Module:CGroup/Counter-Strike@85677571	zh-hant
近藤勇誠	char	東之伊甸@92226285	
近藤嚴	cgroup	Template:CGroup/四驅兄弟@86987120	
近藤妙子	char	少女與戰車角色列表@93320972	
近藤教授	char	喬瑟與虎與魚群動畫版@94591558	
近衛美奈	cgroup	Module:CGroup/BlueArchive@93972468	zh-hant
迦具都玄示	char	K (動畫)@93234659	
迦奧獸	char	數碼寶貝拯救隊角色列表@94177566	
迦奧迦獸	char	數碼寶貝拯救隊角色列表@94177566	
迦拉	cgroup	Template:CGroup/GundamAGE@51366593	
迦迪斯	char	聖天空戰記@94720493	
迪亞	cgroup	Module:CGroup/閃電十一人@68657168	
迪亞貝爾	cgroup	Module:CGroup/SAO@89298185	
迪克斯	char	高譚角色列表@92146409	
迪凡斯	cgroup	Template:CGroup/GundamAGE@51366593	
迪卡	cgroup	Template:CGroup/Ultraman@94663541	
迪司	char	能量獸之戰獸旋戰鬥@93872390	
迪因	cgroup	Template:CGroup/GundamSeed@92969101	
迪坦斯	cgroup	Template:CGroup/GundamUC@94693163	
迪墨	cgroup	Template:CGroup/進擊的巨人@76977335	
迪姆	cgroup	Module:CGroup/Pixar@93247177	
迪安卡	cgroup	Template:CGroup/GundamSeed@92969101	
迪庫	cgroup	Module:CGroup/Danball Senki@81863967	
迪恩	cgroup	Template:CGroup/Mabinogi@50754648	
迪戈	char	魔法少女奈葉系列角色列表@93877995	
迪拉茲	cgroup	Template:CGroup/GundamUC@94693163	CHECK
迪拉茲艦隊	cgroup	Template:CGroup/GundamUC@94693163	CHECK
迪斯特龍	cgroup	Template:CGroup/KamenRider@94225985	
迪札斯特	cgroup	Template:CGroup/KamenRider@94225985	
迪格馬澤農	cgroup	Template:CGroup/GundamAGE@51366593	
迪歐	cgroup	Template:CGroup/GundamW@87064245	
迪歐斯	cgroup	Template:CGroup/GundamIBO@91631774	
迪爾克	cgroup	Template:CGroup/進擊的巨人@76977335	
迪爾兔德獸	char	数码宝贝幽灵游戏角色列表@94560916	
迪特	char	爆丸5星域爭霸@90756067	
迪特拉	cgroup	Template:CGroup/GundamUC@94693163	
迪特里希	cgroup	Template:CGroup/進擊的巨人@76977335	
迪特馬斯	cgroup	Template:CGroup/童話槍手小紅帽@22981301	
迪瓦茲	cgroup	Template:CGroup/GundamIBO@91631774	CHECK
迪瓦菈	cgroup	Module:CGroup/Square Enix@93012351	
迪穆修	cgroup	Template:CGroup/KamenRider@94225985	
迪米	cgroup	Template:CGroup/GundamTWFM@82129397	
迪米教練機	cgroup	Template:CGroup/GundamTWFM@82129397	
迪米烏哥斯	char	異世界四重奏@93605298	
迪米警衛機	cgroup	Template:CGroup/GundamTWFM@82129397	
迪米馬鎧機	cgroup	Template:CGroup/GundamTWFM@82129397	
迪索爾巴德	cgroup	Module:CGroup/SAO@89298185	CHECK
迪絲比婭	char	Go Princess 光之美少女@94065409	
迪藍	cgroup	Module:CGroup/閃電十一人@68657168	
迪蘭薩	cgroup	Template:CGroup/GundamTWFM@82129397	
迪諾	cgroup	Module:CGroup/Cyberpunk@85139581	
迪金	cgroup	Template:CGroup/GundamUC@94693163	
迫擊砲班	cgroup	Template:CGroup/Warcraft@92164655	zh-hant
迫水開治	char	舞-HiME角色列表@91610502	
迭斯德畢尼岡德	cgroup	Template:CGroup/童話槍手小紅帽@22981301	
迴旋指揮艇	cgroup	Template:CGroup/Mazinger@84157445	
迴旋踢	cgroup	Module:CGroup/閃電十一人@68657168	
迴旋鏢隊長	cgroup	Module:CGroup/美国漫画@94638375	
迷你卡爾波	char	星之卡比 (動畫)@94160462	
迷你哆啦	cgroup	Module:CGroup/Doraemon@88509940	
迷你地圖	cgroup	Module:CGroup/Counter-Strike@85677571	zh-hant
迷你培波	char	ONE PIECE FILM RED@94073649	
迷你大頭獸	char	数码宝贝大冒险：角色列表@94538377	
迷你布魯諾	char	ONE PIECE FILM RED@94073649	
迷你戰爭	cgroup	Module:CGroup/Counter-Strike@85677571	zh-hant
迷唇姐	cgroup	Template:CGroup/Pokemon@85444397	
迷宮的栞	cgroup	Module:CGroup/Anime@94680982	
迷幻獸	char	數碼寶貝覺醒節拍角色列表@94712797	
迷彩麥格農狙擊槍	cgroup	Module:CGroup/Counter-Strike@85677571	zh-hant
迷惑深丘	cgroup	Module:CGroup/Counter-Strike@85677571	zh-hant
迷糊天使	cgroup	Module:CGroup/Anime@94680982	
迷糊餐廳	cgroup	Template:CGroup/WORKING!!@28976859	
迷走電擊	cgroup	Module:CGroup/閃電十一人@68657168	
迷途之蝶	cgroup	Module:CGroup/Anime@94680982	
迷霧前夕	cgroup	Module:CGroup/Wow@94351016	
迷霧森林	cgroup	Template:CGroup/MapleStory@57794822	
迷霧秘坊	cgroup	Module:CGroup/Cyberpunk@85139581	
追寶威龍	cgroup	Module:CGroup/Square Enix@93012351	CHECK
追尋兀爾德	cgroup	Template:CGroup/GundamIBO@91631774	
追逐繁星的孩子	title	追逐繁星的孩子@94412901	
送冬日	cgroup	Module:CGroup/My Little Pony@91388064	zh-hant
送冬迎春	cgroup	Module:CGroup/My Little Pony@91388064	
逃紙	cgroup	Module:CGroup/Simpsons@84869408	
逆流俠	cgroup	Module:CGroup/Pixar@93247177	
逆王	cgroup	Template:CGroup/Heroes of the Storm@49727842	
逆襲的龍勇士	cgroup	Module:CGroup/Anime@94680982	
逆轉對決	cgroup	Module:CGroup/LOL@93322985	
逆轉監督	cgroup	Module:CGroup/Anime@94680982	
逆髮結羅	char	犬夜叉角色列表@94790447	
逐闇者	cgroup	Module:CGroup/SAO@89298185	
逗之助	char	異世界四重奏@93605298	
這個世界靠錢和智慧	cgroup	Template:CGroup/Bakuman@59602158	
這個美妙的世界	cgroup	Module:CGroup/Square Enix@93012351	
這就是生活	cgroup	Module:CGroup/My Little Pony@91388064	
通往交響曲之路	cgroup	Template:CGroup/Pretty Rhythm@77221109	zh-hant
通靈之	cgroup	Template:CGroup/NARUTO@86143617	
逞生	char	甲鐵城的卡巴內里@93830519	
速伯利昂	cgroup	Template:CGroup/Transformers@87179168	
速戰型	cgroup	Template:CGroup/GundamAGE@51366593	
速攻修拉	cgroup	Template:CGroup/Battle Spirits@29023902	
速水奏	char	偶像大師 灰姑娘女孩角色列表@91786822	
連城岳彥	char	名偵探柯南：戰慄的樂譜@94461985	
連布蘭	cgroup	Template:CGroup/GundamTWFM@82129397	
連牙	char	火影忍者角色列表@94671076	
連環殺陣	cgroup	Module:CGroup/Counter-Strike@85677571	zh-hant
連茲	cgroup	Template:CGroup/進擊的巨人@76977335	CHECK
連袂出擊	cgroup	Module:CGroup/Games@94658856	
連邦軟件	cgroup	Module:CGroup/Games-zh@90861641	zh-hant
進入永恆之地	cgroup	Template:CGroup/Warcraft@92164655	zh-hant
進化世代	cgroup	Module:CGroup/閃電十一人@68657168	
進化管理者	cgroup	Template:CGroup/Heroes of the Storm@49727842	
進擊的巨人	title	進擊的巨人 (動畫)@94769602	
進藤玲子	char	名偵探柯南：銀翼的奇術師@94771896	
逸見艾麗卡	char	少女與戰車角色列表@93320972	CHECK
遁兵衛	char	火影忍者角色列表@94671076	
遁地獸	cgroup	Template:CGroup/StarCraft@73588136	
遊佐梢	char	偶像大師 灰姑娘女孩角色列表@91786822	
遊佐葉月	char	魔法少女小圓角色列表@94590242	
遊吾	char	遊戲王ARC-V@93483654	
遊家網絡	cgroup	Module:CGroup/Games-zh@90861641	zh-hant
遊戲室	cgroup	Module:CGroup/Counter-Strike@85677571	zh-hant
遊戲實況主	cgroup	Module:CGroup/Games@94658856	
遊戲桿	cgroup	Module:CGroup/Games@94658856	zh-hant
遊戲管理員	cgroup	Template:CGroup/GBF@82201572	
遊戲軟體分級管理辦法	cgroup	Module:CGroup/Games-zh@90861641	zh-hant
遊擊士	cgroup	Template:CGroup/ED@94768974	zh-hant
遊斗	char	遊戲王ARC-V@93483654	
遊族	cgroup	Module:CGroup/Games-zh@90861641	zh-hant
遊族網絡	cgroup	Module:CGroup/Games-zh@90861641	zh-hant
遊研社	cgroup	Module:CGroup/Games-zh@90861641	zh-hant
運動大集錦	cgroup	Module:CGroup/Games@94658856	
運土神功	cgroup	Template:CGroup/降世神通@43998034	
運土神通	cgroup	Template:CGroup/降世神通@43998034	
運沙神功	cgroup	Template:CGroup/降世神通@43998034	
運沙神通	cgroup	Template:CGroup/降世神通@43998034	
運魔鋼彈	cgroup	Template:CGroup/GundamIBO@91631774	
過載測試	cgroup	Module:CGroup/SAO@89298185	
道卡	char	Pokemon the movie XY&Z 波爾凱尼恩與機關人偶 瑪機雅娜@92337863	
道明寺安迪	char	K (動畫)@93234659	
道明寺歌鈴	char	偶像大師 灰姑娘女孩角色列表@91786822	
道格	cgroup	Module:CGroup/Disney@93925402	
道格拉斯夫人	char	湯姆歷險記 (動畫)@94720074	
道羽根奧菈	char	BLEACH角色列表@94571323	
道陣	char	獸兵衛忍風帖@94218789	
道順健碁	char	遊戲王VRAINS@92292355	CHECK
道頓堀庫伊	char	BORUTO-火影新世代-NARUTO NEXT GENERATIONS-角色列表@94842050	
道魯賓	cgroup	Template:CGroup/小魔女DoReMi@65858319	
道魯賓女王	char	小魔女DoReMi@94721174	
達佐孽	cgroup	Template:CGroup/HUNTER@80241645	
達克霍	cgroup	Module:CGroup/美国漫画@94638375	
達利達	cgroup	Template:CGroup/GundamSeed@92969101	
達加里奧斯	char	爆丸5星域爭霸@90756067	
達叔	cgroup	Module:CGroup/Counter-Strike@85677571	zh-hant
達叔屠刀	cgroup	Module:CGroup/Counter-Strike@85677571	zh-hant
達可尼	char	星之卡比 (動畫)@94160462	
達哥斯塔	cgroup	Template:CGroup/GundamSeed@92969101	
達坦	cgroup	Module:CGroup/OnePiece@83858889	
達尼達尼	char	光之美少女：食尚甜心@92951245	
達布當	char	航海王電影：GOLD@93412929	
達拉姆	cgroup	Template:CGroup/Ultraman@94663541	
達拉朗	cgroup	Template:CGroup/Warcraft@92164655	zh-hant
達拉朗的廢墟	cgroup	Template:CGroup/Warcraft@92164655	zh-hant
達拉臘	cgroup	Template:CGroup/GBF@82201572	
達斯蒂	char	森林王子 少年毛克利@94715809	
達普利斯	cgroup	Template:CGroup/FullmetalAlchemist@48481493	
達普拉	cgroup	Template:CGroup/DragonBall@92325756	
達比	char	DokiDoki! 光之美少女@93549956	
達洛特	cgroup	Template:CGroup/DragonBall@92325756	
達爾文級	cgroup	Template:CGroup/GundamAGE@51366593	
達爾肯	cgroup	Module:CGroup/SAO@89298185	
達爾西亞	char	狼雨@93653337	
達爾西姆	cgroup	Module:CGroup/Games@94658856	CHECK
達特	cgroup	Template:CGroup/進擊的巨人@76977335	
達瑞文	cgroup	Module:CGroup/LOL@93322985	
達瑞斯	cgroup	Module:CGroup/LOL@93322985	
達米安	cgroup	Template:CGroup/戰鬥陀螺 鋼鐵奇兵@68490308	
達納金	cgroup	Template:CGroup/GundamAGE@51366593	
達絲琪	cgroup	Module:CGroup/OnePiece@83858889	
達茲納	cgroup	Template:CGroup/NARUTO@86143617	CHECK
達莉	char	天元突破 紅蓮螺巖@93776700	
達莉亞	char	悲慘世界 少女珂賽特@94720109	
達蒿	cgroup	Template:CGroup/Valkyria@77221191	
達蘭的大主教	cgroup	Template:CGroup/Heroes of the Storm@49727842	
達谷	cgroup	Template:CGroup/潘朵拉之心@39382393	
達貢獸	char	数码宝贝幽灵游戏角色列表@94560916	
達賽爾	cgroup	Template:CGroup/KamenRider@94225985	
達里巴爾迪	cgroup	Template:CGroup/GundamTWFM@82129397	CHECK
達里斯	cgroup	Template:CGroup/進擊的巨人@76977335	
達雅卡	char	天元突破 紅蓮螺巖@93776700	
達雷斯	cgroup	Template:CGroup/黑執事@49361116	
遙控器不見妖	cgroup	Template:CGroup/妖怪手錶@75937932	
遙控桿	cgroup	Module:CGroup/Games@94658856	zh-hant
遙控車射門	cgroup	Module:CGroup/閃電十一人@68657168	
遙香	cgroup	Module:CGroup/BlueArchive@93972468	zh-hant
遜五郎	char	B傳說！戰鬥彈珠人@94175384	
遠坂凜	char	Fate/stay night角色列表@94041607	
遠坂時臣	char	Fate/stay night角色列表@94041607	
遠坂永人	char	Fate/stay night角色列表@94041607	
遠祖灘頭	cgroup	Module:CGroup/Wow@94351016	
遠端劫持	cgroup	Module:CGroup/Danball Senki@81863967	
遠藤亮介	char	白箱@94727899	
遠野夏樹	char	名侦探柯南：沉默的15分钟@94454904	
遠野日和	char	Free!@93607624	
遠野水樹	char	名侦探柯南：沉默的15分钟@94454904	
遠野美凪	char	AIR角色列表@90228621	
遠野貴樹	char	秒速5公分@94405277	
遺落邊境	cgroup	Module:CGroup/Counter-Strike@85677571	zh-hant
遺跡傳奇	cgroup	Module:CGroup/Tales@54832633	
邁可恩	cgroup	Module:CGroup/閃電十一人@68657168	
邁塔	char	翠星上的加爾岡緹亞@91223485	
邁威爾	cgroup	Module:CGroup/美国漫画@94638375	
邁爵士	cgroup	Module:CGroup/Pixar@93247177	
邁特凱	cgroup	Template:CGroup/NARUTO@86143617	
邊叔	cgroup	Template:CGroup/打工吧！魔王大人@40273238	
邊境開拓平民	cgroup	Module:CGroup/SAO@89298185	
邊緣禁地	cgroup	Module:CGroup/Games@94658856	
那基華米基	char	FRESH光之美少女！@93922959	
那奇姆	char	天元突破 紅蓮螺巖@93776700	
那奇撒基卑	char	FRESH光之美少女！@93922959	
那姆	cgroup	Template:CGroup/DragonBall@92325756	
那拉	cgroup	Template:CGroup/GundamSeed@92969101	
那比	char	Vivy -Fluorite Eye's Song-@93702039	
那迦	cgroup	Template:CGroup/Warcraft@92164655	zh-hant
那迦的興起	cgroup	Template:CGroup/Warcraft@92164655	zh-hant
邦妮	cgroup	Module:CGroup/Pixar@93247177	
邦頓	cgroup	Template:CGroup/Ultraman@94663541	zh-hant
邪惡先生	cgroup	Module:CGroup/美国漫画@94638375	
邪惡迪卡	cgroup	Template:CGroup/Ultraman@94663541	
邪神降臨	cgroup	Module:CGroup/Games@94658856	
邪神霸權	cgroup	Module:CGroup/Games@94658856	
邪靈入侵	cgroup	Module:CGroup/Games@94658856	
邪魔庭園	cgroup	Template:CGroup/KamenRider@94225985	
邪魔徒	cgroup	Template:CGroup/KamenRider@94225985	
邪魔徒大賽	cgroup	Template:CGroup/KamenRider@94225985	
邪魔神	cgroup	Template:CGroup/KamenRider@94225985	
邱比歐	char	羅密歐的藍天@91519228	
邱比特公園	cgroup	Template:CGroup/MapleStory@57794822	
邱豐凱	cgroup	Module:CGroup/KingOfFighters@91481321	
郁乃	char	DARLING in the FRANXX@94203497	
郊普與洙賢	char	戰鬥陀螺 鋼鐵奇兵角色列表@94643342	
郝刻薄	cgroup	Module:CGroup/Pixar@93247177	
郝梅亞	cgroup	Template:CGroup/GundamSeed@92969101	
郝莉莉	cgroup	Module:CGroup/Pixar@93247177	
郝萊特	cgroup	Module:CGroup/Jewelpet@81833309	
郝融冰	cgroup	Module:CGroup/Simpsons@84869408	
部準方畢王國	cgroup	Module:CGroup/蠟筆小新@93760288	
部落的大酋長	cgroup	Template:CGroup/Heroes of the Storm@49727842	
部落遠征軍	cgroup	Module:CGroup/Wow@94351016	
部隊據點	cgroup	Template:CGroup/GBF@82201572	
郭董	cgroup	Module:CGroup/Simpsons@84869408	
郵件獸	char	數碼暴龍App世代角色列表@94177588	
都子	cgroup	Module:CGroup/BlueArchive@93972468	zh-hant
都市戰爭	cgroup	Module:CGroup/Games@94658856	
都瑞爾	cgroup	Template:CGroup/Diablo@94495831	
都雛乃	char	魔法少女小圓角色列表@94590242	
鄂爾	cgroup	Module:CGroup/LOL@93322985	
鄧盆推託者	cgroup	Template:CGroup/妖怪手錶@75937932	
鄰家女孩	cgroup	Module:CGroup/Anime@94680982	
酋雷姆	char	Pokemon the movie XY 光環的超魔神 胡帕@93394331	
酒井夏樹	char	名偵探柯南：銀翼的奇術師@94771896	
酒井正人	char	Heartcatch 光之美少女！@94574540	
酒井義人	char	Heartcatch 光之美少女！@94574540	
酒井靜香	char	妖怪手錶系列@93337229	
酒寄彩葉	char	超時空輝耀姬！@94633982	
酷冰俠	cgroup	Module:CGroup/Pixar@93247177	
酷卡酷奇	char	光之美少女：食尚甜心@92951245	
酷寒戰士	cgroup	Module:CGroup/美国漫画@94638375	
酷愛電影的龐波小姐	cgroup	Module:CGroup/Anime@94680982	
酷拉皮卡	cgroup	Template:CGroup/HUNTER@80241645	
酷炫光點	cgroup	Template:CGroup/Pretty Rhythm@77221109	
酷烏	cgroup	Template:CGroup/DragonBall@92325756	
酷酷姐駕到	cgroup	Module:CGroup/My Little Pony@91388064	
酷露佳	cgroup	Template:CGroup/HUNTER@80241645	
酸梅超人	char	IQ博士角色列表@92724875	
醋拌檸檬	cgroup	Module:CGroup/蠟筆小新@93760288	
醜八怪樂園	cgroup	Module:CGroup/Simpsons@84869408	
醜八怪漢堡	cgroup	Module:CGroup/Simpsons@84869408	
醜男真戰士	cgroup	Module:CGroup/Anime@94680982	zh-hant
醫療獸	char	數碼暴龍App世代角色列表@94177588	
醫療艇	cgroup	Template:CGroup/StarCraft2@39914602	
里亞爾柯	cgroup	Module:CGroup/BLEACH@81833737	
里亞贊	cgroup	Template:CGroup/BUDDYCOMPLEX@77221119	
里傑	cgroup	Module:CGroup/BLEACH@81833737	
里傑魯	cgroup	Template:CGroup/童話槍手小紅帽@22981301	
里克德姆	cgroup	Template:CGroup/GundamUC@94693163	
里克迪亞斯	cgroup	Template:CGroup/GundamUC@94693163	
里凡穆	cgroup	Template:CGroup/Gundam00@70972545	
里包恩	cgroup	Template:CGroup/Reborn@29403199	
里卡	char	航海王電影：GOLD@93412929	
里安	cgroup	Template:CGroup/Mabinogi@50754648	
里希提亞號操作員	char	星之聲@92143926	
里普斯	cgroup	Template:CGroup/Mabinogi@50754648	
里朋斯	cgroup	Template:CGroup/Gundam00@70972545	
里杜利克	cgroup	Template:CGroup/GundamUC@94693163	
里柯	cgroup	Template:CGroup/進擊的巨人@76977335	
里格夏柯	cgroup	Template:CGroup/GundamUC@94693163	
里歐爾	cgroup	Template:CGroup/FullmetalAlchemist@48481493	
里殿	char	聖天空戰記@94720493	
里涅爾	cgroup	Module:CGroup/SAO@89298185	
里索	char	羅密歐的藍天@91519228	
里維	cgroup	Template:CGroup/進擊的巨人@76977335	
里艾菈	cgroup	Template:CGroup/Valkyria@77221191	
里西典達爾	cgroup	Template:CGroup/Gundam00@70972545	CHECK
里里涅特	cgroup	Module:CGroup/BLEACH@81833737	
重力吸引	cgroup	Module:CGroup/Counter-Strike@85677571	zh-hant
重啟獸	char	數碼暴龍App世代角色列表@94177588	
重回殺戮戰場	cgroup	Module:CGroup/Games@94658856	
重型鋼彈	cgroup	Template:CGroup/GGundam@85035825	
重工業英雄	cgroup	Template:CGroup/MyHeroAcademia@87565804	
重播攝影機	cgroup	Template:CGroup/Crazyracing Kartrider@60141039	
重擊型	cgroup	Template:CGroup/GundamAGE@51366593	
重武裝	cgroup	Template:CGroup/GundamW@87064245	CHECK
重氫光束	cgroup	Template:CGroup/GundamSeed@92969101	
重火力型	cgroup	Template:CGroup/GBF@82201572	CHECK
重火力模式	cgroup	Template:CGroup/Gundam00@70972545	CHECK
重火力轟擊手槍	cgroup	Module:CGroup/Danball Senki@81863967	CHECK
重炮指揮官	cgroup	Template:CGroup/MapleStory@57794822	
重生傳奇	cgroup	Module:CGroup/Tales@54832633	
重生鳳凰鋼彈	cgroup	Template:CGroup/GBF@82201572	
重甲蜥獸	char	數碼寶貝覺醒節拍角色列表@94712797	CHECK
重砲刃	cgroup	Template:CGroup/GundamSeed@92969101	
重砲型攻擊	cgroup	Template:CGroup/GundamSeed@92969101	
重砲型攻擊鋼彈	cgroup	Template:CGroup/GundamSeed@92969101	
重砲菲納斯	cgroup	Module:CGroup/Counter-Strike@85677571	zh-hant
重裝型佐渥特	cgroup	Template:CGroup/GundamTWFM@82129397	
重裝工程車	cgroup	Template:CGroup/Crazyracing Kartrider@60141039	
重裝武力	cgroup	Module:CGroup/Games@94658856	
重裝無畏	cgroup	Module:CGroup/LOL@93322985	
重裝高出力型吉姆	cgroup	Template:CGroup/GBF@82201572	
重裝黑騎士	cgroup	Template:CGroup/戰鬥陀螺 鋼鐵奇兵@68490308	
重要的事物	cgroup	Template:CGroup/GundamTWFM@82129397	
重量級相撲	cgroup	Module:CGroup/閃電十一人@68657168	
重錘沃克	cgroup	Module:CGroup/Counter-Strike@85677571	CHECK,zh-hant
重鍛型卡爾巴迪	cgroup	Template:CGroup/GBF@82201572	CHECK
重鍛型智魔	cgroup	Template:CGroup/GundamIBO@91631774	CHECK
重鍛型智魔鋼彈	cgroup	Template:CGroup/GundamIBO@91631774	CHECK
重鍛開鋒型	cgroup	Template:CGroup/GundamIBO@91631774	CHECK
重鍛開鋒型智魔	cgroup	Template:CGroup/GundamIBO@91631774	CHECK
重鍛開鋒型智魔鋼彈	cgroup	Template:CGroup/GundamIBO@91631774	CHECK
野上武子	char	少女與戰車角色列表@93320972	
野乃美	cgroup	Module:CGroup/BlueArchive@93972468	zh-hant
野刃	cgroup	Template:CGroup/GundamSeed@92969101	
野分析美	char	跳躍吧！時空少女@94438891	
野口沙羅	char	魔法使光之美少女！@94758670	
野戰拓荒者	cgroup	Module:CGroup/Counter-Strike@85677571	zh-hant
野戰軍營	cgroup	Module:CGroup/Counter-Strike@85677571	zh-hant
野戰鐵撬	cgroup	Module:CGroup/Counter-Strike@85677571	zh-hant
野戰閃靈	cgroup	Module:CGroup/Counter-Strike@85677571	zh-hant
野戰防衛者	cgroup	Module:CGroup/Counter-Strike@85677571	zh-hant
野本博昭	char	名侦探柯南：第11位前锋@94749116	
野村小太郎	char	数码宝贝幽灵游戏角色列表@94560916	
野正莉	cgroup	Module:CGroup/BlueArchive@93972468	zh-hant
野比大助	cgroup	Module:CGroup/Doraemon@88509940	
野津原將	char	名偵探柯南：絕海的偵探@94596266	
野火獸	char	數碼寶貝04無限地帶角色列表@94744460	
野牛衝鋒槍	cgroup	Module:CGroup/Counter-Strike@85677571	zh-hant
野狗小黑	char	哆啦A梦角色列表@94533440	
野獸魔牙	cgroup	Module:CGroup/閃電十一人@68657168	
野球長打王	cgroup	Module:CGroup/Anime@94680982	
野菜獸	char	数码宝贝大冒险：角色列表@94538377	
野蠻之星	cgroup	Template:CGroup/MapleStory@57794822	
野蠻任務	cgroup	Module:CGroup/Disney@93925402	
野豬獸	cgroup	Template:CGroup/Digimon@94687201	
野野宮	char	光之美少女@94825358	
野野村空	char	偶像大師 灰姑娘女孩角色列表@91786822	
野間真知子	char	高校艦隊@93341996	
野際啟子	char	高校艦隊@93341996	
野龜武藏	char	白箱@94727899	
量子獸	char	数码宝贝幽灵游戏角色列表@94560916	
量子裂痕	cgroup	Module:CGroup/Games@94658856	
量產試作機	cgroup	Template:CGroup/GundamTWFM@82129397	
金不禮	char	天元突破 紅蓮螺巖@93776700	
金亥	char	異邦人 無皇刃譚@86100576	
金傑貝克	cgroup	Module:CGroup/BLEACH@81833737	
金光天神之怒	char	航海王電影：GOLD@93412929	
金光天神之火	char	航海王電影：GOLD@93412929	
金光業火	char	航海王電影：GOLD@93412929	
金光爆擊	char	航海王電影：GOLD@93412929	
金克爾盧比樂園	cgroup	Module:CGroup/Nintendo@94745610	
金凱杜	cgroup	Template:CGroup/GundamUC@94693163	
金剛回力刀	cgroup	Template:CGroup/Mazinger@84157445	
金剛寶劍	cgroup	Template:CGroup/Mazinger@84157445	
金剛戰士	cgroup	Template:CGroup/Power Rangers@27638544	
金剛旋風	cgroup	Template:CGroup/Mazinger@84157445	
金剛星	cgroup	Template:CGroup/Mazinger@84157445	
金剛杵獸	char	数码宝贝幽灵游戏角色列表@94560916	
金剛火焰	cgroup	Template:CGroup/Mazinger@84157445	
金剛神力	cgroup	Template:CGroup/Mazinger@84157445	
金剛神翼	cgroup	Template:CGroup/Mazinger@84157445	
金剛迴旋踢	cgroup	Template:CGroup/Mazinger@84157445	
金剛錐	cgroup	Template:CGroup/Mazinger@84157445	
金剛閃電	cgroup	Template:CGroup/Mazinger@84157445	
金剛飛刀	cgroup	Template:CGroup/Mazinger@84157445	
金剛飛彈	cgroup	Template:CGroup/Mazinger@84157445	
金剛飛拳	cgroup	Template:CGroup/Mazinger@84157445	
金剛飛翼	cgroup	Template:CGroup/Mazinger@84157445	
金剛飛艇	cgroup	Template:CGroup/Mazinger@84157445	
金剛飛鏢	cgroup	Template:CGroup/Mazinger@84157445	
金加	char	七龍珠Z 熱血熱鬥@93733649	
金勳奬	cgroup	Module:CGroup/Counter-Strike@85677571	zh-hant
金勾	cgroup	Module:CGroup/美国漫画@94638375	
金卡力歐神	cgroup	Template:CGroup/爆丸@31893398	
金卡法	cgroup	Module:CGroup/KingOfFighters@91481321	
金原祐治	char	PSYCHO-PASS角色列表@93403235	
金古喬	cgroup	Template:CGroup/Ultraman@94663541	zh-hant
金哲	cgroup	Module:CGroup/Solo Leveling@86308871	
金城楓	char	Free!@93607624	
金太洛斯	cgroup	Template:CGroup/KamenRider@94225985	
金夫人	char	愛的小婦人物語@94856165	
金始源	char	大欺诈师@90518284	
金子翼	char	月色真美@90814427	
金字塔獸	char	數碼寶貝覺醒節拍角色列表@94712797	
金尚植	cgroup	Module:CGroup/Solo Leveling@86308871	
金屬巨龍獸	char	数码宝贝大冒险：角色列表@94538377	
金屬海龍獸	char	数码宝贝大冒险tri.角色列表@94265439	
金屬獸	cgroup	Template:CGroup/Getter Robo@89726924	
金山軟件	cgroup	Module:CGroup/Games-zh@90861641	zh-hant
金指光束	cgroup	Template:CGroup/Mazinger@84157445	
金旋風	cgroup	Module:CGroup/Counter-Strike@85677571	zh-hant
金星二式	cgroup	Template:CGroup/GBF@82201572	
金星戰記	cgroup	Module:CGroup/Anime@94680982	
金春希美	char	少女與戰車角色列表@93320972	
金時	char	火影忍者角色列表@94671076	
金時櫻子	char	飛天小女警Z@94716201	
金普利	cgroup	Template:CGroup/FullmetalAlchemist@48481493	
金木樨之劍	cgroup	Module:CGroup/SAO@89298185	
金本弘子	char	Smile 光之美少女！@93787006	
金格	cgroup	Template:CGroup/FullmetalAlchemist@48481493	
金正日	cgroup	Template:CGroup/HUNTER@80241645	zh-hant
金泰	cgroup	Template:CGroup/魔法咪路咪路@26972197	
金漢董事長	char	名偵探福爾摩斯@94071005	
金牌神廚	cgroup	Module:CGroup/SpongeBob SquarePants@91129493	
金田玄奘	char	數碼寶貝覺醒節拍角色列表@94712797	
金甲龍獸	cgroup	Template:CGroup/Digimon@94687201	
金肉人	cgroup	Module:CGroup/Anime@94680982	
金臂勾	cgroup	Template:CGroup/GundamAGE@51366593	
金色哥雷	char	爆丸5星域爭霸@90756067	
金色星光魔法	cgroup	Template:CGroup/Pretty Rhythm@77221109	zh-hant
金蒂	char	死亡遊行@91275771	
金蘋果	cgroup	Module:CGroup/SAO@89298185	
金蠍雙擊	cgroup	Module:CGroup/Counter-Strike@85677571	zh-hant
金角獸	char	数码宝贝幽灵游戏角色列表@94560916	
金道文也	char	爆旋陀螺Burst@94644099	
金雀枝芽生	char	數碼寶貝覺醒節拍角色列表@94712797	
金魚注意報	cgroup	Module:CGroup/Anime@94680982	
金鳶狐	cgroup	Module:CGroup/SAO@89298185	
釘子褲先生	cgroup	Module:CGroup/Pixar@93247177	
釘崎野薔薇	char	咒術迴戰角色列表@94830133	
針目縫	char	KILL la KILL@94827565	
鈦師傅	cgroup	Template:CGroup/Transformers@87179168	
鈴木京子	char	白箱@94727899	
鈴木千代	char	妖怪手錶系列@93337229	
鈴木真莉阿	char	少女與戰車角色列表@93320972	
鈴木貴子	char	少女與戰車角色列表@93320972	
鈴芽之旅	title	鈴芽之旅@94338447	
鈴鹿朔夜	char	魔法少女小圓角色列表@94590242	
鉤爪獸	char	数码宝贝幽灵游戏角色列表@94560916	
銀刃大蛇	char	爆旋陀螺Burst@94644099	
銀勳奬	cgroup	Module:CGroup/Counter-Strike@85677571	zh-hant
銀卡點數	cgroup	Module:CGroup/Danball Senki@81863967	CHECK
銀天使	cgroup	Template:CGroup/Crazyracing Kartrider@60141039	
銀手強尼	cgroup	Module:CGroup/Cyberpunk@85139581	
銀河之力	cgroup	Template:CGroup/Transformers@87179168	
銀河俠盜	cgroup	Module:CGroup/Anime@94680982	
銀河冒險戰記	title	銀河冒險戰記@82353675	
銀河勝利	cgroup	Template:CGroup/Ultraman@94663541	
銀河戰士	cgroup	Module:CGroup/Anime@94680982	
銀河超特快列車	cgroup	Module:CGroup/Doraemon@88509940	
銀河飛龍	cgroup	Template:CGroup/Futurama@34999934	
銀河騎士傳	cgroup	Module:CGroup/Anime@94680982	
銀湯匙	cgroup	Module:CGroup/My Little Pony@91388064	zh-hant
銀白十字軍	cgroup	Module:CGroup/Wow@94351016	
銀翼超人	cgroup	Module:CGroup/Anime@94680982	
銀色戰將	cgroup	Module:CGroup/Counter-Strike@85677571	zh-hant
銀色時鐘	char	DokiDoki! 光之美少女@93549956	
銀色衝浪手	cgroup	Module:CGroup/美国漫画@94638375	
銀製魯格	cgroup	Module:CGroup/Counter-Strike@85677571	zh-hant
銀角獸	char	数码宝贝幽灵游戏角色列表@94560916	
銀輝永恆	cgroup	Module:CGroup/SAO@89298185	
銀鏡獸	cgroup	Template:CGroup/Digimon@94687201	
銀閃電	cgroup	Template:CGroup/Transformers@87179168	
銀鷹戰士	cgroup	Module:CGroup/Cartoon@93410586	
銀龍獸	char	数码宝贝幽灵游戏角色列表@94560916	
銅勳奬	cgroup	Module:CGroup/Counter-Strike@85677571	zh-hant
銅虎陣內	char	BLEACH角色列表@94571323	CHECK
銅魔像	cgroup	Module:CGroup/Minecraft@94388709	
銜尾蛇	cgroup	Template:CGroup/FullmetalAlchemist@48481493	
銳兒	cgroup	Module:CGroup/LOL@93322985	
銳啄獸	char	數碼寶貝拯救隊角色列表@94177566	
鋒利銀刃	cgroup	Module:CGroup/Counter-Strike@85677571	zh-hant
鋸齒獸	char	数码宝贝大冒险：角色列表@94538377	
鋸齒鳥	cgroup	Template:CGroup/Transformers@87179168	
鋼之鍊金術師	cgroup	Template:CGroup/FullmetalAlchemist@48481493	zh-hant
鋼人	cgroup	Module:CGroup/美国漫画@94638375	
鋼加農	cgroup	Template:CGroup/GundamUC@94693163	
鋼塔	cgroup	Module:CGroup/Danball Senki@81863967	
鋼塔伊瑟法	cgroup	Module:CGroup/Danball Senki@81863967	
鋼小鐵	cgroup	Template:CGroup/NARUTO@86143617	
鋼彈三代	cgroup	Template:CGroup/GBF@82201572	
鋼彈創壞者	cgroup	Module:CGroup/Anime@94680982	
鋼彈創鬥元宇宙	cgroup	Module:CGroup/Anime@94680982	
鋼彈創鬥系列	cgroup	Template:CGroup/GBF@82201572	
鋼彈勇士	cgroup	Module:CGroup/蠟筆小新@93760288	
鋼彈基地	cgroup	Template:CGroup/GBF@82201572	
鋼彈尖兵	cgroup	Template:CGroup/Gundam00@70972545	
鋼彈模型連線對戰	cgroup	Template:CGroup/GBF@82201572	
鋼彈激鬥	cgroup	Template:CGroup/GundamUC@94693163	
鋼彈激鬥宇宙	cgroup	Template:CGroup/GundamUC@94693163	
鋼彈激鬥年代記	cgroup	Template:CGroup/GundamUC@94693163	
鋼彈激鬥會戰	cgroup	Template:CGroup/GundamUC@94693163	
鋼彈調查隊	cgroup	Template:CGroup/Gundam00@70972545	
鋼普拉	cgroup	Template:CGroup/GBF@82201572	
鋼沃爾瓦	cgroup	Template:CGroup/GundamTWFM@82129397	
鋼牙雄獅	cgroup	Template:CGroup/戰鬥陀螺 鋼鐵奇兵@68490308	
鋼琴怪	char	飛天小女警Z@94716201	
鋼琴鬼	char	學校怪談 (動畫)@92145862	
鋼甲飛龍獸	char	数码宝贝大冒险角色列表@94744369	
鋼荷	cgroup	Module:CGroup/Jewelpet@81833309	
鋼達星	cgroup	Template:CGroup/爆丸@31893398	
鋼銀河	char	戰鬥陀螺 鋼鐵奇兵角色列表@94643342	
鋼鐵之心	cgroup	Module:CGroup/Counter-Strike@85677571	zh-hant
鋼鐵人劇場版	cgroup	Module:CGroup/美国漫画@94638375	
鋼鐵克維拉	char	七龍珠Z 激突!!100億能量的戰士們@93733648	
鋼鐵加魯魯	cgroup	Template:CGroup/Digimon@94687201	
鋼鐵吉克	cgroup	Module:CGroup/Anime@94680982	
鋼鐵悟空獸	char	数码宝贝大冒险角色列表@94744369	
鋼鐵愛國者	cgroup	Module:CGroup/美国漫画@94638375	
鋼鐵殘影	cgroup	Module:CGroup/LOL@93322985	
鋼鐵銀河隊	cgroup	Template:CGroup/戰鬥陀螺 鋼鐵奇兵@68490308	
鋼鑽獸	cgroup	Template:CGroup/Digimon@94687201	
錄音獸	char	數碼暴龍App世代角色列表@94177588	
錢伯斯	cgroup	Module:CGroup/ResidentEvil@94612703	
錢多多	char	七龍珠Z 銀河面臨危機!!身手不凡的高手@93733660	
錢婆婆	char	千与千寻@94787677	
錢少少	char	七龍珠Z 銀河面臨危機!!身手不凡的高手@93733660	
錢帕	cgroup	Template:CGroup/黑執事@49361116	
錢德拉	cgroup	Template:CGroup/GundamSeed@92969101	
錦木千束	char	Lycoris Recoil 莉可麗絲@94031169	
鍊丹術研究會	cgroup	Module:CGroup/BlueArchive@93972468	zh-hant
鍊金聯盟	cgroup	Template:CGroup/KamenRider@94225985	
鍊金驅動器	cgroup	Template:CGroup/KamenRider@94225985	
鍊魂獄長	cgroup	Module:CGroup/LOL@93322985	
鍬形蟲武士	cgroup	Template:CGroup/妖怪手錶@75937932	
鍾斯	char	飛虎奇兵@90162991	
鎌本力夫	char	K (動畫)@93234659	
鎌池	cgroup	Template:CGroup/Toaru@89726592	
鎌田貴理子	char	SK∞@93649849	
鎖鏈鐵球	cgroup	Template:CGroup/爆丸@31893398	
鎧傳	cgroup	Module:CGroup/Anime@94680982	
鎧甲加魯魯	cgroup	Template:CGroup/Digimon@94687201	
鎧甲加魯魯獸	char	數碼寶貝04無限地帶角色列表@94744460	
鎧甲合體	char	ONE PIECE STAMPEDE@94401180	
鎧甲武士	cgroup	Template:CGroup/爆丸@31893398	
鎧皇獸	char	数码宝贝大冒险：角色列表@94538377	
鎮壓莊園	cgroup	Module:CGroup/Counter-Strike@85677571	zh-hant
鎮暴海龍	cgroup	Module:CGroup/Counter-Strike@85677571	zh-hant
鎮靜特勤組	cgroup	Module:CGroup/Cyberpunk@85139581	
鎮魂犬鋼彈	cgroup	Template:CGroup/Gundam00@70972545	
鏈鋸人	cgroup	Module:CGroup/Anime@94680982	
鏑木美波	char	高校艦隊@93341996	
鏟球殺手	cgroup	Module:CGroup/閃電十一人@68657168	
鏡子任務	cgroup	Template:CGroup/GBF@82201572	
鏡子超人	cgroup	Template:CGroup/Ultraman@94663541	
鏡子鬼	char	學校怪談 (動畫)@92145862	
鏡影獸	cgroup	Template:CGroup/Digimon@94687201	
鏡爪	cgroup	Module:CGroup/LOL@93322985	
鐮刀巨神	cgroup	Template:CGroup/戰鬥陀螺 鋼鐵奇兵@68490308	
鐮骨傑森	cgroup	Module:CGroup/Counter-Strike@85677571	zh-hant
鐮鼬	cgroup	Template:CGroup/NARUTO@86143617	
鐳射躍動昇華器	cgroup	Template:CGroup/KamenRider@94225985	
鐵人式	cgroup	Template:CGroup/Gundam00@70972545	
鐵假面	cgroup	Template:CGroup/GundamUC@94693163	
鐵弋戰警	cgroup	Template:CGroup/Power Rangers@27638544	
鐵狼號	cgroup	Template:CGroup/四驅兄弟@86987120	
鐵籠足球場	cgroup	Module:CGroup/Counter-Strike@85677571	zh-hant
鐵腕女警	cgroup	Module:CGroup/Anime@94680982	
鐵腕特警	cgroup	Module:CGroup/LOL@93322985	
鐵血軍營	cgroup	Module:CGroup/Games@94658856	
鐵衛	cgroup	Template:CGroup/Warcraft@92164655	zh-hant
鐵鉤船長獸	char	数码宝贝幽灵游戏角色列表@94560916	
鐵鎧破軍	cgroup	Module:CGroup/Counter-Strike@85677571	zh-hant
鐵雞獸	cgroup	Template:CGroup/Digimon@94687201	
鐵面獸	char	数码宝贝大冒险：角色列表@94538377	
鐵魔像	cgroup	Module:CGroup/Minecraft@94388709	
鐵鷹	cgroup	Template:CGroup/Transformers@87179168	
鐵鷹獸	cgroup	Template:CGroup/Digimon@94687201	
鐵黑幹次郎	char	可塑性記憶@94399638	
鐵齋	char	獸兵衛忍風帖@94218789	
鑰匙天使獸	cgroup	Template:CGroup/Digimon@94687201	
鑽石冰晶	cgroup	Module:CGroup/閃電十一人@68657168	
鑽石漩渦	char	DokiDoki! 光之美少女@93549956	
鑽石閃光	char	DokiDoki! 光之美少女@93549956	
鑽頭毀滅者	cgroup	Module:CGroup/閃電十一人@68657168	
鑽頭鼴鼠獸	char	数码宝贝大冒险：角色列表@94538377	
長刃	cgroup	Template:CGroup/GundamSeed@92969101	
長刺喵	cgroup	Template:CGroup/妖怪手錶@75937932	
長友修人	char	戰鬥陀螺 鋼鐵奇兵角色列表@94643342	
長富蓮實	char	偶像大師 灰姑娘女孩角色列表@91786822	
長峰美加子	char	星之聲@92143926	
長島茂雄	char	名偵探柯南角色列表@94461808	
長嶋聰	char	奇巧計程車@89552760	
長毛象獸	char	数码宝贝大冒险角色列表@94744369	
長瀨小糸	char	奇蛋物语@93093482	
長瀨真弓	char	魔法使光之美少女！@94758670	
長牙獸	char	数码宝贝大冒险：角色列表@94538377	
長生幫	cgroup	Template:CGroup/GundamIBO@91631774	
長腳蜘蛛	cgroup	Module:CGroup/Half-Life@94355597	
長腿先生	cgroup	Module:CGroup/PeppaPig@87025478	zh-hant
長良菫	char	福音戰士新劇場版：Q@94407034	
長谷川達	char	少女與戰車角色列表@93320972	
長谷部武志	char	小魔女DoReMi@94721174	
長距離強行偵察複座型	cgroup	Template:CGroup/GundamSeed@92969101	
長長船長	char	航海王電影：GOLD@93412929	
長門香代子	char	小魔女DoReMi@94721174	
長靴貓	title	長靴貓 (動畫電影)@94264224	
長鼻式	cgroup	Template:CGroup/Gundam00@70972545	
長鼻芭娜娜	cgroup	Template:CGroup/妖怪手錶@75937932	CHECK
門淇	cgroup	Template:CGroup/HUNTER@80241645	
門票該給誰	cgroup	Module:CGroup/My Little Pony@91388064	
閃亮光點	cgroup	Template:CGroup/Pretty Rhythm@77221109	
閃亮蠍子號試作模擬車	cgroup	Template:CGroup/四驅兄弟@86987120	
閃亮金色唱盤	cgroup	Template:CGroup/Pretty Rhythm@77221109	
閃亮閃亮推特	cgroup	Template:CGroup/Aikatsu@68312381	
閃光之哈薩維	cgroup	Template:CGroup/GundamUC@94693163	
閃光加速	cgroup	Module:CGroup/閃電十一人@68657168	
閃光射手	cgroup	Template:CGroup/戰鬥陀螺 鋼鐵奇兵@68490308	
閃光暴龍獸	char	數碼寶貝拯救隊角色列表@94177566	
閃擊點行動	cgroup	Module:CGroup/Games@94658856	
閃耀上升氣流	cgroup	Module:CGroup/開闊天空！光之美少女@83218661	
閃耀之力	cgroup	Module:CGroup/閃電十一人@68657168	
閃耀巨星	cgroup	Module:CGroup/LOL@93322985	
閃耀愛情邱比特	cgroup	Template:CGroup/Pretty Rhythm@77221109	zh-hant
閃耀於終焉之槍	char	Fate/stay night角色列表@94041607	
閃耀盔甲	cgroup	Module:CGroup/My Little Pony@91388064	zh-hant
閃耀飛龍	char	魔法使光之美少女！@94758670	
閃耀魔眼	cgroup	Module:CGroup/SAO@89298185	
閃閃亮亮幻象	cgroup	Module:CGroup/閃電十一人@68657168	
閃閃亮晶晶	cgroup	Module:CGroup/Jewelpet@81833309	
閃雷悍將	cgroup	Template:CGroup/MapleStory@57794822	
閃電一號射門	cgroup	Module:CGroup/閃電十一人@68657168	
閃電光點	cgroup	Template:CGroup/Pretty Rhythm@77221109	
閃電大蓬車	cgroup	Module:CGroup/閃電十一人@68657168	
閃電急擊	cgroup	Module:CGroup/LOL@93322985	
閃電怪馬	cgroup	Module:CGroup/Anime@94680982	
閃電日本	cgroup	Module:CGroup/閃電十一人@68657168	
閃電暴風	cgroup	Template:CGroup/GundamSeed@92969101	
閃電爆破	cgroup	Module:CGroup/閃電十一人@68657168	
閃電麥坤	cgroup	Module:CGroup/Pixar@93247177	
閃靈悍將	cgroup	Module:CGroup/美国漫画@94638375	
閃靈獵手	cgroup	Module:CGroup/Counter-Strike@85677571	zh-hant
閉鎖空間	cgroup	Template:CGroup/涼宮春日的憂鬱@71080538	
閉鎖鐵盒作戰	cgroup	Module:CGroup/閃電十一人@68657168	
開店達人	cgroup	Template:CGroup/Sim@37867988	
開機獸	char	數碼暴龍App世代角色列表@94177588	
開演之時已到	char	Fate/Apocrypha@90728159	
開花傘	cgroup	Template:CGroup/妖怪手錶@75937932	
開闊天空	cgroup	Module:CGroup/開闊天空！光之美少女@83218661	
閒晃鯊魚	cgroup	Template:CGroup/妖怪手錶@75937932	
間中美里	char	偶像大師 灰姑娘女孩角色列表@91786822	
間宮俊造	char	東京殘響@90132994	
間宮千昭	char	跳躍吧！時空少女@94438891	
間宮夫人	char	天气之子@94186671	
間宮繪理香	char	魔法少女小圓角色列表@94590242	
間桐櫻	char	Fate/stay night角色列表@94041607	
間桐臟硯	char	Fate/Apocrypha@90728159	
間雲漂介	char	拜託了☆老師@90724500	
閔炳久	cgroup	Module:CGroup/Solo Leveling@86308871	
閥門獸	char	数码宝贝大冒险：角色列表@94538377	
閻魔愛	char	地狱少女@93363580	
闇夜深都	cgroup	Module:CGroup/Counter-Strike@85677571	zh-hant
闇影互換	cgroup	Module:CGroup/Solo Leveling@86308871	
闇影士兵	cgroup	Module:CGroup/Solo Leveling@86308871	
闇影存取	cgroup	Module:CGroup/Solo Leveling@86308871	
闇影島	cgroup	Module:CGroup/LOL@93322985	
闇影抽取	cgroup	Module:CGroup/Solo Leveling@86308871	
闇影操控	cgroup	Template:CGroup/Mabinogi@50754648	
闇影詩章	cgroup	Module:CGroup/Anime@94680982	
闇獄閻羅	cgroup	Module:CGroup/Counter-Strike@85677571	zh-hant
闇神	cgroup	Module:CGroup/SAO@89298185	
闇藍之月	cgroup	Module:CGroup/Counter-Strike@85677571	zh-hant
闇魂收割者	cgroup	Module:CGroup/LOL@93322985	
闇魂獻祭	cgroup	Module:CGroup/Games@94658856	
闇麻呂	cgroup	Template:CGroup/妖怪手錶@75937932	
闇黑三頭犬	char	爆丸5星域爭霸@90756067	
闇黑巨蟹	cgroup	Template:CGroup/戰鬥陀螺 鋼鐵奇兵@68490308	
闇黑巨魔	char	爆丸5星域爭霸@90756067	
闇黑帝王	cgroup	Module:CGroup/Counter-Strike@85677571	zh-hant
闇黑帝王改進零件	cgroup	Module:CGroup/Counter-Strike@85677571	zh-hant
闇黑機械人	char	爆丸5星域爭霸@90756067	
闇黑武士	cgroup	Template:CGroup/Mabinogi@50754648	
闇黑武士抵抗	cgroup	Template:CGroup/Mabinogi@50754648	
闇黑武士自然防護	cgroup	Template:CGroup/Mabinogi@50754648	
闇黑武士魔法反射	cgroup	Template:CGroup/Mabinogi@50754648	
闇黑海皇	cgroup	Template:CGroup/戰鬥陀螺 鋼鐵奇兵@68490308	
闇黑狂牛	cgroup	Template:CGroup/戰鬥陀螺 鋼鐵奇兵@68490308	
闇黑石像鬼	char	爆丸5星域爭霸@90756067	
闇黑雙頭龍	char	爆丸5星域爭霸@90756067	
闇黑鮫龍	char	爆丸5星域爭霸@90756067	
闇黑龍王	cgroup	Template:CGroup/MapleStory@57794822	
闇龍紀元	cgroup	Module:CGroup/Games@94658856	
關友惠	char	名侦探柯南：沉默的15分钟@94454904	
關口東吾	char	奇巧計程車@89552760	
關口誠	char	名偵探柯南：絕海的偵探@94596266	
關妮薇爾	char	清秀佳人 (動畫)@94720065	
關根康史	char	名偵探柯南：唐紅的戀歌@94765694	
關機獸	char	數碼暴龍App世代角色列表@94177588	
關裕美	char	偶像大師 灰姑娘女孩角色列表@91786822	
阪井湊	cgroup	Template:CGroup/GBF@82201572	
阪口桂利奈	char	少女與戰車角色列表@93320972	
阪木	cgroup	Template:CGroup/Pokemon@85444397	
防禦力場	cgroup	Module:CGroup/Counter-Strike@85677571	zh-hant
防禦射線	cgroup	Module:CGroup/閃電十一人@68657168	
阿什弗德	cgroup	Template:CGroup/Code Geass@70270136	
阿仁	char	東京教父@92832083	
阿伽門農級	cgroup	Template:CGroup/GundamSeed@92969101	
阿依巴	cgroup	Template:CGroup/Mabinogi@50754648	CHECK
阿修羅姆	cgroup	Template:CGroup/MapleStory@57794822	
阿傑特獸	char	数码宝贝幽灵游戏角色列表@94560916	
阿克	cgroup	Module:CGroup/Frozen@82365390	
阿克斯亞符咒	cgroup	Template:CGroup/The Witcher@86825096	
阿克米	cgroup	Template:CGroup/魔法咪路咪路@26972197	
阿克西斯	cgroup	Template:CGroup/GundamUC@94693163	CHECK
阿克魯	char	森林王子 少年毛克利@94715809	
阿凱	cgroup	Template:CGroup/NARUTO@86143617	
阿凱爾	cgroup	Template:CGroup/爆丸@31893398	
阿凸	char	音速小子X@94737938	
阿凹	char	音速小子X@94737938	
阿努比斯	cgroup	Template:CGroup/戰鬥陀螺 鋼鐵奇兵@68490308	
阿勒托里吾斯	cgroup	Template:CGroup/The Witcher@86825096	CHECK
阿南迎	char	戰鬥陀螺 鋼鐵奇兵角色列表@94643342	
阿卡曼	cgroup	Template:CGroup/進擊的巨人@76977335	
阿卡漢精神病院	cgroup	Module:CGroup/美国漫画@94638375	
阿卡莉	cgroup	Module:CGroup/LOL@93322985	
阿卡馬	cgroup	Template:CGroup/GundamUC@94693163	
阿吉	cgroup	Template:CGroup/四驅兄弟@86987120	
阿含號	cgroup	Template:CGroup/GundamUC@94693163	
阿哞	char	半妖的夜叉姬@87932716	
阿哲高原	cgroup	Template:CGroup/GundamSeed@92969101	
阿嘉莎	cgroup	Module:CGroup/美国漫画@94638375	CHECK
阿嘎	cgroup	Module:CGroup/Simpsons@84869408	
阿坤	char	阿尔卑斯山的少女@94715457	
阿基爾	cgroup	Template:CGroup/GundamUC@94693163	
阿壽婆	char	鬼滅之刃角色列表@94583765	CHECK
阿天波羅	char	天元突破 紅蓮螺巖@93776700	
阿夸維特	char	名偵探柯南：純黑的惡夢@94633271	
阿奎亞	cgroup	Module:CGroup/OshinoKo@84428949	
阿姆姆	cgroup	Module:CGroup/LOL@93322985	
阿宅的戀愛太難	cgroup	Module:CGroup/Anime@94680982	
阿安與傑特	char	戰鬥陀螺 鋼鐵奇兵角色列表@94643342	
阿密烏菇	cgroup	Module:CGroup/OnePiece@83858889	
阿尚	cgroup	Template:CGroup/Pretty Rhythm@77221109	zh-hant
阿尼	cgroup	Template:CGroup/SouthPark@86964006	
阿山哥	cgroup	Module:CGroup/Disney@93925402	
阿岩	char	給小桃的信@94607052	
阿崴	cgroup	Module:CGroup/SAO@89298185	
阿嵬茨	cgroup	Template:CGroup/潘朵拉之心@39382393	
阿巴巴	char	B傳說！戰鬥彈珠人@94175384	
阿巴強	char	名偵探福爾摩斯@94071005	CHECK
阿巴萊	cgroup	Template:CGroup/黑執事@49361116	CHECK
阿巴雷斯特	cgroup	Template:CGroup/GundamSeed@92969101	CHECK
阿布	cgroup	Module:CGroup/Pixar@93247177	
阿布拉姆	char	羅密歐×茱麗葉@78678859	
阿布斯	cgroup	Template:CGroup/GundamAGE@51366593	
阿布杜拉	char	森林王子 少年毛克利@94715809	
阿布薩羅姆	cgroup	Module:CGroup/OnePiece@83858889	
阿帕契	cgroup	Module:CGroup/BLEACH@81833737	
阿帕布	cgroup	Template:CGroup/GundamUC@94693163	
阿席瑪	cgroup	Template:CGroup/GundamUC@94693163	
阿廢	cgroup	Module:CGroup/Pixar@93247177	
阿廣	cgroup	Module:CGroup/Disney@93925402	
阿強	cgroup	Template:CGroup/Mazinger@84157445	
阿強一號	cgroup	Template:CGroup/Mazinger@84157445	
阿德納	cgroup	Module:CGroup/閃電十一人@68657168	
阿德莫斯	cgroup	Template:CGroup/GundamIBO@91631774	
阿悟	cgroup	Template:CGroup/魔法咪路咪路@26972197	
阿慈谷	cgroup	Module:CGroup/BlueArchive@93972468	zh-hant
阿慕	cgroup	Module:CGroup/Pixar@93247177	
阿托哈蘭	cgroup	Module:CGroup/Frozen@82365390	
阿拉丁和大盜之王	cgroup	Module:CGroup/Disney@93925402	
阿拉巴斯坦	cgroup	Module:CGroup/OnePiece@83858889	
阿拉比斯特同盟	cgroup	Module:CGroup/Danball Senki@81863967	
阿拉貝魯	cgroup	Module:CGroup/SAO@89298185	
阿拜多斯高中	cgroup	Module:CGroup/BlueArchive@93972468	zh-hant
阿斯哈	cgroup	Template:CGroup/GundamSeed@92969101	
阿斯嘉	cgroup	Module:CGroup/美国漫画@94638375	
阿斯塔獸	char	數碼寶貝覺醒節拍角色列表@94712797	
阿斯拉	cgroup	Template:CGroup/Cyber Formula@68486475	
阿斯曼加達爾	cgroup	Template:CGroup/黑執事@49361116	
阿斯特拉爾	char	遊戲王ZEXAL@93180378	
阿斯瑪	cgroup	Template:CGroup/NARUTO@86143617	
阿斯貝魯	char	風之谷 (電影)@94844860	
阿斯金	cgroup	Module:CGroup/BLEACH@81833737	
阿斯頓	cgroup	Template:CGroup/GundamIBO@91631774	
阿春	char	借物少女艾莉緹@89682636	
阿普多拉	cgroup	Module:CGroup/閃電十一人@68657168	
阿曼達	cgroup	Module:CGroup/美国漫画@94638375	
阿本	cgroup	Module:CGroup/Pixar@93247177	
阿本加聶	cgroup	Template:CGroup/HUNTER@80241645	
阿札迪斯坦	cgroup	Template:CGroup/Gundam00@70972545	
阿杜瑪	cgroup	Module:CGroup/美国漫画@94638375	zh-hant
阿松	title	小松先生@93448405	
阿根塔姆	cgroup	Module:CGroup/Square Enix@93012351	
阿格	cgroup	Template:CGroup/GBF@82201572	
阿桃	char	阿尔卑斯山的少女@94715457	
阿桔	cgroup	Template:CGroup/Pokemon@85444397	
阿正	cgroup	Module:CGroup/Disney@93925402	
阿比隆	cgroup	Module:CGroup/Counter-Strike@85677571	zh-hant
阿比隆的基因	cgroup	Module:CGroup/Counter-Strike@85677571	zh-hant
阿比隆的骨頭	cgroup	Module:CGroup/Counter-Strike@85677571	zh-hant
阿波羅之女	cgroup	Module:CGroup/Anime@94680982	
阿波羅獸	char	數碼寶貝覺醒節拍角色列表@94712797	
阿泰	cgroup	Module:CGroup/Pixar@93247177	
阿洛	cgroup	Module:CGroup/OnePiece@83858889	
阿浮	cgroup	Module:CGroup/Simpsons@84869408	
阿滋利卡	cgroup	Module:CGroup/SAO@89298185	
阿滿	cgroup	Template:CGroup/魔法咪路咪路@26972197	
阿焦	cgroup	Module:CGroup/Pixar@93247177	
阿爾卑斯玫瑰	cgroup	Module:CGroup/Anime@94680982	
阿爾卡娜	cgroup	Template:CGroup/MapleStory@57794822	CHECK
阿爾夏多	cgroup	Template:CGroup/黑執事@49361116	
阿爾巴	char	航海王電影：GOLD@93412929	CHECK
阿爾巴那	cgroup	Module:CGroup/OnePiece@83858889	CHECK
阿爾弗烈德	cgroup	Template:CGroup/GundamUC@94693163	
阿爾弗里德	cgroup	Template:CGroup/BUDDYCOMPLEX@77221119	
阿爾弗雷德大帝	char	小公主莎拉@94856128	
阿爾德符咒	cgroup	Template:CGroup/The Witcher@86825096	
阿爾戈	cgroup	Template:CGroup/GGundam@85035825	
阿爾敏	cgroup	Template:CGroup/進擊的巨人@76977335	
阿爾斯托雷姆	cgroup	Template:CGroup/Code Geass@70270136	
阿爾普海姆	cgroup	Module:CGroup/SAO@89298185	
阿爾札特	cgroup	Template:CGroup/Cyber Formula@68486475	
阿爾柯巴雷諾	cgroup	Template:CGroup/Reborn@29403199	CHECK
阿爾格特	cgroup	Module:CGroup/SAO@89298185	
阿爾特美斯	cgroup	Module:CGroup/Danball Senki@81863967	
阿爾琺特	cgroup	Template:CGroup/CANAAN@79863889	
阿爾瓦亞隆	cgroup	Template:CGroup/Gundam00@70972545	
阿爾瓦特雷	cgroup	Template:CGroup/Gundam00@70972545	
阿爾緹米西亞	cgroup	Module:CGroup/Square Enix@93012351	
阿爾緹蜜斯	cgroup	Template:CGroup/GundamSeed@92969101	
阿爾蒂娜	char	NOIR@90119310	CHECK
阿爾馬克	cgroup	Template:CGroup/Gundam00@70972545	
阿爾馬達	char	B傳說！戰鬥彈珠人@94175384	
阿爾馮斯	cgroup	Template:CGroup/FullmetalAlchemist@48481493	
阿猛	char	Smile 光之美少女！@93787006	
阿瑞圖沙	cgroup	Template:CGroup/The Witcher@86825096	
阿瑟姆	cgroup	Template:CGroup/GundamAGE@51366593	
阿瑪菲	cgroup	Template:CGroup/GundamSeed@92969101	
阿瑪賽	char	長腿叔叔 (動畫)@94856329	
阿璃	cgroup	Module:CGroup/LOL@93322985	
阿發	char	飛虎奇兵@90162991	
阿知波皐月	char	名偵探柯南：唐紅的戀歌@94765694	CHECK
阿知波研介	char	名偵探柯南：唐紅的戀歌@94765694	
阿碧絲	char	ONE PIECE角色列表@94658502	
阿碰	cgroup	Template:CGroup/四驅兄弟@86987120	
阿祈爾	cgroup	Module:CGroup/LOL@93322985	
阿福快打	cgroup	Module:CGroup/LOL@93322985	
阿積多	char	爆丸5星域爭霸@90756067	
阿竿	cgroup	Module:CGroup/Pixar@93247177	
阿米巴幫	char	飛天小女警Z@94716201	
阿納貝爾	cgroup	Template:CGroup/GundamUC@94693163	
阿羅伊	cgroup	Template:CGroup/GundamAGE@51366593	
阿羅拉地區	cgroup	Template:CGroup/Pokemon@85444397	
阿羅瑪	char	Go Princess 光之美少女@94065409	
阿耶莎	cgroup	Module:CGroup/美国漫画@94638375	CHECK
阿耶魯戈	cgroup	Template:CGroup/FullmetalAlchemist@48481493	
阿茲基亞洛	cgroup	Module:CGroup/BLEACH@81833737	CHECK
阿茲奇娜	char	FRESH光之美少女！@93922959	CHECK
阿茲拉萬	cgroup	Template:CGroup/GundamTWFM@82129397	CHECK
阿茲納布爾	cgroup	Template:CGroup/GundamUC@94693163	CHECK
阿茲莫丹	cgroup	Template:CGroup/Diablo@94495831	CHECK
阿茲萊爾	cgroup	Template:CGroup/GundamSeed@92969101	CHECK
阿莉雅	cgroup	Template:CGroup/GundamTWFM@82129397	
阿莫多瓦	cgroup	Template:CGroup/GundamUC@94693163	
阿菲蘭德拉	cgroup	Template:CGroup/Reborn@29403199	
阿萊莉亞	char	翠星上的加爾岡緹亞@91223485	
阿葡	cgroup	Module:CGroup/OnePiece@83858889	
阿蓋爾	cgroup	Template:CGroup/GundamSeed@92969101	
阿蓮比	cgroup	Template:CGroup/GGundam@85035825	
阿薩多	char	B傳說！戰鬥彈珠人@94175384	
阿薩莉亞	cgroup	Module:CGroup/SAO@89298185	
阿薰	char	FRESH光之美少女！@93922959	
阿虫	cgroup	Module:CGroup/Disney@93925402	CHECK
阿蜜達	cgroup	Template:CGroup/GundamIBO@91631774	
阿衛	cgroup	Template:CGroup/Sailor Moon@93051346	
阿袋	cgroup	Module:CGroup/蠟筆小新@93760288	
阿裘拉司	char	B傳說！戰鬥彈珠人@94175384	
阿西瑪	cgroup	Template:CGroup/GundamUC@94693163	CHECK
阿見莉愛	char	魔法少女小圓角色列表@94590242	CHECK
阿諾魯德	cgroup	Template:CGroup/GundamSeed@92969101	
阿貉	char	犬夜叉角色列表@94790447	CHECK
阿貪	char	KILL la KILL@94827565	
阿貪星人	char	宇宙巡警露露子@90128048	
阿路加	cgroup	Template:CGroup/HUNTER@80241645	
阿迦莫多之眼	cgroup	Module:CGroup/美国漫画@94638375	
阿達一族	cgroup	Module:CGroup/Cartoon@93410586	
阿那康達伯爵	cgroup	Module:CGroup/蠟筆小新@93760288	
阿邦阿卡	cgroup	Module:CGroup/Games@94658856	
阿部亞澄	char	高校艦隊@93341996	
阿醬前輩	char	Little Busters!角色列表@91842236	
阿里瑟姆	cgroup	Module:CGroup/美国漫画@94638375	
阿銀	char	少女與戰車角色列表@93320972	
阿雪	cgroup	Module:CGroup/KingOfFighters@91481321	
阿雷克斯	cgroup	Template:CGroup/戰鬥陀螺 鋼鐵奇兵@68490308	
阿雷夫加爾德復興記	cgroup	Module:CGroup/Square Enix@93012351	
阿雷斯特	cgroup	Template:CGroup/黑執事@49361116	
阿雷桑德羅	cgroup	Template:CGroup/BUDDYCOMPLEX@77221119	
阿雷路亞	cgroup	Template:CGroup/Gundam00@70972545	
阿靈斯頓	cgroup	Template:CGroup/GundamAGE@51366593	
阿馬之聲	cgroup	Module:CGroup/Simpsons@84869408	
阿馬魯迦	cgroup	Template:CGroup/KamenRider@94225985	
阿魯魯耶里	cgroup	Module:CGroup/BLEACH@81833737	
阿魷小姐	char	小魔女DoReMi@94721174	
阿鳴溝	cgroup	Module:CGroup/Simpsons@84869408	
阿鵝	cgroup	Template:CGroup/Adventure Time@90284406	
阿麗安蘿德	cgroup	Template:CGroup/GundamIBO@91631774	CHECK
阿默	cgroup	Template:CGroup/魔法咪路咪路@26972197	
阿鼠	cgroup	Template:CGroup/KamenRider@94225985	
陀螺之神	char	戰鬥陀螺 鋼鐵奇兵角色列表@94643342	
陀螺少林寺	cgroup	Template:CGroup/戰鬥陀螺 鋼鐵奇兵@68490308	
陀螺部隊	char	戰鬥陀螺 鋼鐵奇兵角色列表@94643342	
附魔	char	Fate/Apocrypha@90728159	
降妖聖靈	cgroup	Module:CGroup/Counter-Strike@85677571	zh-hant
降臨神子	cgroup	Module:CGroup/Square Enix@93012351	
降雨怪	cgroup	Template:CGroup/妖怪手錶@75937932	
限定轉換	cgroup	Template:CGroup/GBF@82201572	
院生局局長	char	最終幻想 零式與Agito角色列表@93380052	
陣內了平	char	夏日大作戰@94786998	
陣內侘助	char	夏日大作戰@94786998	
陣內克彥	char	夏日大作戰@94786998	
陣內典子	char	夏日大作戰@94786998	
陣內加奈	char	夏日大作戰@94786998	
陣內太助	char	夏日大作戰@94786998	
陣內奈奈	char	夏日大作戰@94786998	
陣內榮	char	夏日大作戰@94786998	
陣內理一	char	夏日大作戰@94786998	
陣內理香	char	夏日大作戰@94786998	
陣內由美	char	夏日大作戰@94786998	
陣內真悟	char	夏日大作戰@94786998	
陣內真緒	char	夏日大作戰@94786998	
陣內祐平	char	夏日大作戰@94786998	
陣內翔太	char	夏日大作戰@94786998	
陣內萬作	char	夏日大作戰@94786998	
陣內萬助	char	夏日大作戰@94786998	
陣內萬理子	char	夏日大作戰@94786998	
陣內賴彥	char	夏日大作戰@94786998	
陣內邦彥	char	夏日大作戰@94786998	
陣兵衛	char	B傳說！戰鬥彈珠人@94175384	
陣地作成	char	Fate/Apocrypha@90728159	
陣形攻擊	cgroup	Module:CGroup/Danball Senki@81863967	
陣野修平	char	名偵探柯南：漆黑的追跡者@94634868	
除偶像組合	char	數碼暴龍App世代@94740265	
除暴戰警	cgroup	Module:CGroup/Games@94658856	
陰影獸	char	數碼寶貝覺醒節拍角色列表@94712797	
陰影龍獸	char	数码宝贝幽灵游戏角色列表@94560916	
陰沉怪	cgroup	Template:CGroup/妖怪手錶@75937932	
陰沉薄暮的詼諧曲	cgroup	Module:CGroup/SAO@89298185	
陳仲翰	char	名偵探柯南：紺青之拳@94666047	
陳傑義	cgroup	Template:CGroup/GundamSeed@92969101	
陳可漢	cgroup	Module:CGroup/KingOfFighters@91481321	
陳堯	char	大欺诈师@90518284	
陳念	char	機靈小和尚@92445221	
陳碇北	cgroup	Module:CGroup/Simpsons@84869408	
陳趾鹹	cgroup	Module:CGroup/Simpsons@84869408	
陳雪琳	char	名偵探柯南：紺青之拳@94666047	
陶信晰	cgroup	Template:CGroup/C&C@83793789	
陶土議會	cgroup	Module:CGroup/Wow@94351016	
陶土議會的薩滿	cgroup	Template:CGroup/Heroes of the Storm@49727842	
陶德	char	名偵探福爾摩斯@94071005	
陶恩斯	cgroup	Template:CGroup/Mabinogi@50754648	
陶拉斯	cgroup	Template:CGroup/GundamW@87064245	
陷阱隊	cgroup	Template:CGroup/戰鬥陀螺 鋼鐵奇兵@68490308	
陸庫	char	星之卡比 (動畫)@94160462	
陸行鳥大賽車	cgroup	Module:CGroup/Square Enix@93012351	
陸馬	cgroup	Module:CGroup/My Little Pony@91388064	zh-hant
陸龜獸	char	数码宝贝大冒险：角色列表@94538377	
陽光閃耀	cgroup	Module:CGroup/閃電十一人@68657168	
陽奈	cgroup	Module:CGroup/BlueArchive@93972468	zh-hant
陽奈委員長的暑假	cgroup	Module:CGroup/BlueArchive@93972468	zh-hant
陽葵	cgroup	Module:CGroup/BlueArchive@93972468	zh-hant
隆多尼亞	cgroup	Module:CGroup/Danball Senki@81863967	
隆起山丘的摩艾	cgroup	Module:CGroup/閃電十一人@68657168	
隈取	cgroup	Module:CGroup/OnePiece@83858889	
隊伍治癒	cgroup	Template:CGroup/Mabinogi@50754648	
階戶雪	char	花開物語@94760130	
隕石天龍	cgroup	Template:CGroup/戰鬥陀螺 鋼鐵奇兵@68490308	
障礙馬戲團	cgroup	Module:CGroup/閃電十一人@68657168	
隨侍練士	cgroup	Module:CGroup/SAO@89298185	
隨機單中	cgroup	Module:CGroup/LOL@93322985	
隨機阿福快打	cgroup	Module:CGroup/LOL@93322985	
隱形英雄	cgroup	Template:CGroup/MyHeroAcademia@87565804	
隼雷	cgroup	Module:CGroup/Counter-Strike@85677571	zh-hant
雀丘	cgroup	Template:CGroup/GundamTWFM@82129397	
雀丘利	cgroup	Template:CGroup/GundamTWFM@82129397	
雀乃淚	cgroup	Template:CGroup/NARUTO@86143617	
雀兒努西卡	char	Little Busters!角色列表@91842236	CHECK
雀莉	char	高譚角色列表@92146409	
雄英高校	cgroup	Template:CGroup/MyHeroAcademia@87565804	
雅兒貝德	char	異世界四重奏@93605298	
雅典娜逆襲	cgroup	Module:CGroup/閃電十一人@68657168	
雅各波	char	萬里尋親記@94719791	
雅帕帕	char	光之美少女：食尚甜心@92951245	
雅戈	cgroup	Template:CGroup/Mabinogi@50754648	
雅拉塔	cgroup	Template:CGroup/Mabinogi@50754648	
雅朵拉	cgroup	Template:CGroup/GundamIBO@91631774	
雅瑪津	cgroup	Template:CGroup/GundamIBO@91631774	
雅芝	cgroup	Template:CGroup/GundamIBO@91631774	
雅芬	cgroup	Template:CGroup/Mabinogi@50754648	
雅莫	char	魔法使光之美少女！@94758670	
雅菲蘭朵拉	cgroup	Module:CGroup/OnePiece@83858889	
雅蕾格羅莎	char	SPY×FAMILY間諜家家酒角色列表@94041877	CHECK
雅里	char	少女與戰車角色列表@93320972	
雅里安洛德	cgroup	Template:CGroup/ED@94768974	zh-hant
集住區	cgroup	Template:CGroup/Code Geass@70270136	
雉田	char	午睡公主～不為人知的故事～@94260985	
雉雞喵	cgroup	Template:CGroup/妖怪手錶@75937932	
雕紋	cgroup	Module:CGroup/Wow@94351016	
雙人狙擊	cgroup	Module:CGroup/閃電十一人@68657168	
雙倍手榴彈	cgroup	Module:CGroup/閃電十一人@68657168	
雙刃型	cgroup	Template:CGroup/GundamAGE@51366593	
雙刃娜吉	cgroup	Module:CGroup/Counter-Strike@85677571	CHECK,zh-hant
雙刃王座	cgroup	Module:CGroup/Games@94658856	
雙塔剛弓	cgroup	Template:CGroup/Eyeshield21@86998850	
雙子星風暴	cgroup	Module:CGroup/閃電十一人@68657168	
雙子銀狼	cgroup	Module:CGroup/Counter-Strike@85677571	zh-hant
雙彈瓦斯	cgroup	Template:CGroup/Pokemon@85444397	
雙拳火箭炮	cgroup	Module:CGroup/閃電十一人@68657168	
雙持夜鷹	cgroup	Module:CGroup/Counter-Strike@85677571	zh-hant
雙持白銀烏茲	cgroup	Module:CGroup/Counter-Strike@85677571	CHECK,zh-hant
雙砲型	cgroup	Template:CGroup/GundamAGE@51366593	
雙砲型飛行形態	cgroup	Template:CGroup/GundamAGE@51366593	
雙管霰彈槍	cgroup	Module:CGroup/Counter-Strike@85677571	zh-hant
雙翼惡魔	char	爆丸5星域爭霸@90756067	
雙胞胎兄弟	char	CANAAN@94727525	
雙葉杏	char	偶像大師 灰姑娘女孩角色列表@91786822	
雙螢幕	cgroup	Module:CGroup/Games@94658856	
雙貫釘	cgroup	Template:CGroup/GundamIBO@91631774	
雙超值版	cgroup	Template:CGroup/Sim@37867988	
雙足飛龍	cgroup	Template:CGroup/爆丸@31893398	
雙道寒	cgroup	Template:CGroup/戰鬥陀螺 鋼鐵奇兵@68490308	
雙道炎	cgroup	Template:CGroup/戰鬥陀螺 鋼鐵奇兵@68490308	
雙重光之美少女拳擊	char	Heartcatch 光之美少女！@94574540	
雙重噴射	cgroup	Module:CGroup/閃電十一人@68657168	
雙重天王	cgroup	Template:CGroup/戰鬥陀螺 鋼鐵奇兵@68490308	
雙重射擊	cgroup	Module:CGroup/閃電十一人@68657168	
雙重射門	cgroup	Module:CGroup/閃電十一人@68657168	
雙重衝刺	cgroup	Module:CGroup/Nintendo@94745610	
雙重龍捲風系統	cgroup	Module:CGroup/Danball Senki@81863967	
雙雄爭鋒	cgroup	Module:CGroup/Games@94658856	
雙頭犬	cgroup	Template:CGroup/妖怪手錶@75937932	
雙頭獸	cgroup	Template:CGroup/Warcraft@92164655	zh-hant
雙頭長槍	cgroup	Module:CGroup/Danball Senki@81863967	
雙颱聯防	cgroup	Module:CGroup/閃電十一人@68657168	
雙魚理	char	BLEACH角色列表@94571323	
雛希	cgroup	Template:CGroup/Aikatsu@68312381	
雛河翔	char	PSYCHO-PASS角色列表@93403235	
雛田	cgroup	Template:CGroup/GBF@82201572	
雛罌粟洋子	char	乘浪之約@93582562	
雛罌粟港	char	乘浪之約@93582562	
雜燴兔	cgroup	Module:CGroup/SAO@89298185	
雜草怪	char	飛天小女警Z@94716201	
雜賀讓二	char	PSYCHO-PASS角色列表@93403235	
雞嬸	cgroup	Module:CGroup/OnePiece@83858889	CHECK
離場優惠卷勝敗不計	cgroup	Module:CGroup/Counter-Strike@85677571	zh-hant
離場全優惠券	cgroup	Module:CGroup/Counter-Strike@85677571	zh-hant
離子能原	cgroup	Module:CGroup/Counter-Strike@85677571	zh-hant
離子閃耀塔	cgroup	Template:CGroup/Ultraman@94663541	
離線獸	char	數碼暴龍App世代角色列表@94177588	
難波大秀	char	罪惡王冠@87767894	CHECK
難波笑美	char	偶像大師 灰姑娘女孩角色列表@91786822	CHECK
難波金太郎	char	決鬥大師@92994775	CHECK
雨地	cgroup	Module:CGroup/OnePiece@83858889	
雨城琉璃	char	名偵探柯南角色列表@94461808	
雨宮勇氣	char	名偵探柯南：絕海的偵探@94596266	
雨宴	cgroup	Module:CGroup/OnePiece@83858889	
雨披獸	char	数码宝贝大冒险：角色列表@94538377	
雨格	char	悲慘世界 少女珂賽特@94720109	
雪人胖胖	cgroup	Module:CGroup/蠟筆小新@93760288	
雪伯特	cgroup	Module:CGroup/Half-Life@94355597	
雪倫	cgroup	Module:CGroup/美国漫画@94638375	
雪吹右京	char	爆旋陀螺Burst@94644099	
雪國列車	cgroup	Module:CGroup/Counter-Strike@85677571	zh-hant
雪地生存	cgroup	Module:CGroup/Counter-Strike@85677571	zh-hant
雪城太郎	char	光之美少女@94825358	
雪城文	char	光之美少女@94825358	
雪城早苗	char	光之美少女@94825358	
雪寳的從前從前	cgroup	Module:CGroup/Frozen@82365390	
雪寶	cgroup	Module:CGroup/Frozen@82365390	CHECK
雪寶的佳節冒險	cgroup	Module:CGroup/Frozen@82365390	CHECK
雪拉	cgroup	Template:CGroup/GundamUC@94693163	
雪拉紮德	cgroup	Template:CGroup/ED@94768974	zh-hant
雪染菊理	char	K (動畫)@93234659	
雪爾帕	cgroup	Template:CGroup/Code Geass@70270136	
雪琳頓	cgroup	Template:CGroup/GundamUC@94693163	
雪老師	cgroup	Template:CGroup/小魔女DoReMi@65858319	
雪莉夫人	cgroup	Module:CGroup/OnePiece@83858889	
雪莉布萊特	cgroup	Module:CGroup/Jewelpet@81833309	
雪野百香里	char	言葉之庭@94474945	
雪魔神	cgroup	Module:CGroup/Counter-Strike@85677571	zh-hant
雪魯咪	cgroup	Module:CGroup/KingOfFighters@91481321	
雲之王國	cgroup	Module:CGroup/Doraemon@88509940	
雲之都	cgroup	Module:CGroup/My Little Pony@91388064	zh-hant
雲井堯覺	char	BLEACH角色列表@94571323	
雲妮露	cgroup	Module:CGroup/Disney@93925402	
雲寶	cgroup	Module:CGroup/My Little Pony@91388064	CHECK
雲寶考歷史	cgroup	Module:CGroup/My Little Pony@91388064	CHECK
雲寶黛茜	cgroup	Module:CGroup/My Little Pony@91388064	CHECK
雲端儲存	cgroup	Module:CGroup/Games@94658856	
雲端功能	cgroup	Module:CGroup/Games@94658856	
雲端存檔	cgroup	Module:CGroup/Games@94658856	
雲端平台	cgroup	Module:CGroup/Games@94658856	
雲端服務	cgroup	Module:CGroup/Games@94658856	
雲端版	cgroup	Module:CGroup/Games@94658856	
雲端遊戲	cgroup	Module:CGroup/Games@94658856	
雲雲	char	CANAAN@94727525	
雲龍寺奈特	char	數碼暴龍App世代角色列表@94177588	
零伊	char	遊戲王ARC-V@93483654	
零佐助	char	衝吧烈子@91183058	
零列車	cgroup	Template:CGroup/KamenRider@94225985	
零神	cgroup	Template:CGroup/KamenRider@94225985	
零秒出手	cgroup	Module:CGroup/Anime@94680982	
雷丘	cgroup	Template:CGroup/Pokemon@85444397	
雷伊	cgroup	Module:CGroup/閃電十一人@68657168	
雷伯力茲	cgroup	Template:CGroup/打工吧！魔王大人@40273238	CHECK
雷光大廳	cgroup	Module:CGroup/Wow@94351016	
雷光歸來	cgroup	Module:CGroup/Games@94658856	
雷光獸	char	數碼寶貝04無限地帶角色列表@94744460	
雷克多	cgroup	Template:CGroup/ED@94768974	zh-hant
雷克思博士	cgroup	Module:CGroup/Counter-Strike@85677571	zh-hant
雷克斯研究室	cgroup	Module:CGroup/Counter-Strike@85677571	zh-hant
雷克爾斯的方石	cgroup	Template:CGroup/ED@94768974	zh-hant
雷克里夫勳爵	char	名偵探福爾摩斯@94071005	
雷加	cgroup	Template:CGroup/Heroes of the Storm@49727842	
雷卡	cgroup	Template:CGroup/Transformers@87179168	
雷古洛斯	cgroup	Template:CGroup/Ultraman@94663541	
雷吉思	cgroup	Template:CGroup/The Witcher@86825096	
雷吉歐史達	cgroup	Module:CGroup/Hayate the Combat Butler@81833661	
雷基爾斯	cgroup	Template:CGroup/GundamAGE@51366593	
雷夫	cgroup	Template:CGroup/Gundam00@70972545	
雷姆	char	異世界四重奏@93605298	
雷射引導導彈	cgroup	Module:CGroup/Counter-Strike@85677571	zh-hant
雷射超人	cgroup	Module:CGroup/Games@94658856	
雷射鷹	cgroup	Template:CGroup/Transformers@87179168	
雷尼克頓	cgroup	Module:CGroup/LOL@93322985	
雷岡納	cgroup	Template:CGroup/GundamAGE@51366593	
雷巴洛	char	DARKER THAN BLACK@93233512	CHECK
雷德歐	cgroup	Template:CGroup/Mabinogi@50754648	
雷德統帥	cgroup	Template:CGroup/DragonBall@92325756	
雷德菲爾	cgroup	Module:CGroup/ResidentEvil@94612703	
雷恩村長	char	星之卡比 (動畫)@94160462	
雷托教	cgroup	Template:CGroup/FullmetalAlchemist@48481493	
雷斯	cgroup	Template:CGroup/進擊的巨人@76977335	
雷斯垂德探長	char	名偵探福爾摩斯@94071005	
雷斯特	cgroup	Template:CGroup/Death Note@84122694	
雷明斯	cgroup	Template:CGroup/GundamSeed@92969101	
雷普族	cgroup	Template:CGroup/MapleStory@57794822	
雷格爾	char	悲慘世界 少女珂賽特@94720109	
雷格納德	cgroup	Template:CGroup/潘朵拉之心@39382393	
雷森與拉卡塞	char	七龍珠Z 地球超級大決戰@93733641	
雷歐力	cgroup	Template:CGroup/HUNTER@80241645	
雷歐哈特	cgroup	Module:CGroup/Square Enix@93012351	
雷歐娜	cgroup	Module:CGroup/LOL@93322985	CHECK
雷歐爾	cgroup	Template:CGroup/GundamW@87064245	
雷比亞	cgroup	Module:CGroup/Counter-Strike@85677571	zh-hant
雷比亞的體液	cgroup	Module:CGroup/Counter-Strike@85677571	zh-hant
雷比亞進化體	cgroup	Module:CGroup/Counter-Strike@85677571	zh-hant
雷比西	cgroup	Template:CGroup/Gundam00@70972545	CHECK
雷燈	cgroup	Template:CGroup/Digimon@94687201	
雷爵數位	cgroup	Module:CGroup/Games-zh@90861641	zh-hant
雷爵網絡	cgroup	Module:CGroup/Games-zh@90861641	zh-hant
雷獸洞穴	cgroup	Template:CGroup/StarCraft2@39914602	
雷王再臨	cgroup	Module:CGroup/Wow@94351016	
雷王島	cgroup	Module:CGroup/Wow@94351016	
雷玟	cgroup	Module:CGroup/LOL@93322985	CHECK
雷珂煞	cgroup	Module:CGroup/LOL@93322985	
雷瑟	cgroup	Template:CGroup/Gundam00@70972545	
雷矢	cgroup	Template:CGroup/Mabinogi@50754648	
雷神之戰	cgroup	Module:CGroup/Games@94658856	
雷神截殺	cgroup	Module:CGroup/閃電十一人@68657168	
雷神激光破	cgroup	Module:CGroup/Counter-Strike@85677571	zh-hant
雷神獸	cgroup	Template:CGroup/StarCraft@73588136	
雷神王	cgroup	Module:CGroup/Anime@94680982	
雷神索爾前傳	cgroup	Module:CGroup/美国漫画@94638375	
雷神號	cgroup	Template:CGroup/StarCraft2@39914602	
雷米	cgroup	Module:CGroup/Pixar@93247177	
雷納多	cgroup	Template:CGroup/GBF@82201572	
雷納特	char	萬里尋親記@94719791	
雷維	cgroup	Template:CGroup/潘朵拉之心@39382393	
雷翁哈特	cgroup	Template:CGroup/Code Geass@70270136	
雷老爸	cgroup	Template:CGroup/妖怪手錶@75937932	
雷艦	cgroup	Template:CGroup/Crazyracing Kartrider@60141039	
雷茲	cgroup	Module:CGroup/LOL@93322985	CHECK
雷葛爾	cgroup	Module:CGroup/LOL@93322985	
雷蒙司令官	char	蒙面俠蘇洛傳 (日本動畫)@90157303	
雷諾斯	cgroup	Module:CGroup/SAO@89298185	
雷諾茲局長	char	高譚角色列表@92146409	CHECK
雷貝里歐	cgroup	Template:CGroup/進擊的巨人@76977335	
雷賽布斯	cgroup	Template:CGroup/GundamSeed@92969101	
雷迪耶	cgroup	Template:CGroup/KamenRider@94225985	
雷達尼亞	cgroup	Template:CGroup/The Witcher@86825096	
雷門足球隊	cgroup	Module:CGroup/閃電十一人@68657168	
雷門電氣	cgroup	Template:CGroup/NARUTO@86143617	
雷電領域	cgroup	Module:CGroup/Counter-Strike@85677571	zh-hant
雷霆之眼	cgroup	Module:CGroup/Counter-Strike@85677571	zh-hant
雷霆之眼控制器	cgroup	Module:CGroup/Counter-Strike@85677571	zh-hant
雷霆任務	cgroup	Module:CGroup/Square Enix@93012351	
雷霆天龍	cgroup	Template:CGroup/戰鬥陀螺 鋼鐵奇兵@68490308	
雷霆宙域戰線	cgroup	Template:CGroup/GundamUC@94693163	
雷霆戰狗	cgroup	Module:CGroup/Disney@93925402	
雷霆戰隊	cgroup	Template:CGroup/Transformers@87179168	
雷霆王座	cgroup	Module:CGroup/Wow@94351016	
雷霆終結者	cgroup	Module:CGroup/Counter-Strike@85677571	zh-hant
雷霆魔龍	cgroup	Template:CGroup/戰鬥陀螺 鋼鐵奇兵@68490308	
雷霆魚鷹	cgroup	Module:CGroup/Counter-Strike@85677571	zh-hant
雷魯根	char	異世界四重奏@93605298	
雷鳥獸	char	数码宝贝大冒险：角色列表@94538377	
雷龍獸	cgroup	Template:CGroup/Digimon@94687201	
電光快車俠	cgroup	Module:CGroup/Anime@94680982	
電光暴龍獸	char	数码宝贝大冒险：角色列表@94538377	
電光毒龍鑽	cgroup	Module:CGroup/Counter-Strike@85677571	zh-hant
電光獨角獸	cgroup	Template:CGroup/戰鬥陀螺 鋼鐵奇兵@68490308	
電光獸	char	數碼寶貝04無限地帶角色列表@94744460	
電光眼	cgroup	Module:CGroup/Pixar@93247177	
電光超人古立特	cgroup	Template:CGroup/Ultraman@94663541	
電光雷霆	cgroup	Template:CGroup/MyHeroAcademia@87565804	
電光骨龍	cgroup	Template:CGroup/戰鬥陀螺 鋼鐵奇兵@68490308	
電列車	cgroup	Template:CGroup/KamenRider@94225985	
電力人	cgroup	Module:CGroup/Pixar@93247177	
電子解碼器	cgroup	Module:CGroup/Counter-Strike@85677571	zh-hant
電子遊戲軟件	cgroup	Module:CGroup/Games-zh@90861641	zh-hant
電子龍獸	char	数码宝贝大冒险：角色列表@94538377	
電影集團	cgroup	Module:CGroup/Cartoon@93410586	zh-hant
電擊英雄	cgroup	Template:CGroup/MyHeroAcademia@87565804	
電擊號	cgroup	Template:CGroup/GundamAGE@51366593	
電擊鋼彈	cgroup	Template:CGroup/GundamSeed@92969101	
電槍臉	cgroup	Module:CGroup/美国漫画@94638375	
電機工程所	cgroup	Template:CGroup/StarCraft2@39914602	
電池獸	char	數碼暴龍App世代角色列表@94177588	
電波小鬼	cgroup	Template:CGroup/妖怪手錶@75937932	
電波怪	char	飛天小女警Z@94716201	
電波神	cgroup	Template:CGroup/妖怪手錶@75937932	
電漿射門	cgroup	Module:CGroup/閃電十一人@68657168	
電漿手榴彈	cgroup	Module:CGroup/Counter-Strike@85677571	zh-hant
電漿爐	cgroup	Template:CGroup/Getter Robo@89726924	
電熱叉	cgroup	Template:CGroup/GundamAGE@51366593	
電熱斧	cgroup	Template:CGroup/GundamUC@94693163	
電熱棍	cgroup	Template:CGroup/GundamAGE@51366593	
電熱鎬	cgroup	Template:CGroup/GundamAGE@51366593	CHECK
電熱鏟	cgroup	Template:CGroup/GundamAGE@51366593	
電磁波頭飾	cgroup	Template:CGroup/Crazyracing Kartrider@60141039	
電競世界盃	cgroup	Module:CGroup/LOL@93322985	
電線上的鳥	cgroup	Module:CGroup/Pixar@93247177	
電腦上	cgroup	Template:CGroup/Digimon@94687201	
電腦中	cgroup	Template:CGroup/Digimon@94687201	
電腦主	cgroup	Template:CGroup/Digimon@94687201	
電腦伺服器	cgroup	Template:CGroup/Digimon@94687201	
電腦公司	cgroup	Template:CGroup/Digimon@94687201	
電腦的	cgroup	Template:CGroup/Digimon@94687201	
電腦研究社	cgroup	Template:CGroup/涼宮春日的憂鬱@71080538	
電腦研究社社長	cgroup	Template:CGroup/涼宮春日的憂鬱@71080538	
電腦超人力量勇士	char	藍色恐懼@94281992	
電腦部	cgroup	Template:CGroup/Digimon@94687201	
電腦金剛	cgroup	Template:CGroup/Transformers@87179168	
電視動畫	char	舞-HiME@94783555	
電視新聞主播	char	数码宝贝大冒险：角色列表@94538377	
電話獸	char	數碼暴龍App世代角色列表@94177588	
電話蟲	cgroup	Module:CGroup/OnePiece@83858889	
電馭叛客紅	cgroup	Module:CGroup/Cyberpunk@85139581	
震天龍砲	cgroup	Module:CGroup/Counter-Strike@85677571	zh-hant
震盪波	cgroup	Template:CGroup/Transformers@87179168	
霍克愛	cgroup	Template:CGroup/FullmetalAlchemist@48481493	
霍利	cgroup	Template:CGroup/GundamSeed@92969101	
霍奇森教授	char	玲音@94565560	
霍恩海姆	cgroup	Template:CGroup/FullmetalAlchemist@48481493	
霍托	char	光之美少女：食尚甜心@92951245	
霍格華茲的傳承	cgroup	Module:CGroup/Games@94658856	CHECK
霍比	cgroup	Module:CGroup/美国漫画@94638375	
霍洛維茲	cgroup	Template:CGroup/GOSICK@62514366	CHECK
霍米	char	航海王電影：Z@94840945	
霍羅	char	ONE PIECE STAMPEDE@94401180	
霍華	cgroup	Module:CGroup/美国漫画@94638375	
霍蘭德	char	最终幻想VII系列角色列表@92525651	
霍霍伊米娜	char	FRESH光之美少女！@93922959	CHECK
霓霓	cgroup	Module:CGroup/蠟筆小新@93760288	
霜之哀傷	cgroup	Module:CGroup/Wow@94351016	
霜月美佳	char	PSYCHO-PASS角色列表@93403235	
霜誕矮人	cgroup	Module:CGroup/Wow@94351016	
霞大路瑠璃千代	char	BLEACH角色列表@94571323	
霧島佳乃	char	AIR角色列表@90228621	
霧島柚佳	char	Vivy -Fluorite Eye's Song-@93702039	
霧島桃佳	char	Vivy -Fluorite Eye's Song-@93702039	
霧島聖	char	AIR角色列表@90228621	
霧崎	char	BORUTO-火影新世代-NARUTO NEXT GENERATIONS-角色列表@94842050	
霧幻	char	数码宝贝03驯兽师之王角色列表@94744434	
霧越未麻	char	藍色恐懼@94281992	
霰彈槍設計圖	cgroup	Module:CGroup/Counter-Strike@85677571	zh-hant
霰彈槍類	cgroup	Module:CGroup/Counter-Strike@85677571	zh-hant
霰彈模式	cgroup	Module:CGroup/Counter-Strike@85677571	zh-hant
露亞	cgroup	Template:CGroup/Pichi Pichi Pitch@94608266	
露克萊爾	char	Vivy -Fluorite Eye's Song-@93702039	
露娜	char	美少女戰士角色列表@94852109	CHECK
露娜瑪莉亞	cgroup	Template:CGroup/GundamSeed@92969101	CHECK
露普絲雷其娜	char	異世界四重奏@93605298	CHECK
露木香玲	char	Heartcatch 光之美少女！@94574540	
露比娜	char	金剛戰神@91363742	CHECK
露營歷險記	cgroup	Module:CGroup/SpongeBob SquarePants@91129493	
露琪安娜	char	羅密歐的藍天@91519228	
露米	cgroup	Template:CGroup/Yes! 光之美少女5@89217113	
露米爾	char	光之美少女：食尚甜心@92951245	
露西卡	cgroup	Module:CGroup/Counter-Strike@85677571	CHECK,zh-hant
露西歐拉	cgroup	Template:CGroup/ED@94768974	zh-hant
露雅	cgroup	Template:CGroup/Mabinogi@50754648	
露露子	char	宇宙巡警露露子@90128048	
霸圖克	cgroup	Template:CGroup/Diablo@94495831	
霸子	cgroup	Module:CGroup/Simpsons@84869408	
霸新塞	cgroup	Template:CGroup/降世神通@43998034	
霸權爭奪	cgroup	Module:CGroup/LOL@93322985	
霸王爪	cgroup	Template:CGroup/GundamIBO@91631774	
霸者的聖典	cgroup	Module:CGroup/閃電十一人@68657168	
霸體	cgroup	Module:CGroup/Counter-Strike@85677571	zh-hant
霸體裝甲	cgroup	Module:CGroup/Counter-Strike@85677571	zh-hant
霹拉	cgroup	Module:CGroup/Cyberpunk@85139581	
霹靂悍將	cgroup	Module:CGroup/Counter-Strike@85677571	zh-hant
霹靂戰警	cgroup	Module:CGroup/Counter-Strike@85677571	zh-hant
霹靂日光號	cgroup	Module:CGroup/Anime@94680982	
霹靂酷樂貓	cgroup	Module:CGroup/Anime@94680982	
霹靂電球	cgroup	Template:CGroup/Pokemon@85444397	
靈喻師	cgroup	Template:CGroup/Diablo@94495831	
靈感成真	cgroup	Module:CGroup/My Little Pony@91388064	
靈格斯	cgroup	Template:CGroup/GundamUC@94693163	
靈猴獸	cgroup	Template:CGroup/Digimon@94687201	
靈異教師神眉	cgroup	Module:CGroup/Anime@94680982	
靈異獵人	cgroup	Module:CGroup/Anime@94680982	
靈異部	cgroup	Template:CGroup/GOSICK@62514366	
靈異院	cgroup	Template:CGroup/GOSICK@62514366	
靈花祭	cgroup	Module:CGroup/LOL@93322985	
靈藥幻境	cgroup	Template:CGroup/MapleStory@57794822	
靈蝶	cgroup	Module:CGroup/美国漫画@94638375	
靈行者	cgroup	Template:CGroup/Warcraft@92164655	zh-hant
靈通者	cgroup	Template:CGroup/MyHeroAcademia@87565804	
靈魂加速	cgroup	Module:CGroup/SAO@89298185	
靈魂寶石	cgroup	Module:CGroup/美国漫画@94638375	
靈魂急轉彎	cgroup	Module:CGroup/Pixar@93247177	
靈魂獵食	cgroup	Module:CGroup/Counter-Strike@85677571	zh-hant
靈魂砂谷	cgroup	Module:CGroup/Minecraft@94388709	
靈魂翻譯機	cgroup	Module:CGroup/SAO@89298185	
靈鳥	cgroup	Template:CGroup/GBF@82201572	
青之驅魔師	cgroup	Module:CGroup/Anime@94680982	
青少女彈頭	cgroup	Module:CGroup/美国漫画@94638375	
青少年票選獎	cgroup	Module:CGroup/Cartoon@93410586	
青山綺	cgroup	Module:CGroup/蠟筆小新@93760288	
青春之箱	cgroup	Module:CGroup/Anime@94680982	
青春無密語	cgroup	Module:CGroup/Cartoon@93410586	
青春特調蜂蜜檸檬蘇打	cgroup	Module:CGroup/Anime@94680982	
青春養成記	cgroup	Module:CGroup/Pixar@93247177	
青木宗太	char	東京殘響@90132994	
青木百百	char	高校艦隊@93341996	
青椒怪	char	飛天小女警Z@94716201	
青椒體操	cgroup	Module:CGroup/OshinoKo@84428949	
青沼音瑠	char	奇蛋物语@93093482	
青葉時節	cgroup	Template:CGroup/Bakuman@59602158	
青葉知花	char	魔法少女小圓角色列表@94590242	
青蛙王子	char	飛天小女警Z@94716201	
青銅炮	char	数码宝贝03驯兽师之王角色列表@94744434	
青雉	cgroup	Module:CGroup/OnePiece@83858889	
青龍三郎	char	KILL la KILL@94827565	
青龍咆哮	cgroup	Module:CGroup/閃電十一人@68657168	
靚影特務	cgroup	Module:CGroup/Games@94658856	
靜海木葉	char	魔法少女小圓角色列表@94590242	
非凡之地	cgroup	Module:CGroup/Disney@93925402	
非存於此世之幻馬	char	Fate/Apocrypha@90728159	
非常召集	cgroup	Module:CGroup/OnePiece@83858889	
非常男女	cgroup	Template:CGroup/Sim@37867988	
非洲沙巴那國總統	char	戰鬥陀螺 鋼鐵奇兵角色列表@94643342	
非洲聯合	cgroup	Template:CGroup/GundamIBO@91631774	
非自願的不死冒險者	cgroup	Module:CGroup/Anime@94680982	
非重莊衛	char	甲鐵城的卡巴內里@93830519	CHECK
面具男	cgroup	Template:CGroup/GundamIBO@91631774	
鞍知景子	char	名偵探柯南角色列表@94461808	
鞭刀	cgroup	Template:CGroup/GundamIBO@91631774	
鞭狂	cgroup	Module:CGroup/美国漫画@94638375	
韋德將軍	char	高譚角色列表@92146409	
韋恩伯格	cgroup	Template:CGroup/BUDDYCOMPLEX@77221119	
韋斯卡姆	char	最終幻想XV系列角色列表@93516993	
韓大夫	cgroup	Module:CGroup/Pixar@93247177	
韓瑟頓	cgroup	Template:CGroup/The Witcher@86825096	
韓頌伊	cgroup	Module:CGroup/Solo Leveling@86308871	
韮崎太太	char	狼的孩子雨和雪@90148091	
音樂派對	cgroup	Module:CGroup/Games@94658856	
音樂獸	char	數碼暴龍App世代角色列表@94177588	
音樂的果實	cgroup	Module:CGroup/Jewelpet@81833309	
音無	cgroup	Module:CGroup/BLEACH@81833737	
音無初音	char	Angel Beats!角色列表@87218149	
音無富美子	cgroup	Template:CGroup/Battle Spirits@29023902	
音無小夜	char	血戰@94607019	
音符戰士	char	ONE PIECE FILM RED@94073649	
音羽	cgroup	Template:CGroup/Pretty Rhythm@77221109	
音視訊	cgroup	Module:CGroup/Games@94658856	
音調精靈	char	Suite 光之美少女♪@92951168	
音速加農砲	cgroup	Template:CGroup/爆丸@31893398	
音速戰神	cgroup	Template:CGroup/四驅兄弟@86987120	
音速迦奧迦獸	char	數碼寶貝拯救隊角色列表@94177566	
音速飛翼	cgroup	Template:CGroup/爆丸@31893398	
音階盒	cgroup	Module:CGroup/Minecraft@94388709	
響尾蛇行動	cgroup	Module:CGroup/Counter-Strike@85677571	zh-hant
頂尖明醫	cgroup	Module:CGroup/Anime@94680982	
頂極模式	cgroup	Template:CGroup/KamenRider@94225985	
項馬第	char	悲慘世界 少女珂賽特@94720109	
順風耳英雄	cgroup	Template:CGroup/MyHeroAcademia@87565804	
須見玲	char	千与千寻@94787677	CHECK
須賀圭介	char	天气之子@94186671	
須賀夏美	char	天气之子@94186671	
須賀明日花	char	天气之子@94186671	
須賀萌花	char	天气之子@94186671	
須鄉徹平	char	PSYCHO-PASS角色列表@93403235	
頌施	cgroup	Module:CGroup/The Promised Neverland@83209401	zh-hant
預知獸	char	數碼暴龍App世代角色列表@94177588	
預示之花	cgroup	Module:CGroup/Anime@94680982	
預示者	cgroup	Module:CGroup/LOL@93322985	
預言者費倫	cgroup	Module:CGroup/Wow@94351016	
頑皮跳跳燈	cgroup	Module:CGroup/Pixar@93247177	
頑皮雷彈	cgroup	Template:CGroup/Pokemon@85444397	
頑童三人組	char	回憶中的瑪妮@94615795	
頓甲	cgroup	Template:CGroup/Pokemon@85444397	
領域展開	char	咒術迴戰角色列表@94830133	
領袖獸	char	數碼暴龍App世代角色列表@94177588	
頭巾瓦豆魯迪	char	星之卡比系列角色列表@94293609	
頭翁	cgroup	Module:CGroup/Simpsons@84869408	
頭錐	cgroup	Template:CGroup/Transformers@87179168	
顎門	cgroup	Template:CGroup/KamenRider@94225985	
願望大賽	cgroup	Template:CGroup/KamenRider@94225985	
願望驅動器	cgroup	Template:CGroup/KamenRider@94225985	
願神	cgroup	Template:CGroup/KamenRider@94225985	
類比墊	cgroup	Module:CGroup/Games@94658856	zh-hant
類比控制桿	cgroup	Module:CGroup/Games@94658856	zh-hant
類比搖桿	cgroup	Module:CGroup/Games@94658856	zh-hant
類比操作桿	cgroup	Module:CGroup/Games@94658856	zh-hant
類比操縱桿	cgroup	Module:CGroup/Games@94658856	zh-hant
類比桿	cgroup	Module:CGroup/Games@94658856	zh-hant
類比滑墊	cgroup	Module:CGroup/Games@94658856	zh-hant
類比滑桿	cgroup	Module:CGroup/Games@94658856	zh-hant
類比遊戲桿	cgroup	Module:CGroup/Games@94658856	zh-hant
類比遙控桿	cgroup	Module:CGroup/Games@94658856	zh-hant
顫慄水星	cgroup	Module:CGroup/Counter-Strike@85677571	zh-hant
風之少年	cgroup	Module:CGroup/Games@94658856	
風之彩	cgroup	Module:CGroup/Disney@93925402	
風之律動	cgroup	Module:CGroup/Games@94658856	
風之谷	title	風之谷 (電影)@94844860	
風伯斯	cgroup	Template:CGroup/Sailor Moon@93051346	
風倉萌	cgroup	Module:CGroup/BlueArchive@93972468	zh-hant
風午	char	異邦人 無皇刃譚@86100576	
風堇	cgroup	Module:CGroup/miHoYo@93804723	
風戶京介	char	名偵探柯南：瞳孔中的暗殺者@94403739	
風暴型海因德里	cgroup	Template:CGroup/GundamTWFM@82129397	
風暴女神	cgroup	Module:CGroup/LOL@93322985	
風暴季節	cgroup	Template:CGroup/The Witcher@86825096	
風暴巡曳號	cgroup	Template:CGroup/四驅兄弟@86987120	
風暴征服者	cgroup	Module:CGroup/閃電十一人@68657168	
風暴烈酒酒坊	cgroup	Module:CGroup/Wow@94351016	
風暴王	cgroup	Module:CGroup/My Little Pony@91388064	
風暴破壞者	cgroup	Module:CGroup/美国漫画@94638375	
風暴群山	cgroup	Module:CGroup/Wow@94351016	
風暴要塞	cgroup	Module:CGroup/Counter-Strike@85677571	zh-hant
風死	char	BLEACH角色列表@94571323	
風水釋迦	cgroup	Template:CGroup/Family Guy@79259281	
風獅獸	char	數碼寶貝覺醒節拍角色列表@94712797	
風王結界	char	Fate/stay night角色列表@94041607	
風羅俊司	char	禁獵魔女@94041811	
風花真白	char	舞-HiME角色列表@91610502	
風見一朗	char	爆丸5星域爭霸@90756067	CHECK
風見初穗	char	拜託了☆老師@90724500	CHECK
風見志郎	cgroup	Template:CGroup/KamenRider@94225985	CHECK
風見真穗	char	拜託了☆老師@90724500	CHECK
風見瞬	char	爆丸5星域爭霸@90756067	CHECK
風見雅人	char	爆丸5星域爭霸@90756067	CHECK
風見駿	char	爆丸@90775249	CHECK
風語大樹	char	星之卡比 (動畫)@94160462	
風起雲湧的金矛勇者	cgroup	Module:CGroup/蠟筆小新@93760288	
風野光瑛	char	來自繽紛世界的明日@94729384	
風野淺蔥	char	來自繽紛世界的明日@94729384	
風間英彥	char	名偵探柯南：往天國的倒數計時@94658929	
風雪之心	cgroup	Module:CGroup/My Little Pony@91388064	zh-hant
風魔獸	char	數碼寶貝覺醒節拍角色列表@94712797	
颯太	cgroup	Module:CGroup/Hayate the Combat Butler@81833661	
颶風力士	cgroup	Template:CGroup/戰鬥陀螺 鋼鐵奇兵@68490308	
颶風射門	cgroup	Module:CGroup/Counter-Strike@85677571	zh-hant
颶風音速	cgroup	Template:CGroup/四驅兄弟@86987120	
飆悍射將	cgroup	Module:CGroup/Anime@94680982	
飆風再起	cgroup	Module:CGroup/Games@94658856	
飛丸	char	異邦人 無皇刃譚@86100576	
飛刀投擲車	cgroup	Template:CGroup/Warcraft@92164655	zh-hant
飛向終點	cgroup	Module:CGroup/My Little Pony@91388064	
飛坦	cgroup	Template:CGroup/HUNTER@80241645	
飛天少女豬	cgroup	Module:CGroup/Anime@94680982	
飛天接力隊	cgroup	Module:CGroup/My Little Pony@91388064	
飛天神機隊	cgroup	Template:CGroup/Mazinger@84157445	
飛天翼號	cgroup	Template:CGroup/Mazinger@84157445	
飛天腿	cgroup	Template:CGroup/Transformers@87179168	
飛天蠻牛	cgroup	Template:CGroup/降世神通@43998034	
飛彈砲台	cgroup	Template:CGroup/StarCraft2@39914602	
飛斯	cgroup	Module:CGroup/LOL@93322985	
飛梅	char	BLEACH角色列表@94571323	
飛燕斬	cgroup	Module:CGroup/閃電十一人@68657168	
飛索鉤爪	cgroup	Template:CGroup/GundamIBO@91631774	
飛翔火	cgroup	Template:CGroup/Transformers@87179168	
飛腿郎	cgroup	Template:CGroup/Pokemon@85444397	
飛艇獸	char	数码宝贝大冒险：角色列表@94538377	
飛虎獸	cgroup	Template:CGroup/Digimon@94687201	CHECK
飛蜂獸	char	数码宝贝幽灵游戏角色列表@94560916	
飛蟒	cgroup	Template:CGroup/StarCraft2@39914602	
飛蟒式	cgroup	Template:CGroup/Gundam00@70972545	
飛蟲獸	cgroup	Template:CGroup/Digimon@94687201	
飛行大臉兵射擊	cgroup	Module:CGroup/Games@94658856	
飛行形態	cgroup	Template:CGroup/GundamAGE@51366593	
飛行母艦	cgroup	Module:CGroup/美国漫画@94638375	
飛行海賊團	cgroup	Module:CGroup/OnePiece@83858889	
飛行荷蘭人	cgroup	Module:CGroup/SpongeBob SquarePants@91129493	
飛貓獸	char	数码宝贝幽灵游戏角色列表@94560916	
飛躍形態	cgroup	Template:CGroup/GundamAGE@51366593	
飛過山	cgroup	Template:CGroup/Transformers@87179168	
飛那魯	char	罪惡王冠@87767894	
飛鋸	cgroup	Module:CGroup/Half-Life@94355597	
飛頭根	char	半妖的夜叉姬@87932716	
飛馬三重奏	cgroup	Module:CGroup/閃電十一人@68657168	
飛馬級	cgroup	Template:CGroup/GundamUC@94693163	
飛馬號	cgroup	Template:CGroup/GundamUC@94693163	
飛魚數位	cgroup	Module:CGroup/Games-zh@90861641	zh-hant
飛鳥珍妮	char	數碼暴龍App世代角色列表@94177588	
飛鳥真	cgroup	Template:CGroup/Ultraman@94663541	zh-hant
飛鳥馬季	cgroup	Module:CGroup/BlueArchive@93972468	zh-hant
飛鷹十字弓	cgroup	Module:CGroup/Counter-Strike@85677571	zh-hant
飛鼠獸	cgroup	Template:CGroup/Digimon@94687201	
飛龍戰記	cgroup	Template:CGroup/Might&Magic@42603917	
食人妖獵頭族	cgroup	Template:CGroup/Warcraft@92164655	zh-hant
食人妖蝠騎士	cgroup	Template:CGroup/Warcraft@92164655	zh-hant
食人鬼之刃	cgroup	Module:CGroup/閃電十一人@68657168	
食夢獸	cgroup	Template:CGroup/Digimon@94687201	
食腦蟲	cgroup	Module:CGroup/Half-Life@94355597	
飢餓遊戲	cgroup	Module:CGroup/Counter-Strike@85677571	zh-hant
飢餓遊戲模式	cgroup	Module:CGroup/Counter-Strike@85677571	zh-hant
飢餓食人魔	cgroup	Module:CGroup/Counter-Strike@85677571	zh-hant
飯島真治	char	BLEACH角色列表@94571323	
飯沼誠次郎	char	東之伊甸@92226285	
飯綱守	cgroup	Template:CGroup/GBF@82201572	
養子不教誰之過	cgroup	Template:CGroup/Futurama@34999934	
餓狼傳說系列武器	cgroup	Module:CGroup/Counter-Strike@85677571	zh-hant
餓狼短刀	cgroup	Module:CGroup/Counter-Strike@85677571	zh-hant
館石亞季	cgroup	Template:CGroup/Aikatsu@68312381	
首藤葵	char	偶像大師 灰姑娘女孩角色列表@91786822	
首領卡洛斯	char	萬里尋親記@94719791	
香坂夏美	char	名侦探柯南：世纪末的魔术师@94403742	
香子	char	飛天小女警Z@94716201	
香春優奈	char	魔法少女小圓角色列表@94590242	
香朵拉	cgroup	Module:CGroup/OnePiece@83858889	
香狄亞	cgroup	Module:CGroup/OnePiece@83858889	
香田薰	char	名侦探柯南：第11位前锋@94749116	
香蓮	cgroup	Template:CGroup/Pichi Pichi Pitch@94608266	
香蕉射門	cgroup	Module:CGroup/閃電十一人@68657168	
馬他哆啦	cgroup	Module:CGroup/Doraemon@88509940	
馬修瑪	cgroup	Template:CGroup/GundamUC@94693163	
馬倫	cgroup	Template:CGroup/DragonBall@92325756	
馬倫巴	cgroup	Module:CGroup/Games@94658856	CHECK
馬克希姆	cgroup	Template:CGroup/GOSICK@62514366	
馬克薩尼	char	萬里尋親記@94719791	
馬克西米利安	cgroup	Template:CGroup/GundamUC@94693163	CHECK
馬凱莉	cgroup	Module:CGroup/Pixar@93247177	
馬利堡	cgroup	Template:CGroup/The Witcher@86825096	
馬利耶	char	拜託了☆老師@90724500	
馬力喬亞	cgroup	Module:CGroup/OnePiece@83858889	
馬努斯	cgroup	Template:CGroup/Mabinogi@50754648	
馬勒布朗契	cgroup	Template:CGroup/打工吧！魔王大人@40273238	
馬卡歐	cgroup	Module:CGroup/蠟筆小新@93760288	
馬卡隆	cgroup	Module:CGroup/BLEACH@81833737	
馬卡龍利爪	char	光之美少女：食尚甜心@92951245	
馬古	cgroup	Module:CGroup/閃電十一人@68657168	
馬古瓦爾	cgroup	Template:CGroup/FullmetalAlchemist@48481493	
馬可度加魯	cgroup	Template:CGroup/FullmetalAlchemist@48481493	
馬吉利夫	cgroup	Template:CGroup/Gundam00@70972545	
馬吉哈魯	cgroup	Template:CGroup/FullmetalAlchemist@48481493	
馬吉斯	cgroup	Template:CGroup/GundamW@87064245	
馬哈頓	cgroup	Module:CGroup/My Little Pony@91388064	
馬基斯	char	光之美少女@94825358	
馬堅	char	天元突破 紅蓮螺巖@93776700	
馬場敦也	char	奇巧計程車@89552760	
馬契斯	cgroup	Template:CGroup/GundamUC@94693163	
馬契羅	char	羅密歐的藍天@91519228	
馬度納	cgroup	Template:CGroup/GundamAGE@51366593	
馬度納工房	cgroup	Template:CGroup/GundamAGE@51366593	
馬庫馬洪	cgroup	Template:CGroup/HUNTER@80241645	
馬庭光弘	char	妄想代理人@91610420	
馬恰維利	cgroup	Module:CGroup/Pixar@93247177	
馬拉巴爾	cgroup	Template:CGroup/GundamUC@94693163	CHECK
馬拉賽	cgroup	Template:CGroup/GundamUC@94693163	
馬提亞斯	cgroup	Module:CGroup/Frozen@82365390	
馬文	char	高譚角色列表@92146409	
馬斯	cgroup	Template:CGroup/GundamSeed@92969101	
馬斯卡雷德	char	爆丸@90775249	
馬斯古雷普	cgroup	Template:CGroup/GOSICK@62514366	
馬斯坦古	cgroup	Template:CGroup/FullmetalAlchemist@48481493	
馬斯特生博士	char	湯姆歷險記 (動畫)@94720074	
馬林	cgroup	Module:CGroup/Pixar@93247177	
馬林福特	cgroup	Module:CGroup/OnePiece@83858889	
馬柯瓦多	cgroup	Module:CGroup/Pixar@93247177	
馬格亞納克辰砂型	cgroup	Template:CGroup/GBF@82201572	
馬格亞那克	cgroup	Template:CGroup/GundamW@87064245	
馬歇	cgroup	Template:CGroup/GundamAGE@51366593	
馬沙利克	cgroup	Template:CGroup/GundamUC@94693163	
馬法提	cgroup	Template:CGroup/GundamUC@94693163	
馬法狄	cgroup	Template:CGroup/GundamUC@94693163	
馬涅欽	cgroup	Template:CGroup/Gundam00@70972545	
馬渕千夏	char	名偵探柯南：紺碧之棺@91454532	
馬爾丹	cgroup	Template:CGroup/GundamTWFM@82129397	
馬爾卡勒	cgroup	Template:CGroup/Code Geass@70270136	CHECK
馬爾哥	char	爆丸5星域爭霸@90756067	
馬爾奇歐	cgroup	Template:CGroup/GundamSeed@92969101	
馬爾奇歐導師	char	機動戰士GUNDAM SEED系列角色列表@94694324	
馬爾奇納	cgroup	Template:CGroup/GundamUC@94693163	
馬爾拓之鷹	cgroup	Module:CGroup/Counter-Strike@85677571	CHECK,zh-hant
馬爾拿達	cgroup	Template:CGroup/The Witcher@86825096	
馬爾札哈	cgroup	Module:CGroup/LOL@93322985	
馬爾邦	cgroup	Template:CGroup/GundamIBO@91631774	
馬瑞格	cgroup	Module:CGroup/Disney@93925402	
馬白福	char	悲慘世界 少女珂賽特@94720109	
馬科雷	cgroup	Module:CGroup/ResidentEvil@94612703	
馬立克	cgroup	Template:CGroup/GundamSeed@92969101	
馬立夯	cgroup	Module:CGroup/Disney@93925402	
馬肯吉	cgroup	Template:CGroup/GBF@82201572	
馬蒂爾	char	惡魔獵人系列角色列表@92426452	
馬蒂里歐	char	羅密歐的藍天@91519228	
馬術跑法	cgroup	Template:CGroup/Eyeshield21@86998850	
馬西卡克	cgroup	Module:CGroup/OnePiece@83858889	CHECK
馬西格利斯	cgroup	Module:CGroup/Pixar@93247177	CHECK
馬西里特博士	char	IQ博士角色列表@92724875	
馬諾森	cgroup	Module:CGroup/Half-Life@94355597	
馬諾森系統	cgroup	Module:CGroup/Half-Life@94355597	
馬赫拜茲	cgroup	Module:CGroup/OnePiece@83858889	CHECK
馬迪尼	cgroup	Template:CGroup/Code Geass@70270136	
馬達加斯加的企鵝	cgroup	Module:CGroup/Cartoon@93410586	
馬達大師	cgroup	Template:CGroup/Transformers@87179168	
馬里亞諾	cgroup	Module:CGroup/Disney@93925402	
馬里亞諾母親	cgroup	Module:CGroup/Disney@93925402	
馬里歐	char	萬里尋親記@94719791	
馬鈴薯先生	cgroup	Module:CGroup/PeppaPig@87025478	zh-hant
馬鈴薯獸	char	数码宝贝大冒险：角色列表@94538377	
馬雷涅	cgroup	Template:CGroup/進擊的巨人@76977335	
馬魯克	char	哈尔的移动城堡@94539471	
馬魯達	cgroup	Module:CGroup/Square Enix@93012351	
馬黛兒	cgroup	Template:CGroup/FullmetalAlchemist@48481493	
馭魔天使隊	cgroup	Template:CGroup/GundamUC@94693163	
馮恩法爾西亞	cgroup	Template:CGroup/GundamAGE@51366593	
馮洛德	cgroup	Template:CGroup/GundamAGE@51366593	
馳河菜菜子	char	SK∞@93649849	
馴鹿雪橇	cgroup	Template:CGroup/Crazyracing Kartrider@60141039	
駒崎新次郎	char	爆旋陀螺Burst@94644099	
駒澤乃依	char	超時空輝耀姬！@94633982	
駒澤雷	char	超時空輝耀姬！@94633982	
駕駛軍官的軍牌	cgroup	Module:CGroup/Counter-Strike@85677571	zh-hant
駭客任務	cgroup	Template:CGroup/Futurama@34999934	
駭客入侵	cgroup	Module:CGroup/Square Enix@93012351	
駭客獸	char	數碼暴龍App世代角色列表@94177588	
駿河次郎	char	名偵探柯南：迷宮的十字路@94462568	
駿河留奈	char	高校艦隊@93341996	
騎乘戰甲	cgroup	Module:CGroup/Danball Senki@81863967	
騎兵型搜魔	cgroup	Template:CGroup/GundamIBO@91631774	
騎兵型搜魔鋼彈	cgroup	Template:CGroup/GundamIBO@91631774	
騎士人	cgroup	Template:CGroup/KamenRider@94225985	
騎士口嚼獸	cgroup	Template:CGroup/KamenRider@94225985	
騎士大逃殺	cgroup	Template:CGroup/KamenRider@94225985	
騎士學園	cgroup	Template:CGroup/Crazyracing Kartrider@60141039	
騎士式	cgroup	Template:CGroup/GundamIBO@91631774	
騎士式格雷茲	cgroup	Template:CGroup/GundamIBO@91631774	CHECK
騎士踢	cgroup	Template:CGroup/KamenRider@94225985	
騎師之道	cgroup	Module:CGroup/Games@94658856	
騙蝠俠	cgroup	Module:CGroup/Simpsons@84869408	
騰武數碼	cgroup	Module:CGroup/Games-zh@90861641	zh-hant
驅蝠戰役	cgroup	Template:CGroup/GundamAGE@51366593	
驅逐型權天使鋼彈	cgroup	Template:CGroup/Gundam00@70972545	
驅魂	cgroup	Template:CGroup/The World God Only Knows@50754307	
驅魔者執照	cgroup	Module:CGroup/Counter-Strike@85677571	zh-hant
驅魔聖槍	cgroup	Module:CGroup/LOL@93322985	
驅魔聖祈	cgroup	Module:CGroup/Counter-Strike@85677571	zh-hant
驍勇遠征軍	cgroup	Module:CGroup/Wow@94351016	
驚喜派對	cgroup	Module:CGroup/My Little Pony@91388064	
驚嚇大師	cgroup	Module:CGroup/My Little Pony@91388064	
驚嚇鱷	cgroup	Template:CGroup/妖怪手錶@75937932	
驚天鐵拳	cgroup	Module:CGroup/閃電十一人@68657168	
驚奇先生	cgroup	Module:CGroup/美国漫画@94638375	
驚奇再起系列	cgroup	Module:CGroup/美国漫画@94638375	
驚奇城堡	cgroup	Template:CGroup/Crazyracing Kartrider@60141039	
驚奇少女	cgroup	Module:CGroup/美国漫画@94638375	
驚奇漫畫	cgroup	Template:CGroup/Transformers@87179168	
驚奇的法則	cgroup	Template:CGroup/The Witcher@86825096	
驚奇閃電學院	cgroup	Module:CGroup/My Little Pony@91388064	
驚奇隊長	cgroup	Module:CGroup/美国漫画@94638375	
驚爆列車	cgroup	Module:CGroup/Counter-Strike@85677571	zh-hant
驚爆危機	cgroup	Module:CGroup/Anime@94680982	
驚爆捷運戰	cgroup	Module:CGroup/Counter-Strike@85677571	zh-hant
驚異紅戰士鋼彈	cgroup	Template:CGroup/GBF@82201572	
驚駭古堡	cgroup	Module:CGroup/Counter-Strike@85677571	zh-hant
驚驚	cgroup	Module:CGroup/Pixar@93247177	
驟死巨矛	cgroup	Module:CGroup/閃電十一人@68657168	
骯髒丹	cgroup	Module:CGroup/SpongeBob SquarePants@91129493	
骯髒泡泡	cgroup	Module:CGroup/SpongeBob SquarePants@91129493	
骰動人生好運道	cgroup	Module:CGroup/Nintendo@94745610	
骷髏婆	cgroup	Template:CGroup/妖怪手錶@75937932	CHECK
骷髏尖兵	cgroup	Template:CGroup/GundamUC@94693163	
骷髏巨犀獸	char	数码宝贝大冒险：角色列表@94538377	
骷髏暴龍獸	char	数码宝贝幽灵游戏角色列表@94560916	
骷髏騎士獸	char	数码宝贝大冒险：角色列表@94538377	
骸骨獵殺者	cgroup	Module:CGroup/SAO@89298185	
體育教師	char	學校怪談 (動畫)@92145862	
體能強化禁藥	cgroup	Module:CGroup/Counter-Strike@85677571	zh-hant
體能強化禁藥的樣本	cgroup	Module:CGroup/Counter-Strike@85677571	zh-hant
高倉冠葉	char	回转企鹅罐@94635162	
高倉劍山	char	回转企鹅罐@94635162	
高倉千江美	char	回转企鹅罐@94635162	
高倉晶馬	char	回转企鹅罐@94635162	
高倉陽毬	char	回转企鹅罐@94635162	
高傲丼	cgroup	Template:CGroup/妖怪手錶@75937932	CHECK
高傲雉雞	char	寶可夢動畫角色列表@93411809	
高先生	cgroup	Module:CGroup/Pixar@93247177	
高坂祐馬	cgroup	Template:CGroup/GBF@82201572	
高垣楓	char	偶像大師 灰姑娘女孩角色列表@91786822	
高城丈士朗	char	Charlotte (動畫)@94727945	
高壓苦力怕	cgroup	Module:CGroup/Minecraft@94388709	
高岸梓	char	Heartcatch 光之美少女！@94574540	
高峰諾亞	char	偶像大師 灰姑娘女孩角色列表@91786822	
高島麗美	char	少女與戰車角色列表@93320972	CHECK
高建熙	cgroup	Module:CGroup/Solo Leveling@86308871	
高快樂園	cgroup	Module:CGroup/蠟筆小新@93760288	
高性能葛克	cgroup	Template:CGroup/GundamUC@94693163	
高性能蒙克	cgroup	Template:CGroup/GBF@82201572	
高性能頭腦	cgroup	Template:CGroup/MyHeroAcademia@87565804	
高攜彈生存背心	cgroup	Module:CGroup/Counter-Strike@85677571	zh-hant
高文	cgroup	Template:CGroup/GBF@82201572	
高明煥	cgroup	Module:CGroup/Solo Leveling@86308871	
高曼	cgroup	Template:CGroup/GundamUC@94693163	
高木真太	char	你的名字。@94061490	
高校艦隊	title	高校艦隊@93341996	
高梨太郎	char	白箱@94727899	
高森藍子	char	偶像大師 灰姑娘女孩角色列表@91786822	
高槻枝織	char	少女革命@93843108	
高橋友美	char	學校怪談 (動畫)@92145862	
高橋希	char	小松先生@93448405	
高橋惠	char	比宇宙更遠的地方@93910432	
高橋禮子	char	偶像大師 灰姑娘女孩角色列表@91786822	
高橋良太	char	妖怪手錶系列@93337229	
高清水莉奈	char	光之美少女@94825358	
高瀨宋次郎	char	跳躍吧！時空少女@94438891	
高爆手榴彈	cgroup	Module:CGroup/Counter-Strike@85677571	zh-hant
高爾夫物語	cgroup	Module:CGroup/Anime@94680982	
高爾斯基	cgroup	Template:CGroup/GGundam@85035825	
高田正雄	char	名偵探柯南：偵探們的鎮魂歌@94562297	
高田舞	char	死亡遊行@91275771	
高田麗娜	cgroup	Module:CGroup/Jewelpet@81833309	CHECK
高登威爾	char	湯姆歷險記 (動畫)@94720074	
高科技強力磁鐵	cgroup	Template:CGroup/Crazyracing Kartrider@60141039	
高空落雷一號	cgroup	Module:CGroup/閃電十一人@68657168	
高等短劍	cgroup	Module:CGroup/Solo Leveling@86308871	
高等突擊龍獸	char	數碼寶貝覺醒節拍角色列表@94712797	
高級治療券	cgroup	Module:CGroup/Counter-Strike@85677571	zh-hant
高茲	cgroup	Module:CGroup/BlueArchive@93972468	CHECK,zh-hant
高衩魔王	cgroup	Module:CGroup/蠟筆小新@93760288	
高詹	cgroup	Template:CGroup/GundamIBO@91631774	
高譚	cgroup	Module:CGroup/美国漫画@94638375	
高譚市	cgroup	Module:CGroup/美国漫画@94638375	
高譚市突圍	cgroup	Module:CGroup/美国漫画@94638375	
高辛渡口	cgroup	Module:CGroup/LOL@93322985	
高馬	char	DokiDoki! 光之美少女@93549956	
高鳥瑤子	char	星之聲@92143926	
鬣狗獸	char	數碼寶貝覺醒節拍角色列表@94712797	
鬥之書	cgroup	Template:CGroup/NARUTO@86143617	
鬥士精神	cgroup	Template:CGroup/Digimon@94687201	
鬥將戴摩斯	cgroup	Module:CGroup/Anime@94680982	
鬥牛士獸	char	数码宝贝幽灵游戏角色列表@94560916	
鬥球兒彈平	cgroup	Module:CGroup/Anime@94680982	
鬥蜂	cgroup	Template:CGroup/KamenRider@94225985	
鬼丸猛	char	名偵探柯南角色列表@94461808	
鬼塚豪	char	遊戲王VRAINS@92292355	
鬼屋宅邸	cgroup	Template:CGroup/MapleStory@57794822	
鬼影	cgroup	Template:CGroup/Warcraft@92164655	zh-hant
鬼影射門	cgroup	Module:CGroup/Counter-Strike@85677571	zh-hant
鬼影瞬步	cgroup	Module:CGroup/Counter-Strike@85677571	zh-hant
鬼怒川佳澄	cgroup	Module:CGroup/BlueArchive@93972468	zh-hant
鬼拉袖	cgroup	Module:CGroup/OnePiece@83858889	
鬼步伊西斯	cgroup	Module:CGroup/Counter-Strike@85677571	CHECK,zh-hant
鬼泣死士	cgroup	Module:CGroup/Counter-Strike@85677571	zh-hant
鬼燈丸	char	BLEACH角色列表@94571323	
鬼牌獸	char	數碼寶貝覺醒節拍角色列表@94712797	
鬼蟒	cgroup	Module:CGroup/Counter-Strike@85677571	zh-hant
鬼迷藏模式	cgroup	Module:CGroup/Counter-Strike@85677571	zh-hant
鬼頭明里	cgroup	Module:CGroup/BlueArchive@93972468	zh-hant
鬼魂之地	cgroup	Module:CGroup/Wow@94351016	
鬼魂定身術	cgroup	Module:CGroup/閃電十一人@68657168	
鬼魂獸	char	数码宝贝大冒险：角色列表@94538377	
鬼龍院皐月	char	KILL la KILL@94827565	CHECK
鬼龍院羅曉	char	KILL la KILL@94827565	
魂能之力燒瓶	cgroup	Module:CGroup/Counter-Strike@85677571	zh-hant
魂靈師	cgroup	Template:CGroup/Diablo@94495831	
魂館颯太	char	罪惡王冠@87767894	
魅來	cgroup	Template:CGroup/Aikatsu@68312381	
魅惑女巫	cgroup	Module:CGroup/美国漫画@94638375	
魅音	cgroup	Module:CGroup/Cyberpunk@85139581	
魅魔鋼彈	cgroup	Template:CGroup/GundamIBO@91631774	
魏得剩	cgroup	Template:CGroup/Family Guy@79259281	
魏瓦奇	cgroup	Template:CGroup/Transformers@87179168	
魔二代	char	七龍珠 (動畫)@94701288	
魔人偵探腦嚙涅羅	cgroup	Module:CGroup/Anime@94680982	
魔人啾啾	char	飛天小女警Z@94716201	
魔人賈克	cgroup	Module:CGroup/蠟筆小新@93760288	
魔像獸	char	数码宝贝大冒险：角色列表@94538377	
魔兵驚天錄	cgroup	Module:CGroup/Games@94658856	
魔劍瓦蘭姆	cgroup	Module:CGroup/SAO@89298185	
魔力賦予	cgroup	Template:CGroup/Mabinogi@50754648	
魔古山宮	cgroup	Module:CGroup/Wow@94351016	
魔土鬼面卒	cgroup	Template:CGroup/Power Rangers@27638544	zh-hant
魔域幻境之浴血戰場	cgroup	Module:CGroup/Games@94658856	
魔域幽靈	cgroup	Module:CGroup/Games@94658856	
魔奇少年	cgroup	Module:CGroup/Anime@94680982	
魔女卡拉	char	小魔女DoReMi@94721174	
魔女多隆	char	小魔女DoReMi@94721174	
魔女宅急便	title	魔女宅急便@94425675	
魔女審判者	cgroup	Template:CGroup/GundamTWFM@82129397	
魔女嵐	char	小魔女DoReMi@94721174	
魔女布莉瑪	char	小魔女DoReMi@94721174	
魔女庫洛斯	char	小魔女DoReMi@94721174	
魔女拖拉	char	小魔女DoReMi@94721174	
魔女拖拖拉拉	char	小魔女DoReMi@94721174	
魔女松	char	小魔女DoReMi@94721174	
魔女梅	char	小魔女DoReMi@94721174	
魔女的考驗	cgroup	Module:CGroup/Anime@94680982	
魔女竹	char	小魔女DoReMi@94721174	
魔女米拉	char	小魔女DoReMi@94721174	
魔女莉娜	char	Smile 光之美少女！@93787006	CHECK
魔女莎莉班	char	小魔女DoReMi@94721174	
魔女見習生	cgroup	Template:CGroup/小魔女DoReMi@65858319	
魔女里德	char	小魔女DoReMi@94721174	
魔女露卡	char	小魔女DoReMi@94721174	
魔女香草	char	小魔女DoReMi@94721174	
魔女麗麗卡	char	小魔女DoReMi@94721174	CHECK
魔將	cgroup	Template:CGroup/Warcraft@92164655	zh-hant
魔將集會	cgroup	Template:CGroup/Warcraft@92164655	zh-hant
魔導少年	cgroup	Module:CGroup/Anime@94680982	
魔導碧晶獸	cgroup	Template:CGroup/Digimon@94687201	
魔尼尼	char	神奇寶貝劇場版：夢幻與波導的勇者 路卡利歐@93329037	
魔帝海德拉	char	爆丸5星域爭霸@90756067	
魔幻之球	cgroup	Module:CGroup/閃電十一人@68657168	
魔幻天狗	cgroup	Template:CGroup/爆丸@31893398	
魔幻空間模式	cgroup	Module:CGroup/Counter-Strike@85677571	zh-hant
魔幻終結斬擊	cgroup	Module:CGroup/開闊天空！光之美少女@83218661	
魔幻舞台	cgroup	Template:CGroup/小魔女DoReMi@65858319	
魔幻飛翼	cgroup	Template:CGroup/爆丸@31893398	
魔幻魅影踢	cgroup	Module:CGroup/閃電十一人@68657168	
魔彈獸	cgroup	Template:CGroup/Digimon@94687201	
魔形女	cgroup	Module:CGroup/美国漫画@94638375	
魔戰士潘德拉剛	cgroup	Module:CGroup/閃電十一人@68657168	
魔晶塔	cgroup	Module:CGroup/Counter-Strike@85677571	zh-hant
魔晶塔控制儀	cgroup	Module:CGroup/Counter-Strike@85677571	zh-hant
魔晶碎片	cgroup	Module:CGroup/Counter-Strike@85677571	zh-hant
魔比斯	cgroup	Module:CGroup/美国漫画@94638375	
魔法世界	cgroup	Template:CGroup/Sim@37867988	
魔法俏佳人	cgroup	Module:CGroup/Cartoon@93410586	
魔法儲藏室	cgroup	Template:CGroup/Warcraft@92164655	zh-hant
魔法哥	cgroup	Template:CGroup/Adventure Time@90284406	
魔法天使三人組	cgroup	Module:CGroup/Jewelpet@81833309	
魔法妖精女孩	cgroup	Template:CGroup/Pretty Rhythm@77221109	zh-hant
魔法對決	cgroup	Module:CGroup/My Little Pony@91388064	
魔法小天使	cgroup	Module:CGroup/Anime@94680982	
魔法少女奈葉	title	魔法少女奈葉@93555551	
魔法少女小圓	title	魔法少女小圓@94798540	
魔法少女莎賓娜	cgroup	Module:CGroup/Cartoon@93410586	CHECK
魔法少年賈修	cgroup	Module:CGroup/Anime@94680982	
魔法師世界	cgroup	Template:CGroup/小魔女DoReMi@65858319	
魔法帽的工作室	cgroup	Module:CGroup/Anime@94680982	
魔法律事務所	cgroup	Module:CGroup/Anime@94680982	
魔法拉拉	cgroup	Module:CGroup/Anime@94680982	
魔法拐杖	cgroup	Module:CGroup/Counter-Strike@85677571	zh-hant
魔法旋風	cgroup	Template:CGroup/Crazyracing Kartrider@60141039	
魔法果實	char	Smile 光之美少女！@93787006	
魔法森林	cgroup	Template:CGroup/MapleStory@57794822	
魔法氣泡	cgroup	Module:CGroup/Games@94658856	
魔法水果籃	cgroup	Module:CGroup/Anime@94680982	
魔法滿屋	cgroup	Module:CGroup/Disney@93925402	
魔法球	cgroup	Template:CGroup/小魔女DoReMi@65858319	
魔法禁書目錄	cgroup	Template:CGroup/Toaru@89726592	
魔法門英雄誌	cgroup	Template:CGroup/Might&Magic@42603917	
魔法陣都市	cgroup	Module:CGroup/Anime@94680982	
魔法風雲會	cgroup	Module:CGroup/Games@94658856	
魔法騎士雷阿斯	cgroup	Module:CGroup/Anime@94680982	
魔牆人偶	cgroup	Template:CGroup/Pokemon@85444397	
魔物獵人	cgroup	Module:CGroup/Games@94658856	
魔狼	cgroup	Module:CGroup/LOL@93322985	
魔狼獸	char	數碼寶貝覺醒節拍角色列表@94712797	
魔獸成群	cgroup	Module:CGroup/LOL@93322985	
魔獸爭霸	cgroup	Template:CGroup/Heroes of the Storm@49727842	
魔王模式	cgroup	Template:CGroup/Crazyracing Kartrider@60141039	
魔王的巨掌	cgroup	Module:CGroup/閃電十一人@68657168	
魔王鐮刀	cgroup	Template:CGroup/爆丸@31893398	
魔王骷髏鋼彈	cgroup	Template:CGroup/GBF@82201572	
魔甘娜	cgroup	Module:CGroup/LOL@93322985	CHECK
魔神五頭龍	char	爆丸5星域爭霸@90756067	
魔神亞古佩加沙斯	cgroup	Module:CGroup/閃電十一人@68657168	
魔神佩加沙斯	cgroup	Module:CGroup/閃電十一人@68657168	
魔神的右手	cgroup	Module:CGroup/閃電十一人@68657168	
魔神腦的攻擊	cgroup	Module:CGroup/美国漫画@94638375	
魔美	cgroup	Template:CGroup/Battle Spirits@29023902	
魔術士歐菲	cgroup	Module:CGroup/Anime@94680982	
魔術師天使	char	DokiDoki! 光之美少女@93549956	
魔術萬能攻略書	char	Fate/Apocrypha@90728159	
魔超人	cgroup	Module:CGroup/美国漫画@94638375	
魔隱師	cgroup	Module:CGroup/Counter-Strike@85677571	zh-hant
魔雲天	cgroup	Template:CGroup/妖怪手錶@75937932	
魔雷基	cgroup	Module:CGroup/美国漫画@94638375	
魔馬獸	cgroup	Template:CGroup/Digimon@94687201	
魔鬥凱薩	cgroup	Module:CGroup/LOL@93322985	
魔鬼上將	cgroup	Module:CGroup/Counter-Strike@85677571	zh-hant
魔鬼司令	cgroup	Template:CGroup/四驅兄弟@86987120	
魔鬼獸	char	数码宝贝幽灵游戏角色列表@94560916	
魔鬼筋肉人	cgroup	Module:CGroup/Simpsons@84869408	
魔龍寶冠	cgroup	Module:CGroup/Games@94658856	CHECK
魚住拓也	char	Free!@93607624	CHECK
魚谷真理	char	玉子市場@93415198	
魚谷隆	char	玉子市場@93415198	
魯伊善邦	cgroup	Module:CGroup/BLEACH@81833737	
魯佩	cgroup	Template:CGroup/GundamUC@94693163	
魯修拉	char	最後流亡@88447673	
魯克莉莉	char	少女與戰車角色列表@93320972	
魯內特	cgroup	Template:CGroup/潘朵拉之心@39382393	
魯凱先生	char	高立的未來世界@90116301	
魯卡	cgroup	Template:CGroup/GundamUC@94693163	
魯吉斯	cgroup	Module:CGroup/閃電十一人@68657168	
魯夫	cgroup	Module:CGroup/OnePiece@83858889	
魯奇安諾	char	萬里尋親記@94719791	
魯奇諾	char	萬里尋親記@94719791	
魯尼爾	cgroup	Module:CGroup/Frozen@82365390	
魯斯	cgroup	Template:CGroup/GundamAGE@51366593	
魯斯特	char	DokiDoki! 光之美少女@93549956	
魯斯里亞	cgroup	Template:CGroup/Reborn@29403199	
魯望	cgroup	Template:CGroup/GBF@82201572	
魯法斯	cgroup	Template:CGroup/潘朵拉之心@39382393	
魯肉	cgroup	Module:CGroup/Simpsons@84869408	
魯肉王	cgroup	Module:CGroup/Simpsons@84869408	
魯艾利	cgroup	Template:CGroup/Mabinogi@50754648	
魯莽怪	cgroup	Module:CGroup/開闊天空！光之美少女@83218661	
魯蛇雄黃酒	cgroup	Module:CGroup/Simpsons@84869408	
魯西魯	cgroup	Template:CGroup/HUNTER@80241645	CHECK
魯路修	cgroup	Template:CGroup/Code Geass@70270136	
魯高因	cgroup	Template:CGroup/Diablo@94495831	
魯魯	cgroup	Module:CGroup/BLEACH@81833737	
鮑曼	char	遊戲王VRAINS@92292355	
鮑比	cgroup	Module:CGroup/Pixar@93247177	
鮑西婭	char	羅密歐×茱麗葉@78678859	CHECK
鮪魚壽司怪獸	char	飛天小女警Z@94716201	
鮫島弓子	char	比宇宙更遠的地方@93910432	
鮭魚卵壽司怪獸	char	飛天小女警Z@94716201	
鮮血更衣	char	KILL la KILL@94827565	
鮮血皇后	cgroup	Module:CGroup/Counter-Strike@85677571	zh-hant
鮮血皇后改進零件	cgroup	Module:CGroup/Counter-Strike@85677571	zh-hant
鯉夏	char	鬼滅之刃角色列表@94583765	
鯊星	cgroup	Module:CGroup/OnePiece@83858889	
鯛良優一	char	妄想代理人@91610420	
鯨魚號港口	cgroup	Template:CGroup/MapleStory@57794822	
鯰貝高明	char	飛天小女警Z@94716201	
鰭片	cgroup	Template:CGroup/Gundam00@70972545	
鱗大人	char	来自风平浪静的明天@94727749	
鱵魚級	cgroup	Template:CGroup/GundamIBO@91631774	
鳥坂	char	BORUTO-火影新世代-NARUTO NEXT GENERATIONS-角色列表@94842050	
鳩谷席林	cgroup	Module:CGroup/蠟筆小新@93760288	
鳩谷蜜琪	cgroup	Module:CGroup/蠟筆小新@93760288	
鳩達	cgroup	Template:CGroup/GundamIBO@91631774	
鳳凰丸禮	char	KILL la KILL@94827565	
鳳凰展翅	cgroup	Module:CGroup/閃電十一人@68657168	
鳳凰戰機	cgroup	Template:CGroup/StarCraft2@39914602	
鳳凰毒牙	cgroup	Template:CGroup/四驅兄弟@86987120	
鳳凰飛翼鋼彈	cgroup	Template:CGroup/GBF@82201572	
鳳曉生	char	少女革命@93843108	
鳳香苗	char	少女革命@93843108	
鳳麗花	char	数码宝贝03驯兽师之王角色列表@94744434	CHECK
鳴之助	char	BLEACH角色列表@94571323	
鳴人	cgroup	Template:CGroup/NARUTO@86143617	
鳴坂葵	char	刀劍神域角色列表@94550774	
鳴坂行人	char	刀劍神域角色列表@94550774	
鴇羽巧海	char	舞-HiME角色列表@91610502	
鴇羽舞衣	char	舞-HiME角色列表@91610502	
鴣姑	cgroup	Template:CGroup/HUNTER@80241645	CHECK
鴨乃橋	char	少女與戰車角色列表@93320972	
鴻上了見	char	遊戲王VRAINS@92292355	CHECK
鴻上聖	char	遊戲王VRAINS@92292355	
鶴仙人	char	七龍珠 摩訶不思議大冒險@93733668	
鶴來民子	char	花開物語@94760130	
鶴見知利子	char	我們仍未知道那天所看見的花的名字。@94547300	CHECK
鷲尾七郎	char	名偵探柯南：迷宮的十字路@94462568	
鷲獅	cgroup	Module:CGroup/Danball Senki@81863967	
鷲美	char	衝吧烈子@91183058	
鷹之介	char	功夫貓黨@94855681	
鷹富士茄子	char	偶像大師 灰姑娘女孩角色列表@91786822	
鷹式衝撞	cgroup	Module:CGroup/閃電十一人@68657168	
鷹獅石失落的寶藏	cgroup	Module:CGroup/My Little Pony@91388064	
鷹角網絡	cgroup	Module:CGroup/Games-zh@90861641	zh-hant
鷺月子	char	妄想代理人@91610420	
鷺澤文香	char	偶像大師 灰姑娘女孩角色列表@91786822	
鷺澤陽子	char	舞-HiME角色列表@91610502	
鸚鵡波弟	cgroup	Module:CGroup/SpongeBob SquarePants@91129493	CHECK
鸚鵡王	char	蒼鷺與少年@94140876	
鹽之杭	cgroup	Template:CGroup/ED@94768974	zh-hant
鹽津元	char	K (動畫)@93234659	
鹽田博和	char	数码宝贝03驯兽师之王角色列表@94744434	
鹽見周子	char	偶像大師 灰姑娘女孩角色列表@91786822	CHECK
鹿久	cgroup	Template:CGroup/NARUTO@86143617	
鹿代	cgroup	Template:CGroup/NARUTO@86143617	
鹿沼螢子	char	數碼寶貝覺醒節拍角色列表@94712797	
鹿目圓	char	魔法少女小圓角色列表@94590242	
鹿矛圍桐斗	char	PSYCHO-PASS角色列表@93403235	
鹿角剛士	char	名侦探柯南：天空的遇难船@94562607	
鹿鴉	cgroup	Template:CGroup/Warcraft@92164655	zh-hant
麒麟丸	char	半妖的夜叉姬@87932716	
麒麟獸	cgroup	Module:CGroup/Wow@94351016	
麗佳娃娃	cgroup	Module:CGroup/Anime@94680982	CHECK
麗妮	cgroup	Template:CGroup/BUDDYCOMPLEX@77221119	CHECK
麗比雅	cgroup	Template:CGroup/FullmetalAlchemist@48481493	CHECK
麗珊卓	cgroup	Module:CGroup/LOL@93322985	CHECK
麗珠	cgroup	Module:CGroup/OnePiece@83858889	CHECK
麗繆耶兒	cgroup	Template:CGroup/The World God Only Knows@50754307	CHECK
麗繆耶兒閣下	cgroup	Template:CGroup/The World God Only Knows@50754307	CHECK
麗莎	cgroup	Template:CGroup/Mabinogi@50754648	CHECK
麗葉娜	char	B傳說！戰鬥彈珠人@94175384	CHECK
麗迪	char	天元突破 紅蓮螺巖@93776700	CHECK
麥丘留士	cgroup	Template:CGroup/GundamW@87064245	
麥丹勞	cgroup	Template:CGroup/打工吧！魔王大人@40273238	
麥克尼爾	char	清秀佳人 (動畫)@94720065	
麥克布萊德	char	長腿叔叔 (動畫)@94856329	
麥克布萊德夫人	char	長腿叔叔 (動畫)@94856329	
麥克松	char	小松先生@93448405	
麥克班恩先生	char	名偵探福爾摩斯@94071005	
麥克納爾	cgroup	Module:CGroup/Wow@94351016	
麥克飛彈	cgroup	Module:CGroup/Pixar@93247177	
麥克馬多	cgroup	Template:CGroup/GundamIBO@91631774	
麥卡拿錫	cgroup	Template:CGroup/HUNTER@80241645	
麥可艾朗賽	cgroup	Template:CGroup/C&C@83793789	
麥吉利斯	cgroup	Template:CGroup/GundamIBO@91631774	
麥坤	cgroup	Module:CGroup/Pixar@93247177	
麥大叔	cgroup	Module:CGroup/Pixar@93247177	
麥大角	cgroup	Module:CGroup/Disney@93925402	
麥托什	cgroup	Module:CGroup/My Little Pony@91388064	
麥拉斯	cgroup	Template:CGroup/GundamUC@94693163	
麥斯	cgroup	Template:CGroup/GundamIBO@91631774	
麥斯威爾	cgroup	Template:CGroup/GundamW@87064245	
麥斯瑪	cgroup	Module:CGroup/KingOfFighters@91481321	
麥格農歐瑟斯	cgroup	Module:CGroup/Danball Senki@81863967	
麥格農狙擊槍	cgroup	Module:CGroup/Counter-Strike@85677571	zh-hant
麥瑪西	cgroup	Module:CGroup/Counter-Strike@85677571	CHECK,zh-hant
麥瑪西射門	cgroup	Module:CGroup/Counter-Strike@85677571	CHECK,zh-hant
麥考米克	char	湯姆歷險記 (動畫)@94720074	
麥肯齊夫人	char	愛的小婦人物語@94856165	
麥茲亞	cgroup	Template:CGroup/GundamUC@94693163	CHECK
麥西莫夫	cgroup	Module:CGroup/美国漫画@94638375	CHECK
麵種與蛋姬	cgroup	Module:CGroup/Anime@94680982	
麻利亞	cgroup	Template:CGroup/Aikatsu@68312381	
麻生亞子	cgroup	Module:CGroup/Counter-Strike@85677571	zh-hant
麻白	cgroup	Module:CGroup/BlueArchive@93972468	zh-hant
麻糬螺旋漿	cgroup	Module:CGroup/閃電十一人@68657168	CHECK
麻酥酥海帶	cgroup	Module:CGroup/Jewelpet@81833309	
黃土樹妖	cgroup	Template:CGroup/爆丸@31893398	
黃昏公主	cgroup	Module:CGroup/Nintendo@94745610	
黃昏旅店	cgroup	Module:CGroup/Anime@94680982	
黃東秀	cgroup	Module:CGroup/Solo Leveling@86308871	
黃林艾雷娜	char	數碼暴龍App世代角色列表@94177588	CHECK
黃綠久遠	char	爆旋陀螺Burst@94644099	
黃色真珠音調	cgroup	Template:CGroup/Pichi Pichi Pitch@94608266	
黃金之鄉	cgroup	Module:CGroup/OnePiece@83858889	
黃金兵蜂	cgroup	Module:CGroup/Counter-Strike@85677571	zh-hant
黃金噬血榴炮	cgroup	Module:CGroup/Counter-Strike@85677571	zh-hant
黃金噴泉	char	航海王電影：GOLD@93412929	
黃金國猛獸	cgroup	Template:CGroup/GBF@82201572	
黃金國軍團	cgroup	Template:CGroup/GBF@82201572	
黃金城秘寶	cgroup	Module:CGroup/Games@94658856	CHECK
黃金夜鷹	cgroup	Module:CGroup/Counter-Strike@85677571	zh-hant
黃金審判之眼	cgroup	Module:CGroup/Counter-Strike@85677571	zh-hant
黃金巨龍	char	爆丸5星域爭霸@90756067	
黃金征服者	cgroup	Module:CGroup/Counter-Strike@85677571	zh-hant
黃金惡魔	cgroup	Module:CGroup/Counter-Strike@85677571	zh-hant
黃金文明	cgroup	Template:CGroup/Crazyracing Kartrider@60141039	
黃金文明之勇闖黃金城	cgroup	Template:CGroup/Crazyracing Kartrider@60141039	
黃金文明之危機四伏	cgroup	Template:CGroup/Crazyracing Kartrider@60141039	
黃金文明之大怒神	cgroup	Template:CGroup/Crazyracing Kartrider@60141039	
黃金文明之阿茲特克	cgroup	Template:CGroup/Crazyracing Kartrider@60141039	
黃金文明之黃金座標	cgroup	Template:CGroup/Crazyracing Kartrider@60141039	
黃金極道狂徒	cgroup	Module:CGroup/Counter-Strike@85677571	zh-hant
黃金橫掃千軍	cgroup	Module:CGroup/Counter-Strike@85677571	zh-hant
黃金殲滅者	cgroup	Module:CGroup/Counter-Strike@85677571	zh-hant
黃金疾風獵鷹	cgroup	Module:CGroup/Counter-Strike@85677571	zh-hant
黃金眼鏡蛇	cgroup	Module:CGroup/Counter-Strike@85677571	zh-hant
黃金神掌	cgroup	Module:CGroup/閃電十一人@68657168	
黃金神的鐵拳	cgroup	Template:CGroup/Crazyracing Kartrider@60141039	
黃金肥肥	cgroup	Template:CGroup/Crazyracing Kartrider@60141039	
黃金鋼鐵之心	cgroup	Module:CGroup/Counter-Strike@85677571	zh-hant
黃金閃靈獵手	cgroup	Module:CGroup/Counter-Strike@85677571	zh-hant
黃金闇影獵人	cgroup	Module:CGroup/Counter-Strike@85677571	zh-hant
黃金雙子銀狼	cgroup	Module:CGroup/Counter-Strike@85677571	zh-hant
黃金飛彈	cgroup	Template:CGroup/Crazyracing Kartrider@60141039	
黃金魯格	cgroup	Module:CGroup/Counter-Strike@85677571	zh-hant
黃金鳯凰	char	爆丸5星域爭霸@90756067	
黃金黑暗騎士	cgroup	Module:CGroup/Counter-Strike@85677571	zh-hant
黃金鼻涕獸	char	數碼寶貝覺醒節拍角色列表@94712797	
黃長瀨紬	char	KILL la KILL@94827565	
黏呼呼麻糬	cgroup	Module:CGroup/閃電十一人@68657168	
黏答答的姊姊	cgroup	Module:CGroup/My Little Pony@91388064	CHECK
黑井戶瀧次	char	KILL la KILL@94827565	
黑先生	char	能量獸之戰獸旋戰鬥@93872390	
黑兔子	char	回转企鹅罐@94635162	
黑刀	char	BLEACH角色列表@94571323	
黑加奧加獸	char	數碼寶貝覺醒節拍角色列表@94712797	
黑加魯哥獸	char	数码宝贝幽灵游戏角色列表@94560916	
黑古拉獸	char	数码宝贝幽灵游戏角色列表@94560916	
黑名券	cgroup	Module:CGroup/Counter-Strike@85677571	zh-hant
黑咲瑠璃	char	遊戲王ARC-V@93483654	
黑城凶死郎	char	決鬥大師@92994775	
黑埼千歲	char	偶像大師 灰姑娘女孩角色列表@91786822	
黑夜伯爵	char	爆旋陀螺Burst@94644099	
黑將軍	cgroup	Template:CGroup/KamenRider@94225985	
黑川三奈	char	名偵探柯南：引爆摩天樓@94461938	
黑川千秋	char	偶像大師 灰姑娘女孩角色列表@91786822	
黑川大介	char	名偵探柯南：引爆摩天樓@94461938	
黑川大造	char	名偵探柯南：引爆摩天樓@94461938	
黑帝斯	cgroup	Module:CGroup/Games@94658856	
黑帝斯獸	char	數碼暴龍App世代角色列表@94177588	
黑悟空	cgroup	Template:CGroup/DragonBall@92325756	
黑斯拉	cgroup	Template:CGroup/四驅兄弟@86987120	
黑暗光速砲	cgroup	Template:CGroup/爆丸@31893398	
黑暗公爵	cgroup	Template:CGroup/爆丸@31893398	
黑暗天使	char	Heartcatch 光之美少女！@94574540	
黑暗天使隊	cgroup	Module:CGroup/閃電十一人@68657168	
黑暗強力音波	char	Heartcatch 光之美少女！@94574540	
黑暗戰鬥暴龍獸	char	数码宝贝大冒险02角色列表@94744398	
黑暗教長	cgroup	Template:CGroup/Heroes of the Storm@49727842	
黑暗游騎兵	cgroup	Template:CGroup/Warcraft@92164655	zh-hant
黑暗火鳳凰	cgroup	Module:CGroup/閃電十一人@68657168	
黑暗物質	cgroup	Template:CGroup/GBF@82201572	
黑暗物質型能天使鋼彈	cgroup	Template:CGroup/GBF@82201572	
黑暗神廟	cgroup	Module:CGroup/Wow@94351016	
黑暗聖殿	cgroup	Template:CGroup/StarCraft2@39914602	
黑暗蜥蜴獸	char	数码宝贝幽灵游戏角色列表@94560916	
黑暗訓育師	cgroup	Template:CGroup/Digimon@94687201	
黑暗鎧龍獸	char	数码宝贝大冒险：角色列表@94538377	
黑暗靈魂	cgroup	Module:CGroup/Games@94658856	
黑暗領主	cgroup	Template:CGroup/Mabinogi@50754648	
黑暗領域	cgroup	Module:CGroup/SAO@89298185	
黑暗騎士	cgroup	Module:CGroup/Counter-Strike@85677571	zh-hant
黑暗騎士歸來	cgroup	Module:CGroup/美国漫画@94638375	
黑暗點心	cgroup	Template:CGroup/KamenRider@94225985	
黑曜石像	cgroup	Template:CGroup/Warcraft@92164655	zh-hant
黑曜聖所	cgroup	Module:CGroup/Wow@94351016	
黑書	cgroup	Module:CGroup/Square Enix@93012351	
黑木洋美	char	高校艦隊@93341996	
黑桃海賊團	cgroup	Module:CGroup/OnePiece@83858889	
黑歐克	char	音速小子X@94737938	
黑比	cgroup	Module:CGroup/KingOfFighters@91481321	
黑洞吞噬	cgroup	Module:CGroup/閃電十一人@68657168	
黑洞星人	char	宇宙巡警露露子@90128048	
黑潮總司	char	數碼寶貝覺醒節拍角色列表@94712797	
黑潮駕馭	cgroup	Module:CGroup/閃電十一人@68657168	
黑煙龍	char	七龍珠GT@94711068	
黑熾天使獸	char	数码宝贝大冒险：角色列表@94538377	
黑獅獸	char	數碼寶貝04無限地帶角色列表@94744460	
黑玄內	char	数码宝贝大冒险tri.角色列表@94265439	
黑玫瑰	cgroup	Module:CGroup/LOL@93322985	
黑田久乃	char	女神异闻录4角色列表@94633370	
黑田留美子	char	Heartcatch 光之美少女！@94574540	
黑田茂	char	奇巧計程車@89552760	
黑畫面	cgroup	Module:CGroup/Games@94658856	
黑白雙煞	cgroup	Module:CGroup/Counter-Strike@85677571	zh-hant
黑石族大混戰	cgroup	Template:CGroup/Warcraft@92164655	zh-hant
黑石洞穴	cgroup	Module:CGroup/Wow@94351016	
黑神大男	char	爆旋陀螺Burst@94644099	
黑神鍋傳奇	cgroup	Module:CGroup/Disney@93925402	
黑羽千影	char	名偵探柯南角色列表@94461808	
黑羽快斗	char	名偵探柯南角色列表@94461808	
黑羽盜一	char	名偵探柯南角色列表@94461808	
黑羽美砂	char	Charlotte (動畫)@94727945	
黑翼陷窟	cgroup	Module:CGroup/Wow@94351016	
黑船傳奇	cgroup	Module:CGroup/美国漫画@94638375	
黑色光線	char	数码宝贝03驯兽师之王角色列表@94744434	
黑色戰神	cgroup	Template:CGroup/四驅兄弟@86987120	
黑色旋風	cgroup	Module:CGroup/Counter-Strike@85677571	zh-hant
黑色翅膀	cgroup	Template:CGroup/MapleStory@57794822	
黑色西裝人	cgroup	Module:CGroup/BlueArchive@93972468	zh-hant
黑色閃電	cgroup	Module:CGroup/閃電十一人@68657168	
黑色鞭痕	cgroup	Module:CGroup/SAO@89298185	
黑色高地	cgroup	Module:CGroup/Half-Life@94355597	
黑色高地實驗室	cgroup	Module:CGroup/Half-Life@94355597	
黑色高地東站	cgroup	Module:CGroup/Half-Life@94355597	
黑花契約者	char	DARKER THAN BLACK@93233512	
黑蝠鱝	cgroup	Module:CGroup/美国漫画@94638375	
黑街打手	cgroup	Module:CGroup/LOL@93322985	
黑街聖徒	cgroup	Module:CGroup/Games@94658856	
黑豹傳奇	cgroup	Module:CGroup/Anime@94680982	
黑達克	cgroup	Template:CGroup/魔法咪路咪路@26972197	
黑銀傑洛	char	戰鬥陀螺 鋼鐵奇兵角色列表@94643342	
黑鐵團	char	戰鬥陀螺 鋼鐵奇兵角色列表@94643342	
黑關	cgroup	Module:CGroup/Cyberpunk@85139581	
黑陽日	cgroup	Template:CGroup/降世神通@43998034	
黑霧	cgroup	Module:CGroup/Counter-Strike@85677571	zh-hant
黑騎士暴風神小隊機	cgroup	Template:CGroup/GundamSeed@92969101	
黑騎士破壞神小隊機	cgroup	Template:CGroup/GundamSeed@92969101	
黑魅魔	cgroup	Template:CGroup/Mabinogi@50754648	
黑魔	cgroup	Template:CGroup/Transformers@87179168	
黑魔道	cgroup	Template:CGroup/Diablo@94495831	
黑鷹獸	cgroup	Template:CGroup/Digimon@94687201	
黑鷹計劃	cgroup	Module:CGroup/Games@94658856	
黛兒	cgroup	Template:CGroup/Mabinogi@50754648	
黛娜	cgroup	Template:CGroup/進擊的巨人@76977335	CHECK
黛安	cgroup	Module:CGroup/Pixar@93247177	
黛波	char	航海王電影：GOLD@93412929	
黛波拉	cgroup	Module:CGroup/ResidentEvil@94612703	
黛爾芬	cgroup	Module:CGroup/PeppaPig@87025478	zh-hant
黛絲	cgroup	Module:CGroup/美国漫画@94638375	
黛維萊德	char	Go Princess 光之美少女@94065409	
黛茜	cgroup	Module:CGroup/My Little Pony@91388064	
黛蓮	cgroup	Template:CGroup/Mabinogi@50754648	
黛西公主	cgroup	Module:CGroup/Nintendo@94745610	CHECK
點心娜娜王國	cgroup	Module:CGroup/Doraemon@88509940	CHECK
黯刃騎士團	cgroup	Module:CGroup/Wow@94351016	
黯影之心	cgroup	Module:CGroup/Games@94658856	
黯影謎咒	cgroup	Module:CGroup/Games@94658856	
黯淡騎士	cgroup	Template:CGroup/妖怪手錶@75937932	
鼠膽妙算	cgroup	Module:CGroup/Disney@93925402	
鼠輩小城	cgroup	Module:CGroup/Disney@93925402	
鼠輩怪盜	cgroup	Module:CGroup/Anime@94680982	
鼴鼠鑽地術	cgroup	Module:CGroup/閃電十一人@68657168	
鼻屎獸	char	数码宝贝大冒险角色列表@94744369	
齊勒斯	cgroup	Module:CGroup/LOL@93322985	CHECK
齊天悟空獸	char	數碼寶貝覺醒節拍角色列表@94712797	
齊恰龍	cgroup	Module:CGroup/Pixar@93247177	
齊格	char	Fate/Apocrypha@90728159	
齊格弗里德	char	崔普一家物語@86705471	
齊爾	char	森林王子 少年毛克利@94715809	
齊爾蒙格	cgroup	Module:CGroup/美国漫画@94638375	
齊禮安	cgroup	Module:CGroup/美国漫画@94638375	
齊莫	cgroup	Module:CGroup/美国漫画@94638375	
齊藤洋子	char	偶像大師 灰姑娘女孩角色列表@91786822	
齊魯德	cgroup	Template:CGroup/DragonBall@92325756	
齒輪系列	cgroup	Module:CGroup/Counter-Strike@85677571	zh-hant
齒輪驅動	cgroup	Module:CGroup/閃電十一人@68657168	
龍人	char	犬夜叉角色列表@94790447	
龍仔獸	char	数码宝贝大冒险：角色列表@94538377	CHECK
龍圓	char	名偵探柯南：迷宮的十字路@94462568	
龍型龍捲風	cgroup	Module:CGroup/閃電十一人@68657168	
龍城明日香	char	魔法少女小圓角色列表@94590242	
龍太洛斯	cgroup	Template:CGroup/KamenRider@94225985	
龍奇	char	BORUTO-火影新世代-NARUTO NEXT GENERATIONS-角色列表@94842050	
龍宮姬子	char	哆啦A梦角色列表@94533440	
龍宮院聖哉	char	異世界四重奏@93605298	
龍寶	cgroup	Template:CGroup/妖怪手錶@75937932	CHECK
龍崎努	char	名偵探柯南：漆黑的追跡者@94634868	
龍崎怜	char	Free!@93607624	
龍崎薰	char	偶像大師 灰姑娘女孩角色列表@91786822	
龍成網路	cgroup	Module:CGroup/Games-zh@90861641	zh-hant
龍捲風柔柔	cgroup	Module:CGroup/My Little Pony@91388064	
龍斗	char	戰鬥陀螺 鋼鐵奇兵角色列表@94643342	
龍族傳說	cgroup	Module:CGroup/Anime@94680982	
龍族拼圖	cgroup	Module:CGroup/Games@94658856	
龍族教義	cgroup	Module:CGroup/Games@94658856	
龍爪鋼彈	cgroup	Template:CGroup/GBF@82201572	
龍爺	char	ONE PIECE角色列表@94658502	
龍牙	char	戰鬥陀螺 鋼鐵奇兵角色列表@94643342	
龍牙刃	cgroup	Module:CGroup/Counter-Strike@85677571	zh-hant
龍的尋求	cgroup	Module:CGroup/My Little Pony@91388064	
龍眠協調者	cgroup	Module:CGroup/Wow@94351016	
龍舌蘭之狼	cgroup	Module:CGroup/OnePiece@83858889	
龍蛇獸	char	数码宝贝幽灵游戏角色列表@94560916	
龍蝦獸	char	数码宝贝大冒险02角色列表@94744398	
龍阿茶	char	名偵探柯南：偵探們的鎮魂歌@94562297	
龍骨之斧	cgroup	Module:CGroup/SAO@89298185	
龍骨斧	cgroup	Module:CGroup/SAO@89298185	
龍鬥球聯盟	cgroup	Module:CGroup/Anime@94680982	
龍魂	cgroup	Module:CGroup/美国漫画@94638375	
龍魔導士	cgroup	Template:CGroup/MapleStory@57794822	
龍龍與忠狗	cgroup	Module:CGroup/Anime@94680982	
龐克哈薩特	cgroup	Module:CGroup/OnePiece@83858889	
龐克蜘蛛人	cgroup	Module:CGroup/美国漫画@94638375	
龐大古埃	char	異世界四重奏@93605298	
龐姆	cgroup	Template:CGroup/HUNTER@80241645	
龐德上校	char	湯姆歷險記 (動畫)@94720074	
龐格	cgroup	Template:CGroup/Gundam00@70972545	
龔特王	char	Fate/Apocrypha@90728159	
龜井六郎	char	名偵探柯南：迷宮的十字路@94462568	
龜井新之助	char	富豪刑事 Balance:UNLIMITED@93288613	
龜井正志	char	妄想代理人@91610420	
龜亞姆	char	天元突破 紅蓮螺巖@93776700	
龜派氣功	cgroup	Template:CGroup/DragonBall@92325756	
龜頭惡靈	char	吊带袜天使@94456883	
龜龜	cgroup	Module:CGroup/Pixar@93247177	
