ㄎㄜˋ-ㄌㄧㄣˊ	克林	-7.17149945	acg
ㄅㄨˋ-ㄇㄚˇ	布瑪	-7.17149945	acg
ㄊㄜˋ-ㄋㄢˊ-ㄎㄜˋ-ㄙ	特南克斯	-6.60980192	acg
ㄧㄚˇ-ㄍㄨˇ-ㄕㄡˋ	亞古獸	-7.04116568	acg
ㄅㄟˋ-ㄐㄧˊ-ㄊㄚˇ	貝吉塔	-7.04116568	acg
ㄅㄚ-ㄉㄚˊ-ㄕㄡˋ	巴達獸	-7.04116568	acg
ㄅㄚ-ㄕㄣˊ-ㄊㄞˋ-ㄧ	八神太一	-6.60980192	acg
ㄔㄥˊ-ㄏㄨˋ-ㄓㄤˋ	城戶丈	-7.04116568	acg
ㄊㄞˋ-ㄉㄠ-ㄔㄨㄢ-ㄇㄟˇ-ㄇㄟˇ	太刀川美美	-6.17843815	acg
ㄠˋ-ㄇㄧˇ-ㄐㄧㄚ-ㄕㄡˋ	奧米加獸	-6.60980192	acg
ㄇㄚˇ-ㄐㄧ	瑪姬	-7.17149945	acg
ㄕˊ-ㄊㄧㄢˊ-ㄉㄚˋ-ㄏㄜˊ	石田大和	-6.60980192	acg
ㄌㄟˇ-ㄅㄟˋ-ㄎㄚˇ	蕾貝卡	-7.04116568	acg
ㄉㄧˊ-ㄌㄨˋ-ㄕㄡˋ	迪路獸	-7.04116568	acg
ㄧ-ㄔㄨㄟ-ㄇㄛˊ-ㄧㄝˊ	伊吹摩耶	-6.60980192	acg
ㄍㄨㄤ-ㄕㄨˋ-ㄐㄩㄣ-ㄉㄠ	光束軍刀	-6.60980192	acg
ㄎㄜˋ-ㄌㄧˋ-ㄙ	克莉絲	-7.04116568	acg
ㄅㄚ-ㄕㄣˊ-ㄍㄨㄤ	八神光	-7.04116568	acg
ㄉㄨㄥ-ㄩㄝˋ-ㄍㄥ-ㄗㄠˋ	冬月耕造	-6.60980192	acg
ㄋㄧˊ-ㄋㄧˊ	妮妮	-7.17149945	acg
ㄨㄣˊ-ㄙㄣ	文森	-7.17149945	acg
ㄖˋ-ㄒㄧㄤˋ-ㄔㄥˊ	日向誠	-7.04116568	acg
ㄨˇ-ㄓ-ㄋㄟˋ-ㄎㄨㄥ	武之內空	-6.60980192	acg
ㄑㄩㄢˊ-ㄍㄨㄤ-ㄗˇ-ㄌㄤˊ	泉光子郎	-6.60980192	acg
ㄓㄨˇ-ㄒㄩㄣ	渚薰	-7.17149945	acg
ㄓㄣ-ㄋㄚˋ	珍娜	-7.17149945	acg
ㄉㄧㄥˋ-ㄩㄢˊ-ㄊㄤˊ	碇源堂	-7.04116568	acg
ㄉㄧㄥˋ-ㄓㄣ-ㄙˋ	碇真嗣	-7.04116568	acg
ㄌㄧㄥˊ-ㄆㄛ-ㄌㄧㄥˊ	綾波零	-7.04116568	acg
ㄌㄨㄛˊ-ㄉㄜˊ	羅德	-7.17149945	acg
ㄍㄜˇ-ㄔㄥˊ-ㄇㄟˇ-ㄌㄧˇ	葛城美里	-6.60980192	acg
ㄇㄧˋ-ㄒㄩㄝˇ-ㄦˊ	蜜雪兒	-7.04116568	acg
ㄔˋ-ㄇㄨˋ-ㄌㄩˋ-ㄗˇ	赤木律子	-6.60980192	acg
ㄑㄧㄥ-ㄧㄝˋ-ㄇㄠˋ	青葉茂	-7.04116568	acg
ㄍㄠ-ㄕˊ-ㄩㄝˋ	高石岳	-7.04116568	acg
ㄧ-ㄔㄥˊ-ㄙˋ-ㄒㄧㄢˊ	一乘寺賢	-6.60980192	acg
ㄧˋ-ㄔㄥˊ-ㄙˋ-ㄒㄧㄢˊ	一乘寺賢	-7.10980192	acg
ㄧ-ㄐㄧㄠˇ-ㄕㄡˋ	一角獸	-7.04116568	acg
ㄧˋ-ㄐㄧㄠˇ-ㄕㄡˋ	一角獸	-7.54116568	acg
ㄐㄧㄥˇ-ㄕㄤˋ-ㄐㄧㄥ	井上京	-7.04116568	acg
ㄑㄧˋ-ㄜˊ-ㄕㄡˋ	企鵝獸	-7.04116568	acg
ㄎㄞˇ-ㄊㄜˋ	凱特	-7.17149945	acg
ㄐㄧㄚ-ㄓ-ㄕㄡˋ	加支獸	-7.04116568	acg
ㄐㄧㄚ-ㄌㄨˇ-ㄌㄨˇ-ㄕㄡˋ	加魯魯獸	-6.60980192	acg
ㄋㄢˊ-ㄍㄨㄚ-ㄕㄡˋ	南瓜獸	-7.04116568	acg
ㄒㄧㄤˋ-ㄖˋ-ㄎㄨㄟˊ-ㄕㄡˋ	向日葵獸	-6.60980192	acg
ㄑㄧㄠˊ-ㄧ	喬伊	-7.17149945	acg
ㄊㄧㄢ-ㄕˇ-ㄕㄡˋ	天使獸	-7.04116568	acg
ㄊㄧㄢ-ㄋㄩˇ-ㄕㄡˋ	天女獸	-7.04116568	acg
ㄋㄧˊ-ㄋㄚˋ	妮娜	-7.17149945	acg
ㄒㄧˊ-ㄉㄜˊ	席德	-7.17149945	acg
ㄓㄢˋ-ㄉㄡˋ-ㄅㄠˋ-ㄌㄨㄥˊ-ㄕㄡˋ	戰鬥暴龍獸	-6.17843815	acg
ㄌㄚ-ㄅㄨˋ-ㄌㄚ-ㄕㄡˋ	拉布拉獸	-6.60980192	acg
ㄅㄣˇ-ㄍㄨㄥ-ㄉㄚˋ-ㄈㄨˇ	本宮大輔	-6.60980192	acg
ㄓㄚˊ-ㄎㄜˋ	札克	-7.17149945	acg
ㄊㄠˊ-ㄌㄜˋ-ㄙ	桃樂絲	-7.04116568	acg
ㄐㄧ-ㄒㄧㄝˋ-ㄅㄠˋ-ㄌㄨㄥˊ-ㄕㄡˋ	機械暴龍獸	-6.17843815	acg
ㄨ-ㄍㄨㄟ-ㄕㄡˋ	烏龜獸	-7.04116568	acg
ㄌㄤˊ-ㄖㄣˊ-ㄐㄧㄚ-ㄌㄨˇ-ㄌㄨˇ-ㄕㄡˋ	狼人加魯魯獸	-5.74707439	acg
ㄕ-ㄗ˙-ㄕㄡˋ	獅子獸	-7.04116568	acg
ㄒㄩㄢˊ-ㄋㄟˋ	玄內	-7.17149945	acg
ㄆㄧㄠˊ-ㄔㄨㄥˊ-ㄕㄡˋ	瓢蟲獸	-7.04116568	acg
ㄒㄧㄤˋ-ㄊㄧㄢˊ-ㄐㄧㄢˋ-ㄐㄧㄝˋ	相田劍介	-6.60980192	acg
ㄗㄨˇ-ㄉㄨㄣˋ-ㄕㄡˋ	祖頓獸	-7.04116568	acg
ㄑㄧㄡ-ㄕㄢ-ㄌㄧㄠˊ	秋山遼	-7.04116568	acg
ㄇㄟˇ-ㄇㄟˇ	美美	-7.17149945	acg
ㄇㄛˊ-ㄍㄨ-ㄕㄡˋ	蘑菇獸	-7.04116568	acg
ㄒㄧㄣ-ㄆㄨˇ-ㄙㄣ-ㄐㄧㄚ-ㄊㄧㄥˊ	辛普森家庭	-6.17843815	acg
ㄐㄧㄣ-ㄍㄤ-ㄓㄢˋ-ㄕㄣˊ	金剛戰神	-6.60980192	acg
ㄐㄧㄣ-ㄕㄨˇ-ㄅㄠˋ-ㄌㄨㄥˊ-ㄕㄡˋ	金屬暴龍獸	-6.17843815	acg
ㄓㄣ-ㄘˋ-ㄕㄡˋ	針刺獸	-7.04116568	acg
ㄌㄧㄥˊ-ㄩㄢˊ-ㄉㄨㄥ-ㄦˋ	鈴原冬二	-6.60980192	acg
ㄒㄩㄝˇ-ㄖㄣˊ-ㄕㄡˋ	雪人獸	-7.04116568	acg
ㄉㄧㄢˋ-ㄌㄧˋ-ㄕㄡˋ	電力獸	-7.04116568	acg
ㄨㄢˊ-ㄕˊ-ㄕㄡˋ	頑石獸	-7.04116568	acg
ㄧㄥ-ㄨˇ-ㄕㄡˋ	鸚鵡獸	-7.04116568	acg
ㄔˇ-ㄌㄨㄣˊ-ㄕㄡˋ	齒輪獸	-7.04116568	acg
ㄉㄧㄥ-ㄒㄧㄤ-ㄕㄡˋ	丁香獸	-7.04116568	acg
ㄙㄢ-ㄐㄧㄠˇ-ㄌㄨㄥˊ-ㄕㄡˋ	三角龍獸	-6.60980192	acg
ㄑㄧㄡ-ㄐㄧㄚ-ㄌㄧˋ	丘加利	-7.04116568	acg
ㄖㄣˊ-ㄕㄥ-ㄐㄧㄝ-ㄉㄠˋ	人生街道	-6.60980192	acg
ㄑㄧㄝˊ-ㄌㄡˊ-ㄉㄚˊ-ㄕㄡˋ	伽樓達獸	-6.60980192	acg
ㄕˇ-ㄇㄛˊ-ㄕㄡˋ	使魔獸	-7.04116568	acg
ㄘㄤ-ㄑㄧㄠˊ	倉橋	-7.17149945	acg
ㄎㄞˇ-ㄌㄧˋ-ㄍㄣ	凱莉根	-7.04116568	acg
ㄎㄞˇ-ㄒㄧ	凱西	-7.17149945	acg
ㄐㄧㄚ-ㄔˊ-ㄌㄧㄤˊ-ㄓˋ	加持良治	-6.60980192	acg
ㄅㄢˋ-ㄩˊ-ㄕㄡˋ	半魚獸	-7.04116568	acg
ㄓㄢ-ㄅㄨˇ-ㄆㄛˊ-ㄆㄛ˙	占卜婆婆	-6.60980192	acg
ㄎㄚˇ-ㄌㄧˋ-ㄋㄚˋ	卡莉娜	-7.04116568	acg
ㄎㄚˇ-ㄌㄧㄢˊ	卡蓮	-7.17149945	acg
ㄍㄨˇ-ㄋㄧˊ-ㄕㄡˋ	古尼獸	-7.04116568	acg
ㄍㄨˇ-ㄦˇ	古爾	-7.17149945	acg
ㄐㄧˊ-ㄎㄜˋ	吉克	-7.17149945	acg
ㄐㄧˊ-ㄌㄨˇ	吉魯	-7.17149945	acg
ㄒㄧ-ㄒㄧㄝˇ-ㄇㄛˊ-ㄕㄡˋ	吸血魔獸	-6.60980192	acg
ㄏㄚ-ㄋㄧˊ	哈妮	-7.17149945	acg
ㄏㄚ-ㄉㄜˊ-ㄌㄧˋ	哈德利	-7.04116568	acg
ㄍㄜ-ㄅㄨˋ-ㄌㄧㄣˊ-ㄕㄡˋ	哥布林獸	-6.60980192	acg
ㄍㄜ-ㄉㄨㄣˋ	哥頓	-7.17149945	acg
ㄉㄢ-ㄐㄧㄠˇ-ㄌㄨㄥˊ-ㄕㄡˋ	單角龍獸	-6.60980192	acg
ㄕˋ-ㄏㄨㄣˊ-ㄓㄜˇ	噬魂者	-7.04116568	acg
ㄇㄛˋ-ㄩˊ-ㄕㄡˋ	墨魚獸	-7.04116568	acg
ㄉㄨㄛˋ-ㄊㄧㄢ-ㄉㄧˋ-ㄩˋ-ㄕㄡˋ	墮天地獄獸	-6.17843815	acg
ㄉㄨㄛ-ㄉㄨㄛ-ㄌㄧˋ	多多利	-7.04116568	acg
ㄉㄚˋ-ㄦˇ-ㄕㄡˋ	大耳獸	-7.04116568	acg
ㄒㄧㄠˇ-ㄔㄡˇ-ㄕㄡˋ	小丑獸	-7.04116568	acg
ㄒㄧㄠˇ-ㄧㄠ-ㄕㄡˋ	小妖獸	-7.04116568	acg
ㄒㄧㄠˇ-ㄒㄩㄥˊ-ㄕㄡˋ	小熊獸	-7.04116568	acg
ㄒㄧㄠˇ-ㄏㄡˊ-ㄕㄡˋ	小猴獸	-7.04116568	acg
ㄒㄧㄠˇ-ㄊㄧㄢˊ-ㄑㄧㄝ-ㄇㄧㄣˇ-ㄌㄤˊ	小田切敏郎	-6.17843815	acg
ㄋㄧˊ-ㄦˇ	尼爾	-7.17149945	acg
ㄐㄩˋ-ㄖㄣˊ-ㄕㄡˋ	巨人獸	-7.04116568	acg
ㄨ-ㄕ-ㄕㄡˋ	巫師獸	-7.04116568	acg
ㄅㄨˋ-ㄐㄧㄚ-ㄕㄡˋ	布加獸	-7.04116568	acg
ㄒㄧ-ㄊㄜˋ-ㄌㄨㄥˊ	希特隆	-7.04116568	acg
ㄆㄚˋ-ㄎㄜˋ	帕克	-7.17149945	acg
ㄆㄚˋ-ㄍㄨˇ-ㄕㄡˋ	帕古獸	-7.04116568	acg
ㄉㄧˋ-ㄏㄨㄤˊ-ㄌㄨㄥˊ-ㄐㄧㄚˇ-ㄕㄡˋ	帝皇龍甲獸	-6.17843815	acg
ㄗㄨㄛˋ-ㄊㄧㄢ-ㄕˇ-ㄕㄡˋ	座天使獸	-6.60980192	acg
ㄍㄨㄤˇ-ㄇㄟˇ	廣美	-7.17149945	acg
ㄈㄨˊ-ㄌㄧˋ-ㄗ	弗利茲	-7.04116568	acg
ㄉㄜˊ-ㄌㄟˊ	德雷	-7.17149945	acg
ㄎㄨㄞˋ-ㄙㄨˋ-ㄌㄨㄥˊ	快速龍	-7.04116568	acg
ㄍㄨㄞˋ-ㄨㄚ-ㄕㄡˋ	怪蛙獸	-7.04116568	acg
ㄜˋ-ㄇㄣˊ-ㄗㄨㄛˇ-ㄨㄟˋ-ㄕㄡˋ	惡門左衛獸	-6.17843815	acg
ㄜˋ-ㄇㄛˊ-ㄌㄧㄝˋ-ㄖㄣˊ	惡魔獵人	-6.60980192	acg
ㄜˋ-ㄇㄛˊ-ㄕㄡˋ	惡魔獸	-7.04116568	acg
ㄍㄜ-ㄍㄜˊ-ㄇㄚˇ-ㄕㄡˋ	戈格馬獸	-6.60980192	acg
ㄌㄚ-ㄦˇ	拉爾	-7.17149945	acg
ㄕㄨˋ-ㄇㄚˇ-ㄅㄠˇ-ㄅㄟˋ-ㄉㄚˋ-ㄏㄨㄟˋ-ㄓㄢˋ	數碼寶貝大匯戰	-5.74707439	acg
ㄕㄨˋ-ㄇㄚˇ-ㄅㄠˇ-ㄅㄟˋ-ㄓㄥˇ-ㄐㄧㄡˋ-ㄉㄨㄟˋ	數碼寶貝拯救隊	-5.74707439	acg
ㄅㄢ-ㄏㄞˇ-ㄅㄠˋ-ㄕㄡˋ	斑海豹獸	-6.60980192	acg
ㄕˊ-ㄍㄨㄤ-ㄒㄩㄣˊ-ㄌㄨㄛˊ-ㄉㄨㄟˋ	時光巡邏隊	-6.17843815	acg
ㄅㄠˋ-ㄌㄨㄛˊ-ㄔㄚˋ-ㄕㄡˋ	暴羅剎獸	-6.60980192	acg
ㄗㄨㄟˋ-ㄓㄨㄥ-ㄑㄧㄢ-ㄋㄧㄢˊ-ㄕㄡˋ	最終千年獸	-6.17843815	acg
ㄩㄝˋ-ㄍㄨㄤ-ㄕㄡˋ	月光獸	-7.04116568	acg
ㄇㄨˋ-ㄋㄞˇ-ㄧ-ㄕㄡˋ	木乃伊獸	-6.60980192	acg
ㄧㄡˋ-ㄌㄧˊ-ㄐㄧㄚ	柚麗嘉	-7.04116568	acg
ㄔㄚˊ-ㄆㄨˇ-ㄕㄡˋ	查普獸	-7.04116568	acg
ㄊㄠˊ-ㄌㄧˋ	桃莉	-7.17149945	acg
ㄇㄟˊ-ㄌㄧˋ	梅莉	-7.17149945	acg
ㄇㄟˊ-ㄈㄟ-ㄙ-ㄕㄡˋ	梅菲斯獸	-6.60980192	acg
ㄗㄨㄥ-ㄌㄩˊ-ㄕㄡˋ	棕櫚獸	-7.04116568	acg
ㄕㄨˋ-ㄌㄧㄥˊ-ㄕㄡˋ	樹靈獸	-7.04116568	acg
ㄨˇ-ㄕˋ-ㄕㄡˋ	武士獸	-7.04116568	acg
ㄙˇ-ㄨㄤˊ-ㄅㄧˇ-ㄐㄧˋ-ㄅㄣˇ	死亡筆記本	-6.17843815	acg
ㄙˇ-ㄉㄡˋ-ㄇㄛˊ-ㄕˋ	死鬥模式	-6.60980192	acg
ㄉㄨˊ-ㄍㄨˇ-ㄋㄧˊ-ㄕㄡˋ	毒古尼獸	-6.60980192	acg
ㄨㄤ-ㄇㄧㄠ-ㄕㄡˋ	汪喵獸	-7.04116568	acg
ㄕㄚ-ㄒㄧ-ㄧˋ-ㄕㄡˋ	沙蜥蜴獸	-6.60980192	acg
ㄏㄜˊ-ㄊㄨㄥˊ-ㄕㄡˋ	河童獸	-7.04116568	acg
ㄆㄛ-ㄌㄚ	波拉	-7.17149945	acg
ㄆㄛ-ㄍㄠ-ㄕㄡˋ	波高獸	-7.04116568	acg
ㄊㄞˋ-ㄎㄜ-ㄙ	泰科斯	-7.04116568	acg
ㄊㄞˋ-ㄌㄢˊ-ㄉㄚˊ	泰蘭妲	-7.04116568	acg
ㄌㄨㄛˋ-ㄑㄧˊ-ㄧㄚˇ	洛奇亞	-7.04116568	acg
ㄉㄨㄥˋ-ㄇㄨˋ-ㄍㄨㄤ	洞木光	-7.04116568	acg
ㄏㄞˇ-ㄜˋ-ㄇㄛˊ-ㄕㄡˋ	海惡魔獸	-6.60980192	acg
ㄆㄢ-ㄑㄧˊ	潘琪	-7.17149945	acg
ㄐㄧ-ㄌㄧㄡˊ-ㄕㄡˋ	激流獸	-7.04116568	acg
ㄏㄨㄛˇ-ㄊㄧㄢˊ-ㄧ-ㄓ	火田伊織	-6.60980192	acg
ㄨ-ㄆㄚˋ-ㄕㄡˋ	烏帕獸	-7.04116568	acg
ㄨ-ㄙㄜˋ	烏瑟	-7.17149945	acg
ㄖㄜˋ-ㄉㄞˋ-ㄕㄡˋ	熱帶獸	-7.04116568	acg
ㄔˋ-ㄊㄧㄢ-ㄕˇ-ㄕㄡˋ	熾天使獸	-6.60980192	acg
ㄌㄢˋ-ㄋㄧˊ-ㄕㄡˋ	爛泥獸	-7.04116568	acg
ㄐㄧ-ㄐㄧㄠˇ-ㄕㄡˋ	犄角獸	-7.04116568	acg
ㄌㄧㄠˊ-ㄧㄚˊ-ㄕㄡˋ	獠牙獸	-7.04116568	acg
ㄉㄨˊ-ㄐㄧㄠˇ-ㄒㄧㄢ-ㄕㄡˋ	獨角仙獸	-6.60980192	acg
ㄇㄚˇ-ㄈㄚˇ-ㄌㄧˇ-ㄣ	瑪法里恩	-6.60980192	acg
ㄏㄨㄤˊ-ㄐㄧㄚ-ㄑㄧˊ-ㄕˋ-ㄊㄨㄢˊ	皇家騎士團	-6.17843815	acg
ㄓㄡˋ-ㄓㄜˊ-ㄕㄡˋ	皺褶獸	-7.04116568	acg
ㄕㄣˊ-ㄕㄥˋ-ㄊㄧㄢ-ㄕˇ-ㄕㄡˋ	神聖天使獸	-6.17843815	acg
ㄎㄜ-ㄒㄩㄝˊ-ㄔㄠ-ㄉㄧㄢˋ-ㄘˊ-ㄆㄠˋ	科學超電磁砲	-5.74707439	acg
ㄐㄧㄡˋ-ㄐㄧˊ-ㄇㄛˊ-ㄕㄡˋ	究極魔獸	-6.60980192	acg
ㄏㄨㄥˊ-ㄌㄧㄢˊ-ㄑㄧˊ-ㄕˋ-ㄕㄡˋ	紅蓮騎士獸	-6.17843815	acg
ㄐㄩㄝˊ-ㄉㄨㄟˋ-ㄨˇ-ㄌㄧˋ	絕對武力	-6.60980192	acg
ㄌㄠˇ-ㄧㄝˊ-ㄍㄨㄞˋ-ㄨㄚ-ㄕㄡˋ	老爺怪蛙獸	-6.17843815	acg
ㄎㄣˇ-ㄋㄧˊ	肯尼	-7.17149945	acg
ㄨㄢˋ-ㄌㄨㄥˊ-ㄕㄡˋ	腕龍獸	-7.04116568	acg
ㄞˋ-ㄦˇ	艾爾	-7.17149945	acg
ㄞˋ-ㄖㄨㄟˋ-ㄎㄜˋ	艾瑞克	-7.04116568	acg
ㄞˋ-ㄌㄧㄢˊ-ㄋㄚˋ	艾蓮娜	-7.04116568	acg
ㄧㄥ-ㄍㄜˊ-ㄌㄧˊ-ㄊㄜˋ	英格麗特	-6.60980192	acg
ㄌㄧˋ-ㄐㄧㄚ	莉佳	-7.17149945	acg
ㄍㄜˇ-ㄌㄟˊ-ㄇㄞˋ-ㄣ	葛雷邁恩	-6.60980192	acg
ㄍㄞˋ-ㄎㄨˋ-ㄐㄧㄚ-ㄊㄧㄥˊ	蓋酷家庭	-6.60980192	acg
ㄌㄟˇ-ㄉㄧˋ	蕾蒂	-7.17149945	acg
ㄑㄧㄤˊ-ㄨㄟˊ-ㄕㄡˋ	薔薇獸	-7.04116568	acg
ㄌㄢˊ-ㄑㄧˊ	蘭琪	-7.17149945	acg
ㄎㄜ-ㄉㄡˇ-ㄕㄡˋ	蝌蚪獸	-7.04116568	acg
ㄐㄧˋ-ㄔㄥˊ-ㄔㄜ-ㄙ-ㄐㄧ	計程車司機	-6.17843815	acg
ㄉㄡˋ-ㄉㄡˋ-ㄕㄡˋ	豆豆獸	-7.04116568	acg
ㄅㄟˋ-ㄌㄨˇ	貝魯	-7.17149945	acg
ㄈㄟˋ-ㄌㄨㄣˊ	費倫	-7.17149945	acg
ㄉㄧˊ-ㄧㄚˇ-ㄅㄨˋ-ㄌㄨㄛˊ	迪亞布羅	-6.60980192	acg
ㄉㄚˊ-ㄗ	達茲	-7.17149945	acg
ㄋㄚˋ-ㄌㄨˇ	那魯	-7.17149945	acg
ㄐㄧㄣ-ㄍㄤ-ㄕㄡˋ	金剛獸	-7.04116568	acg
ㄑㄧㄠ-ㄒㄧㄥˊ-ㄔㄨㄥˊ-ㄕㄡˋ	鍬形蟲獸	-6.60980192	acg
ㄇㄣˊ-ㄗㄨㄛˇ-ㄨㄟˋ-ㄕㄡˋ	門左衛獸	-6.60980192	acg
ㄕㄢˇ-ㄉㄧㄢˋ-ㄆㄧ-ㄌㄧˋ-ㄔㄜ	閃電霹靂車	-6.17843815	acg
ㄚ-ㄦˇ-ㄈㄚˇ-ㄕㄡˋ	阿爾法獸	-6.60980192	acg
ㄚ-ㄦˇ-ㄍㄜ-ㄕㄡˋ	阿耳戈獸	-6.60980192	acg
ㄚ-ㄙㄚˋ-ㄙ	阿薩斯	-7.04116568	acg
ㄒㄩㄝˇ-ㄑㄧㄡˊ-ㄕㄡˋ	雪球獸	-7.04116568	acg
ㄌㄟˊ-ㄡ	雷歐	-7.17149945	acg
ㄈㄟ-ㄔㄨ-ㄍㄜˋ-ㄨㄟˋ-ㄌㄞˊ	飛出個未來	-6.17843815	acg
ㄇㄚˇ-ㄍㄜˊ-ㄙ	馬格斯	-7.04116568	acg
ㄐㄩㄣˋ-ㄧㄥ-ㄕㄡˋ	駿鷹獸	-7.04116568	acg
ㄌㄨˇ-ㄅㄤ-ㄙㄢ-ㄕˋ	魯邦三世	-6.60980192	acg
ㄅㄠˋ-ㄅㄛˊ	鮑伯	-7.17149945	acg
ㄇㄚˊ-ㄧㄥ-ㄕㄡˋ	麻鷹獸	-7.04116568	acg
ㄏㄨㄤˊ-ㄈㄥ-ㄕㄡˋ	黃蜂獸	-7.04116568	acg
ㄏㄟ-ㄑㄧㄡˊ-ㄕㄡˋ	黑球獸	-7.04116568	acg
ㄅㄧˊ-ㄊㄧˋ-ㄕㄡˋ	鼻涕獸	-7.04116568	acg
ㄕㄤˋ-ㄩㄢˊ-ㄋㄢˊ	上原南	-7.04116568	acg
ㄅㄨˋ-ㄌㄧˇ-ㄅㄨˋ-ㄌㄧˇ-ㄨㄤˊ-ㄍㄨㄛˊ-ㄉㄜ˙-ㄇㄧˋ-ㄅㄠˇ	不理不理王國的秘寶	-5.74707439	acg
ㄑㄧㄡ-ㄅㄟˋ-ㄌㄟˊ	丘貝雷	-7.04116568	acg
ㄔㄥˊ-ㄌㄤˋ-ㄓ-ㄩㄝ	乘浪之約	-6.60980192	acg
ㄧㄝˇ-ㄧㄝˇ-ㄕㄡˋ	也也獸	-7.04116568	acg
ㄨˇ-ㄘㄞˇ-ㄕㄡˋ	五彩獸	-7.04116568	acg
ㄧㄚˇ-ㄒㄧㄡ	亞修	-7.17149945	acg
ㄧㄚˇ-ㄊㄢˇ-ㄋㄧˊ-ㄙ	亞坦尼斯	-6.60980192	acg
ㄧㄚˇ-ㄑㄧˊ-ㄌㄨㄛˋ-ㄅㄟˋ	亞奇洛貝	-6.60980192	acg
ㄧㄚˇ-ㄋㄧˊ	亞妮	-7.17149945	acg
ㄧㄚˇ-ㄌㄚ-ㄖㄨㄟˋ-ㄎㄜˋ	亞拉瑞克	-6.60980192	acg
ㄧㄚˇ-ㄌㄧˋ-ㄕㄢ-ㄓㄨㄛˊ-ㄙ	亞歷山卓斯	-6.17843815	acg
ㄧㄚˇ-ㄌㄨㄛˊ-ㄉㄜˊ	亞羅德	-7.04116568	acg
ㄧㄚˇ-ㄌㄧˋ-ㄕㄚ	亞莉莎	-7.04116568	acg
ㄧㄚˇ-ㄇㄥˊ	亞蒙	-7.17149945	acg
ㄐㄧㄣ-ㄐㄧㄥˇ-ㄊㄚˋ-ㄏㄞˇ	今井拓海	-6.60980192	acg
ㄓㄨㄥˋ-ㄘㄨㄣ-ㄅㄞˇ-ㄏㄜˊ	仲村百合	-6.60980192	acg
ㄧ-ㄍㄤ	伊崗	-7.17149945	acg
ㄧ-ㄓㄚ-ㄎㄜˋ	伊扎克	-7.04116568	acg
ㄧ-ㄗ-ㄒㄧㄚˋ	伊茲夏	-7.04116568	acg
ㄧ-ㄌㄟˇ-ㄕㄚ	伊蕾莎	-7.04116568	acg
ㄧ-ㄙㄚˋ-ㄎㄜˋ	伊薩克	-7.04116568	acg
ㄧ-ㄏㄜˋ-ㄕㄡˋ	伊賀獸	-7.04116568	acg
ㄧ-ㄌㄨˋ-ㄣ	伊露恩	-7.04116568	acg
ㄈㄛˊ-ㄍㄜˊ-ㄙㄣ	佛格森	-7.04116568	acg
ㄈㄛˊ-ㄌㄨㄛˋ-ㄌㄚ-ㄕㄡˋ	佛洛拉獸	-6.60980192	acg
ㄆㄟˋ-ㄆㄟˋ	佩佩	-7.17149945	acg
ㄆㄟˋ-ㄉㄜˊ-ㄌㄨㄛˊ	佩德羅	-7.04116568	acg
ㄌㄞˊ-ㄗˋ-ㄏㄨㄥˊ-ㄏㄨㄚ-ㄅㄢˇ	來自紅花坂	-6.17843815	acg
ㄌㄞˊ-ㄗˋ-ㄅㄧㄣ-ㄈㄣ-ㄕˋ-ㄐㄧㄝˋ-ㄉㄜ˙-ㄇㄧㄥˊ-ㄖˋ	來自繽紛世界的明日	-5.74707439	acg
ㄌㄞˊ-ㄗˋ-ㄈㄥ-ㄆㄧㄥˊ-ㄌㄤˋ-ㄐㄧㄥˋ-ㄉㄜ˙-ㄇㄧㄥˊ-ㄖˋ	來自風平浪靜的明日	-5.74707439	acg
ㄅㄠˇ-ㄓㄥˋ-ㄌㄧㄤˊ	保政良	-7.04116568	acg
ㄐㄧㄝˋ-ㄨˋ-ㄕㄠˋ-ㄋㄩˇ-ㄞˋ-ㄌㄧˋ-ㄊㄧˊ	借物少女艾莉緹	-5.74707439	acg
ㄐㄧㄝˊ-ㄎㄜˋ-ㄙ	傑克斯	-7.04116568	acg
ㄐㄧㄝˊ-ㄙ	傑斯	-7.17149945	acg
ㄐㄧㄝˊ-ㄙ-ㄕㄡˋ	傑斯獸	-7.04116568	acg
ㄐㄧㄝˊ-ㄦˇ	傑爾	-7.17149945	acg
ㄐㄧㄝˊ-ㄊㄜˋ	傑特	-7.17149945	acg
ㄍㄨㄤ-ㄇㄧㄥˊ-ㄕㄡˋ	光明獸	-7.04116568	acg
ㄍㄨㄤ-ㄕㄨˋ-ㄐㄧㄚ-ㄋㄨㄥˊ	光束加農	-6.60980192	acg
ㄍㄨㄤ-ㄆㄨˇ-ㄗ-ㄒㄩㄣˋ	光譜資訊	-6.60980192	acg
ㄎㄜˋ-ㄆㄨˇ-ㄌㄨˇ-ㄒㄧㄥ-ㄑㄩ	克普魯星區	-6.17843815	acg
ㄎㄜˋ-ㄨㄟˊ-ㄌㄚ	克維拉	-7.04116568	acg
ㄎㄜˋ-ㄌㄧˋ-ㄙ-ㄊㄧㄥ-ㄋㄚˋ	克莉絲汀娜	-6.17843815	acg
ㄎㄜˋ-ㄌㄟˊ-ㄉㄨㄛ	克雷多	-7.04116568	acg
ㄦˊ-ㄕˊ-ㄉㄜ˙-ㄉㄧㄢˇ-ㄉㄧㄢˇ-ㄉㄧ-ㄉㄧ	兒時的點點滴滴	-5.74707439	acg
ㄖㄨˋ-ㄑㄧㄣ-ㄕㄡˋ	入侵獸	-7.04116568	acg
ㄋㄟˋ-ㄗ	內茲	-7.17149945	acg
ㄅㄚ-ㄓˇ-ㄨ-ㄕㄡˋ	八咫烏獸	-6.60980192	acg
ㄅㄚ-ㄕㄣˊ-ㄐㄧˊ-ㄈㄥ	八神疾風	-6.60980192	acg
ㄅㄧㄥ-ㄌㄧㄤˊ-ㄕㄡˋ	冰涼獸	-7.04116568	acg
ㄈㄢˊ-ㄌㄟˇ-ㄕㄚ	凡蕾莎	-7.04116568	acg
ㄎㄞˇ-ㄧㄣ-ㄗ	凱因茲	-7.04116568	acg
ㄎㄞˇ-ㄌㄨㄛˋ-ㄩˇ-ㄊㄚˇ-ㄙ-ㄉㄞˋ	凱洛與塔斯黛	-5.74707439	acg
ㄎㄞˇ-ㄌㄧㄣˊ	凱琳	-7.17149945	acg
ㄎㄞˇ-ㄌㄟˊ-ㄙ-ㄊㄚˇ-ㄗ	凱雷斯塔茲	-6.17843815	acg
ㄉㄠ-ㄈㄥ-ㄋㄩˇ-ㄏㄨㄤˊ	刀鋒女皇	-6.60980192	acg
ㄌㄧㄝˋ-ㄔㄜ-ㄕㄡˋ	列車獸	-7.04116568	acg
ㄎㄜ-ㄦˇ-ㄅㄛˊ-ㄌㄨㄛˋ-ㄕㄡˋ	刻耳柏洛獸	-6.17843815	acg
ㄗㄜˊ-ㄐㄩㄢˇ-ㄑㄧㄢ-ㄅㄧㄥ-ㄨㄟˋ	則卷千兵衛	-6.17843815	acg
ㄗㄜˊ-ㄐㄩㄢˇ-ㄚ-ㄌㄚ-ㄌㄟˇ	則卷阿拉蕾	-6.17843815	acg
ㄈㄨˋ-ㄐㄧㄝˊ-ㄌㄨㄥˊ-ㄕㄡˋ	副櫛龍獸	-6.60980192	acg
ㄐㄧㄢˋ-ㄕㄢˋ-ㄘˋ-ㄌㄤˊ	劍善次郎	-6.60980192	acg
ㄐㄧㄚ-ㄋㄨㄥˊ	加儂	-7.17149945	acg
ㄐㄧㄚ-ㄊㄥˊ-ㄕㄨˋ-ㄌㄧˋ	加藤樹莉	-6.60980192	acg
ㄌㄠˊ-ㄅㄛˊ	勞勃	-7.17149945	acg
ㄅㄠ-ㄌㄧˋ	包利	-7.17149945	acg
ㄑㄧㄢ-ㄋㄧㄢˊ-ㄕㄡˋ	千年獸	-7.04116568	acg
ㄎㄚˇ-ㄧㄚˇ	卡亞	-7.17149945	acg
ㄎㄚˇ-ㄇㄧㄣˇ-ㄎㄜ-ㄙ	卡敏柯斯	-6.60980192	acg
ㄎㄚˇ-ㄆㄨˇ	卡普	-7.17149945	acg
ㄎㄚˇ-ㄆㄨˇ-ㄌㄧˋ-ㄕㄡˋ	卡普利獸	-6.60980192	acg
ㄎㄚˇ-ㄓㄚˊ-ㄎㄜˋ	卡札克	-7.04116568	acg
ㄎㄚˇ-ㄌㄧㄣˊ-ㄉㄨㄛ	卡林多	-7.04116568	acg
ㄎㄚˇ-ㄅㄧˇ	卡比	-7.17149945	acg
ㄎㄚˇ-ㄌㄨㄛˋ	卡洛	-7.17149945	acg
ㄎㄚˇ-ㄦˇ-ㄌㄨㄛˋ-ㄙ	卡爾洛斯	-6.60980192	acg
ㄎㄚˇ-ㄌㄨㄛˊ	卡羅	-7.17149945	acg
ㄎㄚˇ-ㄔㄣˊ-ㄙ-ㄐㄧ	卡臣斯基	-6.60980192	acg
ㄎㄚˇ-ㄙㄚˋ-ㄙ	卡薩斯	-7.04116568	acg
ㄎㄚˇ-ㄇㄧˋ-ㄌㄚ	卡蜜拉	-7.04116568	acg
ㄎㄚˇ-ㄉㄧˊ-ㄦˇ	卡迪爾	-7.04116568	acg
ㄎㄚˇ-ㄉㄚˊ-ㄌㄧˋ-ㄙ	卡達力斯	-6.60980192	acg
ㄈㄢˇ-ㄆㄢˋ-ㄉㄜ˙-ㄌㄨˇ-ㄌㄨˋ-ㄒㄧㄡ	反叛的魯路修	-5.74707439	acg
ㄍㄨˇ-ㄐㄧㄚ-ㄕㄡˋ	古加獸	-7.04116568	acg
ㄍㄨˇ-ㄌㄚ-ㄉㄧˊ-ㄙ	古拉迪斯	-6.60980192	acg
ㄍㄨˇ-ㄑㄩㄢˊ-ㄧ-ㄕㄨˋ	古泉一樹	-6.60980192	acg
ㄍㄨˇ-ㄑㄩㄢˊ-ㄧˊ-ㄕㄨˋ	古泉一樹	-7.10980192	acg
ㄎㄜˇ-ㄞˋ-ㄕㄡˋ	可愛獸	-7.04116568	acg
ㄎㄜˇ-ㄇㄥˊ-ㄑㄩㄢˇ-ㄕㄡˋ	可蒙犬獸	-6.60980192	acg
ㄕˇ-ㄌㄚ-ㄍㄜˊ	史拉格	-7.04116568	acg
ㄕˇ-ㄊㄧˊ-ㄈㄨ	史提夫	-7.04116568	acg
ㄕˇ-ㄉㄨㄥ	史東	-7.17149945	acg
ㄕˇ-ㄨㄤ	史汪	-7.17149945	acg
ㄕˇ-ㄅㄧㄣ-ㄙㄞˋ-ㄈㄨ-ㄖㄣˊ	史賓賽夫人	-6.17843815	acg
ㄕˇ-ㄉㄧˊ-ㄑㄧˊ	史迪奇	-7.04116568	acg
ㄕˇ-ㄉㄞˋ-ㄌㄚ	史黛菈	-7.04116568	acg
ㄐㄧˊ-ㄋㄧˊ	吉尼	-7.17149945	acg
ㄐㄧˊ-ㄅㄧˇ-ㄊㄜˋ	吉比特	-7.04116568	acg
ㄐㄧˊ-ㄆㄤˋ-ㄇㄧㄠ	吉胖喵	-7.04116568	acg
ㄇㄧㄥˊ-ㄑㄩˇ-ㄗㄠˇ-ㄧㄝˊ-ㄒㄧㄤ	名取早耶香	-6.17843815	acg
ㄏㄡˋ-ㄔㄨㄥˊ	后蟲	-7.17149945	acg
ㄓ-ㄓ-ㄕㄡˋ	吱吱獸	-7.04116568	acg
ㄇㄧ-ㄇㄧ-ㄌㄧㄡˊ-ㄌㄤˋ-ㄐㄧˋ	咪咪流浪記	-6.17843815	acg
ㄇㄧ-ㄇㄨˇ	咪姆	-7.17149945	acg
ㄏㄚ-ㄋㄨˊ-ㄕㄡˋ	哈奴獸	-7.04116568	acg
ㄏㄚ-ㄌㄨㄛˋ-ㄉㄜˊ	哈洛德	-7.04116568	acg
ㄍㄜ-ㄦˇ	哥爾	-7.17149945	acg
ㄍㄜ-ㄇㄚˇ-ㄕㄡˋ	哥瑪獸	-7.04116568	acg
ㄎㄚ-ㄦˇ-ㄎㄜ-ㄉㄜ˙-ㄇㄛˊ-ㄋㄩˇ	喀耳刻的魔女	-5.74707439	acg
ㄙㄤ-ㄕ-ㄙㄚ-ㄉㄢˋ-ㄕㄡˋ	喪屍撒旦獸	-6.17843815	acg
ㄙㄤ-ㄕ-ㄅㄠˋ-ㄌㄨㄥˊ-ㄕㄡˋ	喪屍暴龍獸	-6.17843815	acg
ㄑㄧㄠˊ-ㄙㄜˋ-ㄩˇ-ㄏㄨ-ㄩˇ-ㄩˊ-ㄑㄩㄣˊ-ㄉㄨㄥˋ-ㄏㄨㄚˋ-ㄅㄢˇ	喬瑟與虎與魚群動畫版	-5.74707439	acg
ㄇㄧㄠ-ㄇㄧㄠ-ㄕㄡˋ	喵喵獸	-7.04116568	acg
ㄏㄟ-ㄏㄟ-ㄕㄡˋ	嘿嘿獸	-7.04116568	acg
ㄆㄣ-ㄕㄜˋ-ㄈㄥ-ㄌㄧㄥˊ-ㄕㄡˋ	噴射風靈獸	-6.17843815	acg
ㄙˋ-ㄉㄠˋ-ㄎㄨㄚˋ	四道跨	-7.04116568	acg
ㄍㄨㄛˊ-ㄇㄨˋ-ㄊㄧㄢˊ	國木田	-7.04116568	acg
ㄉㄧˋ-ㄏㄞˇ-ㄓㄢˋ-ㄐㄧˋ	地海戰記	-6.60980192	acg
ㄉㄧˋ-ㄑㄧㄡˊ-ㄌㄧㄢˊ-ㄅㄤ	地球聯邦	-6.60980192	acg
ㄉㄧˋ-ㄌㄨㄥˊ-ㄕㄡˋ	地龍獸	-7.04116568	acg
ㄊㄢˇ-ㄎㄜˋ-ㄕㄡˋ	坦克獸	-7.04116568	acg
ㄌㄜˋ-ㄙㄜˋ-ㄊㄨㄥˇ-ㄕㄡˋ	垃圾桶獸	-6.60980192	acg
ㄞ-ㄙㄚˋ	埃薩	-7.17149945	acg
ㄐㄧ-ㄙ	基斯	-7.17149945	acg
ㄊㄚˇ-ㄎㄜˋ-ㄙ	塔克斯	-7.04116568	acg
ㄊㄚˇ-ㄌㄚ-ㄍㄜˊ	塔拉格	-7.04116568	acg
ㄊㄚˇ-ㄉㄚˊ-ㄌㄧˋ-ㄇㄨˇ	塔達力姆	-6.60980192	acg
ㄙㄞ-ㄦˇ-ㄑㄧˊ	塞爾奇	-7.04116568	acg
ㄙㄞ-ㄆㄧˊ-ㄎㄜˋ-ㄕㄡˋ	塞皮克獸	-6.60980192	acg
ㄌㄟˇ-ㄧㄚˊ	壘牙	-7.17149945	acg
ㄒㄧㄚˋ-ㄇㄨˇ	夏姆	-7.17149945	acg
ㄒㄧㄚˋ-ㄊㄜˋ	夏特	-7.17149945	acg
ㄒㄧㄚˋ-ㄎㄜ	夏珂	-7.17149945	acg
ㄉㄨㄛ-ㄇㄧㄥˊ-ㄋㄧˊ-ㄎㄜˋ	多明尼克	-6.60980192	acg
ㄉㄨㄛ-ㄌㄟˊ-ㄍㄨˇ	多雷古	-7.04116568	acg
ㄧㄝˋ-ㄐㄧㄥ-ㄌㄧㄥˊ	夜精靈	-7.04116568	acg
ㄇㄥˋ-ㄇㄛˋ-ㄕㄡˋ	夢貘獸	-7.04116568	acg
ㄉㄚˋ-ㄑㄧˋ-ㄜˊ-ㄕㄡˋ	大企鵝獸	-6.60980192	acg
ㄉㄚˋ-ㄅㄧㄢˋ-ㄕㄡˋ	大便獸	-7.04116568	acg
ㄉㄚˋ-ㄒㄧㄥˊ-ㄉㄧㄢˋ-ㄨㄢˊ	大型電玩	-6.60980192	acg
ㄉㄚˋ-ㄩˇ-ㄗ-ㄒㄩㄣˋ	大宇資訊	-6.60980192	acg
ㄉㄚˋ-ㄕㄜˊ-ㄕㄡˋ	大蛇獸	-7.04116568	acg
ㄉㄚˋ-ㄑㄧㄠ-ㄒㄧㄥˊ-ㄔㄨㄥˊ-ㄕㄡˋ	大鍬形蟲獸	-6.17843815	acg
ㄉㄚˋ-ㄒㄩㄥˊ-ㄉㄜ˙-ㄒㄧㄣ-ㄎㄨㄥˇ-ㄌㄨㄥˊ	大雄的新恐龍	-5.74707439	acg
ㄉㄚˋ-ㄒㄩㄥˊ-ㄉㄜ˙-ㄩㄝˋ-ㄑㄧㄡˊ-ㄊㄢˋ-ㄘㄜˋ-ㄐㄧˋ	大雄的月球探測記	-5.74707439	acg
ㄉㄚˋ-ㄒㄩㄥˊ-ㄉㄜ˙-ㄐㄧㄣ-ㄧㄣˊ-ㄉㄠˇ	大雄的金銀島	-5.74707439	acg
ㄊㄧㄢ-ㄕˇ-ㄉㄜ˙-ㄇㄞˋ-ㄉㄨㄥˋ	天使的脈動	-6.17843815	acg
ㄊㄧㄢ-ㄎㄨㄥ-ㄉㄜ˙-ㄐㄧㄝˊ-ㄋㄢˋ-ㄔㄨㄢˊ	天空的劫難船	-5.74707439	acg
ㄊㄧㄢ-ㄜˊ-ㄕㄡˋ	天鵝獸	-7.04116568	acg
ㄕ-ㄌㄨㄛˋ-ㄉㄜ˙-ㄉㄧˋ-ㄍㄨㄛˊ	失落的帝國	-6.17843815	acg
ㄐㄧㄚˋ-ㄓㄨˊ-ㄊㄠˊ-ㄕㄡˋ	夾竹桃獸	-6.60980192	acg
ㄑㄧˊ-ㄎㄜˇ	奇可	-7.17149945	acg
ㄑㄧˊ-ㄙ	奇斯	-7.17149945	acg
ㄑㄧˊ-ㄇㄟˇ-ㄌㄚ-ㄕㄡˋ	奇美拉獸	-6.60980192	acg
ㄑㄧˊ-ㄏㄚˊ-ㄕㄡˋ	奇蝦獸	-7.04116568	acg
ㄠˋ-ㄍㄜˊ-ㄌㄧㄣˊ	奧格林	-7.04116568	acg
ㄠˋ-ㄗ	奧茲	-7.17149945	acg
ㄉㄨㄛˊ-ㄅㄠˇ-ㄑㄧˊ-ㄇㄡˊ	奪寶奇謀	-6.60980192	acg
ㄋㄩˇ-ㄜˋ-ㄇㄛˊ-ㄕㄡˋ	女惡魔獸	-6.60980192	acg
ㄧㄠ-ㄏㄨˊ-ㄕㄡˋ	妖狐獸	-7.04116568	acg
ㄋㄧˊ-ㄧㄚˇ	妮亞	-7.17149945	acg
ㄨㄟ-ㄙ-ㄉㄨㄣˋ-ㄍㄨㄥ-ㄐㄩㄝˊ	威斯頓公爵	-6.17843815	acg
ㄨㄟ-ㄌㄨㄛˋ	威洛	-7.17149945	acg
ㄋㄚˋ-ㄊㄚˇ-ㄌㄧˋ-ㄧㄚˇ	娜塔莉亞	-6.60980192	acg
ㄋㄚˋ-ㄊㄚˇ-ㄕㄚ	娜塔莎	-7.04116568	acg
ㄋㄚˋ-ㄇㄧˇ	娜米	-7.17149945	acg
ㄗ-ㄗ-ㄕㄡˋ	孜孜獸	-7.04116568	acg
ㄈㄨ-ㄏㄨㄚˋ-ㄔˊ	孵化池	-7.04116568	acg
ㄩˇ-ㄓˋ-ㄆㄛ-ㄒㄧㄣˋ	宇智波信	-6.60980192	acg
ㄕㄡˇ-ㄨㄟˋ-ㄐㄧ-ㄑㄧˋ-ㄖㄣˊ-ㄕㄡˋ	守衛機器人獸	-5.74707439	acg
ㄕㄡˇ-ㄨㄟˋ-ㄕㄡˋ	守衛獸	-7.04116568	acg
ㄢ-ㄉㄧˇ-ㄌㄨㄛˊ-ㄕㄡˋ	安底羅獸	-6.60980192	acg
ㄢ-ㄉㄨˋ-ㄧㄣ	安杜因	-7.04116568	acg
ㄢ-ㄉㄨˋ-ㄌㄨˋ-ㄕㄡˋ	安杜路獸	-6.60980192	acg
ㄢ-ㄐㄧㄝˊ-ㄌㄚ	安潔拉	-7.04116568	acg
ㄢ-ㄑㄧˊ-ㄌㄚ	安琪拉	-7.04116568	acg
ㄢ-ㄋㄚˋ-ㄎㄜˋ-ㄌㄨㄛˊ-ㄙ	安納克羅斯	-6.17843815	acg
ㄢ-ㄋㄚˋ-ㄙ-ㄊㄧˊ-ㄢ	安納斯提安	-6.17843815	acg
ㄢ-ㄒㄧˊ	安錫	-7.17149945	acg
ㄢ-ㄒㄧˊ-ㄍㄨㄛˊ-ㄐㄧˋ-ㄉㄨㄥˋ-ㄏㄨㄚˋ-ㄧㄥˇ-ㄓㄢˇ	安錫國際動畫影展	-5.74707439	acg
ㄍㄨㄥ-ㄕㄨㄟˇ-ㄙㄢ-ㄧㄝˋ	宮水三葉	-6.60980192	acg
ㄍㄨㄥ-ㄕㄨㄟˇ-ㄙˋ-ㄧㄝˋ	宮水四葉	-6.60980192	acg
ㄇㄧˋ-ㄎㄚˇ-ㄉㄥ	密卡登	-7.04116568	acg
ㄎㄡˋ-ㄦˇ-ㄊㄧˊ-ㄌㄚ	寇爾提拉	-6.60980192	acg
ㄏㄢˊ-ㄅㄧㄥ-ㄅㄚˋ-ㄑㄩㄢˊ	寒冰霸權	-6.60980192	acg
ㄉㄨㄟˋ-ㄇㄛˊ-ㄌㄧˋ	對魔力	-7.04116568	acg
ㄒㄧㄠˇ-ㄘㄤ-ㄐㄧㄢˋ-ㄘˋ	小倉健次	-6.60980192	acg
ㄒㄧㄠˇ-ㄐㄧㄝˊ	小傑	-7.17149945	acg
ㄒㄧㄠˇ-ㄒㄧㄠˇ-ㄕㄡˋ	小小獸	-7.04116568	acg
ㄒㄧㄠˇ-ㄜˋ-ㄇㄛˊ-ㄕㄡˋ	小惡魔獸	-6.60980192	acg
ㄒㄧㄠˇ-ㄧㄥ	小櫻	-7.17149945	acg
ㄒㄧㄠˇ-ㄉㄨˊ-ㄐㄧㄠˇ-ㄒㄧㄢ-ㄕㄡˋ	小獨角仙獸	-6.17843815	acg
ㄒㄧㄠˇ-ㄕˊ-ㄘˋ-ㄌㄤˊ	小石次郎	-6.60980192	acg
ㄒㄧㄠˇ-ㄕˊ-ㄕ	小石獅	-7.04116568	acg
ㄒㄧㄠˇ-ㄨˇ	小舞	-7.17149945	acg
ㄒㄧㄠˇ-ㄈㄤ	小芳	-7.17149945	acg
ㄒㄧㄠˇ-ㄧㄥ-ㄉㄜ˙-ㄍㄨˋ-ㄕˋ	小英的故事	-6.17843815	acg
ㄒㄧㄠˇ-ㄌㄧˋ	小莉	-7.17149945	acg
ㄒㄧㄠˇ-ㄒㄧㄤˋ-ㄅㄠˇ-ㄅㄠˇ	小象寶寶	-6.60980192	acg
ㄒㄧㄠˇ-ㄑㄧㄠ-ㄒㄧㄥˊ-ㄔㄨㄥˊ-ㄕㄡˋ	小鍬形蟲獸	-6.17843815	acg
ㄒㄧㄠˇ-ㄈㄟ	小飛	-7.17149945	acg
ㄒㄧㄠˇ-ㄌㄨㄥˊ-ㄕㄡˋ	小龍獸	-7.04116568	acg
ㄕㄠˋ-ㄋㄧㄢˊ-ㄏㄢˋ-ㄐㄧㄤˋ	少年悍將	-6.60980192	acg
ㄕㄠˋ-ㄋㄧㄢˊ-ㄔㄠ-ㄖㄣˊ-ㄉㄨㄟˋ	少年超人隊	-6.17843815	acg
ㄐㄧㄢ-ㄈㄥ-ㄕˊ-ㄎㄜˋ	尖峰時刻	-6.60980192	acg
ㄕㄤˋ-ㄆㄛ	尚波	-7.17149945	acg
ㄧㄡˊ-ㄋㄚˋ	尤娜	-7.17149945	acg
ㄧㄡˊ-ㄇㄛˊ-ㄐㄧㄝˊ	尤摩捷	-7.04116568	acg
ㄧㄡˊ-ㄍㄜˊ-ㄙㄚˋ-ㄌㄨㄣˊ	尤格薩倫	-6.60980192	acg
ㄋㄧˊ-ㄎㄜˇ	尼可	-7.17149945	acg
ㄘㄨㄟ-ㄒㄧ-ㄦˇ	崔希爾	-7.04116568	acg
ㄧㄞˊ-ㄕㄤˋ-ㄉㄜ˙-ㄆㄛ-ㄋㄧㄡ	崖上的波妞	-6.17843815	acg
ㄔㄨㄢ-ㄇㄨˋ	川木	-7.17149945	acg
ㄍㄨㄥ-ㄔㄥˊ-ㄐㄧ-ㄑㄧˋ-ㄖㄣˊ	工程機器人	-6.17843815	acg
ㄍㄨㄥ-ㄔㄨㄥˊ	工蟲	-7.17149945	acg
ㄑㄧㄠˇ-ㄎㄜˋ-ㄌㄧˋ-ㄕㄡˋ	巧克力獸	-6.60980192	acg
ㄑㄧㄠˇ-ㄌㄨㄛˋ-ㄕㄡˋ	巧洛獸	-7.04116568	acg
ㄐㄩˋ-ㄐㄧ-ㄕㄡˋ	巨雞獸	-7.04116568	acg
ㄐㄩˋ-ㄐㄧㄥ-ㄕㄡˋ	巨鯨獸	-7.04116568	acg
ㄐㄩˋ-ㄌㄨㄥˊ-ㄕㄡˋ	巨龍獸	-7.04116568	acg
ㄐㄩˋ-ㄍㄨㄟ-ㄕㄡˋ	巨龜獸	-7.04116568	acg
ㄅㄚ-ㄏㄚ-ㄇㄨˇ-ㄊㄜˋ-ㄉㄧㄢˋ-ㄨㄢˊ-ㄗ-ㄒㄩㄣˋ-ㄓㄢˋ	巴哈姆特電玩資訊站	-5.74707439	acg
ㄅㄚ-ㄌㄚ-ㄎㄚˇ-ㄙ	巴拉卡斯	-6.60980192	acg
ㄅㄚ-ㄙㄚ-ㄕㄡˋ	巴撒獸	-7.04116568	acg
ㄅㄚ-ㄙ-ㄊㄜˋ-ㄕㄡˋ	巴斯特獸	-6.60980192	acg
ㄅㄚ-ㄊㄜˋ-ㄌㄚ	巴特拉	-7.04116568	acg
ㄅㄚ-ㄋㄚˋ-ㄓㄚˊ-ㄦˇ	巴納札爾	-6.60980192	acg
ㄅㄚ-ㄌㄨㄥˊ-ㄕㄡˋ	巴隆獸	-7.04116568	acg
ㄅㄚ-ㄌㄨˇ-ㄕㄡˋ	巴魯獸	-7.04116568	acg
ㄅㄨˋ-ㄊㄚˇ	布塔	-7.17149945	acg
ㄅㄨˋ-ㄅㄨˋ	布布	-7.17149945	acg
ㄅㄨˋ-ㄌㄞˊ-ㄢ	布萊安	-7.04116568	acg
ㄅㄨˋ-ㄌㄞˊ-ㄊㄜˋ	布萊特	-7.04116568	acg
ㄅㄨˋ-ㄌㄞˊ-ㄒㄧ-ㄙ	布萊西斯	-6.60980192	acg
ㄅㄨˋ-ㄌㄨˇ-ㄐㄧㄤ-ㄐㄩㄣ	布魯將軍	-6.60980192	acg
ㄒㄧ-ㄙ-ㄋㄧˊ	希絲妮	-7.04116568	acg
ㄒㄧ-ㄌㄨㄛˊ	希羅	-7.17149945	acg
ㄆㄚˋ-ㄇㄨˇ	帕姆	-7.17149945	acg
ㄉㄧˋ-ㄉㄧˋ-ㄉㄧˋ-ㄉㄚˋ-ㄨㄤˊ	帝帝帝大王	-6.17843815	acg
ㄒㄧˊ-ㄍㄨˇ	席古	-7.17149945	acg
ㄆㄧㄥˊ-ㄔㄥˊ-ㄌㄧˊ-ㄏㄜˊ-ㄓㄢˋ	平成狸合戰	-6.17843815	acg
ㄋㄧㄢˊ-ㄍㄠ-ㄕㄡˋ	年糕獸	-7.04116568	acg
ㄒㄧㄥˋ-ㄈㄨˊ-ㄇㄟˇ-ㄇㄢˇ	幸福美滿	-6.60980192	acg
ㄏㄨㄢˋ-ㄈㄥ-ㄕㄡˋ	幻蜂獸	-7.04116568	acg
ㄧㄡˋ-ㄌㄨㄥˊ-ㄕㄡˋ	幼龍獸	-7.04116568	acg
ㄐㄧˇ-ㄨㄟˊ-ㄋㄧㄠˇ-ㄕㄡˋ	幾維鳥獸	-6.60980192	acg
ㄧㄣˇ-ㄅㄠˋ-ㄇㄛˊ-ㄊㄧㄢ-ㄌㄡˊ	引爆摩天樓	-6.17843815	acg
ㄈㄨˊ-ㄖㄨㄟˋ-ㄉㄜˊ	弗瑞德	-7.04116568	acg
ㄑㄧㄤˊ-ㄉㄠˋ-ㄉㄜ˙-ㄋㄩˇ-ㄦˊ	強盜的女兒	-6.17843815	acg
ㄑㄧㄤˊ-ㄒㄧˊ-ㄌㄨㄥˊ-ㄕㄡˋ	強襲龍獸	-6.60980192	acg
ㄊㄢˊ-ㄌㄧˋ-ㄕㄡˋ	彈力獸	-7.04116568	acg
ㄘㄞˇ-ㄏㄨㄥˊ-ㄒㄧㄠˇ-ㄇㄚˇ	彩虹小馬	-6.60980192	acg
ㄧㄥˇ-ㄆㄧㄢˋ-ㄔㄨㄢˋ-ㄌㄧㄡˊ	影片串流	-6.60980192	acg
ㄅㄧˇ-ㄉㄜˊ-ㄕㄡˋ	彼得獸	-7.04116568	acg
ㄨㄤˇ-ㄊㄧㄢ-ㄍㄨㄛˊ-ㄉㄜ˙-ㄉㄠˋ-ㄕㄨˇ-ㄐㄧˋ-ㄕˊ	往天國的倒數計時	-5.74707439	acg
ㄉㄜˊ-ㄇㄨˇ	德姆	-7.17149945	acg
ㄒㄧㄣ-ㄓ-ㄍㄨˇ	心之谷	-7.04116568	acg
ㄓˋ-ㄋㄞˇ	志乃	-7.17149945	acg
ㄎㄨㄞˋ-ㄌㄜˋ-ㄎㄨㄞˋ-ㄌㄜˋ-ㄩㄝˋ-ㄎㄢ	快樂快樂月刊	-5.74707439	acg
ㄋㄨˋ-ㄏㄨㄛˇ-ㄌㄧㄠˊ-ㄩㄢˊ	怒火燎原	-6.60980192	acg
ㄍㄨㄞˋ-ㄅㄛˊ-ㄕˋ-ㄩˇ-ㄐㄧ-ㄑㄧˋ-ㄨㄚˊ-ㄨㄚ˙	怪博士與機器娃娃	-5.74707439	acg
ㄍㄨㄞˋ-ㄨˋ-ㄉㄜ˙-ㄏㄞˊ-ㄗ˙	怪物的孩子	-6.17843815	acg
ㄎㄨㄥˇ-ㄒㄧㄥ-ㄉㄚˋ-ㄨㄤˊ-ㄈㄟˋ-ㄐㄧㄚ	恐星大王費加	-5.74707439	acg
ㄑㄧㄚˋ-ㄎㄜˋ	恰克	-7.17149945	acg
ㄨˋ-ㄎㄨㄥ-ㄕㄡˋ	悟空獸	-7.04116568	acg
ㄏㄨㄟˋ-ㄏㄨㄟˋ	惠惠	-7.17149945	acg
ㄜˋ-ㄌㄧㄥˊ-ㄕˋ-ㄌㄧˋ	惡靈勢力	-6.60980192	acg
ㄜˋ-ㄌㄧㄥˊ-ㄍㄨˇ-ㄅㄠˇ	惡靈古堡	-6.60980192	acg
ㄜˋ-ㄍㄨㄟˇ-ㄕㄡˋ	惡鬼獸	-7.04116568	acg
ㄞˋ-ㄒㄧㄣ-ㄓㄚˋ-ㄉㄢˋ	愛心炸彈	-6.60980192	acg
ㄞˋ-ㄐㄧㄥ-ㄌㄧㄥˊ-ㄕㄡˋ	愛精靈獸	-6.60980192	acg
ㄍㄜ-ㄉㄥ	戈登	-7.17149945	acg
ㄍㄜ-ㄌㄨˇ-ㄦˇ	戈魯爾	-7.04116568	acg
ㄨㄛˇ-ㄏㄢˋ-ㄨㄛˇ-ㄉㄜ˙-ㄩˇ-ㄓㄡˋ-ㄍㄨㄥ-ㄓㄨˇ	我和我的宇宙公主	-5.74707439	acg
ㄨㄛˇ-ㄞˋ-ㄇㄟˇ-ㄌㄜˋ-ㄉㄧˋ	我愛美樂蒂	-6.17843815	acg
ㄨㄛˇ-ㄉㄜ˙-ㄔㄠ-ㄕˊ-ㄎㄨㄥ-ㄒㄧㄣ-ㄋㄧㄤˊ	我的超時空新娘	-5.74707439	acg
ㄓㄢˋ-ㄌㄧˋ-ㄕˊ-ㄎㄨㄥ	戰慄時空	-6.60980192	acg
ㄓㄢˋ-ㄌㄤˊ-ㄕㄡˋ	戰狼獸	-7.04116568	acg
ㄉㄞˋ-ㄧㄣ	戴因	-7.17149945	acg
ㄉㄞˋ-ㄙ-ㄇㄥˊ-ㄉㄜˊ	戴斯蒙德	-6.60980192	acg
ㄊㄨㄛ-ㄉㄜˊ	托德	-7.17149945	acg
ㄊㄨㄛ-ㄒㄩˇ	托許	-7.17149945	acg
ㄌㄚ-ㄌㄚ-ㄕㄡˋ	拉拉獸	-7.04116568	acg
ㄌㄚ-ㄅㄧˇ-ㄕㄡˋ	拉比獸	-7.04116568	acg
ㄌㄚ-ㄑㄧˊ	拉琪	-7.17149945	acg
ㄌㄚ-ㄙㄚˋ-ㄉㄜˊ	拉薩德	-7.04116568	acg
ㄅㄞˋ-ㄙ	拜斯	-7.17149945	acg
ㄊㄢˋ-ㄒㄧㄢˇ-ㄏㄨㄛˊ-ㄅㄠˇ	探險活寶	-6.60980192	acg
ㄍㄠˇ-ㄍㄨㄞˋ-ㄧㄡˊ-ㄌㄜˋ-ㄩㄢˊ-ㄉㄚˋ-ㄇㄠˋ-ㄒㄧㄢˇ	搞怪遊樂園大冒險	-5.74707439	acg
ㄅㄛ-ㄆㄧㄢˋ-ㄕㄡˋ	撥片獸	-7.04116568	acg
ㄓㄥˋ-ㄑㄩㄢˊ-ㄓㄢˋ-ㄓㄥ	政權戰爭	-6.60980192	acg
ㄐㄧㄡˋ-ㄋㄢˋ-ㄒㄧㄠˇ-ㄈㄨˊ-ㄒㄧㄥ	救難小福星	-6.17843815	acg
ㄐㄧㄡˋ-ㄋㄢˋ-ㄒㄧㄠˇ-ㄧㄥ-ㄒㄩㄥˊ	救難小英雄	-6.17843815	acg
ㄕㄨˋ-ㄨㄟˋ-ㄒㄧㄡ-ㄈㄨˋ	數位修復	-6.60980192	acg
ㄕㄨˋ-ㄨㄟˋ-ㄅㄢˇ	數位版	-7.04116568	acg
ㄕㄨˋ-ㄨㄟˋ-ㄓㄨㄥˋ	數位重	-7.04116568	acg
ㄕㄨˋ-ㄇㄚˇ-ㄅㄠˇ-ㄅㄟˋ-ㄉㄚˋ-ㄇㄠˋ-ㄒㄧㄢˇ	數碼寶貝大冒險	-5.74707439	acg
ㄕㄨˋ-ㄇㄚˇ-ㄅㄠˇ-ㄅㄟˋ-ㄐㄩㄝˊ-ㄒㄧㄥˇ-ㄐㄧㄝˊ-ㄆㄞ	數碼寶貝覺醒節拍	-5.74707439	acg
ㄙ-ㄅㄚ-ㄉㄚˊ-ㄕㄡˋ	斯巴達獸	-6.60980192	acg
ㄙ-ㄉㄨˋ-ㄎㄜ-ㄈㄨ	斯杜科夫	-6.60980192	acg
ㄙ-ㄊㄜˋ-ㄇㄢˋ	斯特曼	-7.04116568	acg
ㄙ-ㄇㄞˋ-ㄦˇ	斯麥爾	-7.04116568	acg
ㄖˋ-ㄍㄨㄤ-ㄕㄡˋ	日光獸	-7.04116568	acg
ㄖˋ-ㄒㄧㄤˋ-ㄒㄧㄡˋ-ㄕㄨˋ	日向秀樹	-6.60980192	acg
ㄖˋ-ㄌㄨㄣˊ-ㄕㄡˋ	日輪獸	-7.04116568	acg
ㄇㄧㄥˊ-ㄒㄧㄥ-ㄕㄡˋ	明星獸	-7.04116568	acg
ㄒㄧㄥ-ㄍㄨㄤ-ㄌㄜˋ-ㄩㄢˊ	星光樂園	-6.60980192	acg
ㄒㄧㄥ-ㄏㄞˇ-ㄧㄡˊ-ㄒㄧㄚˊ	星海遊俠	-6.60980192	acg
ㄒㄧㄥ-ㄈㄥ-ㄑㄧˇ-ㄌㄨㄛˊ-ㄌㄨㄛˊ	星風綺羅羅	-6.17843815	acg
ㄆㄨˇ-ㄌㄠˊ-ㄉㄜˊ-ㄇㄛˊ-ㄦˇ	普勞德摩爾	-6.17843815	acg
ㄆㄨˇ-ㄋㄧˊ-ㄕㄡˋ	普尼獸	-7.04116568	acg
ㄆㄨˇ-ㄘㄨㄟ-ㄙ	普崔司	-7.04116568	acg
ㄆㄨˇ-ㄙ-ㄌㄧˋ-ㄕㄡˋ	普斯利獸	-6.60980192	acg
ㄆㄨˇ-ㄙ-ㄕㄡˋ	普斯獸	-7.04116568	acg
ㄆㄨˇ-ㄆㄨˇ-ㄕㄡˋ	普普獸	-7.04116568	acg
ㄆㄨˇ-ㄌㄨㄛˊ-ㄇㄧˇ-ㄧㄚˇ	普羅米亞	-6.60980192	acg
ㄆㄨˇ-ㄌㄨㄛˊ-ㄌㄨㄛˊ-ㄕㄡˋ	普羅羅獸	-6.60980192	acg
ㄓˋ-ㄊㄧㄢ-ㄕˇ-ㄕㄡˋ	智天使獸	-6.60980192	acg
ㄇㄨˋ-ㄔㄢˊ-ㄅㄟ-ㄇㄧㄥˊ-ㄕˊ	暮蟬悲鳴時	-6.17843815	acg
ㄅㄠˋ-ㄒㄩㄝˇ-ㄧㄥ-ㄅㄚˋ	暴雪英霸	-6.60980192	acg
ㄅㄠˋ-ㄌㄨㄥˊ-ㄍㄞˇ-ㄗㄠˋ-ㄓㄜˇ	暴龍改造者	-6.17843815	acg
ㄩㄝˋ-ㄓ-ㄑㄧㄢ-ㄋㄧㄢˊ-ㄕㄡˋ	月之千年獸	-6.17843815	acg
ㄩㄝˋ-ㄕㄣˊ-ㄕㄡˋ	月神獸	-7.04116568	acg
ㄔㄠˊ-ㄅㄧˇ-ㄋㄞˋ-ㄕˊ-ㄐㄧㄡˇ-ㄌㄧㄡˊ	朝比奈實玖瑠	-5.74707439	acg
ㄇㄨˋ-ㄘㄨㄣ-ㄍㄠ-ㄒㄩㄥˊ	木村高雄	-6.60980192	acg
ㄨㄟˋ-ㄌㄞˊ-ㄕㄠˋ-ㄋㄧㄢˊ-ㄎㄜ-ㄋㄢˊ	未來少年柯南	-5.74707439	acg
ㄇㄛˋ-ㄖˋ-ㄔㄨㄟˊ	末日鎚	-7.04116568	acg
ㄓㄚˊ-ㄐㄧㄚ-ㄌㄚ	札迦拉	-7.04116568	acg
ㄌㄧˇ-ㄡ	李歐	-7.17149945	acg
ㄌㄧˇ-ㄓㄣˋ-ㄩˇ	李鎭宇	-7.04116568	acg
ㄉㄨˋ-ㄌㄨㄛˋ-ㄊㄢˇ	杜洛坦	-7.04116568	acg
ㄉㄨˋ-ㄅㄧㄣ-ㄑㄩㄢˇ-ㄕㄡˋ	杜賓犬獸	-6.60980192	acg
ㄙㄨㄥ-ㄊㄧㄢˊ-ㄑㄧˇ-ㄖㄣˊ	松田啟人	-6.60980192	acg
ㄅㄛˊ-ㄋㄚˋ	柏納	-7.17149945	acg
ㄍㄣ-ㄕㄡˇ	根首	-7.17149945	acg
ㄍㄜˊ-ㄉㄡˋ-ㄊㄧㄢ-ㄨㄤˊ	格鬥天王	-6.60980192	acg
ㄍㄜˊ-ㄌㄨˇ-ㄇㄧˇ-ㄙ-ㄨㄤˊ	格魯米斯王	-6.17843815	acg
ㄙㄤ-ㄉㄚˊ	桑達	-7.17149945	acg
ㄇㄟˊ-ㄅㄧˇ-ㄙ	梅比斯	-7.04116568	acg
ㄇㄟˊ-ㄉㄨㄛˊ	梅鐸	-7.17149945	acg
ㄍㄥˇ-ㄑㄩㄢˇ-ㄕㄡˋ-ㄓㄨˋ-ㄕㄡˇ	梗犬獸助手	-6.17843815	acg
ㄘㄣˊ-ㄍㄨˇ	梣谷	-7.17149945	acg
ㄙㄣ-ㄧㄝˇ-ㄇㄟˊ	森野莓	-7.04116568	acg
ㄙㄣ-ㄧㄝˇ-ㄧㄝˋ-ㄗ˙	森野葉子	-6.60980192	acg
ㄇㄛˊ-ㄋㄧˇ-ㄕˋ-ㄇㄧㄣˊ	模擬市民	-6.60980192	acg
ㄕㄨˋ-ㄔㄨㄥˊ-ㄕㄡˋ	樹蟲獸	-7.04116568	acg
ㄐㄧ-ㄒㄧㄝˋ-ㄖㄣˊ-ㄕㄡˋ	機械人獸	-6.60980192	acg
ㄐㄧ-ㄒㄧㄝˋ-ㄒㄧㄝˊ-ㄌㄨㄥˊ-ㄕㄡˋ	機械邪龍獸	-6.17843815	acg
ㄡ-ㄏㄚ-ㄌㄚ	歐哈拉	-7.04116568	acg
ㄡ-ㄙ	歐斯	-7.17149945	acg
ㄡ-ㄍㄜˊ	歐格	-7.17149945	acg
ㄨˇ-ㄊㄥˊ-ㄧㄡˊ-ㄒㄧˋ	武藤遊戲	-6.60980192	acg
ㄨˇ-ㄊㄥˊ-ㄕㄨㄤ-ㄌㄧㄡˋ	武藤雙六	-6.60980192	acg
ㄙˇ-ㄕㄣˊ-ㄌㄧㄢˊ-ㄉㄠ	死神鐮刀	-6.60980192	acg
ㄉㄨˊ-ㄇㄛˊ-ㄍㄨ-ㄕㄡˋ	毒蘑菇獸	-6.60980192	acg
ㄉㄨˊ-ㄓ-ㄓㄨ-ㄕㄡˋ	毒蜘蛛獸	-6.60980192	acg
ㄉㄨˊ-ㄒㄧㄝ-ㄕㄡˋ	毒蠍獸	-7.04116568	acg
ㄅㄧˇ-ㄎㄜˋ-ㄉㄚˋ-ㄇㄛˊ-ㄨㄤˊ	比克大魔王	-6.17843815	acg
ㄅㄧˇ-ㄙ-ㄐㄧˊ	比司吉	-7.04116568	acg
ㄅㄧˇ-ㄊㄜˋ-ㄕㄡˋ	比特獸	-7.04116568	acg
ㄇㄠˊ-ㄖㄣˊ-ㄕㄡˋ	毛人獸	-7.04116568	acg
ㄕㄨㄟˇ-ㄓ-ㄉㄡ	水之都	-7.04116568	acg
ㄕㄨㄟˇ-ㄍㄨㄛˇ-ㄕㄡˋ	水果獸	-7.04116568	acg
ㄕㄨㄟˇ-ㄧㄝˇ-ㄨˇ-ㄌㄤˊ	水野伍郎	-6.60980192	acg
ㄐㄩㄝˊ-ㄕㄥˋ-ㄓ-ㄖˋ	決勝之日	-6.60980192	acg
ㄐㄩㄝˊ-ㄕㄥˋ-ㄕˊ-ㄎㄜˋ	決勝時刻	-6.60980192	acg
ㄨㄛˋ-ㄈㄟ-ㄦˇ	沃菲爾	-7.04116568	acg
ㄕㄚ-ㄨˋ-ㄐㄧㄥˋ-ㄕㄡˋ	沙悟淨獸	-6.60980192	acg
ㄕㄚ-ㄕㄚ-ㄇㄟˇ	沙沙美	-7.04116568	acg
ㄕㄚ-ㄌㄧˋ-ㄕㄡˋ	沙礫獸	-7.04116568	acg
ㄕㄚ-ㄨㄟˊ-ㄓㄚˊ	沙維札	-7.04116568	acg
ㄈㄚˇ-ㄌㄢˊ-ㄗ	法蘭茲	-7.04116568	acg
ㄆㄠˋ-ㄆㄠˋ-ㄉㄚˋ-ㄌㄨㄢˋ-ㄉㄡˋ	泡泡大亂鬥	-6.17843815	acg
ㄆㄠˋ-ㄆㄠˋ-ㄕㄡˋ	泡泡獸	-7.04116568	acg
ㄆㄛ-ㄅㄧˇ	波比	-7.17149945	acg
ㄆㄛ-ㄌㄧˊ	波麗	-7.17149945	acg
ㄊㄞˋ-ㄌㄨㄛˋ-ㄍㄡˇ-ㄕㄚ	泰洛苟莎	-6.60980192	acg
ㄊㄞˋ-ㄖㄨㄟˋ	泰瑞	-7.17149945	acg
ㄌㄨㄛˋ-ㄧ-ㄉㄜˊ	洛伊德	-7.04116568	acg
ㄌㄨㄛˋ-ㄎㄜˋ-ㄏㄢˋ	洛克漢	-7.04116568	acg
ㄌㄨㄛˋ-ㄍㄜ-ㄒㄩˇ	洛戈許	-7.04116568	acg
ㄌㄨㄛˋ-ㄙㄨㄛˇ-ㄇㄚˇ	洛索瑪	-7.04116568	acg
ㄆㄞˋ-ㄑㄩ-ㄎㄜˋ	派屈克	-7.04116568	acg
ㄌㄧㄡˊ-ㄍㄨㄤ-ㄕㄡˋ	流光獸	-7.04116568	acg
ㄏㄞˇ-ㄊㄧㄢ-ㄕˇ-ㄕㄡˋ	海天使獸	-6.60980192	acg
ㄏㄞˇ-ㄇㄨˇ	海姆	-7.17149945	acg
ㄏㄞˇ-ㄉㄧˇ-ㄌㄧㄤˇ-ㄨㄢˋ-ㄌㄧˇ	海底兩萬哩	-6.17843815	acg
ㄏㄞˇ-ㄔㄠˊ-ㄓ-ㄕㄥ	海潮之聲	-6.60980192	acg
ㄏㄞˇ-ㄨㄤˊ-ㄌㄨㄥˊ-ㄕㄡˋ	海王龍獸	-6.60980192	acg
ㄏㄞˇ-ㄇㄟˇ	海美	-7.17149945	acg
ㄏㄞˇ-ㄌㄞˊ-ㄣ	海萊恩	-7.04116568	acg
ㄏㄞˇ-ㄊㄥˊ-ㄉㄨˋ	海藤渡	-7.04116568	acg
ㄏㄞˇ-ㄅㄠˋ-ㄌㄨㄥˊ-ㄕㄡˋ	海豹龍獸	-6.60980192	acg
ㄏㄞˇ-ㄇㄠ-ㄅㄟ-ㄇㄧㄥˊ-ㄕˊ	海貓悲鳴時	-6.17843815	acg
ㄏㄞˇ-ㄌㄨㄥˊ-ㄕㄡˋ	海龍獸	-7.04116568	acg
ㄌㄧㄤˊ-ㄍㄨㄥ-ㄔㄨㄣ-ㄖˋ	涼宮春日	-6.60980192	acg
ㄆㄧㄠ-ㄌㄧㄡˊ-ㄐㄧㄚ-ㄩㄢˊ	漂流家園	-6.60980192	acg
ㄆㄧㄠ-ㄧㄡˊ-ㄕㄡˋ	漂游獸	-7.04116568	acg
ㄑㄩˋ-ㄏㄟ-ㄉㄜ˙-ㄓㄨㄟ-ㄐㄧ-ㄓㄜˇ	漆黑的追跡者	-5.74707439	acg
ㄏㄢˋ-ㄐㄧˊ	漢吉	-7.17149945	acg
ㄏㄢˋ-ㄅㄠˇ-ㄕㄡˋ	漢堡獸	-7.04116568	acg
ㄆㄢ-ㄉㄨㄛˇ-ㄌㄚ	潘朵拉	-7.04116568	acg
ㄏㄨㄛˇ-ㄕㄣˊ-ㄕㄡˋ	火神獸	-7.04116568	acg
ㄏㄨㄛˇ-ㄌㄨㄥˊ-ㄕㄡˋ	火龍獸	-7.04116568	acg
ㄏㄨㄟ-ㄒㄩㄥˊ-ㄕㄡˋ	灰熊獸	-7.04116568	acg
ㄗㄞ-ㄜˋ-ㄕㄡˋ	災厄獸	-7.04116568	acg
ㄧㄢˊ-ㄌㄨㄥˊ-ㄕㄡˋ	炎龍獸	-7.04116568	acg
ㄓㄚˋ-ㄉㄢˋ-ㄕㄡˋ	炸彈獸	-7.04116568	acg
ㄓㄚˋ-ㄐㄧ-ㄑㄧㄡˊ-ㄕㄡˋ	炸雞球獸	-6.60980192	acg
ㄨ-ㄆㄚˋ	烏帕	-7.17149945	acg
ㄨ-ㄗㄟˊ-ㄕㄡˋ	烏賊獸	-7.04116568	acg
ㄨˊ-ㄉㄧˊ-ㄊㄧㄝˇ-ㄐㄧㄣ-ㄍㄤ-ㄎㄞˇ-ㄙㄚ	無敵鐵金剛凱撒	-5.74707439	acg
ㄨˊ-ㄒㄧㄢˋ-ㄌㄨㄥˊ-ㄕㄡˋ	無限龍獸	-6.60980192	acg
ㄒㄩㄥˊ-ㄇㄠ-ㄕㄡˋ	熊貓獸	-7.04116568	acg
ㄔˋ-ㄊㄧㄢ-ㄕˇ-ㄍㄤ-ㄉㄢˋ	熾天使鋼彈	-6.17843815	acg
ㄅㄠˋ-ㄖㄜˋ-ㄕㄣˊ-ㄨㄟ-ㄓㄤˇ	爆熱神威掌	-6.17843815	acg
ㄅㄠˋ-ㄅㄠˋ-ㄨㄤˊ	爆爆王	-7.04116568	acg
ㄋㄧㄡˊ-ㄖㄣˊ-ㄕㄡˋ	牛人獸	-7.04116568	acg
ㄇㄨˋ-ㄧㄝˇ-ㄌㄧㄡˊ-ㄐㄧ	牧野留姬	-6.60980192	acg
ㄊㄜˋ-ㄌㄨㄛˋ-ㄨㄚˇ	特洛瓦	-7.04116568	acg
ㄊㄜˋ-ㄌㄢˊ-ㄎㄜˋ-ㄙ	特蘭克斯	-6.60980192	acg
ㄑㄩㄢˇ-ㄨㄤˊ	犬王	-7.17149945	acg
ㄐㄩ-ㄐㄧˊ-ㄕㄡˋ	狙擊獸	-7.04116568	acg
ㄐㄧㄠˇ-ㄏㄨㄚˊ-ㄈㄟ-ㄊㄧㄢ-ㄉㄜˊ	狡猾飛天德	-6.17843815	acg
ㄐㄧㄠˇ-ㄓㄚˋ-ㄕㄡˋ	狡詐獸	-7.04116568	acg
ㄕㄡˋ-ㄇㄛˊ-ㄌㄧㄝˋ-ㄖㄣˊ	狩魔獵人	-6.60980192	acg
ㄕㄜˋ-ㄌㄧˋ-ㄕㄡˋ	猞猁獸	-7.04116568	acg
ㄩㄢˊ-ㄏㄡˊ-ㄕㄡˋ	猿猴獸	-7.04116568	acg
ㄩˋ-ㄊㄨˋ-ㄕㄡˋ	玉兔獸	-7.04116568	acg
ㄌㄧㄡˊ-ㄋㄧˊ	琉妮	-7.17149945	acg
ㄇㄚˇ-ㄌㄧˋ-ㄡ-ㄗㄨㄥˋ-ㄏㄜˊ-ㄩㄣˋ-ㄉㄨㄥˋ	瑪利歐綜合運動	-5.74707439	acg
ㄇㄚˇ-ㄑㄧˊ	瑪奇	-7.17149945	acg
ㄇㄚˇ-ㄙㄜˋ-ㄦˇ	瑪瑟爾	-7.04116568	acg
ㄇㄚˇ-ㄧˋ-ㄈㄨ	瑪翼夫	-7.04116568	acg
ㄇㄚˇ-ㄌㄧˋ-ㄢ-ㄋㄧˊ	瑪莉安妮	-6.60980192	acg
ㄇㄚˇ-ㄌㄧˋ-ㄋㄚˋ	瑪麗娜	-7.04116568	acg
ㄇㄚˇ-ㄌㄧˋ-ㄩˇ-ㄇㄛˊ-ㄋㄩˇ-ㄓ-ㄏㄨㄚ	瑪麗與魔女之花	-5.74707439	acg
ㄇㄚˇ-ㄌㄧˋ-ㄧㄝˋ-ㄊㄜˋ	瑪麗葉特	-6.60980192	acg
ㄨㄚˇ-ㄌㄨㄣˊ-ㄉㄧˋ-ㄋㄚˋ	瓦倫蒂娜	-6.60980192	acg
ㄨㄚˇ-ㄌㄧˋ-ㄡ	瓦利歐	-7.04116568	acg
ㄨㄚˇ-ㄌㄧˋ-ㄡ-ㄓˋ-ㄗㄠˋ	瓦利歐製造	-6.17843815	acg
ㄨㄚˇ-ㄍㄨˇ-ㄋㄚˋ-ㄌㄧˋ-ㄧㄚˇ	瓦古娜利亞	-6.17843815	acg
ㄨㄚˇ-ㄦˇ-ㄐㄧ-ㄌㄧˊ	瓦爾基麗	-6.60980192	acg
ㄨㄚˇ-ㄉㄡˋ-ㄌㄨˇ-ㄉㄧˊ	瓦豆魯迪	-6.60980192	acg
ㄐㄧㄚˇ-ㄔㄨㄥˊ-ㄕㄡˋ	甲蟲獸	-7.04116568	acg
ㄐㄧㄚˇ-ㄊㄧㄝˇ-ㄔㄥˊ-ㄉㄜ˙-ㄎㄚˇ-ㄅㄚ-ㄋㄟˋ-ㄌㄧˇ	甲鐵城的卡巴內里	-5.74707439	acg
ㄅㄧˋ-ㄋㄚˋ	畢娜	-7.17149945	acg
ㄏㄨㄚˋ-ㄐㄧㄚ-ㄕㄡˋ	畫家獸	-7.04116568	acg
ㄧˋ-ㄕˋ-ㄐㄧㄝˋ-ㄗˋ-ㄕㄚ-ㄊㄨˊ-ㄐㄧˊ-ㄉㄨㄟˋ	異世界自殺突擊隊	-5.74707439	acg
ㄧˋ-ㄩˋ-ㄕㄣˊ-ㄅㄧㄥ	異域神兵	-6.60980192	acg
ㄅㄞˇ-ㄏㄜˊ-ㄕㄡˋ	百合獸	-7.04116568	acg
ㄅㄞˇ-ㄨㄢˋ-ㄌㄨㄥˊ-ㄕㄡˋ	百萬龍獸	-6.60980192	acg
ㄅㄞˇ-ㄅㄧㄢˋ-ㄐㄧㄣ-ㄍㄤ	百變金剛	-6.60980192	acg
ㄆㄧˊ-ㄎㄜˋ-ㄙ-ㄉㄨㄥˋ-ㄏㄨㄚˋ-ㄍㄨㄥ-ㄗㄨㄛˋ-ㄕˋ	皮克斯動畫工作室	-5.74707439	acg
ㄆㄧˊ-ㄆㄧˊ-ㄕㄡˋ	皮皮獸	-7.04116568	acg
ㄆㄧˊ-ㄧㄝˊ-ㄦˇ	皮耶爾	-7.04116568	acg
ㄆㄧˊ-ㄋㄨㄛˋ	皮諾	-7.17149945	acg
ㄇㄨˋ-ㄅㄧㄠ-ㄖㄨㄢˇ-ㄐㄧㄢˋ	目標軟件	-6.60980192	acg
ㄉㄨㄣˋ-ㄕㄣˊ-ㄐㄧㄥ-ㄍㄨˇ	盾神京谷	-6.60980192	acg
ㄆㄛˋ-ㄒㄧㄠˇ-ㄓ-ㄓㄢˋ	破曉之戰	-6.60980192	acg
ㄆㄛˋ-ㄇㄧㄝˋ-ㄇㄛˊ-ㄌㄨㄥˊ-ㄕㄡˋ	破滅魔龍獸	-6.17843815	acg
ㄔㄜ-ㄑㄩˊ-ㄕㄡˋ	硨磲獸	-7.04116568	acg
ㄎㄨㄤˋ-ㄕˊ-ㄕㄡˋ	礦石獸	-7.04116568	acg
ㄗㄨˇ-ㄌㄧˋ-ㄕㄡˋ	祖利獸	-7.04116568	acg
ㄕㄣˊ-ㄑㄧㄝ	神切	-7.17149945	acg
ㄕㄣˊ-ㄌㄧˋ-ㄋㄩˇ-ㄔㄠ-ㄖㄣˊ	神力女超人	-6.17843815	acg
ㄕㄣˊ-ㄨㄟ-ㄍㄤ-ㄉㄢˋ	神威鋼彈	-6.60980192	acg
ㄕㄣˊ-ㄗㄨˊ	神族	-7.17149945	acg
ㄕㄣˊ-ㄧㄣˇ-ㄕㄠˋ-ㄋㄩˇ	神隱少女	-6.60980192	acg
ㄒㄧ-ㄧㄡˇ-ㄌㄢˋ-ㄋㄧˊ-ㄕㄡˋ	稀有爛泥獸	-6.17843815	acg
ㄔㄨㄢ-ㄕㄢ-ㄕㄡˋ	穿山獸	-7.04116568	acg
ㄌㄧˋ-ㄏㄨㄚ-ㄌㄨㄥˊ	立花瀧	-7.04116568	acg
ㄓㄤ-ㄩˊ-ㄕㄡˋ	章魚獸	-7.04116568	acg
ㄊㄨㄥˊ-ㄏㄨㄚˋ-ㄑㄧㄤ-ㄕㄡˇ-ㄒㄧㄠˇ-ㄏㄨㄥˊ-ㄇㄠˋ	童話槍手小紅帽	-5.74707439	acg
ㄇㄧˇ-ㄎㄜˋ-ㄌㄨㄛˊ-ㄙ	米克羅斯	-6.60980192	acg
ㄇㄧˇ-ㄎㄚˇ	米卡	-7.17149945	acg
ㄇㄧˇ-ㄋㄧˊ-ㄨㄚˇ	米妮瓦	-7.04116568	acg
ㄇㄧˇ-ㄍㄜˊ-ㄦˇ	米格爾	-7.04116568	acg
ㄇㄧˇ-ㄊㄜˋ	米特	-7.17149945	acg
ㄇㄧˇ-ㄍㄞˋ-ㄦˇ	米蓋爾	-7.04116568	acg
ㄈㄣˇ-ㄏㄨㄥˊ-ㄓㄨ-ㄒㄧㄠˇ-ㄇㄟˋ	粉紅豬小妹	-6.17843815	acg
ㄌㄧˋ-ㄌㄧˋ-ㄕㄡˋ	粒粒獸	-7.04116568	acg
ㄐㄧㄥ-ㄌㄧㄥˊ-ㄕㄠˋ-ㄋㄩˇ-ㄗㄨˇ	精靈少女組	-6.17843815	acg
ㄐㄧㄥ-ㄌㄧㄥˊ-ㄧㄡˊ-ㄒㄧㄚˊ	精靈遊俠	-6.60980192	acg
ㄏㄨㄥˊ-ㄘㄞˋ-ㄕㄡˋ	紅菜獸	-7.04116568	acg
ㄋㄚˋ-ㄇㄧˇ-ㄕㄡˋ	納米獸	-7.04116568	acg
ㄋㄧㄡˇ-ㄈㄛˊ-ㄙㄣ	紐佛森	-7.04116568	acg
ㄋㄧㄡˇ-ㄑㄧˊ-ㄕㄡˋ	紐奇獸	-7.04116568	acg
ㄐㄩㄝˊ-ㄉㄧˋ-ㄧㄠˋ-ㄙㄞˋ	絕地要塞	-6.60980192	acg
ㄐㄩㄝˊ-ㄏㄞˇ-ㄉㄜ˙-ㄓㄣ-ㄊㄢˋ	絕海的偵探	-6.17843815	acg
ㄍㄟˇ-ㄒㄧㄠˇ-ㄊㄠˊ-ㄉㄜ˙-ㄒㄧㄣˋ	給小桃的信	-6.17843815	acg
ㄐㄩㄢˋ-ㄉㄞˋ	絹代	-7.17149945	acg
ㄨㄟˊ-ㄐㄧㄥ-ㄕㄡˋ	維京獸	-7.04116568	acg
ㄨㄟˊ-ㄎㄜˋ-ㄉㄨㄛ	維克多	-7.04116568	acg
ㄨㄟˊ-ㄌㄜˋ-ㄢ	維勒安	-7.04116568	acg
ㄈㄟ-ㄙㄜˋ-ㄉㄜ˙-ㄉㄢˋ-ㄨㄢˊ	緋色的彈丸	-6.17843815	acg
ㄇㄧㄢˇ-ㄧㄣ-ㄇㄠ-ㄕㄡˋ	緬因貓獸	-6.60980192	acg
ㄇㄧㄢˇ-ㄆㄛˋ-ㄕㄡˋ	緬破獸	-7.04116568	acg
ㄅㄧㄣ-ㄈㄣ-ㄙㄜˋ-ㄘㄞˇ	繽紛色彩	-6.60980192	acg
ㄌㄨㄛˊ-ㄌㄨㄣˊ-ㄗㄨㄛˇ	羅倫佐	-7.04116568	acg
ㄌㄨㄛˊ-ㄇㄧˋ-ㄡ-ㄉㄜ˙-ㄌㄢˊ-ㄊㄧㄢ	羅密歐的藍天	-5.74707439	acg
ㄌㄨㄛˊ-ㄍㄣ	羅根	-7.17149945	acg
ㄌㄨㄛˊ-ㄅㄟˋ	羅貝	-7.17149945	acg
ㄌㄨㄛˊ-ㄉㄧˊ	羅迪	-7.17149945	acg
ㄇㄟˇ-ㄆㄛ	美波	-7.17149945	acg
ㄇㄟˇ-ㄧㄚˇ-ㄌㄧˊ	美雅麗	-7.04116568	acg
ㄈㄟˇ-ㄘㄨㄟˋ-ㄙㄣ-ㄌㄧㄣˊ-ㄌㄤˊ-ㄩˇ-ㄧㄤˊ	翡翠森林狼與羊	-5.74707439	acg
ㄧˋ-ㄕㄣˊ-ㄕˋ-ㄧㄣ	翼神世音	-6.60980192	acg
ㄎㄠˇ-ㄌㄟˊ-ㄙ-ㄊㄚˇ-ㄗ	考雷斯塔茲	-6.17843815	acg
ㄕㄥˋ-ㄏㄨㄛˇ-ㄒㄧㄤˊ-ㄇㄛˊ-ㄌㄨˋ	聖火降魔錄	-6.17843815	acg
ㄕㄥˋ-ㄌㄨㄥˊ-ㄕㄡˋ	聖龍獸	-7.04116568	acg
ㄎㄣˇ-ㄣ	肯恩	-7.17149945	acg
ㄎㄣˇ-ㄆㄨˇ-ㄈㄚˇ	肯普法	-7.04116568	acg
ㄆㄤˋ-ㄎㄜˇ-ㄉㄧㄥ	胖可丁	-7.04116568	acg
ㄏㄨˊ-ㄌㄧˋ-ㄡ	胡立歐	-7.04116568	acg
ㄏㄨˊ-ㄈㄥ-ㄕㄡˋ	胡蜂獸	-7.04116568	acg
ㄞˋ-ㄦˊ	艾兒	-7.17149945	acg
ㄞˋ-ㄈㄢˊ-ㄙ-ㄈㄨ-ㄖㄣˊ	艾凡斯夫人	-6.17843815	acg
ㄞˋ-ㄌㄧˋ-ㄎㄜˋ-ㄒㄧ	艾力克希	-6.60980192	acg
ㄞˋ-ㄎㄜˇ	艾可	-7.17149945	acg
ㄞˋ-ㄇㄧ	艾咪	-7.17149945	acg
ㄞˋ-ㄉㄜˊ-ㄇㄥˊ	艾德蒙	-7.04116568	acg
ㄞˋ-ㄌㄚ	艾拉	-7.17149945	acg
ㄞˋ-ㄦˇ-ㄐㄧㄚ-ㄌㄨㄥˊ	艾爾加隆	-6.60980192	acg
ㄞˋ-ㄖㄨㄟˋ-ㄦˊ	艾瑞兒	-7.04116568	acg
ㄞˋ-ㄕㄚ	艾莎	-7.17149945	acg
ㄞˋ-ㄌㄢˊ-ㄌㄧˇ-ㄧㄚˇ	艾蘭里亞	-6.60980192	acg
ㄞˋ-ㄌㄨˋ	艾露	-7.17149945	acg
ㄅㄚ-ㄅㄚ	芭芭	-7.17149945	acg
ㄏㄨㄚ-ㄌㄟˇ-ㄕㄡˋ	花蕾獸	-7.04116568	acg
ㄏㄨㄚ-ㄎㄞ-ㄨˋ-ㄩˇ	花開物語	-6.60980192	acg
ㄧㄥ-ㄒㄩㄥˊ-ㄉㄚˋ-ㄉㄧˋ	英雄大帝	-6.60980192	acg
ㄓㄨ-ㄌㄧˋ	茱莉	-7.17149945	acg
ㄗ-ㄎㄚˇ-ㄎㄜˋ	茲卡克	-7.04116568	acg
ㄗ-ㄎㄡˋ-ㄎㄜˋ	茲寇克	-7.04116568	acg
ㄘㄠˇ-ㄊㄧˋ-ㄍㄨㄟˋ	草薙桂	-7.04116568	acg
ㄌㄧˋ-ㄗ	莉茲	-7.17149945	acg
ㄌㄧˋ-ㄌㄧˋ-ㄧㄚˇ	莉莉亞	-7.04116568	acg
ㄌㄧˋ-ㄌㄧˋ-ㄙ-ㄕㄡˋ	莉莉絲獸	-6.60980192	acg
ㄕㄚ-ㄒㄧㄚˋ	莎夏	-7.17149945	acg
ㄇㄛˋ-ㄦˇ-ㄇㄛˋ	莫爾墨	-7.04116568	acg
ㄇㄛˋ-ㄌㄧˇ-ㄙ	莫里斯	-7.04116568	acg
ㄇㄛˋ-ㄌㄨˇ	莫魯	-7.17149945	acg
ㄏㄨㄚˊ-ㄌㄨㄣˊ	華倫	-7.17149945	acg
ㄏㄨㄚˊ-ㄌㄧˋ-ㄙ	華力斯	-7.04116568	acg
ㄏㄨㄚˊ-ㄊㄜˋ-ㄉㄧˊ-ㄕˋ-ㄋㄧˊ	華特迪士尼	-6.17843815	acg
ㄏㄨㄚˊ-ㄌㄧˋ-ㄕㄡˋ	華麗獸	-7.04116568	acg
ㄌㄞˊ-ㄉㄜˊ	萊德	-7.17149945	acg
ㄌㄞˊ-ㄌㄚ	萊拉	-7.17149945	acg
ㄨㄢˋ-ㄏㄨㄚ-ㄊㄨㄥˇ-ㄓ-ㄒㄧㄥ	萬花筒之星	-6.17843815	acg
ㄨㄢˋ-ㄌㄧˇ-ㄒㄩㄣˊ-ㄇㄨˇ	萬里尋母	-6.60980192	acg
ㄍㄜˇ-ㄆㄧˋ	葛屁	-7.17149945	acg
ㄍㄜˇ-ㄌㄚ-ㄎㄜˋ-ㄌㄤˇ	葛拉克朗	-6.60980192	acg
ㄍㄜˇ-ㄌㄚ-ㄨㄣˊ	葛拉文	-7.04116568	acg
ㄍㄜˇ-ㄌㄚ-ㄏㄢˋ	葛拉漢	-7.04116568	acg
ㄍㄜˇ-ㄌㄨㄛˊ	葛羅	-7.17149945	acg
ㄍㄜˇ-ㄌㄨㄛˊ-ㄇㄚˇ-ㄒㄩˇ	葛羅瑪許	-6.60980192	acg
ㄍㄜˇ-ㄌㄟˊ-ㄇㄧˇ	葛雷米	-7.04116568	acg
ㄇㄥˊ-ㄇㄧㄢˋ-ㄒㄧㄚˊ-ㄙㄨ-ㄌㄨㄛˋ-ㄔㄨㄢˊ	蒙面俠蘇洛傳	-5.74707439	acg
ㄘㄤ-ㄌㄟˊ	蒼雷	-7.17149945	acg
ㄘㄤ-ㄌㄨˋ-ㄩˇ-ㄕㄠˋ-ㄋㄧㄢˊ	蒼鷺與少年	-6.17843815	acg
ㄍㄞˋ-ㄧㄚˇ	蓋亞	-7.17149945	acg
ㄍㄞˋ-ㄅㄨˋ-ㄖㄨㄟˋ	蓋布瑞	-7.04116568	acg
ㄍㄞˋ-ㄌㄨㄛˋ	蓋洛	-7.17149945	acg
ㄍㄞˋ-ㄊㄜˋ-ㄐㄧ-ㄑㄧˋ-ㄖㄣˊ	蓋特機器人	-6.17843815	acg
ㄙㄨㄛ-ㄔㄨㄥˊ-ㄕㄡˋ	蓑蟲獸	-7.04116568	acg
ㄨㄟˋ-ㄌㄢˊ-ㄉㄤˇ-ㄢˋ	蔚藍檔案	-6.60980192	acg
ㄌㄟˇ-ㄌㄟˇ	蕾蕾	-7.17149945	acg
ㄙㄚˋ-ㄎㄨˋ-ㄕㄡˋ	薩庫獸	-7.04116568	acg
ㄙㄚˋ-ㄕㄚ-ㄌㄧˇ-ㄢ	薩沙理安	-6.60980192	acg
ㄙㄚˋ-ㄦˇ-ㄋㄚˋ-ㄐㄧㄚ	薩爾納加	-6.60980192	acg
ㄕㄨˇ-ㄊㄧㄠˊ-ㄕㄡˋ	薯條獸	-7.04116568	acg
ㄌㄢˊ-ㄅㄠˇ	藍寶	-7.17149945	acg
ㄌㄢˊ-ㄙㄜˋ-ㄎㄨㄥˇ-ㄐㄩˋ	藍色恐懼	-6.60980192	acg
ㄌㄢˊ-ㄉㄠˋ	藍道	-7.17149945	acg
ㄊㄥˊ-ㄏㄨˊ-ㄕㄡˋ	藤壺獸	-7.04116568	acg
ㄒㄩ-ㄇㄟˋ	虛妹	-7.17149945	acg
ㄒㄩ-ㄏㄨㄢˋ-ㄩㄥˇ-ㄕˋ	虛幻勇士	-6.60980192	acg
ㄒㄩ-ㄎㄨㄥ-ㄐㄧㄢˋ	虛空艦	-7.04116568	acg
ㄑㄧㄥ-ㄊㄧㄥˊ-ㄕㄡˋ	蜻蜓獸	-7.04116568	acg
ㄅㄧㄢ-ㄈㄨˊ-ㄕㄡˋ	蝙蝠獸	-7.04116568	acg
ㄆㄤˊ-ㄒㄧㄝˋ-ㄕㄡˋ	螃蟹獸	-7.04116568	acg
ㄧㄥˊ-ㄏㄨㄛˇ-ㄔㄨㄥˊ-ㄓ-ㄇㄨˋ	螢火蟲之墓	-6.17843815	acg
ㄌㄨㄛˊ-ㄒㄩㄢˊ-ㄊㄚˇ	螺旋塔	-7.04116568	acg
ㄓㄤ-ㄌㄤˊ-ㄕㄡˋ	蟑螂獸	-7.04116568	acg
ㄔㄨㄥˊ-ㄔㄠˊ	蟲巢	-7.17149945	acg
ㄔㄨㄥˊ-ㄗㄨˊ	蟲族	-7.17149945	acg
ㄔㄨㄥˊ-ㄗㄨˊ-ㄓ-ㄒㄧㄣ	蟲族之心	-6.60980192	acg
ㄔㄨㄥˊ-ㄔㄨㄥˊ-ㄕㄡˋ	蟲蟲獸	-7.04116568	acg
ㄒㄧㄝˇ-ㄌㄤˊ-ㄕㄡˋ	血狼獸	-7.04116568	acg
ㄔㄨㄥ-ㄅㄚ˙-ㄌㄧㄝˋ-ㄗˇ	衝吧烈子	-6.60980192	acg
ㄘㄞˊ-ㄐㄩㄝˊ-ㄕㄡˋ	裁決獸	-7.04116568	acg
ㄑㄧㄡˊ-ㄌㄧˋ	裘莉	-7.17149945	acg
ㄈㄨˋ-ㄧㄢˇ-ㄕㄡˋ	複眼獸	-7.04116568	acg
ㄈㄨˋ-ㄓˋ-ㄖㄣˊ	複製人	-7.04116568	acg
ㄐㄧㄠˇ-ㄌㄨㄥˊ-ㄕㄡˋ	角龍獸	-7.04116568	acg
ㄐㄧˋ-ㄧˋ-ㄓ-ㄌㄧㄢˋ	記憶之鍊	-6.60980192	acg
ㄋㄨㄛˋ-ㄧ-ㄇㄢˋ	諾伊曼	-7.04116568	acg
ㄋㄨㄛˋ-ㄎㄜˋ-ㄙ	諾克斯	-7.04116568	acg
ㄋㄨㄛˋ-ㄨㄚˊ-ㄊㄜˋ-ㄨˋ-ㄇㄧˋ-ㄌㄧㄥˋ	諾娃特務密令	-5.74707439	acg
ㄋㄨㄛˋ-ㄋㄚˋ	諾娜	-7.17149945	acg
ㄋㄨㄛˋ-ㄌㄚ	諾拉	-7.17149945	acg
ㄋㄨㄛˋ-ㄅㄛˊ-ㄉㄨㄛ	諾柏多	-7.04116568	acg
ㄋㄨㄛˋ-ㄌㄢˊ-ㄉㄜˊ	諾蘭德	-7.04116568	acg
ㄅㄧㄢˋ-ㄒㄧㄥˊ-ㄐㄧㄣ-ㄍㄤ-ㄐㄧㄣˋ-ㄏㄨㄚˋ-ㄅㄢˇ	變形金剛進化版	-5.74707439	acg
ㄉㄡˋ-ㄉㄡˋ-ㄒㄧㄢ-ㄕㄥ	豆豆先生	-6.60980192	acg
ㄊㄨㄣˊ-ㄊㄨㄣˊ	豚豚	-7.17149945	acg
ㄇㄠ-ㄉㄜ˙-ㄅㄠˋ-ㄣ	貓的報恩	-6.60980192	acg
ㄅㄟˋ-ㄎㄜˋ-ㄉㄚˊ	貝克達	-7.04116568	acg
ㄅㄟˋ-ㄦˊ	貝兒	-7.17149945	acg
ㄅㄟˋ-ㄎㄚˇ	貝卡	-7.17149945	acg
ㄅㄟˋ-ㄅㄧˇ	貝比	-7.17149945	acg
ㄅㄟˋ-ㄑㄧˊ	貝琪	-7.17149945	acg
ㄅㄟˋ-ㄖㄨㄟˋ	貝瑞	-7.17149945	acg
ㄓㄣ-ㄉㄜˊ-ㄕㄡˋ	貞德獸	-7.04116568	acg
ㄈㄨˋ-ㄕㄨˇ-ㄕㄡˋ	負鼠獸	-7.04116568	acg
ㄈㄟˋ-ㄋㄢˊ-ㄉㄨㄛ	費南多	-7.04116568	acg
ㄏㄜˋ-ㄌㄞˊ-ㄕˋ	賀萊士	-7.04116568	acg
ㄐㄧㄚˇ-ㄨㄟˊ-ㄙ	賈維斯	-7.04116568	acg
ㄐㄧㄚˇ-ㄗ	賈茲	-7.17149945	acg
ㄙㄞˋ-ㄌㄚ-ㄙ	賽拉斯	-7.04116568	acg
ㄙㄞˋ-ㄨㄟˊ-ㄦˇ	賽維爾	-7.04116568	acg
ㄏㄜˋ-ㄌㄚ-ㄎㄜˋ-ㄌㄜˋ-ㄉㄨˊ-ㄐㄧㄠˇ-ㄒㄧㄢ-ㄕㄡˋ	赫拉克勒獨角仙獸	-5.74707439	acg
ㄏㄜˋ-ㄉㄨˋ-ㄌㄨㄣˊ	赫杜倫	-7.04116568	acg
ㄔㄠ-ㄕˊ-ㄎㄨㄥ-ㄓ-ㄧㄠˋ	超時空之鑰	-6.17843815	acg
ㄗㄨˊ-ㄌㄧˋ-ㄧˋ-ㄇㄢˇ	足利義滿	-6.60980192	acg
ㄊㄧㄠˋ-ㄊㄧㄠˋ-ㄕㄡˋ	跳跳獸	-7.04116568	acg
ㄖㄨㄢˇ-ㄊㄤˊ-ㄕㄡˋ	軟糖獸	-7.04116568	acg
ㄒㄧㄣ-ㄉㄜˊ-ㄌㄚ-ㄍㄡˇ-ㄕㄚ	辛德拉苟莎	-6.17843815	acg
ㄉㄚˊ-ㄖㄨㄟˋ-ㄢ	达瑞安	-7.04116568	acg
ㄐㄧㄚ-ㄌㄡˊ-ㄌㄨㄛˊ-ㄕㄡˋ	迦樓羅獸	-6.60980192	acg
ㄉㄧˊ-ㄐㄧㄝˊ	迪傑	-7.17149945	acg
ㄉㄧˊ-ㄍㄜ-ㄕㄡˋ	迪哥獸	-7.04116568	acg
ㄇㄧˊ-ㄍㄨㄥ-ㄉㄜ˙-ㄕˊ-ㄗˋ-ㄌㄨˋ	迷宮的十字路	-5.74707439	acg
ㄋㄧˋ-ㄒㄧˊ-ㄉㄜ˙-ㄒㄧㄚˋ-ㄧㄚˇ	逆襲的夏亞	-6.17843815	acg
ㄐㄧㄣˋ-ㄏㄨㄚˋ-ㄕˋ	進化室	-7.04116568	acg
ㄐㄧㄣˋ-ㄕㄥ-ㄅㄠˋ-ㄌㄨㄥˊ-ㄕㄡˋ	進昇暴龍獸	-6.17843815	acg
ㄧㄡˊ-ㄔㄥˊ-ㄕˊ-ㄉㄞˋ	遊城十代	-6.60980192	acg
ㄉㄚˊ-ㄧ-ㄉㄜ˙-ㄉㄚˋ-ㄇㄠˋ-ㄒㄧㄢˇ	達伊的大冒險	-5.74707439	acg
ㄉㄚˊ-ㄎㄜˋ-ㄋㄧˊ-ㄙ	達克妮絲	-6.60980192	acg
ㄉㄚˊ-ㄎㄜˋ-ㄏㄢˋ	達克汗	-7.04116568	acg
ㄉㄚˊ-ㄌㄧㄝˋ-ㄙ	達列斯	-7.04116568	acg
ㄇㄞˋ-ㄦˇ-ㄙ	邁爾斯	-7.04116568	acg
ㄒㄧㄝˊ-ㄌㄨㄥˊ-ㄕㄡˋ	邪龍獸	-7.04116568	acg
ㄓㄨㄥˋ-ㄌㄧˋ-ㄕㄡˋ	重力獸	-7.04116568	acg
ㄧㄝˇ-ㄌㄤˊ-ㄕㄡˋ	野狼獸	-7.04116568	acg
ㄐㄧㄣ-ㄍㄤ-ㄉㄚˋ-ㄇㄛˊ-ㄕㄣˊ	金剛大魔神	-6.17843815	acg
ㄐㄧㄣ-ㄍㄤ-ㄨˇ-ㄕㄣˊ-ㄕㄡˋ	金剛武神獸	-6.17843815	acg
ㄐㄧㄣ-ㄕㄨˇ-ㄐㄧㄚ-ㄌㄨˇ-ㄌㄨˇ-ㄕㄡˋ	金屬加魯魯獸	-5.74707439	acg
ㄐㄧㄣ-ㄕㄨˇ-ㄏㄨㄢˋ-ㄧㄥˇ-ㄕㄡˋ	金屬幻影獸	-6.17843815	acg
ㄧㄣˊ-ㄌㄤˊ-ㄕㄡˋ	銀狼獸	-7.04116568	acg
ㄧㄣˊ-ㄧˋ-ㄉㄜ˙-ㄑㄧˊ-ㄕㄨˋ-ㄕ	銀翼的奇術師	-5.74707439	acg
ㄍㄤ-ㄉㄢˋ-ㄔㄨㄤˋ-ㄉㄡˋ-ㄓㄜˇ	鋼彈創鬥者	-6.17843815	acg
ㄍㄤ-ㄊㄧㄝˇ-ㄏㄞˇ-ㄌㄨㄥˊ-ㄕㄡˋ	鋼鐵海龍獸	-6.17843815	acg
ㄑㄧㄢˊ-ㄋㄧˊ	錢尼	-7.17149945	acg
ㄐㄧㄢˋ-ㄊㄧㄢ-ㄕˇ-ㄕㄡˋ	鍵天使獸	-6.60980192	acg
ㄊㄧㄝˇ-ㄒㄧㄝˇ-ㄍㄨ-ㄦˊ	鐵血孤兒	-6.60980192	acg
ㄗㄨㄢ-ㄉㄧˋ-ㄕㄡˋ	鑽地獸	-7.04116568	acg
ㄔㄤˊ-ㄇㄣˊ-ㄧㄡˇ-ㄒㄧ	長門有希	-6.60980192	acg
ㄕㄢˇ-ㄍㄨㄤ-ㄉㄜ˙-ㄏㄚ-ㄙㄚˋ-ㄨㄟ	閃光的哈薩威	-5.74707439	acg
ㄕㄢˇ-ㄉㄧㄝˊ-ㄕㄡˋ	閃蝶獸	-7.04116568	acg
ㄎㄞ-ㄊㄤˊ-ㄕㄡˇ-ㄐㄧㄝˊ-ㄎㄜˋ	開膛手傑克	-6.17843815	acg
ㄢˋ-ㄐㄧㄥ-ㄌㄧㄥˊ	闇精靈	-7.04116568	acg
ㄚ-ㄒㄧㄡ	阿修	-7.17149945	acg
ㄚ-ㄒㄧㄡ-ㄌㄨㄛˊ-ㄕㄡˋ	阿修羅獸	-6.60980192	acg
ㄚ-ㄎㄜˋ-ㄊㄨˊ-ㄌㄨㄛˋ-ㄙ	阿克圖洛斯	-6.17843815	acg
ㄚ-ㄎㄜˋ-ㄧㄚˋ	阿克婭	-7.04116568	acg
ㄚ-ㄌㄚˊ-ㄎㄜˋ-ㄋㄧㄝˋ-ㄕㄡˋ	阿剌克涅獸	-6.17843815	acg
ㄚ-ㄎㄚˇ-ㄏㄢˋ	阿卡漢	-7.04116568	acg
ㄚ-ㄐㄧ	阿基	-7.17149945	acg
ㄚ-ㄈㄨ-ㄇㄣˊ-ㄉㄜˊ	阿夫門德	-6.60980192	acg
ㄚ-ㄔㄜˋ	阿徹	-7.17149945	acg
ㄚ-ㄍㄜˊ-ㄋㄧˊ	阿格尼	-7.04116568	acg
ㄚ-ㄦˇ-ㄇㄚˇ	阿爾瑪	-7.04116568	acg
ㄚ-ㄊㄜˋ-ㄌㄚ-ㄉㄨˊ-ㄐㄧㄠˇ-ㄒㄧㄢ-ㄕㄡˋ	阿特拉獨角仙獸	-5.74707439	acg
ㄚ-ㄒㄩ	阿虛	-7.17149945	acg
ㄚ-ㄉㄚˊ-ㄡ	阿達歐	-7.04116568	acg
ㄧㄤˊ-ㄅㄣˇ-ㄇㄧㄥˊ-ㄌㄧˇ	陽本明里	-6.60980192	acg
ㄍㄜˊ-ㄅㄧˋ-ㄉㄜ˙-ㄕㄢ-ㄊㄧㄢˊ-ㄐㄩㄣ	隔壁的山田君	-5.74707439	acg
ㄩㄣˇ-ㄕˊ-ㄕㄡˋ	隕石獸	-7.04116568	acg
ㄧㄚˇ-ㄌㄧˋ-ㄕˇ-ㄓㄨㄛˊ-ㄕㄚ	雅立史卓莎	-6.17843815	acg
ㄗㄚˊ-ㄘㄠˇ-ㄕㄡˋ	雜草獸	-7.04116568	acg
ㄒㄩㄝˇ-ㄇㄢˋ	雪曼	-7.17149945	acg
ㄩㄣˊ-ㄏㄟ-ㄓㄞ-ㄉㄜ˙-ㄧㄝˇ-ㄒㄧㄣ	雲黑齋的野心	-5.74707439	acg
ㄌㄟˊ-ㄣ-ㄏㄚ-ㄊㄜˋ	雷恩哈特	-6.60980192	acg
ㄌㄟˊ-ㄡ-ㄙ	雷歐斯	-7.04116568	acg
ㄌㄟˊ-ㄕㄣˊ-ㄓ-ㄔㄨㄟˊ	雷神之鎚	-6.60980192	acg
ㄌㄟˊ-ㄉㄧㄢˋ-ㄑㄧㄡˊ-ㄕㄡˋ	雷電球獸	-6.60980192	acg
ㄏㄨㄛˋ-ㄎㄜˋ	霍克	-7.17149945	acg
ㄏㄨㄛˋ-ㄦˇ-ㄉㄜ˙-ㄧˊ-ㄉㄨㄥˋ-ㄔㄥˊ-ㄅㄠˇ	霍爾的移動城堡	-5.74707439	acg
ㄌㄨˋ-ㄎㄜˋ-ㄌㄟˇ-ㄑㄧˊ-ㄧㄚˇ	露克蕾琪亞	-6.17843815	acg
ㄌㄨˋ-ㄑㄧˊ-ㄧㄚˇ	露琪亞	-7.04116568	acg
ㄌㄨˋ-ㄌㄧˋ	露莉	-7.17149945	acg
ㄅㄚˋ-ㄉㄜˊ	霸德	-7.17149945	acg
ㄏㄢˊ-ㄙㄣ	韓森	-7.17149945	acg
ㄧㄣ-ㄨˊ-ㄐㄧㄝˊ-ㄒㄧㄢˊ	音無結弦	-6.60980192	acg
ㄧㄣ-ㄙㄨˋ-ㄒㄧㄠˇ-ㄗˇ	音速小子	-6.60980192	acg
ㄧㄣ-ㄙㄨˋ-ㄕㄡˋ	音速獸	-7.04116568	acg
ㄒㄧㄢˇ-ㄕˋ-ㄆㄧㄥˊ-ㄕㄡˋ	顯示屏獸	-6.60980192	acg
ㄒㄧㄢˇ-ㄕˋ-ㄕㄡˋ	顯示獸	-7.04116568	acg
ㄈㄥ-ㄕㄣˊ-ㄕㄡˋ	風神獸	-7.04116568	acg
ㄈㄥ-ㄙ-ㄏㄨㄚˊ-ㄉㄧㄢˋ	風絲華電	-6.60980192	acg
ㄈㄥ-ㄐㄧㄢˋ-ㄖㄨㄟˋ-ㄙㄨㄟˋ	風見瑞穗	-6.60980192	acg
ㄈㄥ-ㄑㄧˇ	風起	-7.17149945	acg
ㄈㄥ-ㄑㄧˇ-ㄩㄣˊ-ㄩㄥˇ-ㄉㄜ˙-ㄘㄨㄥˊ-ㄌㄧㄣˊ-ㄇㄠˋ-ㄒㄧㄢˇ	風起雲湧的叢林冒險	-5.74707439	acg
ㄈㄟ-ㄍㄜ-ㄩˇ-ㄒㄧㄠˇ-ㄈㄛˊ	飛哥與小佛	-6.17843815	acg
ㄈㄟ-ㄊㄤˊ	飛螳	-7.17149945	acg
ㄈㄟ-ㄌㄨㄥˊ-ㄕㄡˋ	飛龍獸	-7.04116568	acg
ㄅㄠˇ-ㄍㄜˊ-ㄕㄡˋ	飽嗝獸	-7.04116568	acg
ㄊㄨㄛˊ-ㄌㄨˋ-ㄕㄡˋ	駝鹿獸	-7.04116568	acg
ㄑㄧˊ-ㄕˋ-ㄕㄡˋ	騎士獸	-7.04116568	acg
ㄍㄠ-ㄌㄧˋ-ㄕㄡˋ	高力獸	-7.04116568	acg
ㄍㄠ-ㄦˇ	高爾	-7.17149945	acg
ㄍㄠ-ㄉㄧㄥ-ㄋㄞˋ-ㄧㄝˋ	高町奈葉	-6.60980192	acg
ㄉㄡˋ-ㄓㄣˋ-ㄊㄜˋ-ㄍㄨㄥ	鬥陣特攻	-6.60980192	acg
ㄍㄨㄟˇ-ㄍㄨㄞˋ-ㄕㄡˋ	鬼怪獸	-7.04116568	acg
ㄇㄟˋ-ㄊㄚˇ-ㄑㄧˊ-ㄕˋ	魅塔騎士	-6.60980192	acg
ㄇㄛˊ-ㄖㄣˊ-ㄆㄨˇ-ㄨ	魔人普烏	-6.60980192	acg
ㄇㄛˊ-ㄋㄩˇ-ㄆㄧㄥ	魔女乒	-7.04116568	acg
ㄇㄛˊ-ㄋㄩˇ-ㄆㄤ	魔女乓	-7.04116568	acg
ㄇㄛˊ-ㄋㄩˇ-ㄕˇ-ㄌㄨㄥˊ	魔女史隆	-6.60980192	acg
ㄇㄛˊ-ㄋㄩˇ-ㄏㄚ-ㄊㄜˋ	魔女哈特	-6.60980192	acg
ㄇㄛˊ-ㄋㄩˇ-ㄊㄤˊ	魔女唐	-7.04116568	acg
ㄇㄛˊ-ㄋㄩˇ-ㄇㄥˋ-ㄌㄨˋ	魔女夢露	-6.60980192	acg
ㄇㄛˊ-ㄋㄩˇ-ㄆㄚˋ-ㄌㄚ	魔女帕拉	-6.60980192	acg
ㄇㄛˊ-ㄋㄩˇ-ㄌㄨㄛˋ-ㄎㄜˋ-ㄕㄚ	魔女洛克莎	-6.17843815	acg
ㄇㄛˊ-ㄋㄩˇ-ㄌㄧㄣˊ	魔女琳	-7.04116568	acg
ㄇㄛˊ-ㄋㄩˇ-ㄌㄞˊ-ㄌㄚ	魔女萊拉	-6.60980192	acg
ㄇㄛˊ-ㄈㄚˇ-ㄍㄨㄥ-ㄓㄨˇ	魔法公主	-6.60980192	acg
ㄇㄛˊ-ㄈㄚˇ-ㄇㄧ-ㄌㄨˋ-ㄇㄧ-ㄌㄨˋ	魔法咪路咪路	-5.74707439	acg
ㄋㄧㄠˇ-ㄌㄨㄥˊ-ㄕㄡˋ	鳥龍獸	-7.04116568	acg
ㄈㄥˋ-ㄨㄤˊ	鳳王	-7.17149945	acg
ㄏㄜˋ-ㄨ-ㄒㄩㄝˊ-ㄐㄧㄝˇ	鶴屋學姐	-6.60980192	acg
ㄇㄞˋ-ㄌㄧˋ-ㄎㄜˋ-ㄓㄨㄥ-ㄕˋ	麥利克中士	-6.17843815	acg
ㄇㄞˋ-ㄌㄨㄛˋ	麥洛	-7.17149945	acg
ㄇㄞˋ-ㄊㄜˋ	麥特	-7.17149945	acg
ㄏㄨㄤˊ-ㄐㄧㄣ-ㄐㄧㄢˋ-ㄕ-ㄕㄡˋ	黃金劍獅獸	-6.17843815	acg
ㄏㄨㄤˊ-ㄐㄧㄣ-ㄒㄧㄤ-ㄕㄡˋ	黃金鄉獸	-6.60980192	acg
ㄏㄨㄤˊ-ㄐㄧㄣ-ㄐㄧㄢˋ-ㄉㄧㄝˊ-ㄉㄚˋ-ㄗㄨㄛˋ-ㄓㄢˋ	黃金間諜大作戰	-5.74707439	acg
ㄏㄟ-ㄉㄚˋ-ㄦˇ-ㄕㄡˋ	黑大耳獸	-6.60980192	acg
ㄏㄟ-ㄢˋ-ㄐㄩˋ-ㄌㄨㄥˊ-ㄕㄡˋ	黑暗巨龍獸	-6.17843815	acg
ㄏㄟ-ㄢˋ-ㄌㄤˋ-ㄔㄠˊ	黑暗浪潮	-6.60980192	acg
ㄏㄟ-ㄢˋ-ㄓㄨ-ㄓㄨ-ㄉㄚˋ-ㄓㄨㄟ-ㄐㄧˊ	黑暗珠珠大追擊	-5.74707439	acg
ㄏㄟ-ㄢˋ-ㄇㄧㄢˋ-ㄅㄧㄢ-ㄋㄧㄢˊ-ㄕˇ	黑暗面編年史	-5.74707439	acg
ㄏㄟ-ㄢˋ-ㄑㄧˊ-ㄕˋ-ㄕㄡˋ	黑暗騎士獸	-6.17843815	acg
ㄉㄞˋ-ㄒㄧ	黛西	-7.17149945	acg
ㄑㄧˊ-ㄎㄜˋ	齊克	-7.17149945	acg
ㄌㄨㄥˊ-ㄧㄚˇ	龍亞	-7.17149945	acg
ㄌㄨㄥˊ-ㄎㄜˇ	龍可	-7.17149945	acg
ㄌㄨㄥˊ-ㄩˇ-ㄑㄩㄝˋ-ㄅㄢ-ㄍㄨㄥ-ㄓㄨˇ	龍與雀斑公主	-5.74707439	acg
ㄧ-ㄓ-ㄐㄧㄝˋ	一之介	-7.04116568	acg
ㄧˋ-ㄓ-ㄐㄧㄝˋ	一之介	-7.54116568	acg
ㄧ-ㄓ-ㄌㄞˋ-ㄓˋ-ㄒㄧ	一之瀨志希	-6.17843815	acg
ㄧˋ-ㄓ-ㄌㄞˋ-ㄓˋ-ㄒㄧ	一之瀨志希	-6.67843815	acg
ㄧ-ㄓ-ㄌㄞˋ-ㄓㄣ-ㄕㄨˋ	一之瀨真樹	-6.17843815	acg
ㄧˋ-ㄓ-ㄌㄞˋ-ㄓㄣ-ㄕㄨˋ	一之瀨真樹	-6.67843815	acg
ㄧ-ㄒㄧㄡ	一休	-7.17149945	acg
ㄧˋ-ㄒㄧㄡ	一休	-7.67149945	acg
ㄧ-ㄉㄠ-ㄉㄨㄢˋ-ㄗㄨㄟˋ	一刀斷罪	-6.60980192	acg
ㄧˋ-ㄉㄠ-ㄉㄨㄢˋ-ㄗㄨㄟˋ	一刀斷罪	-7.10980192	acg
ㄧ-ㄑㄧㄢ-ㄌㄧㄥˊ-ㄧ-ㄧㄝˋ-ㄘㄠˇ	一千零一夜草	-5.74707439	acg
ㄧ-ㄘㄨㄣˋ-ㄈㄚˇ-ㄕ-ㄓ-ㄍㄨㄟˇ	一寸法師之鬼	-5.74707439	acg
ㄧˊ-ㄘㄨㄣˋ-ㄈㄚˇ-ㄕ-ㄓ-ㄍㄨㄟˇ	一寸法師之鬼	-6.24707439	acg
ㄧ-ㄓ-ㄒㄧㄠˇ-ㄌㄢˊ-ㄙㄢˇ	一支小藍傘	-6.17843815	acg
ㄧˋ-ㄓ-ㄒㄧㄠˇ-ㄌㄢˊ-ㄙㄢˇ	一支小藍傘	-6.67843815	acg
ㄧ-ㄨㄣˊ-ㄗˋ-ㄓㄨㄣˇ-ㄖㄣˊ	一文字隼人	-6.17843815	acg
ㄧˋ-ㄨㄣˊ-ㄗˋ-ㄓㄨㄣˇ-ㄖㄣˊ	一文字隼人	-6.67843815	acg
ㄧ-ㄌㄧㄡˇ-ㄓㄨㄥ-ㄕㄥ	一柳柊生	-6.60980192	acg
ㄧˋ-ㄌㄧㄡˇ-ㄓㄨㄥ-ㄕㄥ	一柳柊生	-7.10980192	acg
ㄧ-ㄊㄧㄠˊ-ㄏㄢˋ-ㄒㄧ	一條和希	-6.60980192	acg
ㄧˋ-ㄊㄧㄠˊ-ㄏㄢˋ-ㄒㄧ	一條和希	-7.10980192	acg
ㄧ-ㄊㄧㄠˊ-ㄌㄢˊ-ㄗˇ	一條蘭子	-6.60980192	acg
ㄧˋ-ㄊㄧㄠˊ-ㄌㄢˊ-ㄗˇ	一條蘭子	-7.10980192	acg
ㄧ-ㄇㄨˋ-ㄌㄧㄢˊ	一目連	-7.04116568	acg
ㄧˊ-ㄇㄨˋ-ㄌㄧㄢˊ	一目連	-7.54116568	acg
ㄧ-ㄅㄢ-ㄔㄤˇ	一般場	-7.04116568	acg
ㄧˋ-ㄅㄢ-ㄔㄤˇ	一般場	-7.54116568	acg
ㄧ-ㄅㄢ-ㄑㄧㄤˊ-ㄏㄨㄚˋ-ㄌㄧㄥˊ-ㄐㄧㄢˋ	一般強化零件	-5.74707439	acg
ㄧˋ-ㄅㄢ-ㄑㄧㄤˊ-ㄏㄨㄚˋ-ㄌㄧㄥˊ-ㄐㄧㄢˋ	一般強化零件	-6.24707439	acg
ㄧ-ㄅㄢ-ㄇㄛˊ-ㄕˋ	一般模式	-6.60980192	acg
ㄧˋ-ㄅㄢ-ㄇㄛˊ-ㄕˋ	一般模式	-7.10980192	acg
ㄧ-ㄒㄧㄥˊ-ㄌㄧㄡˊ-ㄌㄧˊ	一行瑠璃	-6.60980192	acg
ㄧˋ-ㄒㄧㄥˊ-ㄌㄧㄡˊ-ㄌㄧˊ	一行瑠璃	-7.10980192	acg
ㄧ-ㄓㄡ-ㄋㄧㄢˊ-ㄐㄧˋ-ㄋㄧㄢˋ-ㄉㄢˋ-ㄍㄠ-ㄕㄡˇ-ㄌㄧㄡˊ-ㄉㄢˋ	一週年紀念蛋糕手榴彈	-5.74707439	acg
ㄧˋ-ㄓㄡ-ㄋㄧㄢˊ-ㄐㄧˋ-ㄋㄧㄢˋ-ㄉㄢˋ-ㄍㄠ-ㄕㄡˇ-ㄌㄧㄡˊ-ㄉㄢˋ	一週年紀念蛋糕手榴彈	-6.24707439	acg
ㄧ-ㄌㄤˊ-ㄧㄢˋ	一郎彥	-7.04116568	acg
ㄧˋ-ㄌㄤˊ-ㄧㄢˋ	一郎彥	-7.54116568	acg
ㄧ-ㄎㄜ-ㄏㄨㄞˋ-ㄆㄧㄥˊ-ㄍㄨㄛˇ	一顆壞蘋果	-6.17843815	acg
ㄧˋ-ㄎㄜ-ㄏㄨㄞˋ-ㄆㄧㄥˊ-ㄍㄨㄛˇ	一顆壞蘋果	-6.67843815	acg
ㄉㄧㄥ-ㄗˋ-ㄎㄨˋ-ㄋㄢˊ-ㄐㄩㄝˊ	丁字褲男爵	-6.17843815	acg
ㄉㄧㄥ-ㄗㄨㄛˋ	丁座	-7.17149945	acg
ㄉㄧㄥ-ㄘˋ	丁次	-7.17149945	acg
ㄑㄧ-ㄍㄜ˙-ㄋㄚˋ-ㄋㄚˋ	七個娜娜	-6.60980192	acg
ㄑㄧ-ㄓㄨˋ	七助	-7.17149945	acg
ㄑㄧ-ㄉㄚˋ-ㄖㄣˊ-ㄗㄠˋ-ㄖㄣˊ	七大人造人	-6.17843815	acg
ㄑㄧ-ㄉㄚˋ-ㄩㄢˊ-ㄗㄨㄟˋ	七大原罪	-6.60980192	acg
ㄑㄧ-ㄉㄚˋ-ㄍㄨㄞˋ-ㄊㄢˊ	七大怪談	-6.60980192	acg
ㄑㄧ-ㄒㄧㄥ-ㄕˋ-ㄌㄧˋ	七星勢力	-6.60980192	acg
ㄑㄧ-ㄊㄧㄠˊ-ㄌㄤˊ	七條郎	-7.04116568	acg
ㄑㄧ-ㄏㄞˇ-ㄅㄚ-ㄑㄧㄢ-ㄉㄞˋ	七海八千代	-6.17843815	acg
ㄑㄧ-ㄏㄞˇ-ㄧㄡˊ-ㄌㄨㄥˊ	七海遊龍	-6.60980192	acg
ㄑㄧ-ㄌㄞˋ-ㄨㄟˇ	七瀨唯	-7.04116568	acg
ㄑㄧ-ㄌㄞˋ-ㄒㄧㄥˋ-ㄐㄧㄚ	七瀨幸佳	-6.60980192	acg
ㄑㄧ-ㄌㄞˋ-ㄧㄠˊ	七瀨遙	-7.04116568	acg
ㄑㄧ-ㄕㄣˊ-ㄌㄧㄣˊ	七神琳	-7.04116568	acg
ㄑㄧ-ㄇㄛˊ-ㄐㄧㄢˋ-ㄓ-ㄆㄟˋ-ㄊㄧㄢ-ㄒㄧㄚˋ	七魔劍支配天下	-5.74707439	acg
ㄑㄧ-ㄌㄨㄥˊ-ㄓㄨ-ㄉㄚˋ-ㄇㄛˊ	七龍珠大魔	-6.17843815	acg
ㄙㄢ-ㄧ-ㄗˋ-ㄨㄟˋ-ㄉㄨㄟˋ	三一自衛隊	-6.17843815	acg
ㄙㄢ-ㄅㄨˋ-ㄍㄨㄢˇ-ㄉㄧˋ-ㄉㄞˋ	三不管地帶	-6.17843815	acg
ㄙㄢ-ㄖㄣˊ-ㄍㄜˋ-ㄉㄞˋ-ㄅㄧㄠˇ-ㄓㄜ˙-ㄧㄝˋ-ㄐㄧㄝˋ-ㄓ-ㄢˋ	三人各代表著業界之闇	-5.74707439	acg
ㄙㄢ-ㄖㄣˊ-ㄋㄧㄤˊ	三人娘	-7.04116568	acg
ㄙㄢ-ㄐㄧㄚ-ㄘㄨㄣ	三加村	-7.04116568	acg
ㄙㄢ-ㄔㄚ-ㄇㄠˊ	三叉矛	-7.04116568	acg
ㄙㄢ-ㄓㄨㄥˇ-ㄧㄥˋ-ㄗˇ	三塚映子	-6.60980192	acg
ㄙㄢ-ㄏㄠˇ-ㄒㄧㄚˋ-ㄌㄧㄣˇ	三好夏凜	-6.60980192	acg
ㄙㄢ-ㄏㄠˇ-ㄕㄚ-ㄋㄢˊ	三好紗南	-6.60980192	acg
ㄙㄢ-ㄓㄞˊ-ㄖˋ-ㄒㄧㄤˋ	三宅日向	-6.60980192	acg
ㄙㄢ-ㄒㄧㄠˇ-ㄉㄡˋ	三小豆	-7.04116568	acg
ㄙㄢ-ㄉㄠˇ-ㄌㄧˇ-ㄕㄚ	三島理沙	-6.60980192	acg
ㄙㄢ-ㄑㄧˊ-ㄓㄨㄛˊ-ㄙㄢ	三崎卓三	-6.60980192	acg
ㄙㄢ-ㄉㄠˇ	三嶋	-7.17149945	acg
ㄙㄢ-ㄒㄧㄥ-ㄇㄠ	三星貓	-7.04116568	acg
ㄙㄢ-ㄩㄝˋ-ㄧㄠˋ	三月鑰	-7.04116568	acg
ㄙㄢ-ㄘㄨㄣ-ㄐㄧㄚ-ㄋㄞˋ-ㄗˇ	三村加奈子	-6.17843815	acg
ㄙㄢ-ㄓ-ㄐㄧㄥ	三枝晶	-7.04116568	acg
ㄙㄢ-ㄓ-ㄧㄝˋ-ㄌㄧㄡˊ-ㄐㄧㄚ	三枝葉留佳	-6.17843815	acg
ㄙㄢ-ㄌㄧˋ-ㄔㄤ-ㄆㄨˊ	三栗菖蒲	-6.60980192	acg
ㄙㄢ-ㄑㄧㄠˊ-ㄨˋ	三橋悟	-7.04116568	acg
ㄙㄢ-ㄆㄨˇ-ㄇㄧㄥˊ-ㄌㄧㄤˊ	三浦明良	-6.60980192	acg
ㄙㄢ-ㄆㄨˇ-ㄒㄧㄡˋ	三浦秀	-7.04116568	acg
ㄙㄢ-ㄗㄜˊ-ㄑㄧㄢ-ㄑㄧㄡ	三澤千秋	-6.60980192	acg
ㄙㄢ-ㄗㄜˊ-ㄅㄨˇ-ㄒㄧˊ-ㄅㄢ	三澤補習班	-6.17843815	acg
ㄙㄢ-ㄇㄨˋ-ㄕㄤˋ-ㄌㄚˋ	三目上臈	-6.60980192	acg
ㄙㄢ-ㄧㄢˇ-ㄍㄨㄞˋ	三眼怪	-7.04116568	acg
ㄙㄢ-ㄧㄢˇ-ㄕㄣˊ-ㄊㄨㄥˊ	三眼神童	-6.60980192	acg
ㄙㄢ-ㄕˇ-ㄒㄩㄝˇ	三矢雪	-7.04116568	acg
ㄙㄢ-ㄎㄜ-ㄘㄠˇ-ㄊㄞˋ	三科草太	-6.60980192	acg
ㄙㄢ-ㄙㄨㄟˋ-ㄧㄝˇ-ㄒㄧㄥ-ㄌㄨㄛˊ	三穗野星羅	-6.17843815	acg
ㄙㄢ-ㄍㄨㄢˇ-ㄒㄧㄢˋ-ㄉㄢˋ-ㄑㄧㄤ	三管霰彈槍	-6.17843815	acg
ㄙㄢ-ㄔㄨㄢˊ-ㄇㄟˇ-ㄧㄡ	三船美優	-6.60980192	acg
ㄙㄢ-ㄧㄝˋ-ㄔㄨㄥˊ-ㄕˋ	三葉蟲式	-6.60980192	acg
ㄙㄢ-ㄗㄤˋ-ㄕㄡˋ	三藏獸	-7.04116568	acg
ㄙㄢ-ㄐㄧㄠˇ-ㄐㄧㄠ-ㄘㄨㄛˋ-ㄌㄧㄢˊ-ㄐㄧˊ	三角交錯連擊	-5.74707439	acg
ㄙㄢ-ㄐㄧㄠˇ-ㄒㄧㄥˊ-ㄓㄚˋ-ㄉㄢˋ	三角形炸彈	-6.17843815	acg
ㄙㄢ-ㄐㄧㄠˇ-ㄓㄡ-ㄅㄨˋ-ㄉㄨㄟˋ	三角洲部隊	-6.17843815	acg
ㄙㄢ-ㄐㄧㄠˇ-ㄕㄣˊ-ㄌㄧˋ-ㄙㄢ-ㄐㄧㄢˋ-ㄕˋ	三角神力三劍士	-5.74707439	acg
ㄙㄢ-ㄐㄧㄠˇ-ㄐㄧㄢˋ	三角箭	-7.04116568	acg
ㄙㄢ-ㄅㄧㄢˋ-ㄐㄧㄣ-ㄍㄤ	三變金剛	-6.60980192	acg
ㄙㄢ-ㄌㄨㄣˊ-ㄧ-ㄧㄢˊ	三輪一言	-6.60980192	acg
ㄙㄢ-ㄌㄨㄣˊ-ㄧˋ-ㄧㄢˊ	三輪一言	-7.10980192	acg
ㄙㄢ-ㄌㄨㄣˊ-ㄓˊ-ㄇㄟˇ	三輪直美	-6.60980192	acg
ㄙㄢ-ㄔㄨㄥˊ-ㄐㄧㄚ-ㄋㄨㄥˊ-ㄆㄠˋ	三重加農砲	-6.17843815	acg
ㄙㄢ-ㄔㄨㄥˊ-ㄒㄧㄠˇ-ㄉㄧㄠˋ-ㄑㄩˇ-ㄅㄠˋ-ㄊㄢˊ	三重小調曲爆彈	-5.74707439	acg
ㄙㄢ-ㄊㄡˊ-ㄌㄤˊ	三頭狼	-7.04116568	acg
ㄙㄢ-ㄊㄡˊ-ㄌㄨㄥˊ-ㄕㄡˋ	三頭龍獸	-6.60980192	acg
ㄕㄤˋ-ㄧ-ㄉㄞˋ-ㄍㄨㄤ-ㄓ-ㄇㄟˇ-ㄕㄠˋ-ㄋㄩˇ-ㄍㄨㄥ-ㄓㄨˇ	上一代光之美少女公主	-5.74707439	acg
ㄕㄤˋ-ㄧˊ-ㄉㄞˋ-ㄍㄨㄤ-ㄓ-ㄇㄟˇ-ㄕㄠˋ-ㄋㄩˇ-ㄍㄨㄥ-ㄓㄨˇ	上一代光之美少女公主	-6.24707439	acg
ㄕㄤˋ-ㄩㄢˊ-ㄒㄧㄠˇ-ㄧㄝˋ-ㄗˇ	上原小夜子	-6.17843815	acg
ㄕㄤˋ-ㄍㄨˇ-ㄐㄩㄢˋ-ㄓㄡˊ	上古卷軸	-6.60980192	acg
ㄕㄤˋ-ㄉㄠˇ-ㄕㄚ-ㄧㄝˊ-ㄒㄧㄤ	上島沙耶香	-6.17843815	acg
ㄕㄤˋ-ㄕㄢ-ㄕㄥˋ-ㄗˇ	上杉盛子	-6.60980192	acg
ㄕㄤˋ-ㄘㄨㄣ-ㄒㄧㄥˋ-ㄗˇ	上村幸子	-6.60980192	acg
ㄕㄤˋ-ㄉㄧˊ	上条	-7.17149945	acg
ㄕㄤˋ-ㄊㄧㄠˊ-ㄔㄨㄣ-ㄘㄞˋ	上條春菜	-6.60980192	acg
ㄕㄤˋ-ㄏㄞˇ-ㄙ-ㄐㄧ	上海司機	-6.60980192	acg
ㄕㄤˋ-ㄊㄧㄢˊ-ㄌㄧㄥˊ-ㄈㄢˊ	上田鈴帆	-6.60980192	acg
ㄕㄤˋ-ㄐㄧˊ-ㄉㄚˋ-ㄐㄧㄤˋ	上級大將	-6.60980192	acg
ㄕㄤˋ-ㄧㄥˊ-ㄇㄨˋ	上螢幕	-7.04116568	acg
ㄕㄤˋ-ㄒㄧ-ㄑㄧㄢ-ㄉㄞˋ-ㄗˇ	上西千代子	-6.17843815	acg
ㄕㄤˋ-ㄧㄡˊ-ㄒㄧㄣˋ-ㄒㄧˊ	上遊信息	-6.60980192	acg
ㄕㄤˋ-ㄧㄡˊ-ㄨㄤˇ-ㄌㄨㄛˋ	上遊網絡	-6.60980192	acg
ㄒㄧㄚˋ-ㄌㄧㄡˇ-ㄒㄩㄥˊ-ㄧ-ㄌㄤˊ	下柳雄一郎	-6.17843815	acg
ㄒㄧㄚˋ-ㄌㄧㄡˇ-ㄒㄩㄥˊ-ㄧˋ-ㄌㄤˊ	下柳雄一郎	-6.67843815	acg
ㄒㄧㄚˋ-ㄍㄤˇ-ㄓㄣˋ	下港鎮	-7.04116568	acg
ㄒㄧㄚˋ-ㄧㄥˊ-ㄇㄨˋ	下螢幕	-7.04116568	acg
ㄅㄨˋ-ㄌㄧㄝˋ-ㄉㄧㄢ-ㄋㄧˊ-ㄧㄚˇ	不列顛尼亞	-6.17843815	acg
ㄅㄨˊ-ㄌㄧㄝˋ-ㄉㄧㄢ-ㄋㄧˊ-ㄧㄚˇ	不列顛尼亞	-6.67843815	acg
ㄅㄨˋ-ㄌㄧㄝˋ-ㄉㄧㄢ-ㄋㄧˊ-ㄧㄚˇ-ㄏㄜˊ-ㄓㄨㄥˋ-ㄍㄨㄛˊ	不列顛尼亞合眾國	-5.74707439	acg
ㄅㄨˊ-ㄌㄧㄝˋ-ㄉㄧㄢ-ㄋㄧˊ-ㄧㄚˇ-ㄏㄜˊ-ㄓㄨㄥˋ-ㄍㄨㄛˊ	不列顛尼亞合眾國	-6.24707439	acg
ㄅㄨˋ-ㄌㄧㄝˋ-ㄉㄧㄢ-ㄨㄢˋ-ㄕㄥˋ-ㄓ-ㄧㄝˋ-ㄕˋ-ㄐㄧㄢˋ	不列顛萬聖之夜事件	-5.74707439	acg
ㄅㄨˊ-ㄌㄧㄝˋ-ㄉㄧㄢ-ㄨㄢˋ-ㄕㄥˋ-ㄓ-ㄧㄝˋ-ㄕˋ-ㄐㄧㄢˋ	不列顛萬聖之夜事件	-6.24707439	acg
ㄅㄨˋ-ㄍㄤ-ㄏㄠˇ-ㄋㄧㄠˇ	不剛好鳥	-6.60980192	acg
ㄅㄨˊ-ㄉㄨㄥˋ-ㄧㄡˊ-ㄒㄧㄥ	不動遊星	-6.60980192	acg
ㄅㄨˋ-ㄉㄨㄥˋ-ㄧㄡˊ-ㄒㄧㄥ	不動遊星	-7.10980192	acg
ㄅㄨˋ-ㄎㄜˇ-ㄧˇ-ㄕㄨㄛ	不可以說	-6.60980192	acg
ㄅㄨˋ-ㄎㄜˇ-ㄙ-ㄧˋ-ㄊㄨˊ-ㄕㄨ-ㄍㄨㄢˇ	不可思議圖書館	-5.74707439	acg
ㄅㄨˋ-ㄎㄜˇ-ㄙ-ㄧˋ-ㄉㄜ˙-ㄇㄠˋ-ㄗ˙	不可思議的帽子	-5.74707439	acg
ㄅㄨˋ-ㄒㄧㄡˇ-ㄓ-ㄅㄧˋ	不朽之壁	-6.60980192	acg
ㄅㄨˋ-ㄒㄧㄡˇ-ㄒㄧㄢ-ㄕㄥ	不朽先生	-6.60980192	acg
ㄅㄨˋ-ㄙˇ-ㄒㄩㄥ-ㄇㄧㄥˋ	不死凶命	-6.60980192	acg
ㄅㄨˊ-ㄇㄧㄝˋ-ㄓ-ㄕㄣ	不滅之身	-6.60980192	acg
ㄅㄨˋ-ㄇㄧㄝˋ-ㄓ-ㄕㄣ	不滅之身	-7.10980192	acg
ㄅㄨˋ-ㄌㄧˇ-ㄅㄨˋ-ㄌㄧˇ-ㄗㄨㄛˇ-ㄨㄟˋ-ㄇㄣˊ	不理不理左衛門	-5.74707439	acg
ㄅㄨˋ-ㄉㄤˋ-ㄍㄜ-ㄍㄜ˙-ㄌㄜ˙	不當哥哥了	-6.17843815	acg
ㄅㄨˊ-ㄉㄤˋ-ㄍㄜ-ㄍㄜ˙-ㄌㄜ˙	不當哥哥了	-6.67843815	acg
ㄅㄨˋ-ㄒㄧㄠˋ-ㄗˇ	不笑子	-7.04116568	acg
ㄅㄨˊ-ㄒㄧㄠˋ-ㄗˇ	不笑子	-7.54116568	acg
ㄅㄨˋ-ㄩㄢˊ	不緣	-7.17149945	acg
ㄅㄨˋ-ㄌㄧㄤˊ-ㄕㄠˋ-ㄋㄧㄢˊ-ㄕㄚ-ㄈㄚˇ	不良少年殺法	-5.74707439	acg
ㄅㄨˋ-ㄌㄧㄤˊ-ㄕㄡˇ-ㄌㄧㄥˇ	不良首領	-6.60980192	acg
ㄅㄨˋ-ㄒㄧㄥˊ-ㄑㄧㄤˊ	不行牆	-7.04116568	acg
ㄅㄨˋ-ㄑㄧˇ-ㄧㄢˇ-ㄋㄩˇ-ㄓㄨˇ-ㄐㄧㄠˇ-ㄆㄟˊ-ㄩˋ-ㄈㄚˇ	不起眼女主角培育法	-5.74707439	acg
ㄅㄨˋ-ㄌㄧㄥˊ-ㄇㄥˋ	不靈夢	-7.04116568	acg
ㄅㄨˋ-ㄈㄥ	不風	-7.17149945	acg
ㄔㄡˇ-ㄨㄟˇ-ㄎㄨㄢ-ㄓˋ	丑尾寬治	-6.60980192	acg
ㄕˋ-ㄔㄡˊ-ㄓ-ㄓㄢˋ	世仇之戰	-6.60980192	acg
ㄕˋ-ㄒㄧㄡ	世修	-7.17149945	acg
ㄕˋ-ㄐㄧㄝˋ-ㄔㄨㄢˊ-ㄑㄧˊ	世界傳奇	-6.60980192	acg
ㄕˋ-ㄐㄧㄝˋ-ㄇㄧㄥˊ-ㄗㄨㄛˋ-ㄐㄩˋ-ㄔㄤˇ	世界名作劇場	-5.74707439	acg
ㄕˋ-ㄐㄧㄝˋ-ㄉㄚˋ-ㄙㄞˋ	世界大賽	-6.60980192	acg
ㄕˋ-ㄐㄧㄝˋ-ㄞˋ-ㄑㄧㄥˊ-ㄑㄧㄡ-ㄅㄧˇ-ㄊㄜˋ	世界愛情邱比特	-5.74707439	acg
ㄕˋ-ㄐㄧㄝˋ-ㄓㄢˋ-ㄐㄩˊ	世界戰局	-6.60980192	acg
ㄕˋ-ㄐㄧㄝˋ-ㄐㄧㄡˋ-ㄒㄧㄥ	世界救星	-6.60980192	acg
ㄕˋ-ㄐㄧㄝˋ-ㄇㄛˋ-ㄖˋ-ㄕㄣˊ-ㄇㄛˊ-ㄕˋ	世界末日神模式	-5.74707439	acg
ㄕˋ-ㄐㄧㄝˋ-ㄕㄨˋ-ㄉㄨ-ㄕˋ	世界樹都市	-6.17843815	acg
ㄕˋ-ㄐㄧㄝˋ-ㄕㄨˋ-ㄍㄠ-ㄊㄚˇ	世界樹高塔	-6.17843815	acg
ㄕˋ-ㄐㄧㄝˋ-ㄌㄧˋ-ㄒㄧㄢˇ-ㄐㄧˋ	世界歷險記	-6.17843815	acg
ㄕˋ-ㄐㄧㄝˋ-ㄌㄧㄢˊ-ㄐㄩㄣ	世界聯軍	-6.60980192	acg
ㄕˋ-ㄐㄧㄝˋ-ㄐㄧㄝ-ㄊㄡˊ-ㄙㄞˋ-ㄔㄜ	世界街頭賽車	-5.74707439	acg
ㄕˋ-ㄐㄧㄝˋ-ㄗㄨˊ-ㄑㄧㄡˊ-ㄐㄧㄥˋ-ㄙㄞˋ	世界足球競賽	-5.74707439	acg
ㄕˋ-ㄐㄧˋ-ㄉㄧˋ-ㄍㄨㄛˊ	世紀帝國	-6.60980192	acg
ㄕˋ-ㄐㄧˋ-ㄓㄥ-ㄅㄚˋ	世紀爭霸	-6.60980192	acg
ㄕˋ-ㄌㄧㄤˊ-ㄓㄨㄥ-ㄉㄧㄢˇ	世良忠典	-6.60980192	acg
ㄕˋ-ㄗㄨˊ-ㄒㄧㄢˋ-ㄉㄧㄥˋ-ㄅㄢˇ	世足限定版	-6.17843815	acg
ㄑㄧㄡ-ㄅㄧˇ	丘比	-7.17149945	acg
ㄑㄧㄡ-ㄅㄧˇ-ㄕㄡˋ	丘比獸	-7.04116568	acg
ㄅㄧㄥˋ-ㄇㄨˋ-ㄧㄡ-ㄉㄡˇ	並木悠斗	-6.60980192	acg
ㄅㄧㄥˋ-ㄇㄨˋ-ㄧㄚˊ-ㄧ-ㄗˇ	並木芽衣子	-6.17843815	acg
ㄅㄧㄥˋ-ㄕㄥˋ-ㄊㄤˊ	並盛堂	-7.04116568	acg
ㄅㄧㄥˋ-ㄈㄟ-ㄗㄨㄟˋ-ㄏㄠˇ-ㄉㄜ˙-ㄅㄢˋ-ㄈㄚˇ	並非最好的辦法	-5.74707439	acg
ㄓㄨㄥ-ㄦˋ-ㄅㄧㄥˋ-ㄧㄝˇ-ㄒㄧㄤˇ-ㄊㄢˊ-ㄌㄧㄢˋ-ㄞˋ	中二病也想談戀愛	-5.74707439	acg
ㄓㄨㄥ-ㄗˇ	中仔	-7.17149945	acg
ㄓㄨㄥ-ㄩㄢˊ-ㄖㄨㄟˋ-ㄒㄧ	中原瑞希	-6.60980192	acg
ㄓㄨㄥ-ㄍㄨㄛˊ-ㄉㄚˋ-ㄌㄨˋ-ㄊㄜˋ-ㄓㄨㄥˇ-ㄅㄨˋ-ㄉㄨㄟˋ	中國大陸特種部隊	-5.74707439	acg
ㄓㄨㄥ-ㄧㄤ-ㄕㄥˋ-ㄊㄤˊ	中央聖堂	-6.60980192	acg
ㄓㄨㄥ-ㄈㄨˋ-ㄌㄧˇ-ㄘˋ-ㄌㄤˊ	中富禮次郎	-6.17843815	acg
ㄓㄨㄥ-ㄨ	中屋	-7.17149945	acg
ㄓㄨㄥ-ㄍㄤ-ㄧ-ㄧㄚˇ	中岡一雅	-6.60980192	acg
ㄓㄨㄥ-ㄍㄤ-ㄧˋ-ㄧㄚˇ	中岡一雅	-7.10980192	acg
ㄓㄨㄥ-ㄉㄠˇ-ㄒㄧㄡˋ	中島秀	-7.04116568	acg
ㄓㄨㄥ-ㄉㄠˇ-ㄐㄧˋ-ㄒㄧㄤ	中島紀香	-6.60980192	acg
ㄓㄨㄥ-ㄉㄠˇ-ㄌㄧˊ-ㄌㄨㄛˊ	中嶋麗羅	-6.60980192	acg
ㄓㄨㄥ-ㄔㄨㄢ-ㄍㄨㄥ-ㄗ˙	中川弓子	-6.60980192	acg
ㄓㄨㄥ-ㄔㄨㄢ-ㄒㄧㄤˊ-ㄊㄞˋ	中川翔太	-6.60980192	acg
ㄓㄨㄥ-ㄋㄧㄢˊ-ㄉㄚˋ-ㄕㄨˊ-ㄓㄨㄢˇ-ㄕㄥ-ㄈㄢˇ-ㄆㄞˋ-ㄑㄧㄢ-ㄐㄧㄣ	中年大叔轉生反派千金	-5.74707439	acg
ㄓㄨㄥ-ㄒㄧㄥˋ-ㄍㄤ-ㄉㄢˋ	中性鋼彈	-6.60980192	acg
ㄓㄨㄥ-ㄔㄨㄣ-ㄇㄧㄥˊ	中春鳴	-7.04116568	acg
ㄓㄨㄥ-ㄘㄨㄣ-ㄧㄡˊ-ㄒㄧㄤ-ㄌㄧˇ	中村由香里	-6.17843815	acg
ㄓㄨㄥ-ㄘㄨㄣ-ㄌㄩˋ	中村綠	-7.04116568	acg
ㄓㄨㄥ-ㄘㄨㄣ-ㄕ-ㄓ	中村詩織	-6.60980192	acg
ㄓㄨㄥ-ㄉㄨㄥ-ㄎㄨㄥˇ-ㄅㄨˋ-ㄧㄡˊ-ㄐㄧˊ-ㄅㄨˋ-ㄉㄨㄟˋ	中東恐怖遊擊部隊	-5.74707439	acg
ㄓㄨㄥ-ㄉㄨㄥ-ㄐㄧㄥ-ㄖㄨㄟˋ-ㄎㄨㄥˇ-ㄅㄨˋ-ㄈㄣˋ-ㄗˇ	中東精銳恐怖份子	-5.74707439	acg
ㄓㄨㄥ-ㄙㄣ-ㄑㄧㄥ-ㄗˇ	中森青子	-6.60980192	acg
ㄓㄨㄥ-ㄏㄜˊ	中河	-7.17149945	acg
ㄓㄨㄥ-ㄗㄜˊ-ㄓㄣ-ㄋㄚˋ-ㄇㄟˇ	中澤真那美	-6.17843815	acg
ㄓㄨㄥ-ㄇㄨˋ-ㄏㄟ-ㄏㄨㄚˊ-ㄉㄞˋ	中目黒華代	-6.17843815	acg
ㄓㄨㄥ-ㄔㄢˊ-ㄙˋ-ㄌㄠˇ-ㄕ-ㄧㄠ-ㄍㄨㄞˋ-ㄐㄧㄤˇ-ㄧˋ-ㄌㄨˋ	中禪寺老師妖怪講義錄	-5.74707439	acg
ㄓㄨㄥ-ㄏㄨㄚˊ-ㄏㄜˊ-ㄓㄨㄥˋ-ㄍㄨㄛˊ	中華合眾國	-6.17843815	acg
ㄓㄨㄥ-ㄧㄝˇ-ㄏㄨㄥˊ-ㄕㄨˋ	中野弘樹	-6.60980192	acg
ㄓㄨㄥ-ㄧㄝˇ-ㄐㄧㄝ-ㄉㄞˋ-ㄩㄢˊ	中野接待員	-6.17843815	acg
ㄓㄨㄥ-ㄧㄝˇ-ㄧㄡˇ-ㄒㄧㄤ	中野有香	-6.60980192	acg
ㄓㄨㄥ-ㄧㄝˇ-ㄇㄟˇ-ㄏㄜˋ	中野美鶴	-6.60980192	acg
ㄓㄨㄥ-ㄌㄨㄥˊ-ㄇㄠ	中龍貓	-7.04116568	acg
ㄨㄢˊ-ㄐㄧㄥˇ-ㄇㄚˇ-ㄌㄧˋ	丸井瑪莉	-6.60980192	acg
ㄨㄢˊ-ㄕㄢ-ㄧ	丸山一	-7.04116568	acg
ㄨㄢˊ-ㄕㄢ-ㄕㄚ-ㄒㄧ	丸山紗希	-6.60980192	acg
ㄨㄢˊ-ㄕㄢ-ㄇㄟˇ-ㄅㄠˇ	丸山美保	-6.60980192	acg
ㄨㄢˊ-ㄔㄨㄢ-ㄓㄥˋ-ㄖㄣˊ	丸川正人	-6.60980192	acg
ㄨㄢˊ-ㄅㄚˇ-ㄖㄣˋ	丸把刃	-7.04116568	acg
ㄨㄢˊ-ㄘㄤˊ-ㄓㄠˋ-ㄓˋ	丸藏兆治	-6.60980192	acg
ㄉㄢ-ㄉㄢ	丹丹	-7.17149945	acg
ㄉㄢ-ㄈㄛˊ-ㄙ	丹佛斯	-7.04116568	acg
ㄉㄢ-ㄐㄧˊ	丹吉	-7.17149945	acg
ㄉㄢ-ㄋㄧˊ-ㄧㄝˊ-ㄌㄚ	丹尼耶拉	-6.60980192	acg
ㄉㄢ-ㄉㄡˇ	丹斗	-7.17149945	acg
ㄉㄢ-ㄩˇ-ㄖㄣˊ-ㄇㄟˇ	丹羽仁美	-6.60980192	acg
ㄉㄢ-ㄇㄛˋ-ㄌㄨㄛˋ	丹莫洛	-7.04116568	acg
ㄓㄨˇ-ㄅㄠˇ	主堡	-7.17149945	acg
ㄓㄨˇ-ㄊㄧㄢ-ㄕˇ-ㄍㄤ-ㄉㄢˋ	主天使鋼彈	-6.17843815	acg
ㄓㄨˇ-ㄔˊ-ㄕㄡˋ	主持獸	-7.04116568	acg
ㄓㄨˇ-ㄌㄧㄡˊ-ㄇㄟˊ-ㄊㄧˇ	主流媒體	-6.60980192	acg
ㄓㄨˇ-ㄉㄧㄢˋ-ㄋㄠˇ	主電腦	-7.04116568	acg
ㄓㄨˇ-ㄇㄛˊ	主魔	-7.17149945	acg
ㄓㄨˇ-ㄇㄛˊ-ㄍㄤ-ㄉㄢˋ	主魔鋼彈	-6.60980192	acg
ㄋㄞˇ-ㄋㄞˇ	乃乃	-7.17149945	acg
ㄋㄞˇ-ㄋㄞˇ-ㄑㄧㄣ	乃乃親	-7.04116568	acg
ㄋㄞˇ-ㄞˋ	乃愛	-7.17149945	acg
ㄋㄞˇ-ㄇㄨˋ-ㄩㄢˊ-ㄗ˙	乃木園子	-6.60980192	acg
ㄋㄞˇ-ㄋㄚˋ	乃納	-7.17149945	acg
ㄋㄞˇ-ㄧㄣ-ㄨˊ-ㄆㄞ-ㄗ˙	乃音無拍子	-6.17843815	acg
ㄐㄧㄡˇ-ㄋㄞˇ-ㄇㄨˋ-ㄞˋ	久乃木愛	-6.60980192	acg
ㄐㄧㄡˇ-ㄐㄧㄡˇ-ㄌㄧˋ-ㄨˇ-ㄇㄧˊ	久久利武彌	-6.17843815	acg
ㄐㄧㄡˇ-ㄓㄨˋ-ㄨˇ-ㄗˇ	久住舞子	-6.60980192	acg
ㄐㄧㄡˇ-ㄅㄠˇ-ㄊㄧㄢˊ-ㄌㄧㄣˇ	久保田凜	-6.60980192	acg
ㄐㄧㄡˇ-ㄅㄠˇ-ㄊㄧㄢˊ-ㄓˋ-ㄙㄨㄟˋ	久保田志穗	-6.17843815	acg
ㄐㄧㄡˇ-ㄅㄠˇ-ㄚ-ㄗㄨㄛˇ-ㄇㄟˇ	久寶阿佐美	-6.17843815	acg
ㄐㄧㄡˇ-ㄔㄨㄢ-ㄓˇ	久川凪	-7.04116568	acg
ㄐㄧㄡˇ-ㄔㄨㄢ-ㄊㄧㄝˇ-ㄉㄠˋ	久川鐵道	-6.60980192	acg
ㄐㄧㄡˇ-ㄔㄨㄢ-ㄙㄚˋ	久川颯	-7.04116568	acg
ㄐㄧㄡˇ-ㄓㄠˇ-ㄕㄚ-ㄧㄡˊ	久沼紗由	-6.60980192	acg
ㄐㄧㄡˇ-ㄩㄢˇ-ㄙˋ-ㄙ	久遠寺司	-6.60980192	acg
ㄐㄧㄡˇ-ㄩㄢˇ-ㄙˋ-ㄑㄧㄥ-ㄓˋ	久遠寺清治	-6.17843815	acg
ㄐㄧㄡˇ-ㄩㄢˇ-ㄙˋ-ㄔㄥˊ	久遠寺誠	-6.60980192	acg
ㄓ-ㄅㄚ	之芭	-7.17149945	acg
ㄧˇ-ㄕˋ-ㄓㄠˋ-ㄑㄧㄣˊ	乙事照琴	-6.60980192	acg
ㄧˇ-ㄘㄤ-ㄧㄡ-ㄍㄨㄟˋ	乙倉悠貴	-6.60980192	acg
ㄧˇ-ㄅㄢˇ-ㄧㄡˇ-ㄩˇ	乙坂有宇	-6.60980192	acg
ㄧˇ-ㄅㄢˇ-ㄅㄨˋ-ㄨㄟˋ	乙坂步未	-6.60980192	acg
ㄧˇ-ㄅㄢˇ-ㄓㄨㄣˇ-ㄧˋ	乙坂隼翼	-6.60980192	acg
ㄧˇ-ㄋㄩˇ-ㄧㄥ	乙女櫻	-7.04116568	acg
ㄧˇ-ㄕㄚ	乙紗	-7.17149945	acg
ㄐㄧㄡˇ-ㄐㄧㄡˇ-ㄔㄢˊ-ㄔㄨˊ	九九蟾蜍	-6.60980192	acg
ㄐㄧㄡˇ-ㄐㄧㄡˇ-ㄔㄢˊ-ㄔㄨˊ-ㄘˋ-ㄌㄤˊ	九九蟾蜍次郎	-5.74707439	acg
ㄐㄧㄡˇ-ㄐㄧㄡˇ-ㄧㄝˇ	九九野	-7.04116568	acg
ㄐㄧㄡˇ-ㄕˊ-ㄐㄧㄡˇ-ㄧ-ㄇㄚˇ	九十九一馬	-6.17843815	acg
ㄐㄧㄡˇ-ㄕˊ-ㄐㄧㄡˇ-ㄇㄧㄥˊ-ㄌㄧˇ	九十九明里	-6.17843815	acg
ㄐㄧㄡˇ-ㄕˊ-ㄐㄧㄡˇ-ㄔㄨㄣ	九十九春	-6.60980192	acg
ㄐㄧㄡˇ-ㄕˊ-ㄐㄧㄡˇ-ㄨㄟˋ-ㄌㄞˊ	九十九未來	-6.17843815	acg
ㄐㄧㄡˇ-ㄕˊ-ㄐㄧㄡˇ-ㄧㄡˊ-ㄇㄚˇ	九十九遊馬	-6.17843815	acg
ㄐㄧㄡˇ-ㄨㄟˇ-ㄏㄨˊ-ㄕㄡˋ	九尾狐獸	-6.60980192	acg
ㄐㄧㄡˇ-ㄑㄩˇ-ㄕㄜˊ-ㄖㄣˋ	九曲蛇刃	-6.60980192	acg
ㄐㄧㄡˇ-ㄊㄧㄠˊ-ㄐㄧㄡˇ-ㄘㄜˋ	九條九策	-6.60980192	acg
ㄐㄧㄡˇ-ㄊㄧㄠˊ-ㄨㄤˋ-ㄕˊ	九條望實	-6.60980192	acg
ㄐㄧㄡˇ-ㄊㄡˊ-ㄕㄜˊ	九頭蛇	-7.04116568	acg
ㄐㄧㄡˇ-ㄊㄡˊ-ㄌㄨㄥˊ	九頭龍	-7.04116568	acg
ㄖㄨˇ-ㄌㄨㄛˋ-ㄙㄢ-ㄇㄧㄥˊ-ㄓˋ	乳酪三明治	-6.17843815	acg
ㄍㄢ-ㄒㄧㄚˋ-ㄋㄧㄥˊ	乾夏寧	-7.04116568	acg
ㄍㄢ-ㄐㄧㄤ-ㄧ	乾將一	-7.04116568	acg
ㄍㄢ-ㄅㄧㄝˇ-ㄧㄡ-ㄌㄧㄥˊ	乾癟幽靈	-6.60980192	acg
ㄌㄨㄢˋ-ㄇㄞˇ-ㄅㄟˋ	亂買貝	-7.04116568	acg
ㄦˋ-ㄓ-ㄍㄨㄥ-ㄌㄧㄡˊ-ㄇㄟˇ	二之宮瑠美	-6.17843815	acg
ㄦˋ-ㄓ-ㄍㄨㄥ-ㄨˇ	二之宮舞	-6.60980192	acg
ㄦˋ-ㄑㄧㄢ-ㄐㄧㄚ	二千佳	-7.04116568	acg
ㄦˋ-ㄍㄨㄥ-ㄈㄟ-ㄋㄧㄠˇ	二宮飛鳥	-6.60980192	acg
ㄦˋ-ㄇㄨˋ-ㄐㄧㄚ-ㄋㄞˋ-ㄉㄨㄛ	二木佳奈多	-6.17843815	acg
ㄦˋ-ㄎㄨ-ㄒㄧㄢ	二枯仙	-7.04116568	acg
ㄦˋ-ㄧㄝˋ-ㄕㄚ-ㄋㄞˋ	二葉紗奈	-6.60980192	acg
ㄦˋ-ㄌㄤˊ-ㄨㄢˊ	二郎丸	-7.04116568	acg
ㄦˋ-ㄌㄤˊ-ㄕㄡˋ	二郎獸	-7.04116568	acg
ㄦˋ-ㄔㄨㄥˊ-ㄓㄠˋ-ㄏㄨㄢˋ	二重召喚	-6.60980192	acg
ㄦˋ-ㄐㄧㄝ-ㄊㄤˊ-ㄒㄧㄠˋ	二階堂咲	-6.60980192	acg
ㄦˋ-ㄐㄧㄝ-ㄊㄤˊ-ㄌㄧㄡˊ-ㄧ	二階堂瑠衣	-6.17843815	acg
ㄨˇ-ㄕˊ-ㄌㄢˊ-ㄒㄧㄤˇ-ㄗˇ	五十嵐響子	-6.17843815	acg
ㄨˇ-ㄕˊ-ㄌㄧㄥˊ-ㄌㄧㄢˊ	五十鈴憐	-6.60980192	acg
ㄨˇ-ㄕˊ-ㄌㄧㄥˊ-ㄅㄞˇ-ㄏㄜˊ	五十鈴百合	-6.17843815	acg
ㄨˇ-ㄕˊ-ㄌㄧㄥˊ-ㄏㄨㄚˊ	五十鈴華	-6.60980192	acg
ㄨˇ-ㄉㄠˇ-ㄌㄧㄢˊ	五島蓮	-7.04116568	acg
ㄨˇ-ㄉㄠˇ-ㄌㄨㄥˊ-ㄦˋ	五島隆二	-6.60980192	acg
ㄨˇ-ㄒㄧㄥˊ-ㄊㄡˊ	五形頭	-7.04116568	acg
ㄨˇ-ㄊㄧㄠˊ-ㄌㄨˋ	五條露	-7.04116568	acg
ㄨˇ-ㄊㄧㄠˊ-ㄒㄩ-ㄐㄧㄡˇ-ㄋㄚˋ	五條須久那	-6.17843815	acg
ㄐㄧㄥˇ-ㄕㄤˋ-ㄨㄣˊ-ㄓㄨㄥ	井上文忠	-6.60980192	acg
ㄐㄧㄥˇ-ㄕㄤˋ-ㄑㄧㄥ-ㄓˋ	井上青治	-6.60980192	acg
ㄐㄧㄥˇ-ㄓ-ㄕㄤˋ-ㄌㄨㄥˊ-ㄋㄞˋ	井之上瀧奈	-6.17843815	acg
ㄐㄧㄥˇ-ㄓ-ㄩㄢˊ-ㄓㄣ-ㄖㄣˊ	井之原真人	-6.17843815	acg
ㄐㄧㄥˇ-ㄎㄡˇ-ㄧㄡˋ-ㄨㄟˋ	井口祐未	-6.60980192	acg
ㄐㄧㄥˇ-ㄘㄨㄣ-ㄐㄧㄥ-ㄊㄞˋ-ㄌㄤˊ	井村京太郎	-6.17843815	acg
ㄐㄧㄥˇ-ㄘㄨㄣ-ㄒㄩㄝˇ-ㄘㄞˋ	井村雪菜	-6.60980192	acg
ㄐㄧㄥˇ-ㄏㄜˋ	井鶴	-7.17149945	acg
ㄧㄚˇ-ㄅㄛˊ-ㄕㄡˋ	亞伯獸	-7.04116568	acg
ㄧㄚˇ-ㄑㄧㄝˊ	亞伽	-7.17149945	acg
ㄧㄚˇ-ㄑㄧㄝˊ-ㄌㄧˇ	亞伽里	-7.04116568	acg
ㄧㄚˇ-ㄎㄜˋ-ㄘㄨㄟ-ㄗ	亞克崔茲	-6.60980192	acg
ㄧㄚˇ-ㄎㄜˋ-ㄊㄨㄛ-ㄉㄜˊ-ㄎㄚˇ	亞克托德卡	-6.17843815	acg
ㄧㄚˇ-ㄎㄞˇ	亞凱	-7.17149945	acg
ㄧㄚˇ-ㄖㄣˋ	亞刃	-7.17149945	acg
ㄧㄚˇ-ㄌㄧㄝˋ-ㄎㄜˋ-ㄙ	亞列克斯	-6.60980192	acg
ㄧㄚˇ-ㄎㄚˇ-ㄅㄨˋ	亞卡布	-7.04116568	acg
ㄧㄚˇ-ㄏㄚ	亞哈	-7.17149945	acg
ㄧㄚˇ-ㄏㄚ-ㄈㄢˇ-ㄧㄥˋ-ㄌㄨˊ	亞哈反應爐	-6.17843815	acg
ㄧㄚˇ-ㄔㄥˊ-ㄇㄨˋ-ㄇㄥˋ-ㄒㄧㄝˊ	亞城木夢叶	-6.17843815	acg
ㄧㄚˇ-ㄐㄧ-ㄌㄧˋ-ㄕㄡˋ	亞基利獸	-6.60980192	acg
ㄧㄚˇ-ㄒㄧㄚˋ-ㄈㄢˋ-ㄑㄩㄥ-ㄉㄧㄢˋ	亞夏梵穹殿	-6.17843815	acg
ㄧㄚˇ-ㄉㄨㄛ	亞多	-7.17149945	acg
ㄧㄚˇ-ㄉㄨㄛ-ㄌㄚ-ㄇㄚˇ-ㄌㄟˊ-ㄎㄜˋ	亞多拉瑪雷克	-5.74707439	acg
ㄧㄚˇ-ㄉㄨㄛ-ㄇㄧˇ-ㄋㄚˋ	亞多米娜	-6.60980192	acg
ㄧㄚˇ-ㄉㄨㄛ-ㄇㄧˇ-ㄋㄧˊ-ㄕˇ-ㄊㄜˋ-ㄌㄟˇ-ㄉㄚˊ	亞多米尼史特蕾達	-5.74707439	acg
ㄧㄚˇ-ㄅㄚ-ㄉㄨㄣˋ-ㄕㄡˋ	亞巴頓獸	-6.60980192	acg
ㄧㄚˇ-ㄒㄧ	亞希	-7.17149945	acg
ㄧㄚˇ-ㄒㄧˊ-ㄇㄚˇ	亞席瑪	-7.04116568	acg
ㄧㄚˇ-ㄉㄜˊ-ㄇㄢˋ-ㄏㄜˊ-ㄐㄧㄣ	亞德曼合金	-6.17843815	acg
ㄧㄚˇ-ㄉㄜˊ-ㄦˇ	亞德爾	-7.04116568	acg
ㄧㄚˇ-ㄉㄜˊ-ㄅㄤ-ㄗ	亞德邦茲	-6.60980192	acg
ㄧㄚˇ-ㄉㄜˊ-ㄌㄧˇ-ㄢ	亞德里安	-6.60980192	acg
ㄧㄚˇ-ㄊㄧˊ-ㄌㄢˊ	亞提蘭	-7.04116568	acg
ㄧㄚˇ-ㄇㄛˊ	亞摩	-7.17149945	acg
ㄧㄚˇ-ㄙ-ㄎㄜˋ-ㄦˇ	亞斯克爾	-6.60980192	acg
ㄧㄚˇ-ㄙ-ㄊㄚˇ-ㄌㄨˋ	亞斯塔錄	-6.60980192	acg
ㄧㄚˇ-ㄇㄢˋ-ㄦˇ-ㄉㄚˊ	亞曼爾達	-6.60980192	acg
ㄧㄚˇ-ㄉㄨㄥ-ㄐㄧㄚ-ㄙˋ-ㄗˇ-ㄇㄟˋ	亞東家四姊妹	-5.74707439	acg
ㄧㄚˇ-ㄆㄧˊ-ㄗˇ	亞枇子	-7.04116568	acg
ㄧㄚˇ-ㄍㄣ	亞根	-7.17149945	acg
ㄧㄚˇ-ㄍㄜˊ	亞格	-7.17149945	acg
ㄧㄚˇ-ㄍㄜˊ-ㄌㄧˋ-ㄕㄚ	亞格利莎	-6.60980192	acg
ㄧㄚˇ-ㄍㄜˊ-ㄋㄚˋ-ㄙ	亞格納斯	-6.60980192	acg
ㄧㄚˇ-ㄙㄤ	亞桑	-7.17149945	acg
ㄧㄚˇ-ㄌㄧˋ-ㄎㄜˋ-ㄙ	亞歷克斯	-6.60980192	acg
ㄧㄚˇ-ㄌㄧˋ-ㄎㄜˋ-ㄙㄤ-ㄉㄜˊ-ㄏㄠˋ	亞歷克桑德號	-5.74707439	acg
ㄧㄚˇ-ㄌㄧˋ-ㄕㄢ-ㄉㄚˋ-ㄦˋ-ㄕˋ	亞歷山大二世	-5.74707439	acg
ㄧㄚˇ-ㄌㄧˋ-ㄙ-ㄊㄚˇ	亞歷斯塔	-6.60980192	acg
ㄧㄚˇ-ㄌㄧˋ-ㄏㄢˋ-ㄓㄨㄛˊ	亞歷漢卓	-6.60980192	acg
ㄧㄚˇ-ㄊㄧㄥ-ㄐㄧㄝˊ	亞汀傑	-7.04116568	acg
ㄧㄚˇ-ㄆㄛ-ㄑㄧˊ	亞波奇	-7.04116568	acg
ㄧㄚˇ-ㄊㄞˋ-ㄦˇ-ㄧㄥˊ-ㄉㄧˋ	亞泰爾營地	-6.17843815	acg
ㄧㄚˇ-ㄌㄨㄛˋ-ㄙ	亞洛斯	-7.04116568	acg
ㄧㄚˇ-ㄋㄧㄝˋ-ㄕㄚ	亞涅紗	-7.04116568	acg
ㄧㄚˇ-ㄐㄧㄝˊ-ㄉㄨㄛˇ	亞潔朵	-7.04116568	acg
ㄧㄚˇ-ㄨ-ㄌㄚ	亞烏菈	-7.04116568	acg
ㄧㄚˇ-ㄕㄚˋ-ㄌㄚ-ㄐㄩˋ	亞煞拉懼	-6.60980192	acg
ㄧㄚˇ-ㄦˇ	亞爾	-7.17149945	acg
ㄧㄚˇ-ㄦˇ-ㄅㄛˊ-ㄊㄜˋ	亞爾伯特	-6.60980192	acg
ㄧㄚˇ-ㄦˇ-ㄙ	亞爾斯	-7.04116568	acg
ㄧㄚˇ-ㄦˇ-ㄎㄜ	亞爾柯	-7.04116568	acg
ㄧㄚˇ-ㄦˇ-ㄅㄧˇ-ㄨㄥ	亞爾比翁	-6.60980192	acg
ㄧㄚˇ-ㄦˇ-ㄇㄚˇ-ㄒㄧ	亞爾瑪希	-6.60980192	acg
ㄧㄚˇ-ㄦˇ-ㄋㄚˋ-ㄏㄚ	亞爾納哈	-6.60980192	acg
ㄧㄚˇ-ㄦˇ-ㄙㄚˋ-ㄏㄜˋ	亞爾薩赫	-6.60980192	acg
ㄧㄚˇ-ㄦˇ-ㄌㄧˊ-ㄊㄚˇ	亞爾麗塔	-6.60980192	acg
ㄧㄚˇ-ㄊㄜˋ-ㄌㄢˊ-ㄊㄧˊ-ㄙ-ㄔㄨㄢˊ-ㄑㄧˊ	亞特蘭提斯傳奇	-5.74707439	acg
ㄧㄚˇ-ㄊㄜˋ-ㄌㄢˊ-ㄊㄧˊ-ㄙ-ㄉㄜ˙-ㄨㄤˊ-ㄨㄟˋ	亞特蘭提斯的王位	-5.74707439	acg
ㄧㄚˇ-ㄌㄧˇ-ㄕㄚ	亞理紗	-7.04116568	acg
ㄧㄚˇ-ㄌㄧˇ-ㄅㄥˋ	亞理蹦	-7.04116568	acg
ㄧㄚˇ-ㄑㄧˊ-ㄌㄟˇ-ㄌㄚ	亞琪蕾拉	-6.60980192	acg
ㄧㄚˇ-ㄌㄧㄣˊ	亞琳	-7.17149945	acg
ㄧㄚˇ-ㄌㄧㄡˊ	亞瑠	-7.17149945	acg
ㄧㄚˇ-ㄅㄧˋ-ㄍㄜ-ㄅㄞˋ-ㄧㄣ	亞畢戈拜因	-6.17843815	acg
ㄧㄚˇ-ㄇㄧˇ	亞米	-7.17149945	acg
ㄧㄚˇ-ㄐㄧˋ	亞紀	-7.17149945	acg
ㄧㄚˇ-ㄋㄚˋ-ㄏㄞˇ-ㄇㄨˇ	亞納海姆	-6.60980192	acg
ㄧㄚˇ-ㄙ	亞絲	-7.17149945	acg
ㄧㄚˇ-ㄙ-ㄋㄚˋ	亞絲娜	-7.04116568	acg
ㄧㄚˇ-ㄌㄨㄛˊ-ㄋㄧˊ-ㄌㄨㄛˋ	亞羅尼洛	-6.60980192	acg
ㄧㄚˇ-ㄌㄨㄛˊ-ㄋㄚˋ-ㄎㄜˋ-ㄙ	亞羅納克斯	-6.17843815	acg
ㄧㄚˇ-ㄇㄟˇ-ㄙ-ㄉㄨㄛ-ㄌㄧˋ-ㄙ	亞美斯多利斯	-5.74707439	acg
ㄧㄚˇ-ㄗ-ㄋㄚˋ-ㄅㄨˋ-ㄦˇ	亞茲納布爾	-6.17843815	acg
ㄧㄚˇ-ㄕㄚ	亞莎	-7.17149945	acg
ㄧㄚˇ-ㄈㄟ-ㄌㄧˋ-ㄡ	亞菲利歐	-6.60980192	acg
ㄧㄚˇ-ㄇㄥˊ-ㄉㄜˊ	亞蒙德	-7.04116568	acg
ㄧㄚˇ-ㄌㄢˊ-ㄋㄚˋ-ㄔㄨㄢˊ-ㄑㄧˊ	亞蘭納傳奇	-6.17843815	acg
ㄧㄚˇ-ㄌㄨㄛˊ-ㄧ	亞蘿伊	-7.04116568	acg
ㄧㄚˇ-ㄑㄧㄡˊ-ㄊㄨㄛ-ㄌㄨㄣˊ	亞裘托倫	-6.60980192	acg
ㄧㄚˇ-ㄒㄧ-ㄐㄧˊ	亞西吉	-7.04116568	acg
ㄧㄚˇ-ㄌㄨˋ-ㄐㄧㄚ-ㄕㄡˋ	亞路加獸	-6.60980192	acg
ㄧㄚˇ-ㄉㄧˊ-ㄋㄧˊ	亞迪妮	-7.04116568	acg
ㄧㄚˇ-ㄉㄧˊ-ㄦˇ-ㄏㄚ-ㄉㄜˊ	亞迪爾哈德	-6.17843815	acg
ㄧㄚˇ-ㄉㄡ-ㄌㄧˊ	亞都梨	-7.04116568	acg
ㄧㄚˇ-ㄐㄧㄣ-ㄙ	亞金斯	-7.04116568	acg
ㄧㄚˇ-ㄇㄣˊ-ㄉㄧˊ-ㄧㄚˇ-ㄌㄟˊ-ㄙ	亞門迪亞雷斯	-5.74707439	acg
ㄧㄚˇ-ㄌㄟˊ-ㄎㄜˋ-ㄙ	亞雷克斯	-6.60980192	acg
ㄧㄚˇ-ㄌㄟˊ-ㄒㄧ	亞雷希	-7.04116568	acg
ㄧㄚˇ-ㄌㄨˋ-ㄅㄧˇ-ㄋㄚˋ	亞露比娜	-6.60980192	acg
ㄧㄚˇ-ㄇㄚˇ-ㄑㄧㄠˊ	亞馬喬	-7.04116568	acg
ㄧㄚˇ-ㄇㄚˇ-ㄐㄧ	亞馬基	-7.04116568	acg
ㄧㄚˇ-ㄇㄚˇ-ㄒㄩㄣˋ-ㄅㄞˇ-ㄏㄜˊ	亞馬遜百合	-6.17843815	acg
ㄧㄚˇ-ㄌㄨˇ-ㄐㄧㄚ-ㄏㄜˊ	亞魯加河	-6.60980192	acg
ㄧㄚˇ-ㄌㄨˇ-ㄍㄜ	亞魯戈	-7.04116568	acg
ㄧㄚˇ-ㄌㄨˇ-ㄇㄟˊ-ㄌㄚ	亞魯梅拉	-6.60980192	acg
ㄧㄚˇ-ㄌㄨˇ-ㄌㄟˊ-ㄊㄜˋ	亞魯雷特	-6.60980192	acg
ㄧㄚˇ-ㄌㄧˊ-ㄕㄚ	亞麗莎	-7.04116568	acg
ㄧㄚˇ-ㄌㄧˊ-ㄧㄚˇ-ㄉㄜˊ-ㄋㄧˊ	亞麗雅德妮	-6.17843815	acg
ㄧㄚˇ-ㄉㄞˋ-ㄦˇ	亞黛爾	-7.04116568	acg
ㄨㄤˊ-ㄇㄧㄥˋ-ㄉㄚˋ-ㄒㄧㄚˋ	亡命大廈	-6.60980192	acg
ㄨㄤˊ-ㄇㄧㄥˋ-ㄊㄧㄢ-ㄧㄚˊ	亡命天涯	-6.60980192	acg
ㄐㄧㄠ-ㄏㄨㄢˋ-ㄎㄚˇ-ㄆㄞˊ	交換卡牌	-6.60980192	acg
ㄐㄧㄠ-ㄏㄨㄢˋ-ㄕㄣ-ㄈㄣˋ	交換身分	-6.60980192	acg
ㄐㄧㄠ-ㄓ-ㄦˊ-ㄔㄥˊ-ㄉㄜ˙-ㄉㄠˋ-ㄌㄨˋ	交織而成的道路	-5.74707439	acg
ㄐㄧㄠ-ㄈㄥ-ㄕˋ-ㄍㄜˊ-ㄌㄟˊ-ㄗ	交鋒式格雷茲	-5.74707439	acg
ㄐㄧㄠ-ㄘㄨㄛˋ-ㄉㄜ˙-ㄒㄧㄤˇ-ㄋㄧㄢˋ	交錯的想念	-6.17843815	acg
ㄐㄧㄠ-ㄒㄧㄤˇ-ㄑㄩˇ-ㄔㄨㄢˊ-ㄑㄧˊ	交響曲傳奇	-6.17843815	acg
ㄐㄧㄠ-ㄒㄧㄤˇ-ㄕ-ㄆㄧㄢ	交響詩篇	-6.60980192	acg
ㄏㄞˋ-ㄧ	亥一	-7.17149945	acg
ㄏㄞˋ-ㄌㄟˊ-ㄆㄨˇ	亥雷普	-7.04116568	acg
ㄏㄥ-ㄌㄧˋ-ㄎㄜˋ	亨利克	-7.04116568	acg
ㄏㄥ-ㄉㄜˊ-ㄖㄨㄟˋ-ㄎㄜˋ	亨德瑞克	-6.60980192	acg
ㄏㄥ-ㄉㄜˊ-ㄌㄧˇ-ㄎㄜˋ	亨德里克	-6.60980192	acg
ㄐㄧㄥ-ㄆㄧㄢ	京篇	-7.17149945	acg
ㄐㄧㄥ-ㄍㄨˇ	京谷	-7.17149945	acg
ㄐㄧㄥ-ㄍㄨˇ-ㄉㄚˋ-ㄍㄜ	京谷大哥	-6.60980192	acg
ㄌㄧㄤˋ-ㄐㄧㄥ-ㄐㄧㄥ-ㄑㄧˊ-ㄐㄧ-ㄘㄞˇ-ㄏㄨㄥˊ	亮晶晶奇跡彩虹	-5.74707439	acg
ㄌㄧㄤˋ-ㄧˋ	亮翼	-7.17149945	acg
ㄖㄣˊ-ㄊㄧˇ-ㄌㄧㄢˊ-ㄉㄨㄥˋ-ㄩˋ-ㄔㄥˊ-ㄕㄡˇ-ㄏㄨㄢˊ	人体連動育成手環	-5.74707439	acg
ㄖㄣˊ-ㄊㄧˇ-ㄌㄧㄢˊ-ㄉㄨㄥˋ-ㄩˋ-ㄔㄥˊ-ㄧㄥ-ㄒㄩㄥˊ	人体連動育成英雄	-5.74707439	acg
ㄖㄣˊ-ㄡˇ-ㄕ	人偶師	-7.04116568	acg
ㄖㄣˊ-ㄕㄥ-ㄉㄚˋ-ㄇㄠˋ-ㄒㄧㄢˇ	人生大冒險	-6.17843815	acg
ㄖㄣˊ-ㄕㄥ-ㄔㄚ-ㄧˋ-ㄉㄧㄢˇ	人生差一點	-6.17843815	acg
ㄖㄣˊ-ㄕㄥ-ㄔㄚ-ㄧ-ㄉㄧㄢˇ	人生差一點	-6.67843815	acg
ㄖㄣˊ-ㄖㄡˋ-ㄐㄩˋ-ㄉㄢˋ	人肉巨蛋	-6.60980192	acg
ㄖㄣˊ-ㄐㄧㄢ-ㄓㄚˋ-ㄉㄢˋ	人間炸彈	-6.60980192	acg
ㄖㄣˊ-ㄇㄧㄢˋ-ㄓㄢˋ-ㄧㄥ-ㄕㄡˋ	人面戰鷹獸	-6.17843815	acg
ㄖㄣˊ-ㄇㄧㄢˋ-ㄉㄨˋ-ㄆㄧˊ-ㄋㄧㄠˇ	人面肚皮鳥	-6.17843815	acg
ㄖㄣˊ-ㄌㄟˋ-ㄕˋ-ㄑㄧˋ-ㄓˇ-ㄕㄨˋ	人類士氣指數	-5.74707439	acg
ㄖㄣˊ-ㄇㄚˇ-ㄕㄡˋ	人馬獸	-7.04116568	acg
ㄖㄣˊ-ㄩˊ-ㄗˇ-ㄇㄟˋ	人魚姊妹	-6.60980192	acg
ㄕㄣˊ-ㄇㄜ˙-ㄕㄡˋ	什麼獸	-7.04116568	acg
ㄖㄣˊ-ㄗˇ	仁子	-7.17149945	acg
ㄖㄣˊ-ㄎㄜ-ㄖㄣˇ	仁科稔	-7.04116568	acg
ㄖㄣˊ-ㄧㄝˊ	仁耶	-7.17149945	acg
ㄖㄣˊ-ㄧㄝˇ-ㄅㄠˇ	仁野保	-7.04116568	acg
ㄖㄣˊ-ㄧㄝˇ-ㄏㄨㄢˊ	仁野環	-7.04116568	acg
ㄐㄧㄣ-ㄐㄧㄥˇ-ㄐㄧㄚ-ㄋㄞˋ	今井加奈	-6.60980192	acg
ㄐㄧㄣ-ㄐㄧㄥˇ-ㄒㄩㄣˊ	今井旬	-7.04116568	acg
ㄐㄧㄣ-ㄐㄧㄥˇ-ㄌㄩˋ	今井綠	-7.04116568	acg
ㄐㄧㄣ-ㄐㄧㄥˇ-ㄇㄟˇ-ㄒㄩˋ	今井美緒	-6.60980192	acg
ㄐㄧㄣ-ㄊㄧㄢ-ㄔ-ㄊㄧㄢˊ-ㄊㄧㄢˊ	今天吃甜甜	-6.17843815	acg
ㄐㄧㄣ-ㄊㄧㄢ-ㄊㄧㄢˊ	今天甜	-7.04116568	acg
ㄐㄧㄣ-ㄔㄨㄢ-ㄒㄧㄡˋ	今川秀	-7.04116568	acg
ㄐㄧㄣ-ㄨㄢˇ-ㄧㄡˇ-ㄇㄠ-ㄅㄢˋ-ㄕㄣ-ㄅㄧㄢ	今晚有貓伴身邊	-5.74707439	acg
ㄐㄧㄣ-ㄐㄧㄣ-ㄇㄟˇ-ㄩˇ	今津美羽	-6.60980192	acg
ㄐㄧㄣ-ㄊㄧㄢˊ-ㄍㄢ-ㄓˋ	今田干治	-6.60980192	acg
ㄗˇ-ㄊㄞˋ-ㄌㄤˊ	仔太郎	-7.04116568	acg
ㄊㄚ-ㄇㄣ˙-ㄘㄞˇ-ㄋㄚˋ-ㄉㄜ˙-ㄒㄩㄢˇ-ㄗㄜˊ	他們採納的選擇	-5.74707439	acg
ㄊㄚ-ㄌㄧˋ-ㄋㄨㄛˋ	他利諾	-7.04116568	acg
ㄒㄧㄢ-ㄋㄩˇ-ㄕㄡˋ	仙女獸	-7.04116568	acg
ㄒㄧㄢ-ㄑㄧˊ-ㄏㄨㄟˋ-ㄇㄛˊ	仙崎惠磨	-6.60980192	acg
ㄉㄞˋ-ㄌㄧˇ-ㄉㄧˋ-ㄌㄧˋ-ㄇㄛˊ	代理帝厲魔	-6.17843815	acg
ㄉㄞˋ-ㄇㄚˇ-ㄕˋ-ㄐㄧˋ	代碼世紀	-6.60980192	acg
ㄧˇ-ㄒㄧㄚˋ-ㄐㄩㄝˊ-ㄙㄜˋ-ㄗ-ㄒㄩㄣˋ-ㄐㄧˊ	以下角色資訊及	-5.74707439	acg
ㄧㄤˇ-ㄐㄧㄚ-ㄧㄣˋ-ㄍㄨˇ	仰加印古	-6.60980192	acg
ㄓㄨㄥˋ-ㄅㄣˇ-ㄔㄤˊ-ㄐㄧㄝˋ	仲本長介	-6.60980192	acg
ㄖㄣˋ-ㄊㄧㄢ-ㄊㄤˊ-ㄌㄜˋ-ㄩㄢˊ	任天堂樂園	-6.17843815	acg
ㄑㄧˋ-ㄧㄝˋ-ㄖㄣˊ-ㄕˋ	企業人士	-6.60980192	acg
ㄑㄧˋ-ㄧㄝˋ-ㄩㄥ-ㄅㄧㄥ	企業傭兵	-6.60980192	acg
ㄑㄧˋ-ㄜˊ-ㄍㄨㄥ-ㄌㄨˋ	企鵝公路	-6.60980192	acg
ㄑㄧˋ-ㄜˊ-ㄓㄠˇ-ㄇㄚˊ-ㄈㄢˊ	企鵝找麻煩	-6.17843815	acg
ㄧ-ㄩˇ-ㄐㄩˊ	伊予局	-7.04116568	acg
ㄧ-ㄧㄚˇ-ㄍㄜˊ	伊亞格	-7.04116568	acg
ㄧ-ㄗㄨㄛˇ-ㄇㄨˋ-ㄧㄠˋ	伊佐木要	-6.60980192	acg
ㄧ-ㄗㄨㄛˇ-ㄇㄟˇ-ㄓㄜˊ-ㄈㄨ	伊佐美轍夫	-6.17843815	acg
ㄧ-ㄗㄨㄛˇ-ㄋㄚˋ-ㄕㄜˋ	伊佐那社	-6.60980192	acg
ㄧ-ㄒㄧㄡ-ㄨㄚˇ-ㄌㄚ	伊修瓦拉	-6.60980192	acg
ㄧ-ㄒㄧㄡ-ㄨㄚˇ-ㄦˇ	伊修瓦爾	-6.60980192	acg
ㄧ-ㄐㄧㄝˊ-ㄎㄤ-ㄊㄜˋ	伊傑康特	-6.60980192	acg
ㄧ-ㄎㄜˋ-ㄙ-ㄊㄚˇ-ㄦˇ	伊克斯塔爾	-6.17843815	acg
ㄧ-ㄌㄧˋ-ㄧㄚˇ	伊利亞	-7.04116568	acg
ㄧ-ㄌㄧˋ-ㄧㄚˇ-ㄉㄚˋ-ㄇㄠˋ-ㄒㄧㄢˇ	伊利亞大冒險	-5.74707439	acg
ㄧ-ㄕˋ-ㄧㄥ-ㄌㄧㄤˊ	伊勢櫻良	-6.60980192	acg
ㄧ-ㄗㄨˊ-ㄦˇ	伊卒爾	-7.04116568	acg
ㄧ-ㄎㄚˇ-ㄌㄧˋ-ㄙ	伊卡利斯	-6.60980192	acg
ㄧ-ㄎㄚˇ-ㄒㄧ-ㄧㄚˋ	伊卡西亞	-6.60980192	acg
ㄧ-ㄍㄨˇ-ㄋㄨㄛˋ	伊古諾	-7.04116568	acg
ㄧ-ㄔㄨㄟ-ㄌㄧˊ-ㄌㄧㄤˊ	伊吹麗良	-6.60980192	acg
ㄧ-ㄐㄧ	伊基	-7.17149945	acg
ㄧ-ㄕˋ-ㄉㄚˊ	伊士達	-7.04116568	acg
ㄧ-ㄕˋ-ㄇㄞˋ	伊士麥	-7.04116568	acg
ㄧ-ㄨㄚˊ-ㄎㄜ-ㄈㄨ	伊娃柯夫	-6.60980192	acg
ㄧ-ㄅㄨˋ	伊布	-7.17149945	acg
ㄧ-ㄅㄨˋ-ㄌㄚ-ㄑㄧㄣ	伊布拉欽	-6.60980192	acg
ㄧ-ㄙ	伊思	-7.17149945	acg
ㄧ-ㄙ-ㄘㄨㄟ-ㄉㄜˊ	伊思崔德	-6.60980192	acg
ㄧ-ㄙ-ㄌㄢˊ-ㄕㄥˋ-ㄉㄧˋ	伊斯蘭聖地	-6.17843815	acg
ㄧ-ㄆㄨˇ-ㄒㄧ-ㄌㄨㄥˊ	伊普西龍	-6.60980192	acg
ㄧ-ㄉㄨˋ-ㄋㄚˋ	伊杜娜	-7.04116568	acg
ㄧ-ㄉㄨㄥ-ㄇㄛˋ-ㄧㄢˋ	伊東末彥	-6.60980192	acg
ㄧ-ㄍㄨㄛˇ	伊果	-7.17149945	acg
ㄧ-ㄍㄜˊ	伊格	-7.17149945	acg
ㄧ-ㄍㄜˊ-ㄌㄧˋ-ㄊㄜˋ	伊格利特	-6.60980192	acg
ㄧ-ㄕㄨˋ-ㄘㄞˋ	伊樹菜	-7.04116568	acg
ㄧ-ㄡ	伊歐	-7.17149945	acg
ㄧ-ㄡ-ㄌㄧˋ-ㄧㄚˇ	伊歐利亞	-6.60980192	acg
ㄧ-ㄡ-ㄍㄨˇ	伊歐古	-7.04116568	acg
ㄧ-ㄡ-ㄍㄨˇ-ㄐㄧㄚˋ	伊歐骨架	-6.60980192	acg
ㄧ-ㄨˇ-ㄇㄨˇ	伊武姆	-7.04116568	acg
ㄧ-ㄅㄧˇ-ㄒㄧˇ	伊比喜	-7.04116568	acg
ㄧ-ㄗㄜˊ	伊澤	-7.17149945	acg
ㄧ-ㄗㄜˊ-ㄊㄚˇ	伊澤塔	-7.04116568	acg
ㄧ-ㄗㄜˊ-ㄧㄤˊ-ㄐㄧㄝˋ	伊澤洋介	-6.60980192	acg
ㄧ-ㄦˇ	伊爾	-7.17149945	acg
ㄧ-ㄦˇ-ㄈㄢˊ-ㄍㄨˇ	伊爾凡古	-6.60980192	acg
ㄧ-ㄦˇ-ㄇㄚˇ	伊爾瑪	-7.04116568	acg
ㄧ-ㄦˇ-ㄉㄥ-ㄈㄨˊ-ㄓㄡˋ	伊爾登符咒	-6.17843815	acg
ㄧ-ㄖㄨㄟˋ-ㄌㄧˋ-ㄧㄚˇ	伊瑞莉雅	-6.60980192	acg
ㄧ-ㄨㄚˇ-ㄧ	伊瓦伊	-7.04116568	acg
ㄧ-ㄨㄚˇ-ㄎㄜˋ	伊瓦克	-7.04116568	acg
ㄧ-ㄇㄨˋ-ㄎㄚˇ	伊穆卡	-7.04116568	acg
ㄧ-ㄙ-ㄋㄚˋ	伊絲娜	-7.04116568	acg
ㄧ-ㄓ-ㄧˋ	伊織毅	-7.04116568	acg
ㄧ-ㄓ-ㄇㄧˋ-ㄌㄤˊ	伊織糸郎	-6.60980192	acg
ㄧ-ㄓ-ㄔㄥˊ	伊織誠	-7.04116568	acg
ㄧ-ㄌㄨㄛˊ-ㄧˇ	伊羅旖	-7.04116568	acg
ㄧ-ㄇㄟˇ-ㄉㄞˋ	伊美黛	-7.04116568	acg
ㄧ-ㄌㄠˇ-ㄕ-ㄩˇ-ㄒㄧㄠˇ-ㄔㄢˊ-ㄔㄨˊ-ㄉㄚˋ-ㄌㄧˋ-ㄒㄧㄢˇ	伊老師與小蟾蜍大歷險	-5.74707439	acg
ㄧ-ㄦˇ-ㄇㄧˊ	伊耳謎	-7.04116568	acg
ㄧ-ㄕㄨ	伊舒	-7.17149945	acg
ㄧ-ㄌㄧㄤˊ-ㄗˇ-ㄇㄟˇ-ㄍㄢ	伊良子美甘	-6.17843815	acg
ㄧ-ㄈㄨˊ	伊芙	-7.17149945	acg
ㄧ-ㄈㄨˊ-ㄌㄧㄣˊ	伊芙琳	-7.04116568	acg
ㄧ-ㄗ-ㄎㄚˇ	伊茲卡	-7.04116568	acg
ㄧ-ㄗ-ㄇㄧˇ	伊茲米	-7.04116568	acg
ㄧ-ㄗ-ㄋㄚˋ	伊茲納	-7.04116568	acg
ㄧ-ㄗ-ㄋㄚˋ-ㄌㄧˇ-ㄡ	伊茲納里歐	-6.17843815	acg
ㄧ-ㄌㄧˋ-ㄒㄧㄚˋ	伊莉夏	-7.04116568	acg
ㄧ-ㄕㄚ-ㄅㄟˋ-ㄌㄚ	伊莎貝拉	-6.60980192	acg
ㄧ-ㄕㄚ-ㄅㄟˋ-ㄌㄧˊ-ㄉㄚˊ	伊莎貝麗達	-6.17843815	acg
ㄧ-ㄈㄟ	伊菲	-7.17149945	acg
ㄧ-ㄉㄧˋ-ㄧㄚˇ	伊蒂亞	-7.04116568	acg
ㄧ-ㄌㄧㄢˊ-ㄍㄨㄥ-ㄓㄨˇ	伊蓮公主	-6.60980192	acg
ㄧ-ㄙㄚˋ	伊薩	-7.17149945	acg
ㄧ-ㄙㄚˋ-ㄅㄟˋ-ㄌㄚ	伊薩貝拉	-6.60980192	acg
ㄧ-ㄊㄥˊ-ㄔㄨㄣˊ-ㄇㄧㄥˊ	伊藤純銘	-6.60980192	acg
ㄧ-ㄊㄥˊ-ㄧˋ	伊藤翼	-7.04116568	acg
ㄧ-ㄊㄥˊ-ㄌㄧㄥˊ-ㄌㄨˋ	伊藤鈴鹿	-6.60980192	acg
ㄧ-ㄊㄥˊ-ㄍㄠ-ㄓˋ	伊藤高志	-6.60980192	acg
ㄧ-ㄆㄟˊ-ㄦˇ-ㄊㄚˇ-ㄦˇ	伊裴爾塔爾	-6.17843815	acg
ㄧ-ㄋㄨㄛˋ	伊諾	-7.17149945	acg
ㄧ-ㄉㄡˋ-ㄕㄢ-ㄊㄞˋ-ㄌㄤˊ	伊豆山太郎	-6.17843815	acg
ㄧ-ㄉㄡˋ-ㄧㄝˇ-ㄕㄢ-ㄎㄨㄟˊ	伊豆野山葵	-6.17843815	acg
ㄧ-ㄉㄧˊ-ㄋㄚˋ	伊迪娜	-7.04116568	acg
ㄧ-ㄐㄧˊ-ㄩㄢˋ-ㄗㄨㄛˇ-ㄓ-ㄗˇ	伊集院佐知子	-5.74707439	acg
ㄧ-ㄐㄧˊ-ㄩㄢˋ-ㄐㄩㄣ-ㄌㄩˇ	伊集院君麿	-6.17843815	acg
ㄧ-ㄐㄧˊ-ㄩㄢˋ-ㄏㄨㄟˋ	伊集院惠	-6.60980192	acg
ㄧ-ㄩㄣˊ	伊雲	-7.17149945	acg
ㄧ-ㄌㄨˋ-ㄣ-ㄉㄜ˙-ㄍㄠ-ㄐㄧㄝ-ㄋㄩˇ-ㄐㄧˋ-ㄙ	伊露恩的高階女祭司	-5.74707439	acg
ㄧ-ㄌㄨˇ-ㄎㄚˇ	伊魯卡	-7.04116568	acg
ㄧ-ㄉㄞˋ-ㄧㄚˇ	伊黛雅	-7.04116568	acg
ㄨˇ-ㄊㄤˊ-ㄒㄧㄣˋ-ㄧㄝˇ	伍堂信也	-6.60980192	acg
ㄨˇ-ㄉㄜˊ-ㄌㄧˇ	伍德里	-7.04116568	acg
ㄈㄨˊ-ㄕㄡˇ-ㄓㄜˇ	伏守者	-7.04116568	acg
ㄈㄨˊ-ㄦˇ-ㄎㄢˇ	伏爾坎	-7.04116568	acg
ㄈㄨˊ-ㄦˇ-ㄎㄢˇ-ㄙ	伏爾坎絲	-6.60980192	acg
ㄈㄨˊ-ㄌㄧㄥˊ	伏聆	-7.17149945	acg
ㄈㄨˊ-ㄐㄧㄢˋ-ㄖㄣˊ-ㄒㄧ	伏見仁希	-6.60980192	acg
ㄈㄨˊ-ㄐㄧㄢˋ-ㄩㄢˊ-ㄅㄧˇ-ㄍㄨˇ	伏見猿比古	-6.17843815	acg
ㄈㄨˊ-ㄏㄟ-ㄏㄨㄟˋ	伏黑惠	-7.04116568	acg
ㄒㄧㄡ-ㄧ	休伊	-7.17149945	acg
ㄒㄧㄡ-ㄎㄨˋ-ㄌㄧˋ	休庫利	-7.04116568	acg
ㄒㄧㄡ-ㄌㄚ-ㄙㄚˋ-ㄆㄣˊ-ㄉㄧˋ	休拉薩盆地	-6.17843815	acg
ㄒㄧㄡ-ㄍㄜˊ-ㄊㄜˋ	休格特	-7.04116568	acg
ㄒㄧㄡ-ㄊㄜˋ-ㄌㄧˇ-ㄋㄧㄝˋ	休特里涅	-6.60980192	acg
ㄒㄧㄡ-ㄇㄧˇ	休米	-7.17149945	acg
ㄅㄛˊ-ㄎㄜˋ-ㄕˋ-ㄓㄤˇ	伯克市長	-6.60980192	acg
ㄅㄛˊ-ㄌㄧˋ-ㄎㄚˇ-ㄦˇ	伯力卡爾	-6.60980192	acg
ㄅㄛˊ-ㄌㄠˊ-ㄉㄨㄟˋ	伯勞隊	-7.04116568	acg
ㄅㄛˊ-ㄐㄧˊ	伯吉	-7.17149945	acg
ㄅㄛˊ-ㄇㄧㄥˊ-ㄍㄜˊ-ㄙ	伯明格斯	-6.60980192	acg
ㄅㄛˊ-ㄌㄧㄣˊ-ㄊㄜˋ	伯林特	-7.04116568	acg
ㄅㄛˊ-ㄊㄜˋ	伯特	-7.17149945	acg
ㄅㄛˊ-ㄋㄚˋ-ㄉㄨㄛ	伯納多	-7.04116568	acg
ㄅㄛˊ-ㄋㄚˋ-ㄉㄜˊ	伯納德	-7.04116568	acg
ㄅㄛˊ-ㄌㄨㄛˊ-ㄎㄣˇ	伯羅肯	-7.04116568	acg
ㄅㄛˊ-ㄌㄨㄛˊ-ㄎㄣˇ-ㄅㄛˊ-ㄐㄩㄝˊ	伯羅肯伯爵	-6.17843815	acg
ㄅㄢˋ-ㄏㄥ	伴亨	-7.17149945	acg
ㄕㄣ-ㄓㄨˋ	伸助	-7.17149945	acg
ㄕㄣ-ㄙㄨㄛ-ㄗˋ-ㄗㄞˋ-ㄉㄜ˙-ㄞˋ	伸縮自在的愛	-5.74707439	acg
ㄙˋ-ㄋㄧㄠˇ-ㄞˋ-ㄧ-ㄌㄤˊ	似鳥愛一郎	-6.17843815	acg
ㄙˋ-ㄋㄧㄠˇ-ㄞˋ-ㄧˋ-ㄌㄤˊ	似鳥愛一郎	-6.67843815	acg
ㄑㄧㄝˊ-ㄅㄚ-ㄌㄨˇ	伽巴魯	-7.04116568	acg
ㄑㄧㄝˊ-ㄇㄟˇ-ㄘˊ	伽美茨	-7.04116568	acg
ㄑㄧㄝˊ-ㄇㄛˋ-ㄈㄨ	伽莫夫	-7.04116568	acg
ㄑㄧㄝˊ-ㄇㄚˇ-ㄕㄡˋ	伽馬獸	-7.04116568	acg
ㄉㄢˋ-ㄉㄧㄥ-ㄜˋ-ㄇㄛˊ-ㄕㄡˋ	但丁惡魔獸	-6.17843815	acg
ㄉㄢˋ-ㄉㄧㄥ-ㄕㄡˋ	但丁獸	-7.04116568	acg
ㄉㄧ-ㄉㄥˇ-ㄐㄧㄝ-ㄐㄧˊ	低等階級	-6.60980192	acg
ㄓㄨˋ-ㄐㄧㄚ-ㄅㄧㄢ-ㄈㄨˊ	住家蝙蝠	-6.60980192	acg
ㄗㄨㄛˇ-ㄐㄧㄡˇ-ㄧㄝˋ	佐久夜	-7.04116568	acg
ㄗㄨㄛˇ-ㄐㄧㄡˇ-ㄇㄠˋ	佐久茂	-7.04116568	acg
ㄗㄨㄛˇ-ㄐㄧㄡˇ-ㄐㄧㄢ-ㄍㄨㄤˇ-ㄇㄟˇ	佐久間廣美	-6.17843815	acg
ㄗㄨㄛˇ-ㄐㄧㄡˇ-ㄐㄧㄢ-ㄐㄧㄥˋ	佐久間敬	-6.60980192	acg
ㄗㄨㄛˇ-ㄐㄧㄡˇ-ㄐㄧㄢ-ㄕㄨˊ-ㄗˇ	佐久間淑子	-6.17843815	acg
ㄗㄨㄛˇ-ㄐㄧㄡˇ-ㄐㄧㄢ-ㄓㄨㄥˋ-ㄨˊ	佐久間重吾	-6.17843815	acg
ㄗㄨㄛˇ-ㄐㄧㄡˇ-ㄐㄧㄢ-ㄇㄚˊ-ㄧㄡˊ	佐久間麻由	-6.17843815	acg
ㄗㄨㄛˇ-ㄧ	佐伊	-7.17149945	acg
ㄗㄨㄛˇ-ㄅㄛˊ-ㄓㄣ-ㄏㄨㄤˇ	佐伯真幌	-6.60980192	acg
ㄗㄨㄛˇ-ㄗㄨㄛˇ-ㄇㄨˋ-ㄑㄧㄢ-ㄓ	佐佐木千枝	-6.17843815	acg
ㄗㄨㄛˇ-ㄗㄨㄛˇ-ㄇㄨˋ-ㄒㄩㄣˊ-ㄓㄚ	佐佐木巡査	-6.17843815	acg
ㄗㄨㄛˇ-ㄗㄨㄛˇ-ㄇㄨˋ-ㄏㄨㄟˋ	佐佐木惠	-6.60980192	acg
ㄗㄨㄛˇ-ㄗㄨㄛˇ-ㄇㄨˋ-ㄇㄨˋ-ㄊㄨㄥ	佐佐木木通	-6.17843815	acg
ㄗㄨㄛˇ-ㄗㄨㄛˇ-ㄇㄨˋ-ㄒㄧㄥˋ-ㄋㄞˋ	佐佐木杏奈	-6.17843815	acg
ㄗㄨㄛˇ-ㄗㄨㄛˇ-ㄇㄨˋ-ㄆㄛ-ㄐㄧㄤ	佐佐木波江	-6.17843815	acg
ㄗㄨㄛˇ-ㄗㄨㄛˇ-ㄇㄨˋ-ㄌㄞˋ-ㄗˇ	佐佐木賴子	-6.17843815	acg
ㄗㄨㄛˇ-ㄘㄤ-ㄒㄧㄥˋ-ㄗˇ	佐倉杏子	-6.60980192	acg
ㄗㄨㄛˇ-ㄘㄤ-ㄌㄧㄤˊ-ㄕㄨˋ	佐倉良樹	-6.60980192	acg
ㄗㄨㄛˇ-ㄩㄢˊ-ㄇㄟˇ-ㄕˋ-ㄗˇ	佐原美世子	-6.17843815	acg
ㄗㄨㄛˇ-ㄔㄥˊ-ㄓˋ-ㄏㄨㄟˋ	佐城智惠	-6.60980192	acg
ㄗㄨㄛˇ-ㄔㄥˊ-ㄒㄩㄝˇ-ㄇㄟˇ	佐城雪美	-6.60980192	acg
ㄗㄨㄛˇ-ㄑㄧˊ	佐崎	-7.17149945	acg
ㄗㄨㄛˇ-ㄔㄨㄢ-ㄩㄢˊ-ㄓˋ	佐川原治	-6.60980192	acg
ㄗㄨㄛˇ-ㄇㄧˊ-ㄋㄨㄛˋ	佐彌諾	-7.04116568	acg
ㄗㄨㄛˇ-ㄣ	佐恩	-7.17149945	acg
ㄗㄨㄛˇ-ㄉㄨˋ-ㄕㄡˇ-ㄋㄢˊ	佐渡守男	-6.60980192	acg
ㄗㄨㄛˇ-ㄨㄛˋ-ㄊㄜˋ	佐渥特	-7.04116568	acg
ㄗㄨㄛˇ-ㄦˇ-ㄕㄤˋ-ㄒㄧㄠˋ	佐爾上校	-6.60980192	acg
ㄗㄨㄛˇ-ㄦˇ-ㄊㄢˇ	佐爾坦	-7.04116568	acg
ㄗㄨㄛˇ-ㄊㄧㄢˊ-ㄇㄧㄥˊ-ㄉㄞˋ	佐田明代	-6.60980192	acg
ㄗㄨㄛˇ-ㄧㄝˊ	佐耶	-7.17149945	acg
ㄗㄨㄛˇ-ㄞˋ-ㄅㄛˊ-ㄍㄜˊ	佐艾伯格	-6.60980192	acg
ㄗㄨㄛˇ-ㄈㄟ	佐菲	-7.17149945	acg
ㄗㄨㄛˇ-ㄈㄟ-ㄧㄚˇ	佐菲雅	-7.04116568	acg
ㄗㄨㄛˇ-ㄊㄥˊ-ㄏㄢˋ-ㄓㄣ	佐藤和真	-6.60980192	acg
ㄗㄨㄛˇ-ㄊㄥˊ-ㄒㄧㄚˋ-ㄇㄟˇ	佐藤夏美	-6.60980192	acg
ㄗㄨㄛˇ-ㄊㄥˊ-ㄒㄧㄣ	佐藤心	-7.04116568	acg
ㄗㄨㄛˇ-ㄊㄥˊ-ㄕㄚ-ㄌㄨㄛˊ	佐藤沙羅	-6.60980192	acg
ㄗㄨㄛˇ-ㄊㄥˊ-ㄔㄨㄣˊ	佐藤淳	-7.04116568	acg
ㄗㄨㄛˇ-ㄊㄥˊ-ㄐㄧㄝˊ-ㄗˇ	佐藤節子	-6.60980192	acg
ㄗㄨㄛˇ-ㄊㄥˊ-ㄐㄧˋ-ㄗˇ	佐藤紀子	-6.60980192	acg
ㄗㄨㄛˇ-ㄋㄨㄛˋ	佐諾	-7.17149945	acg
ㄗㄨㄛˇ-ㄏㄜˋ-ㄡˇ-ㄒㄧㄤˋ-ㄕˋ-ㄔㄨㄢˊ-ㄑㄧˊ	佐賀偶像是傳奇	-5.74707439	acg
ㄗㄨㄛˇ-ㄧㄝˇ-ㄑㄧˇ-ㄗˇ	佐野啟子	-6.60980192	acg
ㄗㄨㄛˇ-ㄇㄚˇ-ㄌㄧˋ	佐馬利	-7.04116568	acg
ㄏㄜˊ-ㄌㄧˋ-ㄒㄧ	何力蜥	-7.04116568	acg
ㄏㄜˊ-ㄅㄨˋ-ㄌㄟˊ	何布雷	-7.04116568	acg
ㄏㄜˊ-ㄨㄤˋ	何望	-7.17149945	acg
ㄏㄜˊ-ㄘㄨㄣ-ㄓㄤˇ	何村長	-7.04116568	acg
ㄕㄜˊ-ㄍㄞˋ-ㄖㄨㄟˋ	佘蓋瑞	-7.04116568	acg
ㄈㄛˊ-ㄒㄧㄡ-ㄌㄧˇ-ㄨㄣˊ	佛修里文	-6.60980192	acg
ㄈㄛˊ-ㄐㄧㄝˊ	佛傑	-7.17149945	acg
ㄈㄛˊ-ㄌㄜˋ-ㄙ-ㄊㄞˋ-ㄍㄜˊ	佛勒斯泰格	-6.17843815	acg
ㄈㄛˊ-ㄒㄧㄚˋ-ㄘㄨㄣ	佛夏村	-7.04116568	acg
ㄈㄛˊ-ㄌㄚ-ㄋㄚˋ-ㄍㄢ	佛拉那甘	-6.60980192	acg
ㄈㄛˊ-ㄌㄚ-ㄋㄚˋ-ㄍㄢ-ㄐㄧ-ㄍㄨㄢ	佛拉那甘機關	-5.74707439	acg
ㄈㄛˊ-ㄌㄤˇ-ㄐㄧˊ	佛朗吉	-7.04116568	acg
ㄈㄛˊ-ㄌㄤˇ-ㄐㄧ	佛朗基	-7.04116568	acg
ㄈㄛˊ-ㄍㄜˊ-ㄙ	佛格斯	-7.04116568	acg
ㄈㄛˊ-ㄍㄜˊ-ㄙㄣ-ㄈㄨ-ㄖㄣˊ	佛格森夫人	-6.17843815	acg
ㄈㄛˊ-ㄊㄜˋ-ㄙ-ㄊㄜˋ	佛特斯特	-6.60980192	acg
ㄈㄛˊ-ㄖㄨㄟˋ	佛瑞	-7.17149945	acg
ㄈㄛˊ-ㄉㄧˋ-ㄍㄤ	佛締岡	-7.04116568	acg
ㄈㄛˊ-ㄌㄨㄛˊ-ㄒㄧㄥ	佛羅星	-7.04116568	acg
ㄈㄛˊ-ㄌㄞˊ-ㄍㄜˊ	佛萊格	-7.04116568	acg
ㄈㄛˊ-ㄌㄞˊ-ㄎㄣˇ	佛萊肯	-7.04116568	acg
ㄈㄛˊ-ㄌㄞˊ-ㄉㄧˊ	佛萊迪	-7.04116568	acg
ㄈㄛˊ-ㄌㄟˊ-ㄎㄤ-ㄅㄛˊ	佛雷康柏	-6.60980192	acg
ㄈㄛˊ-ㄌㄟˊ-ㄉㄧˊ-ㄉㄜ˙-ㄨˇ-ㄧㄝˋ-ㄐㄧㄥ-ㄏㄨㄣˊ	佛雷迪的五夜驚魂	-5.74707439	acg
ㄗㄨㄛˋ-ㄅㄧˋ-ㄐㄧ	作弊雞	-7.04116568	acg
ㄗㄨㄛˋ-ㄩㄥˇ-ㄐㄩㄣ	作永君	-7.04116568	acg
ㄋㄧˇ-ㄉㄜ˙-ㄧㄢˊ-ㄙㄜˋ	你的顏色	-6.60980192	acg
ㄋㄧˇ-ㄎㄢˋ-ㄑㄧˇ-ㄌㄞˊ-ㄏㄣˇ-ㄏㄠˇ-ㄔ	你看起來很好吃	-5.74707439	acg
ㄆㄟˋ-ㄉㄨㄛ-ㄌㄨㄛˊ	佩多羅	-7.04116568	acg
ㄆㄟˋ-ㄐㄧ	佩姬	-7.17149945	acg
ㄆㄟˋ-ㄆㄚˋ-ㄌㄨㄛˊ-ㄋㄧˊ	佩帕羅妮	-6.60980192	acg
ㄆㄟˋ-ㄊㄨㄛ-ㄌㄚ	佩托拉	-7.04116568	acg
ㄆㄟˋ-ㄌㄚ-ㄖㄨㄟˋ-ㄗ	佩拉瑞茲	-6.60980192	acg
ㄆㄟˋ-ㄆㄛ	佩波	-7.17149945	acg
ㄆㄟˋ-ㄌㄨㄛˋ-ㄌㄨㄛˋ-ㄐㄧˊ-ㄌㄚ	佩洛洛吉拉	-6.17843815	acg
ㄆㄟˋ-ㄦˇ	佩爾	-7.17149945	acg
ㄆㄟˋ-ㄑㄧˊ	佩琪	-7.17149945	acg
ㄆㄟˋ-ㄨㄟˊ-ㄙ	佩維斯	-7.04116568	acg
ㄆㄟˋ-ㄅㄚ	佩芭	-7.17149945	acg
ㄆㄟˋ-ㄉㄧˋ	佩蒂	-7.17149945	acg
ㄆㄟˋ-ㄌㄧˇ-ㄒㄩㄣˋ-ㄒㄧㄢ-ㄕㄥ	佩里遜先生	-6.17843815	acg
ㄆㄟˋ-ㄌㄧˇ-ㄒㄩㄣˋ-ㄈㄨ-ㄖㄣˊ	佩里遜夫人	-6.17843815	acg
ㄆㄟˋ-ㄇㄛˋ-ㄊㄜˋ-ㄌㄟˊ-ㄐㄧ-ㄙ	佩默特雷基斯	-5.74707439	acg
ㄐㄧㄚ-ㄕˋ-ㄗˇ	佳世子	-7.04116568	acg
ㄐㄧㄚ-ㄋㄚˋ-ㄉㄜˊ	佳娜德	-7.04116568	acg
ㄐㄧㄚ-ㄙㄨㄟˋ	佳穗	-7.17149945	acg
ㄐㄧㄚ-ㄐㄧㄝˊ-ㄕˊ-ㄎㄜˋ	佳節時刻	-6.60980192	acg
ㄐㄧㄚ-ㄋㄚˋ-ㄗˇ	佳那子	-7.04116568	acg
ㄌㄞˊ-ㄑㄧ	來栖	-7.17149945	acg
ㄌㄞˊ-ㄏㄞˇ-ㄊㄠˊ-ㄒㄧㄤ	來海桃香	-6.60980192	acg
ㄌㄞˊ-ㄏㄞˇ-ㄧㄥ	來海櫻	-7.04116568	acg
ㄌㄞˊ-ㄏㄞˇ-ㄌㄧㄡˊ-ㄓ-ㄓㄨˋ	來海流之助	-6.17843815	acg
ㄌㄞˊ-ㄒㄧ	來西	-7.17149945	acg
ㄌㄞˊ-ㄍㄨˇ-ㄨㄟˇ-ㄏㄨˊ	來谷唯湖	-6.60980192	acg
ㄕˋ-ㄏㄨㄣˊ-ㄨˊ-ㄕㄨㄤ	侍魂無雙	-6.60980192	acg
ㄧㄡˋ-ㄋㄚˋ	侑那	-7.17149945	acg
ㄌㄨㄣˊ-ㄍㄜˊ-ㄕㄚ-ㄇㄛˋ	侖格沙漠	-6.60980192	acg
ㄔㄚˋ-ㄓㄨˋ	侘助	-7.17149945	acg
ㄍㄨㄥˋ-ㄈㄥˋ-ㄩㄢˋ-ㄧㄚˇ-ㄌㄧˇ-ㄕㄚ	供奉院亞里沙	-5.74707439	acg
ㄍㄨㄥˋ-ㄈㄥˋ-ㄩㄢˋ-ㄨㄥ	供奉院翁	-6.60980192	acg
ㄍㄨㄥ-ㄐㄧˇ-ㄅㄨˋ	供給部	-7.04116568	acg
ㄧ-ㄉㄚˊ	依妲	-7.17149945	acg
ㄧ-ㄌㄧㄡˊ	依琉	-7.17149945	acg
ㄧ-ㄊㄧㄢˊ-ㄈㄤ-ㄋㄞˇ	依田芳乃	-6.60980192	acg
ㄧ-ㄇㄧˇ-ㄌㄨㄣˊ	依米倫	-7.04116568	acg
ㄧ-ㄌㄨㄛˊ	依羅	-7.17149945	acg
ㄏㄡˊ-ㄆㄟˊ-ㄔㄣˋ	侯陪襯	-7.04116568	acg
ㄑㄧㄣ-ㄌㄩㄝˋ-ㄍㄤ-ㄉㄢˋ	侵略鋼彈	-6.60980192	acg
ㄜˊ-ㄊㄜˋ-ㄐㄧㄚ-ㄉㄜˊ-ㄓ-ㄉㄧㄢ	俄特加德之巔	-5.74707439	acg
ㄜˊ-ㄊㄜˋ-ㄐㄧㄚ-ㄉㄜˊ-ㄧㄠˋ-ㄙㄞˋ	俄特加德要塞	-5.74707439	acg
ㄜˊ-ㄌㄨㄛˊ-ㄕˋ	俄羅士	-7.04116568	acg
ㄜˊ-ㄌㄨㄛˊ-ㄙ-ㄊㄜˋ-ㄓㄨㄥˇ-ㄅㄨˋ-ㄉㄨㄟˋ	俄羅斯特種部隊	-5.74707439	acg
ㄜˊ-ㄌㄨㄛˊ-ㄙ-ㄉㄜ˙-ㄕㄡˇ-ㄏㄨˋ-ㄓㄜˇ	俄羅斯的守護者	-5.74707439	acg
ㄑㄧㄠˋ-ㄆㄧˊ-ㄒㄧㄠˇ-ㄏㄨㄚ-ㄒㄧㄢ	俏皮小花仙	-6.17843815	acg
ㄑㄧㄠˋ-ㄌㄧˋ-ㄈㄤ-ㄒㄧㄤ-ㄕㄨㄟˇ-ㄏㄨㄚ	俏麗芳香水花	-5.74707439	acg
ㄅㄠˇ-ㄌㄨㄣˊ	保倫	-7.17149945	acg
ㄅㄠˇ-ㄌㄧˋ-ㄇㄟˇ-ㄉㄚˊ	保力美達	-6.60980192	acg
ㄅㄠˇ-ㄎㄜˇ-ㄌㄨㄛˋ-ㄌㄠˇ-ㄉㄧㄝ	保可洛老爹	-6.17843815	acg
ㄅㄠˇ-ㄕˊ-ㄐㄧㄝˊ-ㄉㄜ˙-ㄖㄨㄥˊ-ㄧㄠˋ	保時捷的榮耀	-5.74707439	acg
ㄅㄠˇ-ㄔㄥˊ-ㄋㄚˇ	保澄雫	-7.04116568	acg
ㄅㄠˇ-ㄌㄨㄛˊ-ㄩˋ-ㄔㄤˊ	保羅獄長	-6.60980192	acg
ㄅㄠˇ-ㄨㄟˋ-ㄅㄚ-ㄊㄜˋ	保衛巴特	-6.60980192	acg
ㄒㄧㄣˋ-ㄒㄧˊ-ㄈㄨˊ-ㄨˋ-ㄧㄡˇ-ㄒㄧㄢˋ-ㄍㄨㄥ-ㄙ	信息服務有限公司	-5.74707439	acg
ㄒㄧㄣˋ-ㄒㄧˊ-ㄕㄡˋ	信息獸	-7.04116568	acg
ㄒㄧㄣˋ-ㄒㄧˊ-ㄎㄜ-ㄐㄧˋ-ㄧㄡˇ-ㄒㄧㄢˋ-ㄍㄨㄥ-ㄙ	信息科技有限公司	-5.74707439	acg
ㄒㄧㄣˋ-ㄧˋ-ㄑㄩ	信異區	-7.04116568	acg
ㄒㄧㄡ-ㄓ	修之	-7.17149945	acg
ㄒㄧㄡ-ㄧㄚˇ	修亞	-7.17149945	acg
ㄒㄧㄡ-ㄧ	修伊	-7.17149945	acg
ㄒㄧㄡ-ㄎㄜˋ-ㄌㄚ	修克菈	-7.04116568	acg
ㄒㄧㄡ-ㄎㄚˇ	修卡	-7.17149945	acg
ㄒㄧㄡ-ㄊㄚˇ-ㄦˇ-ㄎㄜˋ	修塔爾克	-6.60980192	acg
ㄒㄧㄡ-ㄋㄞˋ-ㄐㄧㄝˊ-ㄦˇ	修奈傑爾	-6.60980192	acg
ㄒㄧㄡ-ㄋㄩˇ-ㄖˋ-ㄐㄧˊ-ㄗˇ	修女日吉子	-6.17843815	acg
ㄒㄧㄡ-ㄋㄩˇ-ㄏㄨㄟˋ	修女會	-7.04116568	acg
ㄒㄧㄡ-ㄌㄚ-ㄊㄜˋ	修拉特	-7.04116568	acg
ㄒㄧㄡ-ㄍㄞˇ-ㄒㄧㄥˊ	修改型	-7.04116568	acg
ㄒㄧㄡ-ㄙ-ㄎㄨˋ	修斯庫	-7.04116568	acg
ㄒㄧㄡ-ㄊㄞˋ-ㄋㄚˊ	修泰拿	-7.04116568	acg
ㄒㄧㄡ-ㄊㄞˋ-ㄋㄚˋ	修泰納	-7.04116568	acg
ㄒㄧㄡ-ㄨㄚˇ-ㄦˇ-ㄗ	修瓦爾茲	-6.60980192	acg
ㄒㄧㄡ-ㄨㄚˇ-ㄦˇ-ㄗ-ㄎㄜ-ㄈㄨ	修瓦爾茲科夫	-5.74707439	acg
ㄒㄧㄡ-ㄕㄢˋ-ㄨㄤˊ-ㄚ-ㄒㄧㄡ	修繕王阿修	-6.17843815	acg
ㄒㄧㄡ-ㄏㄢˇ-ㄅㄟˋ-ㄎㄜˋ	修罕貝克	-6.60980192	acg
ㄒㄧㄡ-ㄌㄨㄛˊ-ㄒㄧㄠˇ-ㄕˊ	修羅小石	-6.60980192	acg
ㄒㄧㄡ-ㄌㄨㄛˊ-ㄧㄝˊ	修羅耶	-7.04116568	acg
ㄒㄧㄡ-ㄅㄨˇ-ㄧㄡˇ-ㄧˊ-ㄓ-ㄌㄧˊ	修補友誼之籬	-5.74707439	acg
ㄒㄧㄡ-ㄇㄚˇ-ㄏㄜˋ	修馬赫	-7.04116568	acg
ㄘㄤ-ㄔㄨˊ-ㄎㄨㄥ-ㄐㄧㄢ	倉儲空間	-6.60980192	acg
ㄘㄤ-ㄓㄨˋ	倉助	-7.17149945	acg
ㄘㄤ-ㄎㄨˋ-ㄏㄨㄛˇ-ㄆㄧㄣ	倉庫火拼	-6.60980192	acg
ㄘㄤ-ㄎㄨˋ-ㄊㄨˊ-ㄐㄧˊ	倉庫突擊	-6.60980192	acg
ㄘㄤ-ㄊㄧㄢˊ-ㄓㄥˋ-ㄇㄧㄥˊ	倉田正明	-6.60980192	acg
ㄘㄤ-ㄓ	倉知	-7.17149945	acg
ㄘㄤ-ㄕㄨˇ-ㄧ-ㄕㄥ	倉鼠醫生	-6.60980192	acg
ㄉㄠˋ-ㄧㄥˇ-ㄉㄚˋ-ㄊㄧㄥ	倒影大廳	-6.60980192	acg
ㄉㄠˇ-ㄇㄟˊ-ㄇㄟˊ-ㄋㄧㄠˇ	倒楣楣鳥	-6.60980192	acg
ㄌㄨㄣˊ-ㄐㄧㄚ	倫迦	-7.17149945	acg
ㄌㄨㄣˊ-ㄉㄚˊ	倫達	-7.17149945	acg
ㄧㄢˇ-ㄩㄝˋ-ㄐㄧㄚ-ㄌㄨˇ-ㄌㄨˇ-ㄕㄡˋ	偃月加魯魯獸	-5.74707439	acg
ㄐㄧㄚˇ-ㄇㄠˋ-ㄓㄜˇ	假冒者	-7.04116568	acg
ㄐㄧㄚˇ-ㄒㄧㄤˇ-ㄍㄨㄛˊ	假想國	-7.04116568	acg
ㄐㄧㄚˇ-ㄒㄧㄤˇ-ㄎㄜˋ	假想課	-7.04116568	acg
ㄐㄧㄚˋ-ㄖˋ-ㄅㄚˋ-ㄅㄚ˙	假日爸爸	-6.60980192	acg
ㄐㄧㄚˇ-ㄏㄨˊ	假狐	-7.17149945	acg
ㄐㄧㄚˇ-ㄇㄧㄢˋ-ㄅㄛˊ-ㄕˋ	假面博士	-6.60980192	acg
ㄐㄧㄚˇ-ㄇㄧㄢˋ-ㄒㄧㄝˇ-ㄗㄨˊ-ㄕㄡˋ	假面血族獸	-6.17843815	acg
ㄐㄧㄚˇ-ㄇㄧㄢˋ-ㄑㄧˊ-ㄕˋ-ㄐㄧㄢˋ	假面騎士劍	-6.17843815	acg
ㄐㄧㄚˇ-ㄇㄧㄢˋ-ㄑㄧˊ-ㄕˋ-ㄉㄨㄟˋ-ㄒㄧㄡ-ㄎㄚˇ	假面騎士對修卡	-5.74707439	acg
ㄐㄧㄚˇ-ㄇㄧㄢˋ-ㄑㄧˊ-ㄕˋ-ㄅㄨˋ-ㄌㄚ-ㄈㄨˊ	假面騎士布拉弗	-5.74707439	acg
ㄐㄧㄚˇ-ㄇㄧㄢˋ-ㄑㄧˊ-ㄕˋ-ㄑㄧㄤˊ-ㄖㄣˊ	假面騎士強人	-5.74707439	acg
ㄐㄧㄚˇ-ㄇㄧㄢˋ-ㄑㄧˊ-ㄕˋ-ㄖㄣˇ-ㄓㄜˇ	假面騎士忍者	-5.74707439	acg
ㄐㄧㄚˇ-ㄇㄧㄢˋ-ㄑㄧˊ-ㄕˋ-ㄙ-ㄊㄜˋ-ㄌㄧㄡˊ-ㄙ	假面騎士斯特琉斯	-5.74707439	acg
ㄐㄧㄚˇ-ㄇㄧㄢˋ-ㄑㄧˊ-ㄕˋ-ㄩㄝˋ-ㄉㄨˊ	假面騎士月讀	-5.74707439	acg
ㄐㄧㄚˇ-ㄇㄧㄢˋ-ㄑㄧˊ-ㄕˋ-ㄐㄧ-ㄒㄧㄝˋ	假面騎士機械	-5.74707439	acg
ㄐㄧㄚˇ-ㄇㄧㄢˋ-ㄑㄧˊ-ㄕˋ-ㄑㄩㄢˊ-ㄓㄤˋ	假面騎士權杖	-5.74707439	acg
ㄐㄧㄚˇ-ㄇㄧㄢˋ-ㄑㄧˊ-ㄕˋ-ㄘㄞ-ㄇㄧˊ	假面騎士猜謎	-5.74707439	acg
ㄐㄧㄚˇ-ㄇㄧㄢˋ-ㄑㄧˊ-ㄕˋ-ㄎㄨㄥ-ㄨㄛˇ	假面騎士空我	-5.74707439	acg
ㄐㄧㄚˇ-ㄇㄧㄢˋ-ㄑㄧˊ-ㄕˋ-ㄋㄚˋ-ㄎㄜˋ-ㄦˇ	假面騎士納克爾	-5.74707439	acg
ㄐㄧㄚˇ-ㄇㄧㄢˋ-ㄑㄧˊ-ㄕˋ-ㄕㄥˋ-ㄖㄣˋ	假面騎士聖刃	-5.74707439	acg
ㄐㄧㄚˇ-ㄇㄧㄢˋ-ㄑㄧˊ-ㄕˋ-ㄕㄥˋ-ㄅㄟ	假面騎士聖杯	-5.74707439	acg
ㄐㄧㄚˇ-ㄇㄧㄢˋ-ㄑㄧˊ-ㄕˋ-ㄉㄧˊ-ㄎㄜˋ	假面騎士迪克	-5.74707439	acg
ㄐㄧㄚˇ-ㄇㄧㄢˋ-ㄑㄧˊ-ㄕˋ-ㄅㄨˋ	假面騎士部	-6.17843815	acg
ㄐㄧㄚˇ-ㄇㄧㄢˋ-ㄑㄧˊ-ㄕˋ-ㄐㄧㄣ-ㄅㄧˋ	假面騎士金幣	-5.74707439	acg
ㄐㄧㄚˇ-ㄇㄧㄢˋ-ㄑㄧˊ-ㄕˋ-ㄎㄞˇ-ㄨˇ	假面騎士鎧武	-5.74707439	acg
ㄐㄧㄚˇ-ㄇㄧㄢˋ-ㄑㄧˊ-ㄕˋ-ㄉㄧㄢˋ-ㄨㄤˊ	假面騎士電王	-5.74707439	acg
ㄐㄧㄚˇ-ㄇㄧㄢˋ-ㄑㄧˊ-ㄕˋ-ㄜˋ-ㄇㄣˊ	假面騎士顎門	-5.74707439	acg
ㄐㄧㄚˇ-ㄇㄧㄢˋ-ㄑㄧˊ-ㄕˋ-ㄑㄧˊ-ㄍㄜˊ-ㄈㄟ	假面騎士齊格飛	-5.74707439	acg
ㄐㄧㄚˇ-ㄇㄧㄢˋ-ㄑㄧˊ-ㄕˋ-ㄌㄨㄥˊ-ㄑㄧˊ	假面騎士龍騎	-5.74707439	acg
ㄨㄟˇ-ㄗㄨㄛˇ	偉佐	-7.17149945	acg
ㄨㄟˇ-ㄉㄚˋ-ㄉㄜ˙-ㄏㄤˊ-ㄌㄨˋ	偉大的航路	-6.17843815	acg
ㄆㄧㄢ-ㄒㄧㄣ-ㄍㄨㄟˇ	偏心鬼	-7.04116568	acg
ㄗㄨㄛˋ-ㄇㄨˋ-ㄑㄧㄢˊ-ㄌㄧˋ-ㄙㄨㄛˇ-ㄋㄥˊ-ㄐㄧˊ-ㄓ-ㄕˋ	做目前力所能及之事	-5.74707439	acg
ㄊㄧㄥˊ-ㄓˇ-ㄉㄚˇ-ㄍㄜˊ-ㄐㄩㄣ	停止打嗝君	-6.17843815	acg
ㄘㄜˋ-ㄙㄠˇ	側掃	-7.17149945	acg
ㄓㄣ-ㄔㄚˊ-ㄕㄡˋ	偵察獸	-7.04116568	acg
ㄓㄣ-ㄔㄚˊ-ㄕˋ-ㄐㄧㄢˋ-ㄅㄨˋ	偵查事件簿	-6.17843815	acg
ㄡˇ-ㄒㄧㄤˋ-ㄧ-ㄈㄤ-ㄊㄨㄥ-ㄒㄧㄥˊ-ㄉㄚˋ-ㄖㄣˊ	偶像一方通行大人	-5.74707439	acg
ㄡˇ-ㄒㄧㄤˋ-ㄧˋ-ㄈㄤ-ㄊㄨㄥ-ㄒㄧㄥˊ-ㄉㄚˋ-ㄖㄣˊ	偶像一方通行大人	-6.24707439	acg
ㄡˇ-ㄒㄧㄤˋ-ㄒㄩㄝˊ-ㄩㄢˊ	偶像學園	-6.60980192	acg
ㄡˇ-ㄒㄧㄤˋ-ㄒㄩㄝˊ-ㄩㄢˊ-ㄐㄩㄝˊ-ㄙㄜˋ-ㄌㄧㄝˋ-ㄅㄧㄠˇ	偶像學園角色列表	-5.74707439	acg
ㄡˇ-ㄒㄧㄤˋ-ㄒㄩㄢ-ㄧㄢˊ	偶像宣言	-6.60980192	acg
ㄡˇ-ㄒㄧㄤˋ-ㄏㄨㄛˊ-ㄉㄨㄥˋ-ㄎㄚˇ	偶像活動卡	-6.17843815	acg
ㄡˇ-ㄒㄧㄤˋ-ㄏㄨㄛˊ-ㄉㄨㄥˋ-ㄉㄧㄢˋ-ㄏㄨㄚˋ	偶像活動電話	-5.74707439	acg
ㄊㄡ-ㄔ-ㄍㄨㄟˇ-ㄓ-ㄓㄨˋ	偷吃鬼之助	-6.17843815	acg
ㄨㄟˋ-ㄇㄠˋ-ㄑㄧ-ㄏㄠˋ	偽冒七號	-6.60980192	acg
ㄨㄟˋ-ㄇㄠˋ-ㄧㄚˇ-ㄍㄜˊ	偽冒亞格	-6.60980192	acg
ㄨㄟˋ-ㄇㄠˋ-ㄑㄧㄠˊ-ㄋㄧˊ-ㄙ	偽冒喬尼斯	-6.17843815	acg
ㄨㄟˋ-ㄇㄠˋ-ㄉㄧˋ-ㄋㄚˋ	偽冒帝納	-6.60980192	acg
ㄨㄟˋ-ㄇㄠˋ-ㄇㄟˊ-ㄅㄧˇ-ㄙ	偽冒梅比斯	-6.17843815	acg
ㄨㄟˋ-ㄇㄠˋ-ㄗ-ㄦˇ-ㄐㄧ	偽冒茲爾基	-6.17843815	acg
ㄨㄟˋ-ㄇㄠˋ-ㄍㄞˋ-ㄧㄚˇ	偽冒蓋亞	-6.60980192	acg
ㄨㄟˋ-ㄇㄠˋ-ㄔㄠ-ㄖㄣˊ-ㄌㄧˋ-ㄅㄚˋ-ㄨㄤˊ	偽冒超人力霸王	-5.74707439	acg
ㄨㄟˋ-ㄇㄠˋ-ㄚ-ㄙ-ㄉㄨㄛ-ㄌㄚ	偽冒阿斯多拉	-5.74707439	acg
ㄨㄟˋ-ㄇㄠˋ-ㄍㄠ-ㄙ	偽冒高斯	-6.60980192	acg
ㄨㄟˋ-ㄓㄨㄤ-ㄕㄡˋ	偽裝獸	-7.04116568	acg
ㄨㄟˋ-ㄗㄨㄢ-ㄊㄡˊ-ㄧㄢˇ-ㄕㄨˇ-ㄕㄡˋ	偽鑽頭鼴鼠獸	-5.74707439	acg
ㄎㄨㄟˇ-ㄌㄟˇ-ㄕ-ㄗㄨㄛˇ-ㄐㄧㄣˋ	傀儡師左近	-6.17843815	acg
ㄎㄨㄟˇ-ㄌㄟˇ-ㄇㄚˇ-ㄒㄧˋ-ㄊㄨㄢˊ	傀儡馬戲團	-6.17843815	acg
ㄈㄨˋ-ㄧ-ㄌㄧˋ	傅伊利	-7.04116568	acg
ㄈㄨˋ-ㄌㄧˊ-ㄉㄚˊ	傅麗達	-7.04116568	acg
ㄐㄧㄝˊ-ㄈㄛˊ-ㄌㄧˋ	傑佛利	-7.04116568	acg
ㄐㄧㄝˊ-ㄎㄜˋ-ㄑㄧˊ-ㄕˋ	傑克騎士	-6.60980192	acg
ㄐㄧㄝˊ-ㄌㄧˋ	傑利	-7.17149945	acg
ㄐㄧㄝˊ-ㄌㄧˋ-ㄇㄨˇ	傑利姆	-7.04116568	acg
ㄐㄧㄝˊ-ㄌㄧˋ-ㄊㄜˋ	傑利特	-7.04116568	acg
ㄐㄧㄝˊ-ㄍㄤ	傑剛	-7.17149945	acg
ㄐㄧㄝˊ-ㄌㄧˋ	傑力	-7.17149945	acg
ㄐㄧㄝˊ-ㄨˊ-ㄕˋ-ㄨㄤˊ	傑吾士王	-6.60980192	acg
ㄐㄧㄝˊ-ㄊㄨˊ-ㄧㄚˇ	傑圖亞	-7.04116568	acg
ㄐㄧㄝˊ-ㄐㄧ	傑基	-7.17149945	acg
ㄐㄧㄝˊ-ㄉㄨㄛ-ㄅㄛˊ-ㄕˋ	傑多博士	-6.60980192	acg
ㄐㄧㄝˊ-ㄑㄧˊ	傑奇	-7.17149945	acg
ㄐㄧㄝˊ-ㄋㄧˊ-ㄙ-ㄊㄧㄥ	傑尼斯汀	-6.60980192	acg
ㄐㄧㄝˊ-ㄋㄧˊ-ㄙ-ㄨㄤˊ-ㄌㄧˋ-ㄒㄩㄝˊ-ㄩㄢˋ	傑尼絲王立學院	-5.74707439	acg
ㄐㄧㄝˊ-ㄋㄧˊ-ㄗ	傑尼茲	-7.04116568	acg
ㄐㄧㄝˊ-ㄋㄧˊ-ㄍㄨㄟ	傑尼龜	-7.04116568	acg
ㄐㄧㄝˊ-ㄅㄨˋ	傑布	-7.17149945	acg
ㄐㄧㄝˊ-ㄈㄨˊ-ㄙㄣ	傑弗森	-7.04116568	acg
ㄐㄧㄝˊ-ㄉㄜˊ	傑德	-7.17149945	acg
ㄐㄧㄝˊ-ㄌㄚ-ㄦˇ-ㄉㄜˊ	傑拉爾德	-6.60980192	acg
ㄐㄧㄝˊ-ㄌㄚ-ㄈㄟ-ㄦˇ	傑拉菲爾	-6.60980192	acg
ㄐㄧㄝˊ-ㄙ-ㄌㄧˋ-ㄖㄣˋ-ㄒㄧㄥˊ	傑斯利刃型	-6.17843815	acg
ㄐㄧㄝˊ-ㄉㄨˋ	傑杜	-7.17149945	acg
ㄐㄧㄝˊ-ㄙㄣ	傑森	-7.17149945	acg
ㄐㄧㄝˊ-ㄡ	傑歐	-7.17149945	acg
ㄐㄧㄝˊ-ㄌㄨㄛˋ	傑洛	-7.17149945	acg
ㄐㄧㄝˊ-ㄌㄨㄛˋ-ㄇㄨˇ	傑洛姆	-7.04116568	acg
ㄐㄧㄝˊ-ㄌㄨㄛˋ-ㄊㄜˋ	傑洛特	-7.04116568	acg
ㄐㄧㄝˊ-ㄦˇ-ㄍㄨˇ-ㄍㄜˊ	傑爾古格	-6.60980192	acg
ㄐㄧㄝˊ-ㄦˇ-ㄍㄨˇ-ㄍㄜˊ-ㄇㄥˇ-ㄕˋ	傑爾古格猛士	-5.74707439	acg
ㄐㄧㄝˊ-ㄦˇ-ㄙㄣ	傑爾森	-7.04116568	acg
ㄐㄧㄝˊ-ㄦˇ-ㄗ-ㄎㄜˋ	傑爾茲克	-6.60980192	acg
ㄐㄧㄝˊ-ㄊㄜˋ-ㄌㄢˊ	傑特蘭	-7.04116568	acg
ㄐㄧㄝˊ-ㄖㄨㄟˋ-ㄇㄧˇ-ㄧㄚˇ	傑瑞米亞	-6.60980192	acg
ㄐㄧㄝˊ-ㄋㄨㄛˋ	傑諾	-7.17149945	acg
ㄐㄧㄝˊ-ㄋㄨㄛˋ-ㄧㄚˇ-ㄙ	傑諾亞斯	-6.60980192	acg
ㄐㄧㄝˊ-ㄋㄨㄛˋ-ㄊㄚˇ-ㄇㄨˇ	傑諾塔姆	-6.60980192	acg
ㄐㄧㄝˊ-ㄋㄨㄛˋ-ㄨㄚˇ	傑諾瓦	-7.04116568	acg
ㄐㄧㄝˊ-ㄅㄤ-ㄋㄧˊ	傑邦尼	-7.04116568	acg
ㄙㄢˇ-ㄉㄧㄢˋ-ㄒㄧ	傘電蜥	-7.04116568	acg
ㄅㄟˋ-ㄑㄧㄢˊ-ㄆㄧㄥˊ-ㄙˋ-ㄌㄤˊ	備前平四郎	-6.17843815	acg
ㄠˋ-ㄇㄢˋ-ㄈㄨˊ-ㄐㄧˊ-ㄓㄜˇ	傲慢伏擊者	-6.17843815	acg
ㄔㄨㄢˊ-ㄑㄧˊ-ㄋㄩˇ-ㄨㄤˊ	傳奇女王	-6.60980192	acg
ㄔㄨㄢˊ-ㄑㄧˊ-ㄍㄨㄥ-ㄗㄨㄛˋ-ㄕˋ	傳奇工作室	-6.17843815	acg
ㄔㄨㄢˊ-ㄑㄧˊ-ㄩㄥˇ-ㄅㄨˋ-ㄒㄧㄠ-ㄕˋ	傳奇永不消逝	-5.74707439	acg
ㄔㄨㄢˊ-ㄑㄧˊ-ㄒㄧˋ-ㄌㄧㄝˋ	傳奇系列	-6.60980192	acg
ㄔㄨㄢˊ-ㄑㄧˊ-ㄨㄤˇ-ㄌㄨˋ	傳奇網路	-6.60980192	acg
ㄔㄨㄢˊ-ㄑㄧˊ-ㄋㄧㄤˋ-ㄐㄧㄡˇ-ㄉㄚˋ-ㄕ	傳奇釀酒大師	-5.74707439	acg
ㄔㄨㄢˊ-ㄨㄣˊ-ㄕㄡˋ	傳聞獸	-7.04116568	acg
ㄔㄨㄢˊ-ㄕㄨㄛ-ㄐㄩˋ-ㄕㄣˊ-ㄧ-ㄉㄧㄢˋ-ㄨㄤˊ	傳說巨神伊甸王	-5.74707439	acg
ㄔㄨㄢˊ-ㄕㄨ-ㄌㄥˊ-ㄐㄧㄥˋ	傳輸稜鏡	-6.60980192	acg
ㄕㄚˇ-ㄕㄚˇ	傻傻	-7.17149945	acg
ㄕㄚˇ-ㄍㄨㄚ-ㄊㄡˊ-ㄐㄧㄣ	傻瓜頭巾	-6.60980192	acg
ㄐㄧㄣˇ-ㄒㄧㄢˋ-ㄍㄣ-ㄅㄢ	僅限跟班	-6.60980192	acg
ㄒㄧㄤˋ-ㄙㄨˋ-ㄖㄨㄢˇ-ㄐㄧㄢˋ	像素軟件	-6.60980192	acg
ㄐㄧㄤ-ㄧㄥˋ-ㄒㄧㄥˊ	僵硬型	-7.04116568	acg
ㄧˊ-ㄉㄧㄢˇ-ㄩㄥˋ-ㄓㄨㄤ-ㄕˋ-ㄒㄧㄥˊ	儀典用裝飾型	-5.74707439	acg
ㄧㄡ-ㄏㄚ-ㄅㄚ-ㄏㄚ	優哈巴哈	-6.60980192	acg
ㄧㄡ-ㄋㄚˋ	優娜	-7.17149945	acg
ㄧㄡ-ㄋㄧˊ	優尼	-7.17149945	acg
ㄧㄡ-ㄇㄨˋ-ㄕㄚ-ㄕㄚ	優木沙沙	-6.60980192	acg
ㄧㄡ-ㄍㄜˊ-ㄅㄧˇ-ㄦˇ	優格比爾	-6.60980192	acg
ㄧㄡ-ㄙ-ㄇㄨˇ	優絲姆	-7.04116568	acg
ㄧㄡ-ㄍㄨˇ-ㄌㄚ-ㄇㄨˇ	優谷拉姆	-6.60980192	acg
ㄧㄡ-ㄧㄚˇ-ㄍㄨㄤ-ㄉㄧㄢˇ	優雅光點	-6.60980192	acg
ㄔㄨˊ-ㄨˋ-ㄒㄧㄤ	儲物箱	-7.04116568	acg
ㄔㄨˊ-ㄨˋ-ㄒㄧㄤ-ㄓㄨˊ-ㄈㄚˊ	儲物箱竹筏	-6.17843815	acg
ㄔㄨˊ-ㄨˋ-ㄒㄧㄤ-ㄔㄨㄢˊ	儲物箱船	-6.60980192	acg
ㄔㄨˊ-ㄘㄤˊ-ㄘㄠˊ	儲藏槽	-7.04116568	acg
ㄨˋ-ㄦˊ-ㄉㄜˊ	兀兒德	-7.04116568	acg
ㄩㄢˊ-ㄕㄨㄞˋ-ㄕㄡˋ	元帥獸	-7.04116568	acg
ㄩㄢˊ-ㄑㄧˋ-ㄕˇ-ㄌㄞˊ-ㄇㄨˇ	元氣史萊姆	-6.17843815	acg
ㄩㄢˊ-ㄑㄧˋ-ㄒㄧㄠˇ-ㄗˇ	元氣小子	-6.60980192	acg
ㄩㄢˊ-ㄙㄨˋ-ㄈㄤ-ㄔㄥˊ-ㄕˋ	元素方城市	-6.17843815	acg
ㄒㄩㄥ-ㄉㄧ˙-ㄑㄩˋ-ㄨㄟˋ-ㄐㄧㄥˋ-ㄙㄞˋ	兄弟趣味競賽	-5.74707439	acg
ㄒㄩㄥ-ㄧˋ	兄役	-7.17149945	acg
ㄔㄨㄥ-ㄈㄥ	充風	-7.17149945	acg
ㄒㄩㄥ-ㄇㄥˇ-ㄙㄠˇ-ㄐㄧˊ	兇猛掃擊	-6.60980192	acg
ㄒㄧㄢ-ㄉㄠˇ-ㄍㄨㄤ	先島光	-7.04116568	acg
ㄒㄧㄢ-ㄉㄠˇ-ㄇㄧㄥˊ	先島明	-7.04116568	acg
ㄒㄧㄢ-ㄉㄠˇ-ㄉㄥ	先島燈	-7.04116568	acg
ㄒㄧㄢ-ㄓ-ㄐㄧㄢˋ	先知艦	-7.04116568	acg
ㄒㄧㄢ-ㄐㄧㄣˋ-ㄕˋ-ㄉㄞˋ	先進世代	-6.60980192	acg
ㄒㄧㄢ-ㄐㄧㄣˋ-ㄓㄢˋ-ㄕˋ	先進戰士	-6.60980192	acg
ㄒㄧㄢ-ㄐㄧㄣˋ-ㄓˋ-ㄏㄨㄟˋ-ㄐㄧ-ㄑㄧˋ	先進智慧機器	-5.74707439	acg
ㄒㄧㄢ-ㄈㄥ-ㄐㄧˊ-ㄊㄨㄢˊ	先鋒集團	-6.60980192	acg
ㄒㄧㄢ-ㄑㄩ-ㄕˋ	先驅式	-7.04116568	acg
ㄒㄧㄢ-ㄑㄩ-ㄧㄣ-ㄙㄨˋ	先驅音速	-6.60980192	acg
ㄍㄨㄤ-ㄓ-ㄍㄨㄛˊ	光之國	-7.04116568	acg
ㄍㄨㄤ-ㄓ-ㄋㄩˇ-ㄕㄣˊ	光之女神	-6.60980192	acg
ㄍㄨㄤ-ㄓ-ㄕㄠˋ-ㄋㄩˇ	光之少女	-6.60980192	acg
ㄍㄨㄤ-ㄓ-ㄓㄢˋ-ㄕˋ	光之戰士	-6.60980192	acg
ㄍㄨㄤ-ㄓ-ㄇㄟˊ-ㄍㄨㄟ-ㄩㄢˊ	光之玫瑰園	-6.17843815	acg
ㄍㄨㄤ-ㄓ-ㄐㄧㄥ-ㄌㄧㄥˊ	光之精靈	-6.60980192	acg
ㄍㄨㄤ-ㄓ-ㄊㄤˊ-ㄍㄨㄛˇ	光之糖果	-6.60980192	acg
ㄍㄨㄤ-ㄓ-ㄇㄟˇ-ㄕㄠˋ-ㄋㄩˇ	光之美少女	-6.17843815	acg
ㄍㄨㄤ-ㄓ-ㄍㄨㄟˋ-ㄍㄨㄥ-ㄗˇ	光之貴公子	-6.17843815	acg
ㄍㄨㄤ-ㄖㄣˊ	光人	-7.17149945	acg
ㄍㄨㄤ-ㄑㄩㄢ-ㄏㄠˋ	光圈號	-7.04116568	acg
ㄍㄨㄤ-ㄗˇ-ㄌㄧˋ-ㄖㄜˋ-ㄒㄧㄢˋ	光子力熱線	-6.17843815	acg
ㄍㄨㄤ-ㄗˇ-ㄐㄧㄚ-ㄋㄨㄥˊ-ㄆㄠˋ	光子加農砲	-6.17843815	acg
ㄍㄨㄤ-ㄆㄧˋ-ㄆㄧˋ	光屁屁	-7.04116568	acg
ㄍㄨㄤ-ㄍㄤ-ㄔㄨㄣˊ-ㄗˇ	光岡純子	-6.60980192	acg
ㄍㄨㄤ-ㄇㄧㄥˊ-ㄓ-ㄗˇ	光明之子	-6.60980192	acg
ㄍㄨㄤ-ㄇㄧㄥˊ-ㄩˇ-ㄏㄟ-ㄢˋ	光明與黑暗	-6.17843815	acg
ㄍㄨㄤ-ㄇㄧㄥˊ-ㄉㄧㄢˇ-ㄒㄧㄣ	光明點心	-6.60980192	acg
ㄍㄨㄤ-ㄕㄨˋ-ㄐㄧㄢˋ	光束劍	-7.04116568	acg
ㄍㄨㄤ-ㄕㄨˋ-ㄐㄧㄚ-ㄋㄨㄥˊ-ㄆㄠˋ	光束加農砲	-6.17843815	acg
ㄍㄨㄤ-ㄕㄨˋ-ㄆㄣ-ㄑㄧㄤ	光束噴槍	-6.60980192	acg
ㄍㄨㄤ-ㄕㄨˋ-ㄓㄢˇ-ㄉㄠ	光束斬刀	-6.60980192	acg
ㄍㄨㄤ-ㄕㄨˋ-ㄨˇ-ㄑㄧˋ-ㄕˋ-ㄧㄢˋ-ㄒㄧㄥˊ	光束武器試驗型	-5.74707439	acg
ㄍㄨㄤ-ㄓㄠˋ-ㄏㄨㄟˋ	光照會	-7.04116568	acg
ㄍㄨㄤ-ㄊㄧㄢˊ-ㄐㄧㄢˋ-ㄦˋ	光田健二	-6.60980192	acg
ㄍㄨㄤ-ㄒㄧㄝ-ㄏㄠˋ-ㄩㄢˊ-ㄒㄧㄥˊ-ㄐㄧ	光蠍號原型機	-5.74707439	acg
ㄍㄨㄤ-ㄏㄨㄟ-ㄒㄧㄥˊ	光輝型	-7.04116568	acg
ㄍㄨㄤ-ㄏㄨㄟ-ㄐㄩˋ-ㄇㄤˇ-ㄕㄡˋ	光輝巨蟒獸	-6.17843815	acg
ㄍㄨㄤ-ㄏㄨㄟ-ㄖㄨㄢˇ-ㄐㄧㄢˋ	光輝軟件	-6.60980192	acg
ㄍㄨㄤ-ㄕˋ-ㄑㄩˋ-ㄉㄜ˙-ㄒㄧㄚˋ-ㄊㄧㄢ	光逝去的夏天	-5.74707439	acg
ㄎㄜˋ-ㄧ-ㄋㄚˋ	克伊娜	-7.04116568	acg
ㄎㄜˋ-ㄒㄧㄡ-ㄌㄧˇ-ㄋㄚˋ-ㄉㄚˊ	克休里納達	-6.17843815	acg
ㄎㄜˋ-ㄌㄧˋ-ㄈㄨ-ㄐㄧㄚ-ㄊㄧㄥˊ	克利夫家庭	-6.17843815	acg
ㄎㄜˋ-ㄌㄧˋ-ㄆㄨˇ-ㄉㄨㄣˋ-ㄕˊ	克利普頓石	-6.17843815	acg
ㄎㄜˋ-ㄌㄧˋ-ㄧㄝˊ-ㄦˇ	克利耶爾	-6.60980192	acg
ㄎㄜˋ-ㄌㄧˋ-ㄙ	克力司	-7.04116568	acg
ㄎㄜˋ-ㄌㄠˊ	克勞	-7.17149945	acg
ㄎㄜˋ-ㄌㄠˊ-ㄌㄟˇ	克勞蕾	-7.04116568	acg
ㄎㄜˋ-ㄌㄠˊ-ㄙㄚˋ	克勞薩	-7.04116568	acg
ㄎㄜˋ-ㄌㄠˊ-ㄉㄧˊ-ㄧㄚˇ	克勞迪亞	-6.60980192	acg
ㄎㄜˋ-ㄐㄧˊ-ㄌㄨㄛˋ	克吉洛	-7.04116568	acg
ㄎㄜˋ-ㄏㄚ	克哈	-7.17149945	acg
ㄎㄜˋ-ㄙㄞ-ㄊㄜˋ-ㄙ-ㄏㄜˊ	克塞特斯河	-6.17843815	acg
ㄎㄜˋ-ㄙㄞ-ㄌㄨˇ-ㄎㄜˋ-ㄙㄞ-ㄙ	克塞魯克塞斯	-5.74707439	acg
ㄎㄜˋ-ㄈㄨ-ㄌㄜˋ-ㄈㄤˊ-ㄉㄢˋ-ㄅㄟˋ-ㄒㄧㄣ	克夫勒防彈背心	-5.74707439	acg
ㄎㄜˋ-ㄒㄧ-ㄌㄚ-ㄕㄡˋ	克希拉獸	-6.60980192	acg
ㄎㄜˋ-ㄌㄚ-ㄧ-ㄎㄚˇ-ㄋㄚˋ-ㄉㄠˇ	克拉伊卡納島	-5.74707439	acg
ㄎㄜˋ-ㄌㄚ-ㄌㄨㄣˊ-ㄙ	克拉倫斯	-6.60980192	acg
ㄎㄜˋ-ㄌㄚ-ㄎㄜˋ-ㄌㄧˇ	克拉克里	-6.60980192	acg
ㄎㄜˋ-ㄌㄚ-ㄉㄨㄛ	克拉多	-7.04116568	acg
ㄎㄜˋ-ㄌㄚ-ㄉㄧˋ-ㄦˇ	克拉帝爾	-6.60980192	acg
ㄎㄜˋ-ㄌㄚ-ㄙ-ㄎㄡˋ	克拉斯寇	-6.60980192	acg
ㄎㄜˋ-ㄌㄚ-ㄙㄤ-ㄨㄚˇ	克拉桑瓦	-6.60980192	acg
ㄎㄜˋ-ㄌㄚ-ㄨㄟˊ-ㄙ	克拉維斯	-6.60980192	acg
ㄎㄜˋ-ㄌㄚ-ㄌㄧˋ-ㄙ	克拉莉絲	-6.60980192	acg
ㄎㄜˋ-ㄌㄚ-ㄒㄧㄣ	克拉辛	-7.04116568	acg
ㄎㄜˋ-ㄌㄧㄣˊ-ㄊㄜˋ	克林特	-7.04116568	acg
ㄎㄜˋ-ㄅㄧˇ	克比	-7.17149945	acg
ㄎㄜˋ-ㄌㄨㄛˋ-ㄎㄜˋ-ㄉㄚˊ-ㄦˇ	克洛克達爾	-6.17843815	acg
ㄎㄜˋ-ㄌㄨㄛˋ-ㄎㄞˇ-ㄊㄜˋ	克洛凱特	-6.60980192	acg
ㄎㄜˋ-ㄌㄨㄛˋ-ㄅㄚ-ㄅㄛˊ-ㄕˋ	克洛巴博士	-6.17843815	acg
ㄎㄜˋ-ㄌㄨㄛˋ-ㄙ-ㄌㄨㄛˊ-ㄉㄜˊ	克洛斯羅德	-6.17843815	acg
ㄎㄜˋ-ㄌㄨㄛˋ-ㄌㄨˊ-ㄙ	克洛盧斯	-6.60980192	acg
ㄎㄜˋ-ㄌㄨㄛˋ-ㄨㄟˊ	克洛維	-7.04116568	acg
ㄎㄜˋ-ㄌㄨㄛˋ-ㄞˋ	克洛艾	-7.04116568	acg
ㄎㄜˋ-ㄌㄨㄛˋ-ㄒㄧ	克洛西	-7.04116568	acg
ㄎㄜˋ-ㄨ-ㄌㄚ	克烏拉	-7.04116568	acg
ㄎㄜˋ-ㄦˇ-ㄈㄟ-ㄌㄞˊ-ㄎㄜˋ	克爾菲萊克	-6.17843815	acg
ㄎㄜˋ-ㄑㄧˊ	克琪	-7.17149945	acg
ㄎㄜˋ-ㄖㄨㄟˋ-ㄦˇ-ㄕㄣˊ-ㄈㄨˋ	克瑞爾神父	-6.17843815	acg
ㄎㄜˋ-ㄨㄚˇ-ㄊㄜˋ-ㄌㄨㄛˊ	克瓦特羅	-6.60980192	acg
ㄎㄜˋ-ㄇㄧˇ	克米	-7.17149945	acg
ㄎㄜˋ-ㄌㄨㄛˊ-ㄐㄧㄝˊ-ㄍㄨˇ	克羅傑古	-6.60980192	acg
ㄎㄜˋ-ㄌㄨㄛˊ-ㄎㄨㄟˊ-ㄙ	克羅奎斯	-6.60980192	acg
ㄎㄜˋ-ㄌㄨㄛˊ-ㄋㄧˊ	克羅妮	-7.04116568	acg
ㄎㄜˋ-ㄌㄨㄛˊ-ㄉㄜˊ	克羅德	-7.04116568	acg
ㄎㄜˋ-ㄌㄨㄛˊ-ㄊㄨㄛ-ㄨㄚˇ	克羅托瓦	-6.60980192	acg
ㄎㄜˋ-ㄌㄨㄛˊ-ㄌㄚ	克羅拉	-7.04116568	acg
ㄎㄜˋ-ㄌㄨㄛˊ-ㄙ	克羅斯	-7.04116568	acg
ㄎㄜˋ-ㄌㄨㄛˊ-ㄅㄧˋ-ㄙ	克羅畢斯	-6.60980192	acg
ㄎㄜˋ-ㄌㄨㄛˊ-ㄗ	克羅茲	-7.04116568	acg
ㄎㄜˋ-ㄌㄨㄛˊ-ㄌㄨˇ-ㄅㄚ	克羅魯巴	-6.60980192	acg
ㄎㄜˋ-ㄧㄣ-ㄏㄚ-ㄅㄛˊ	克茵哈伯	-6.60980192	acg
ㄎㄜˋ-ㄌㄧˋ-ㄙ-ㄊㄧˊ-ㄧㄚˇ	克莉絲提亞	-6.17843815	acg
ㄎㄜˋ-ㄌㄚ-ㄎㄚˇ	克菈卡	-7.04116568	acg
ㄎㄜˋ-ㄌㄞˊ-ㄧㄣ-ㄅㄟˋ-ㄎㄜˋ	克萊因貝克	-6.17843815	acg
ㄎㄜˋ-ㄌㄞˊ-ㄨㄣˊ	克萊文	-7.04116568	acg
ㄎㄜˋ-ㄌㄞˊ-ㄇㄢˋ	克萊曼	-7.04116568	acg
ㄎㄜˋ-ㄌㄞˊ-ㄉㄥ	克萊登	-7.04116568	acg
ㄎㄜˋ-ㄌㄟˇ-ㄙ-ㄉㄚˊ	克蕾絲妲	-6.60980192	acg
ㄎㄜˋ-ㄌㄟˇ-ㄧㄚˇ	克蕾雅	-7.04116568	acg
ㄎㄜˋ-ㄌㄢˊ-ㄍㄜˊ	克蘭格	-7.04116568	acg
ㄎㄜˋ-ㄌㄢˊ-ㄒㄩㄝˇ	克蘭雪	-7.04116568	acg
ㄎㄜˋ-ㄌㄨㄛˊ-ㄧ	克蘿依	-7.04116568	acg
ㄎㄜˋ-ㄌㄨㄛˊ-ㄉㄧˋ-ㄧㄚˇ	克蘿蒂雅	-6.60980192	acg
ㄎㄜˋ-ㄌㄨㄛˊ-ㄙㄞˋ	克蘿賽	-7.04116568	acg
ㄎㄜˋ-ㄋㄨㄛˋ-ㄙ	克諾斯	-7.04116568	acg
ㄎㄜˋ-ㄌㄨˋ-ㄅㄧˇ-ㄗ	克路比茲	-6.60980192	acg
ㄎㄜˋ-ㄌㄧˇ-ㄉㄧˋ-ㄍㄨㄛˊ	克里帝國	-6.60980192	acg
ㄎㄜˋ-ㄌㄧˇ-ㄙ-ㄊㄚˇ	克里斯塔	-6.60980192	acg
ㄎㄜˋ-ㄌㄧˇ-ㄙ-ㄊㄚˇ-ㄦˊ	克里斯塔兒	-6.17843815	acg
ㄎㄜˋ-ㄌㄧˇ-ㄙ-ㄉㄨㄛ-ㄈㄨˊ	克里斯多福	-6.17843815	acg
ㄎㄜˋ-ㄌㄧˇ-ㄙ-ㄏㄞˇ-ㄊㄜˋ	克里斯海特	-6.17843815	acg
ㄎㄜˋ-ㄌㄧˇ-ㄙ-ㄏㄨˋ-ㄨㄟˋ-ㄅㄠˇ-ㄑㄩㄢˊ	克里斯護衛保全	-5.74707439	acg
ㄎㄜˋ-ㄌㄧˇ-ㄅㄛˊ-ㄌㄧˋ	克里柏利	-6.60980192	acg
ㄎㄜˋ-ㄌㄧˇ-ㄇㄣˊ-ㄙㄣ	克里門森	-6.60980192	acg
ㄎㄜˋ-ㄌㄟˊ	克雷	-7.17149945	acg
ㄎㄜˋ-ㄌㄟˊ-ㄒㄧㄢ-ㄉㄨㄛ	克雷仙多	-6.60980192	acg
ㄎㄜˋ-ㄌㄟˊ-ㄉㄜˊ	克雷德	-7.04116568	acg
ㄎㄜˋ-ㄌㄟˊ-ㄌㄧㄣˊ	克雷林	-7.04116568	acg
ㄎㄜˋ-ㄌㄟˊ-ㄇㄚˇ	克雷瑪	-7.04116568	acg
ㄎㄜˋ-ㄌㄟˊ-ㄈㄟ-ㄊㄧㄢ-ㄕㄣˊ	克雷飛天神	-6.17843815	acg
ㄎㄜˋ-ㄇㄚˇ-ㄞˋ-ㄦˇ-ㄕㄥˋ	克馬艾爾聖	-6.17843815	acg
ㄎㄜˋ-ㄌㄨˇ-ㄎㄚˇ-ㄇㄨˇ	克魯卡姆	-6.60980192	acg
ㄎㄜˋ-ㄌㄨˇ-ㄈㄨ-ㄖㄣˊ	克魯夫人	-6.60980192	acg
ㄎㄜˋ-ㄌㄨˇ-ㄉㄜˊ-ㄉㄚˋ-ㄨㄤˊ	克魯德大王	-6.17843815	acg
ㄎㄜˋ-ㄌㄨˇ-ㄗㄜˊ	克魯澤	-7.04116568	acg
ㄎㄜˋ-ㄌㄨˇ-ㄉㄧˊ-ㄠˋ	克魯迪奧	-6.60980192	acg
ㄎㄜˋ-ㄌㄧˊ-ㄙ-ㄉㄚˊ	克黎思妲	-6.60980192	acg
ㄦˊ-ㄩˋ-ㄏㄨㄟˋ-ㄇㄟˇ-ㄌㄧㄡˊ	兒玉繪美留	-6.17843815	acg
ㄦˊ-ㄊㄨㄥˊ-ㄆㄧㄠˋ-ㄒㄩㄢˇ-ㄐㄧㄤˇ	兒童票選獎	-6.17843815	acg
ㄊㄨˋ-ㄗˇ-ㄕㄡˋ	兔仔獸	-7.04116568	acg
ㄊㄨˋ-ㄦˊ-ㄧㄝˊ-ㄕㄡˋ	兔兒爺獸	-6.60980192	acg
ㄊㄨˋ-ㄋㄟˋ-ㄒㄧㄚˋ-ㄧㄚˊ	兔內夏芽	-6.60980192	acg
ㄊㄨˋ-ㄋㄟˋ-ㄌㄧˇ-ㄗˇ	兔內里子	-6.60980192	acg
ㄊㄨˋ-ㄅㄠˇ	兔寶	-7.17149945	acg
ㄊㄨˋ-ㄧㄝˊ-ㄧㄝˊ	兔爺爺	-7.04116568	acg
ㄊㄨˋ-ㄨㄛ-ㄓㄣˋ	兔窩鎮	-7.04116568	acg
ㄉㄡ-ㄇㄠˋ-ㄈㄨˊ-ㄕㄡˋ	兜帽蝠獸	-6.60980192	acg
ㄖㄨˋ-ㄑㄧㄣ-ㄒㄧㄥˊ	入侵型	-7.04116568	acg
ㄖㄨˋ-ㄎㄡˇ-ㄨㄤˇ-ㄓㄢˋ	入口網站	-6.60980192	acg
ㄖㄨˋ-ㄨㄟˊ-ㄙㄞˋ	入圍賽	-7.04116568	acg
ㄖㄨˋ-ㄒㄧㄚˋ	入夏	-7.17149945	acg
ㄖㄨˋ-ㄐㄧㄤ-ㄧ-ㄊㄨˊ	入江一途	-6.60980192	acg
ㄖㄨˋ-ㄐㄧㄤ-ㄧˋ-ㄊㄨˊ	入江一途	-7.10980192	acg
ㄖㄨˋ-ㄐㄧㄢ-ㄢ-ㄋㄞˋ	入間安奈	-6.60980192	acg
ㄋㄟˋ-ㄊㄧㄢˊ-ㄕㄡˇ	內田守	-7.04116568	acg
ㄋㄟˋ-ㄊㄧㄢˊ-ㄧㄡˊ-ㄐㄧㄚ-ㄌㄧˇ	內田由加里	-6.17843815	acg
ㄋㄟˋ-ㄊㄧㄢˊ-ㄓㄣ-ㄧㄡˊ-ㄇㄟˇ	內田真由美	-6.17843815	acg
ㄋㄟˋ-ㄊㄧㄢˊ-ㄑㄧㄢˋ	內田茜	-7.04116568	acg
ㄋㄟˋ-ㄊㄧㄢˊ-ㄇㄚˊ-ㄇㄟˇ	內田麻美	-6.60980192	acg
ㄋㄟˋ-ㄏㄨ	內糊	-7.17149945	acg
ㄋㄟˋ-ㄊㄥˊ-ㄓㄣ-ㄙ	內藤真司	-6.60980192	acg
ㄋㄟˋ-ㄎㄨˋ-ㄉㄨㄟˋ-ㄓㄤˇ-ㄌㄧˋ-ㄒㄧㄢˇ-ㄐㄧˋ	內褲隊長歷險記	-5.74707439	acg
ㄑㄩㄢˊ-ㄅㄟˋ-ㄒㄧㄥˊ-ㄍㄤ-ㄉㄢˋ	全備型鋼彈	-6.17843815	acg
ㄑㄩㄢˊ-ㄇㄧㄣˊ-ㄍㄨㄥ-ㄉㄧˊ	全民公敵	-6.60980192	acg
ㄑㄩㄢˊ-ㄇㄧㄣˊ-ㄈㄥ-ㄅㄧㄣ-ㄍㄨㄛˇ	全民瘋賓果	-6.17843815	acg
ㄑㄩㄢˊ-ㄇㄧㄣˊ-ㄍㄠ-ㄦˇ-ㄈㄨ	全民高爾夫	-6.17843815	acg
ㄑㄩㄢˊ-ㄑㄧㄡˊ-ㄍㄨㄥ-ㄕˋ	全球攻勢	-6.60980192	acg
ㄑㄩㄢˊ-ㄑㄧㄡˊ-ㄕㄡˋ	全球獸	-7.04116568	acg
ㄑㄩㄢˊ-ㄑㄧㄡˊ-ㄈㄤˊ-ㄩˋ-ㄗㄨˇ-ㄓ	全球防禦組織	-5.74707439	acg
ㄑㄩㄢˊ-ㄓㄠˋ-ㄒㄧㄥˊ-ㄏㄨㄢˋ-ㄇㄛˊ	全罩型幻魔	-6.17843815	acg
ㄑㄩㄢˊ-ㄓㄠˋ-ㄒㄧㄥˊ-ㄏㄨㄢˋ-ㄇㄛˊ-ㄍㄤ-ㄉㄢˋ	全罩型幻魔鋼彈	-5.74707439	acg
ㄑㄩㄢˊ-ㄇㄟˇ-ㄇㄧㄣˊ-ㄒㄩㄢˇ-ㄐㄧㄤˇ	全美民選獎	-6.17843815	acg
ㄑㄩㄢˊ-ㄋㄥˊ-ㄍㄨㄥ-ㄐㄧˊ-ㄗˋ-ㄧㄡˊ	全能攻擊自由	-5.74707439	acg
ㄑㄩㄢˊ-ㄋㄥˊ-ㄍㄨㄥ-ㄐㄧˊ-ㄗˋ-ㄧㄡˊ-ㄍㄤ-ㄉㄢˋ	全能攻擊自由鋼彈	-5.74707439	acg
ㄑㄩㄢˊ-ㄗˋ-ㄉㄨㄥˋ-ㄇㄧˊ-ㄋㄧˇ-ㄆㄠˋ-ㄊㄞˊ	全自動迷你砲台	-5.74707439	acg
ㄑㄩㄢˊ-ㄓㄨㄤ-ㄐㄧㄚˇ-ㄒㄧㄥˊ-ㄉㄨˊ-ㄐㄧㄠˇ-ㄕㄡˋ	全裝甲型獨角獸	-5.74707439	acg
ㄑㄩㄢˊ-ㄓㄨㄤ-ㄐㄧㄚˇ-ㄒㄧㄥˊ-ㄍㄤ-ㄉㄢˋ	全裝甲型鋼彈	-5.74707439	acg
ㄑㄩㄢˊ-ㄐㄩㄣ-ㄆㄛˋ-ㄉㄧˊ	全軍破敵	-6.60980192	acg
ㄌㄧㄤˇ-ㄑㄧ-ㄒㄧㄥˊ	兩棲型	-7.04116568	acg
ㄌㄧㄤˇ-ㄇㄧㄢˋ-ㄙㄨˋ-ㄋㄨㄛˊ	兩面宿儺	-6.60980192	acg
ㄅㄚ-ㄐㄧㄡˇ-ㄙˋ-ㄓㄣ-ㄒㄧㄠ	八九寺真宵	-6.17843815	acg
ㄅㄚ-ㄉㄞˋ-ㄧㄢˊ-ㄊㄞˋ-ㄌㄤˊ	八代延太郎	-6.17843815	acg
ㄅㄚ-ㄉㄞˋ-ㄧㄥ-ㄖㄣˊ	八代英人	-6.60980192	acg
ㄅㄚ-ㄉㄞˋ-ㄍㄨㄟˋ-ㄐㄧㄤ	八代貴江	-6.60980192	acg
ㄅㄚ-ㄑㄧㄢ-ㄌㄧㄡˊ	八千流	-7.04116568	acg
ㄅㄚ-ㄍㄨㄚˋ-ㄆㄛˊ	八卦婆	-7.04116568	acg
ㄅㄚ-ㄍㄨㄚˋ-ㄧㄠˊ-ㄧㄢˊ	八卦謠言	-6.60980192	acg
ㄅㄚ-ㄓˇ-ㄧㄚ-ㄕㄡˋ	八咫鴉獸	-6.60980192	acg
ㄅㄚ-ㄊㄞˋ-ㄌㄤˊ	八太郎	-7.04116568	acg
ㄅㄚ-ㄇㄨˋ-ㄉㄨㄥ	八木鶇	-7.04116568	acg
ㄅㄚ-ㄓㄡ	八洲	-7.17149945	acg
ㄅㄚ-ㄓㄨㄚˇ	八爪	-7.17149945	acg
ㄅㄚ-ㄓㄨㄚˇ-ㄅㄛˊ-ㄕˋ	八爪博士	-6.60980192	acg
ㄅㄚ-ㄊㄧㄢˊ-ㄇㄟˇ-ㄒㄧㄠˋ	八田美咲	-6.60980192	acg
ㄅㄚ-ㄅㄞˇ-ㄅㄧˇ-ㄅㄤ-ㄈㄨ	八百比邦夫	-6.17843815	acg
ㄅㄚ-ㄕㄣˊ-ㄇㄨˋ-ㄧㄝˇ	八神牧野	-6.60980192	acg
ㄅㄚ-ㄐㄧㄠˇ-ㄕㄣˊ-ㄇㄚˇ-ㄏㄠˋ	八腳神馬號	-6.17843815	acg
ㄅㄚ-ㄐㄧㄠˇ-ㄇㄚˇ-ㄕㄡˋ	八腳馬獸	-6.60980192	acg
ㄅㄚ-ㄩㄣˊ-ㄇㄟˇ-ㄩˋ	八雲美玉	-6.60980192	acg
ㄍㄨㄥ-ㄓㄨˇ-ㄓ-ㄇㄧㄢˇ	公主之冕	-6.60980192	acg
ㄍㄨㄥ-ㄓㄨˇ-ㄓ-ㄇㄥˋ	公主之夢	-6.60980192	acg
ㄍㄨㄥ-ㄓㄨˇ-ㄊㄧㄢ-ㄕˇ	公主天使	-6.60980192	acg
ㄍㄨㄥ-ㄓㄨˇ-ㄔㄨㄤˇ-ㄊㄧㄢ-ㄍㄨㄢ	公主闖天關	-6.17843815	acg
ㄍㄨㄥ-ㄍㄨㄥ˙-ㄕㄡˋ	公公獸	-7.04116568	acg
ㄍㄨㄥ-ㄩˋ-ㄕㄥ-ㄏㄨㄛˊ	公寓生活	-6.60980192	acg
ㄍㄨㄥ-ㄐㄧㄥˋ	公敬	-7.17149945	acg
ㄍㄨㄥ-ㄏㄨㄟˋ-ㄏㄨㄟˋ-ㄓㄤˇ	公會會長	-6.60980192	acg
ㄍㄨㄥ-ㄋㄧㄡˊ-ㄕㄡˋ	公牛獸	-7.04116568	acg
ㄍㄨㄥ-ㄌㄧˇ-ㄏㄠˋ	公理號	-7.04116568	acg
ㄍㄨㄥ-ㄅㄟˋ	公貝	-7.17149945	acg
ㄌㄧㄡˋ-ㄍㄜ˙-ㄈㄣ-ㄑㄧˊ-ㄌㄨˋ	六個分歧路	-6.17843815	acg
ㄌㄧㄡˋ-ㄖㄣˋ-ㄒㄩㄥ-ㄕㄜˊ	六刃凶蛇	-6.60980192	acg
ㄌㄧㄡˋ-ㄏㄜˊ-ㄓㄨㄥˇ-ㄇㄧˊ-ㄕㄥ	六合塚彌生	-6.17843815	acg
ㄌㄧㄡˋ-ㄊㄞˋ	六太	-7.17149945	acg
ㄌㄧㄡˋ-ㄉㄠˇ-ㄌㄧㄥˊ-ㄒㄧㄚˊ	六導玲霞	-6.60980192	acg
ㄌㄧㄡˋ-ㄕㄣˊ-ㄏㄜˊ-ㄊㄧˇ-ㄌㄟˊ-ㄊㄧㄥˊ-ㄨㄤˊ	六神合體雷霆王	-5.74707439	acg
ㄌㄧㄡˋ-ㄌㄧˋ	六笠	-7.17149945	acg
ㄌㄧㄡˋ-ㄉㄥˇ-ㄐㄩㄝˊ-ㄕˋ-ㄐㄧㄚ	六等爵士家	-6.17843815	acg
ㄌㄧㄡˋ-ㄔˋ-ㄕㄡˋ	六翅獸	-7.04116568	acg
ㄌㄧㄡˋ-ㄐㄧㄠˇ-ㄎㄨㄥˇ-ㄌㄨㄥˊ	六角恐龍	-6.60980192	acg
ㄌㄧㄡˋ-ㄌㄧㄢˊ-ㄕㄚ	六連殺	-7.04116568	acg
ㄅㄧㄥ-ㄗㄨˊ-ㄕㄡˋ	兵卒獸	-7.04116568	acg
ㄅㄧㄥ-ㄊㄥˊ-ㄌㄧˊ-ㄋㄞˋ	兵藤麗奈	-6.60980192	acg
ㄐㄩˋ-ㄒㄧㄢˋ-ㄏㄨㄚˋ-ㄒㄧˋ	具現化系	-6.60980192	acg
ㄐㄩˋ-ㄗㄨˊ-ㄕㄡˋ	具足獸	-7.04116568	acg
ㄖㄢˇ-ㄗㄜˊ	冉則	-7.17149945	acg
ㄇㄠˋ-ㄔㄨㄥ-ㄕㄡˋ	冒充獸	-7.04116568	acg
ㄇㄠˋ-ㄧㄢ-ㄊㄤ-ㄇㄨˇ	冒煙湯姆	-6.60980192	acg
ㄇㄠˋ-ㄆㄞˊ-ㄋㄩˇ-ㄈㄨˊ-ㄨˋ-ㄕㄥ	冒牌女服務生	-5.74707439	acg
ㄇㄠˋ-ㄒㄧㄢˇ-ㄨˇ-ㄐㄧㄝˊ	冒險五傑	-6.60980192	acg
ㄇㄠˋ-ㄒㄧㄢˇ-ㄓㄜˇ-ㄓ-ㄓㄢˋ-ㄉㄡˋ	冒險者之戰鬥	-5.74707439	acg
ㄍㄨㄢˋ-ㄐㄩㄣ-ㄇㄛˊ-ㄕˋ	冠軍模式	-6.60980192	acg
ㄇㄧㄥˊ-ㄨㄤˊ-ㄕㄡˋ	冥王獸	-7.04116568	acg
ㄇㄧㄥˊ-ㄨㄤˊ-ㄐㄧˋ-ㄏㄨㄚˋ-ㄐㄧㄝˊ-ㄡ-ㄌㄞˊ-ㄇㄚˇ	冥王計劃傑歐萊馬	-5.74707439	acg
ㄇㄧㄥˊ-ㄏㄟ-ㄨㄤˊ	冥黑王	-7.04116568	acg
ㄉㄨㄥ-ㄓ-ㄌㄧㄥˊ	冬之靈	-7.04116568	acg
ㄉㄨㄥ-ㄐㄧˋ-ㄆㄞˋ-ㄉㄨㄟˋ-ㄗㄨˇ-ㄏㄜˊ	冬季派對組合	-5.74707439	acg
ㄉㄨㄥ-ㄐㄧˋ-ㄙㄞˋ	冬季賽	-7.04116568	acg
ㄉㄨㄥ-ㄌㄢˊ	冬嵐	-7.17149945	acg
ㄉㄨㄥ-ㄨㄛˋ-ㄏㄨˊ	冬握湖	-7.04116568	acg
ㄉㄨㄥ-ㄆㄤˋ-ㄒㄩㄥˊ	冬胖熊	-7.04116568	acg
ㄉㄨㄥ-ㄈㄥ	冬蜂	-7.17149945	acg
ㄉㄨㄥ-ㄒㄧˊ	冬襲	-7.17149945	acg
ㄅㄧㄥ-ㄍㄨㄢˋ-ㄔㄥˊ-ㄙㄞ	冰冠城塞	-6.60980192	acg
ㄅㄧㄥ-ㄌㄥˇ-ㄧㄢˇ-ㄊㄨㄥˊ-ㄙㄨㄛˇ-ㄧㄥˋ-ㄓㄠˋ-ㄓ-ㄨˋ	冰冷眼瞳所映照之物	-5.74707439	acg
ㄅㄧㄥ-ㄉㄨㄥˋ-ㄓ-ㄒㄧㄣ	冰凍之心	-6.60980192	acg
ㄅㄧㄥ-ㄉㄨㄥˋ-ㄓ-ㄌㄧㄢˋ-ㄐㄧㄣ-ㄕㄨˋ-ㄕ	冰凍之鍊金術師	-5.74707439	acg
ㄅㄧㄥ-ㄉㄨㄥˋ-ㄅㄠˋ-ㄈㄥ-ㄒㄩㄝˇ	冰凍暴風雪	-6.17843815	acg
ㄅㄧㄥ-ㄩㄢˊ-ㄒㄩㄝˇ-ㄩˋ	冰原雪域	-6.60980192	acg
ㄅㄧㄥ-ㄊㄧㄢ-ㄕˇ	冰天使	-7.04116568	acg
ㄅㄧㄥ-ㄕˋ-ㄒㄧㄢˊ-ㄇㄚˇ	冰室弦馬	-6.60980192	acg
ㄅㄧㄥ-ㄕㄢ-ㄑㄧˋ-ㄜˊ-ㄓㄢˋ-ㄕˋ	冰山企鵝戰士	-5.74707439	acg
ㄅㄧㄥ-ㄕㄢ-ㄎㄨㄥˇ-ㄐㄩˋ-ㄓ-ㄈㄥ	冰山恐懼之峰	-5.74707439	acg
ㄅㄧㄥ-ㄔㄨㄢ-ㄕㄤˋ-ㄨˊ	冰川尚吾	-6.60980192	acg
ㄅㄧㄥ-ㄨ-ㄕ-ㄕㄡˋ	冰巫師獸	-6.60980192	acg
ㄅㄧㄥ-ㄏㄜˊ-ㄕㄡˋ	冰河獸	-7.04116568	acg
ㄅㄧㄥ-ㄏㄜˊ-ㄆㄛˋ-ㄙㄨㄟˋ-ㄉㄜ˙-ㄅㄧㄥ-ㄕㄢ	冰河破碎的冰山	-5.74707439	acg
ㄅㄧㄥ-ㄌㄧㄡˊ-ㄊㄧㄢ-ㄜˊ	冰流天鵝	-6.60980192	acg
ㄅㄧㄥ-ㄑㄧˊ-ㄌㄧㄣˊ-ㄓㄣˋ-ㄉㄤˋ	冰淇淋震盪	-6.17843815	acg
ㄅㄧㄥ-ㄏㄨˊ	冰湖	-7.17149945	acg
ㄅㄧㄥ-ㄧㄢˋ	冰焱	-7.17149945	acg
ㄅㄧㄥ-ㄒㄩㄥˊ-ㄕㄡˋ	冰熊獸	-7.04116568	acg
ㄅㄧㄥ-ㄕˊ-ㄕㄡˋ	冰石獸	-7.04116568	acg
ㄅㄧㄥ-ㄎㄨㄥ-ㄈㄤˊ-ㄏㄨˋ-ㄓㄠˋ	冰空防護罩	-6.17843815	acg
ㄅㄧㄥ-ㄒㄧㄤˋ-ㄕㄡˋ	冰象獸	-7.04116568	acg
ㄅㄧㄥ-ㄈㄥ-ㄓ-ㄍㄨˇ	冰風之谷	-6.60980192	acg
ㄅㄧㄥ-ㄇㄛˊ	冰魔	-7.17149945	acg
ㄏㄨˋ-ㄉㄠˇ-ㄑㄧㄥ-ㄇㄟˇ	冴島清美	-6.60980192	acg
ㄏㄨˋ-ㄇㄨˋ-ㄉㄚˊ-ㄧㄝˇ	冴木達也	-6.60980192	acg
ㄌㄥˇ-ㄉㄨㄥˋ-ㄍㄨㄤ-ㄒㄧㄢˋ	冷凍光線	-6.60980192	acg
ㄌㄥˇ-ㄐㄧㄢˋ-ㄈㄥ-ㄩㄣˊ	冷劍風雲	-6.60980192	acg
ㄌㄥˇ-ㄑㄩㄢˊ-ㄐㄧㄡˇ-ㄗˇ	冷泉久子	-6.60980192	acg
ㄌㄥˇ-ㄑㄩㄢˊ-ㄇㄚˊ-ㄗ˙	冷泉麻子	-6.60980192	acg
ㄌㄥˇ-ㄓ-ㄕˋ-ㄇㄛˊ	冷知識魔	-6.60980192	acg
ㄌㄥˇ-ㄩˇ-ㄧㄢ	冷雨煙	-7.04116568	acg
ㄉㄧㄠ-ㄌㄧㄥˊ-ㄍㄨㄞˋ	凋零怪	-7.04116568	acg
ㄉㄧㄠ-ㄌㄧㄥˊ-ㄎㄨ-ㄌㄡˊ	凋零骷髏	-6.60980192	acg
ㄌㄧㄣˇ-ㄗˇ	凜子	-7.17149945	acg
ㄌㄧㄣˇ-ㄧㄣ	凜音	-7.17149945	acg
ㄌㄧㄣˇ-ㄈㄥ-ㄒㄧㄚˊ-ㄨㄢ	凜風峽灣	-6.60980192	acg
ㄋㄧㄥˊ-ㄕㄣˊ-ㄕㄜˋ-ㄐㄧˊ	凝神射擊	-6.60980192	acg
ㄋㄧㄥˊ-ㄕˋ-ㄉㄚˋ-ㄕ	凝視大師	-6.60980192	acg
ㄋㄧㄥˊ-ㄒㄧㄝˊ-ㄕㄥˋ-ㄇㄧㄥˋ	凝邪聖命	-6.60980192	acg
ㄈㄢˊ-ㄈㄢˊ	凡凡	-7.17149945	acg
ㄈㄢˊ-ㄉㄨㄛ-ㄇㄨˇ	凡多姆	-7.04116568	acg
ㄈㄢˊ-ㄉㄨㄛ-ㄇㄨˇ-ㄏㄞˇ-ㄨˇ	凡多姆海伍	-6.17843815	acg
ㄈㄢˊ-ㄋㄧˊ-ㄕㄚ	凡妮莎	-7.04116568	acg
ㄈㄢˊ-ㄋㄚˋ	凡娜	-7.17149945	acg
ㄈㄢˊ-ㄋㄚˋ-ㄉㄧˋ-ㄙ	凡娜蒂絲	-6.60980192	acg
ㄈㄢˊ-ㄍㄜˊ	凡格	-7.17149945	acg
ㄈㄢˊ-ㄍㄜˊ-ㄙ	凡格斯	-7.04116568	acg
ㄈㄢˊ-ㄍㄜˊ-ㄦˇ-ㄅㄠˇ	凡格爾堡	-6.60980192	acg
ㄈㄢˊ-ㄍㄜˊ-ㄦˇ-ㄅㄠˇ-ㄉㄜ˙-ㄧㄝˋ-ㄋㄧˊ-ㄈㄨˊ	凡格爾堡的葉妮芙	-5.74707439	acg
ㄎㄞˇ-ㄧ	凱伊	-7.17149945	acg
ㄎㄞˇ-ㄌㄨㄣˊ	凱倫	-7.17149945	acg
ㄎㄞˇ-ㄋㄢˊ-ㄐㄧˊ	凱南吉	-7.04116568	acg
ㄎㄞˇ-ㄧㄣ	凱因	-7.17149945	acg
ㄎㄞˇ-ㄊㄢˇ-ㄗㄜˊ	凱坦澤	-7.04116568	acg
ㄎㄞˇ-ㄗ˙-ㄅㄟˋ-ㄎㄜˊ	凱子貝殼	-6.60980192	acg
ㄎㄞˇ-ㄋㄧㄥˊ	凱寧	-7.17149945	acg
ㄎㄞˇ-ㄉㄜˊ	凱德	-7.17149945	acg
ㄎㄞˇ-ㄣ	凱恩	-7.17149945	acg
ㄎㄞˇ-ㄌㄚ	凱拉	-7.17149945	acg
ㄎㄞˇ-ㄌㄚ-ㄎㄜˋ	凱拉克	-7.04116568	acg
ㄎㄞˇ-ㄙㄚ-ㄅㄠˇ-ㄐㄧㄢˋ	凱撒寶劍	-6.60980192	acg
ㄎㄞˇ-ㄙㄚ-ㄓˇ-ㄏㄨㄟ-ㄊㄧㄥˇ	凱撒指揮艇	-6.17843815	acg
ㄎㄞˇ-ㄙㄚ-ㄒㄧㄣ-ㄒㄧㄥ	凱撒新星	-6.60980192	acg
ㄎㄞˇ-ㄙㄚ-ㄅㄠˋ-ㄌㄨㄥˊ-ㄕㄡˋ	凱撒暴龍獸	-6.17843815	acg
ㄎㄞˇ-ㄙㄚ-ㄕ-ㄗ˙-ㄕㄡˋ	凱撒獅子獸	-6.17843815	acg
ㄎㄞˇ-ㄙㄚ-ㄈㄟ-ㄧˋ	凱撒飛翼	-6.60980192	acg
ㄎㄞˇ-ㄌㄨㄛˋ-ㄌㄧㄣˊ	凱洛琳	-7.04116568	acg
ㄎㄞˇ-ㄦˇ	凱爾	-7.17149945	acg
ㄎㄞˇ-ㄦˇ-ㄉㄚˊ	凱爾妲	-7.04116568	acg
ㄎㄞˇ-ㄦˇ-ㄉㄧˋ-ㄙㄚˋ	凱爾帝薩	-6.60980192	acg
ㄎㄞˇ-ㄦˇ-ㄨㄣˊ	凱爾文	-7.04116568	acg
ㄎㄞˇ-ㄦˇ-ㄇㄛˋ-ㄖㄨㄟˋ-ㄧㄚˇ	凱爾莫瑞亞	-6.17843815	acg
ㄎㄞˇ-ㄦˇ-ㄇㄛˋ-ㄖㄨㄟˋ-ㄧㄚˇ-ㄐㄧˊ-ㄊㄨㄢˊ	凱爾莫瑞亞集團	-5.74707439	acg
ㄎㄞˇ-ㄊㄜˋ-ㄊㄧㄢ-ㄕˇ	凱特天使	-6.60980192	acg
ㄎㄞˇ-ㄊㄜˋ-ㄈㄨ-ㄖㄣˊ	凱特夫人	-6.60980192	acg
ㄎㄞˇ-ㄖㄨㄟˋ	凱瑞	-7.17149945	acg
ㄎㄞˇ-ㄙㄜˋ	凱瑟	-7.17149945	acg
ㄎㄞˇ-ㄙ-ㄚ-ㄧˊ	凱絲阿姨	-6.60980192	acg
ㄎㄞˇ-ㄌㄠˇ-ㄕ	凱老師	-7.04116568	acg
ㄎㄞˇ-ㄧㄝˊ	凱耶	-7.17149945	acg
ㄎㄞˇ-ㄋㄥˊ	凱能	-7.17149945	acg
ㄎㄞˇ-ㄌㄧˋ-ㄈㄨˊ-ㄌㄚ	凱莉芙拉	-6.60980192	acg
ㄎㄞˇ-ㄌㄧˋ-ㄕㄚ	凱莉莎	-7.04116568	acg
ㄎㄞˇ-ㄕㄚ	凱莎	-7.17149945	acg
ㄎㄞˇ-ㄌㄞˊ-ㄦˇ	凱萊爾	-7.04116568	acg
ㄎㄞˇ-ㄉㄧˋ	凱蒂	-7.17149945	acg
ㄎㄞˇ-ㄉㄧˋ-ㄙ	凱蒂絲	-7.04116568	acg
ㄎㄞˇ-ㄙㄚˋ-ㄌㄧˇ-ㄧㄚˇ	凱薩里亞	-6.60980192	acg
ㄎㄞˇ-ㄗㄢˋ	凱贊	-7.17149945	acg
ㄎㄞˇ-ㄒㄧㄣ-ㄎㄜˋ	凱辛克	-7.04116568	acg
ㄎㄞˇ-ㄉㄧˊ-ㄦˇ	凱迪爾	-7.04116568	acg
ㄎㄞˇ-ㄌㄧˇ-ㄕㄣˊ	凱里神	-7.04116568	acg
ㄎㄞˇ-ㄌㄧˇ-ㄕㄥˋ-ㄉㄧˋ	凱里聖地	-6.60980192	acg
ㄒㄩㄥ-ㄓㄠˋ-ㄍㄤ-ㄉㄢˋ	凶兆鋼彈	-6.60980192	acg
ㄔㄨ-ㄖㄨˋ-ㄐㄧㄣˋ-ㄓˇ-ㄉㄜ˙-ㄧㄢˇ-ㄕㄨˇ	出入禁止的鼴鼠	-5.74707439	acg
ㄔㄨ-ㄅㄠ-ㄨㄤˊ-ㄋㄩˇ	出包王女	-6.60980192	acg
ㄔㄨ-ㄕㄨㄟˇ-ㄇㄧㄥˊ-ㄖˋ-ㄒㄧㄤ	出水明日香	-6.17843815	acg
ㄔㄨ-ㄗㄨ-ㄋㄩˇ-ㄧㄡˇ	出租女友	-6.60980192	acg
ㄔㄨ-ㄩˇ-ㄐㄧㄤ-ㄔㄣˊ	出羽將臣	-6.60980192	acg
ㄏㄢˊ-ㄍㄨㄢˇ-ㄔㄣˊ-ㄗˇ	函館臣子	-6.60980192	acg
ㄉㄠ-ㄉㄠ-ㄓㄞ	刀刀齋	-7.04116568	acg
ㄉㄠ-ㄎㄜˋ-ㄊㄤ-ㄇㄨˇ	刀客湯姆	-6.60980192	acg
ㄉㄠ-ㄑㄧㄡ	刀秋	-7.17149945	acg
ㄉㄠ-ㄈㄥ-ㄓㄢˋ-ㄕˋ	刀鋒戰士	-6.60980192	acg
ㄉㄠ-ㄑㄧˊ-ㄕˋ	刀騎士	-7.04116568	acg
ㄖㄣˋ-ㄕˋ	刃式	-7.17149945	acg
ㄖㄣˋ-ㄅㄤˋ	刃棒	-7.17149945	acg
ㄖㄣˋ-ㄑㄧㄠ-ㄒㄧㄥˊ-ㄔㄨㄥˊ-ㄕㄡˋ	刃鍬形蟲獸	-6.17843815	acg
ㄖㄣˋ-ㄌㄨㄥˊ-ㄕㄡˋ	刃龍獸	-7.04116568	acg
ㄈㄣ-ㄍㄜ-ㄏㄨㄚˋ-ㄇㄧㄢˋ	分割畫面	-6.60980192	acg
ㄈㄣ-ㄗˇ-ㄕㄡˋ	分子獸	-7.04116568	acg
ㄈㄣ-ㄑㄧˊ-ㄉㄜ˙-ㄉㄠˋ-ㄌㄨˋ	分歧的道路	-6.17843815	acg
ㄈㄣ-ㄐㄧㄝˇ-ㄨˇ-ㄑㄧˋ	分解武器	-6.60980192	acg
ㄈㄣ-ㄓㄨㄥ-ㄒㄧㄠˇ-ㄐㄧㄝˇ	分鐘小姐	-6.60980192	acg
ㄑㄧㄝ-ㄍㄜ-ㄌㄧㄡˊ-ㄒㄧㄥ-ㄔㄨㄟˊ	切割流星鎚	-6.17843815	acg
ㄑㄧㄝ-ㄌㄚ-ㄇㄨˇ	切拉姆	-7.04116568	acg
ㄑㄧㄝ-ㄓㄚˊ-ㄕㄥˋ-ㄌㄧˋ	切札勝利	-6.60980192	acg
ㄑㄧㄝ-ㄓㄚˊ-ㄕㄥˋ-ㄊㄞˋ	切札勝太	-6.60980192	acg
ㄑㄧㄝ-ㄓㄚˊ-ㄕㄥˋ-ㄨˇ	切札勝舞	-6.60980192	acg
ㄑㄧㄝ-ㄆㄧㄢˋ-ㄑㄧㄡ-ㄕㄢ	切片秋山	-6.60980192	acg
ㄑㄧㄝ-ㄙㄨㄟˋ-ㄓㄜˇ	切碎者	-7.04116568	acg
ㄌㄧㄝˋ-ㄨㄟ	列威	-7.17149945	acg
ㄌㄧㄝˋ-ㄣ	列恩	-7.17149945	acg
ㄌㄧㄝˋ-ㄌㄨˇ-ㄋㄧㄥˊ	列魯寧	-7.04116568	acg
ㄔㄨ-ㄕˇ-ㄏㄨㄚˋ-ㄌㄧㄥˊ-ㄐㄧㄢˋ	初始化零件	-6.17843815	acg
ㄔㄨ-ㄒㄩㄝˊ-ㄓㄜˇ-ㄕㄚ	初學者鯊	-6.60980192	acg
ㄔㄨ-ㄒㄩㄝˊ-ㄓㄜˇ-ㄕㄚ-ㄩˊ	初學者鯊魚	-6.17843815	acg
ㄔㄨ-ㄒㄧㄣ-ㄏㄨㄤˊ-ㄏㄡˋ	初心皇后	-6.60980192	acg
ㄔㄨ-ㄐㄧˊ-ㄕㄥˋ-ㄈㄨˋ	初擊勝負	-6.60980192	acg
ㄔㄨ-ㄘˋ-ㄑㄧˇ-ㄏㄤˊ	初次啟航	-6.60980192	acg
ㄔㄨ-ㄐㄧˊ-ㄓˋ-ㄌㄧㄠˊ-ㄑㄩㄢˋ	初級治療券	-6.17843815	acg
ㄔㄨ-ㄓㄣˋ-ㄉㄨㄟˋ-ㄎㄤˋ-ㄙㄞˋ	初陣對抗賽	-6.17843815	acg
ㄅㄧㄝˊ-ㄕㄨˋ-ㄈㄥ-ㄩㄣˊ	別墅風雲	-6.60980192	acg
ㄅㄧㄝˊ-ㄙㄨㄛˇ-ㄞˋ-ㄇㄚˇ	別所艾瑪	-6.60980192	acg
ㄅㄧㄝˊ-ㄒㄧ-ㄅㄨˇ-ㄉㄜ˙-ㄊㄡˊ-ㄍㄨˇ	別西卜的頭骨	-5.74707439	acg
ㄅㄧㄝˊ-ㄖㄤˋ-ㄈㄥ-ㄒㄩㄝˇ-ㄧㄢˇ-ㄇㄞˊ-ㄞˋ	別讓風雪掩埋愛	-5.74707439	acg
ㄌㄧˋ-ㄐㄧㄝˊ-ㄋㄧˊ	利傑尼	-7.04116568	acg
ㄌㄧˋ-ㄎㄜˋ	利克	-7.17149945	acg
ㄌㄧˋ-ㄎㄜˋ-ㄇㄨˇ	利克姆	-7.04116568	acg
ㄌㄧˋ-ㄎㄚˇ-ㄉㄜˊ	利卡德	-7.04116568	acg
ㄌㄧˋ-ㄙㄞ-ㄅㄨˋ-ㄦˇ	利塞布爾	-6.60980192	acg
ㄌㄧˋ-ㄙㄞ-ㄅㄨˋ-ㄦˇ-ㄉㄜ˙-ㄇㄨˇ-ㄅㄠˋ	利塞布爾的母豹	-5.74707439	acg
ㄌㄧˋ-ㄠˋ-ㄍㄠ	利奧高	-7.04116568	acg
ㄌㄧˋ-ㄍㄤ-ㄧㄡ-ㄉㄡˇ	利岡優斗	-6.60980192	acg
ㄌㄧˋ-ㄅㄨˋ-ㄙ	利布斯	-7.04116568	acg
ㄌㄧˋ-ㄒㄧ-ㄊㄚˇ	利希塔	-7.04116568	acg
ㄌㄧˋ-ㄇㄛˊ-ㄋㄚˋ	利摩那	-7.04116568	acg
ㄌㄧˋ-ㄆㄨˇ	利普	-7.17149945	acg
ㄌㄧˋ-ㄡ-ㄌㄨˋ	利歐路	-7.04116568	acg
ㄌㄧˋ-ㄌㄨㄛˋ-ㄉㄜˊ	利洛德	-7.04116568	acg
ㄌㄧˋ-ㄋㄧㄝˋ-ㄦˇ	利涅爾	-7.04116568	acg
ㄌㄧˋ-ㄦˇ-ㄉㄜˊ	利爾德	-7.04116568	acg
ㄌㄧˋ-ㄊㄜˋ-ㄋㄚˋ	利特納	-7.04116568	acg
ㄌㄧˋ-ㄨㄟˊ	利維	-7.17149945	acg
ㄌㄧˋ-ㄨㄟˊ-ㄧㄚˇ-ㄉㄜ˙-ㄐㄧㄝˊ-ㄌㄨㄛˋ-ㄊㄜˋ	利維亞的傑洛特	-5.74707439	acg
ㄌㄧˋ-ㄏㄨㄚˊ-ㄈㄨˊ	利華弗	-7.04116568	acg
ㄌㄧˋ-ㄅㄤ-ㄊㄧˊ	利邦提	-7.04116568	acg
ㄌㄧˋ-ㄎㄨˋ	利酷	-7.17149945	acg
ㄌㄧˋ-ㄌㄧˇ-ㄧㄚˇ	利里亞	-7.04116568	acg
ㄌㄧˋ-ㄋㄧㄡˇ	利鈕	-7.17149945	acg
ㄌㄧˋ-ㄐㄧㄥ	利鯨	-7.17149945	acg
ㄎㄨ-ㄨ-ㄈㄨ-ㄐㄧㄢˋ-ㄅㄚ	刳屋敷劍八	-6.17843815	acg
ㄓˋ-ㄉㄧㄥˋ-ㄕˋ	制定式	-7.04116568	acg
ㄓˋ-ㄌㄨㄣˊ-ㄐㄧ	制輪機	-7.04116568	acg
ㄘˋ-ㄘˋ-ㄌㄧˋ-ㄗ˙	刺刺栗子	-6.60980192	acg
ㄘˋ-ㄎㄜˋ-ㄖㄣˋ-ㄨˋ	刺客任務	-6.60980192	acg
ㄘˋ-ㄎㄜˋ-ㄖㄣˋ-ㄨˋ-ㄒㄧˋ-ㄌㄧㄝˋ	刺客任務系列	-5.74707439	acg
ㄘˋ-ㄎㄜˋ-ㄐㄧㄠˋ-ㄊㄧㄠˊ	刺客教條	-6.60980192	acg
ㄘˋ-ㄎㄜˋ-ㄌㄧㄢˊ-ㄇㄥˊ	刺客聯盟	-6.60980192	acg
ㄘˋ-ㄕㄜˊ-ㄕㄡˋ-ㄒㄩㄝˋ	刺蛇獸穴	-6.60980192	acg
ㄘˋ-ㄨㄟˋ-ㄕㄡˋ	刺蝟獸	-7.04116568	acg
ㄘˋ-ㄉㄧㄥ-ㄕㄡˋ	刺釘獸	-7.04116568	acg
ㄘˋ-ㄓㄣ-ㄕㄡˋ	刺針獸	-7.04116568	acg
ㄘˋ-ㄓㄣ-ㄉㄧㄥ-ㄔㄨㄟˊ	刺針釘鎚	-6.60980192	acg
ㄎㄜˋ-ㄧㄣˋ-ㄕㄨˋ-ㄕˋ	刻印術式	-6.60980192	acg
ㄉㄨㄛˋ-ㄙㄨㄟˋ-ㄕㄡˇ-ㄅㄚ-ㄌㄧˋ	剁碎手巴利	-6.17843815	acg
ㄊㄧˋ-ㄉㄠ-ㄒㄧㄥˊ	剃刀型	-7.04116568	acg
ㄗㄜˊ-ㄐㄩㄢˇ-ㄎㄚˇ-ㄙ-ㄌㄚ	則卷卡斯拉	-6.17843815	acg
ㄗㄜˊ-ㄐㄩㄢˇ-ㄍㄨㄞˋ-ㄅㄛˊ-ㄕˋ-ㄩˇ-ㄐㄧ-ㄑㄧˋ-ㄨㄚˊ-ㄨㄚ˙	則卷怪博士與機器娃娃	-5.74707439	acg
ㄑㄧㄢˊ-ㄉㄠˇ-ㄖㄨㄢˇ-ㄐㄧㄢˋ	前導軟件	-6.60980192	acg
ㄑㄧㄢˊ-ㄔㄨㄢ-ㄐㄧㄚ-ㄇㄧㄠˊ	前川佳苗	-6.60980192	acg
ㄑㄧㄢˊ-ㄔㄨㄢ-ㄨㄟˋ-ㄌㄞˊ	前川未來	-6.60980192	acg
ㄑㄧㄢˊ-ㄙㄨㄛˇ-ㄨㄟˋ-ㄧㄡˇ-ㄉㄜ˙-ㄍㄢˇ-ㄐㄩㄝˊ	前所未有的感覺	-5.74707439	acg
ㄑㄧㄢˊ-ㄊㄧㄢˊ-ㄌㄧˇ-ㄋㄞˋ	前田裡奈	-6.60980192	acg
ㄑㄧㄢˊ-ㄅㄟˋ-ㄧㄡˇ-ㄍㄡˋ-ㄈㄢˊ	前輩有夠煩	-6.17843815	acg
ㄑㄧㄢˊ-ㄐㄧㄣˋ-ㄉㄚˋ-ㄉㄨ-ㄏㄨㄟˋ	前進大都會	-6.17843815	acg
ㄑㄧㄢˊ-ㄐㄧㄣˋ-ㄇㄟˊ-ㄌㄧˋ-ㄏㄠˋ	前進梅利號	-6.17843815	acg
ㄍㄤ-ㄌㄧˋ-ㄅㄨˋ	剛力步	-7.04116568	acg
ㄍㄤ-ㄊㄢˊ-ㄩㄥˇ-ㄕˋ	剛彈勇士	-6.60980192	acg
ㄍㄤ-ㄉㄜˊ-ㄌㄚ-ㄎㄜˋ	剛德拉克	-6.60980192	acg
ㄍㄤ-ㄇㄨˇ-ㄒㄧㄥ-ㄑㄧㄡˊ	剛母星球	-6.60980192	acg
ㄍㄤ-ㄋㄨㄛˋ-ㄙ	剛諾斯	-7.04116568	acg
ㄅㄛ-ㄌㄨㄛˋ-ㄌㄧㄝˋ-ㄈㄨ	剝落列夫	-6.60980192	acg
ㄐㄧㄢˇ-ㄑㄧㄢˊ-ㄉㄨㄣˋ	剪鉗盾	-7.04116568	acg
ㄍㄜ-ㄏㄡˊ-ㄗㄨㄛˋ-ㄓㄢˋ	割喉作戰	-6.60980192	acg
ㄍㄜ-ㄏㄡˊ-ㄓㄢˋ	割喉戰	-7.04116568	acg
ㄍㄜ-ㄏㄡˊ-ㄓㄜˇ	割喉者	-7.04116568	acg
ㄔㄨㄤˋ-ㄕˋ-ㄓ-ㄋㄩˇ	創世之女	-6.60980192	acg
ㄔㄨㄤˋ-ㄕˋ-ㄔㄨㄢˊ-ㄕㄨㄛ	創世傳說	-6.60980192	acg
ㄔㄨㄤˋ-ㄕˋ-ㄒㄧㄠˇ-ㄨㄢˊ-ㄐㄧㄚ	創世小玩家	-6.17843815	acg
ㄔㄨㄤˋ-ㄕˋ-ㄕㄣˊ	創世神	-7.04116568	acg
ㄔㄨㄤˋ-ㄧㄝˋ-ㄩˋ-ㄔㄥˊ-ㄆㄞˋ-ㄉㄨㄟˋ	創業育成派對	-5.74707439	acg
ㄔㄨㄤˋ-ㄕㄥˋ-ㄐㄧ-ㄒㄧㄝˋ-ㄊㄧㄢ-ㄕˇ	創聖機械天使	-5.74707439	acg
ㄔㄨㄤˋ-ㄉㄡˋ	創鬥	-7.17149945	acg
ㄔㄨㄤˋ-ㄉㄡˋ-ㄅㄧˋ	創鬥幣	-7.04116568	acg
ㄔㄨㄤˋ-ㄉㄡˋ-ㄊㄧㄝ-ㄓˇ	創鬥貼紙	-6.60980192	acg
ㄐㄩˋ-ㄔㄤˇ-ㄇㄛˊ-ㄕˋ	劇場模式	-6.60980192	acg
ㄐㄩˋ-ㄉㄨˊ-ㄕˋ-ㄕㄣˊ-ㄓㄜˇ	劇毒弒神者	-6.17843815	acg
ㄐㄩˋ-ㄉㄨˊ-ㄉㄜ˙-ㄕㄤ-ㄔㄨˋ	劇毒的傷處	-6.17843815	acg
ㄐㄩˋ-ㄉㄨˊ-ㄕㄨㄣˋ-ㄕㄚ-ㄓㄜˇ	劇毒瞬殺者	-6.17843815	acg
ㄆㄧ-ㄓㄢˇ-ㄙ-ㄌㄧㄥˋ	劈斬司令	-6.60980192	acg
ㄆㄧ-ㄓㄢˇ-ㄕㄡˋ	劈斬獸	-7.04116568	acg
ㄌㄧㄡˊ-ㄓˋ-ㄍㄤ	劉志剛	-7.04116568	acg
ㄌㄧㄡˊ-ㄒㄧㄠˇ	劉曉	-7.17149945	acg
ㄌㄧㄡˊ-ㄕㄣˊ-ㄑㄧㄤ	劉神槍	-7.04116568	acg
ㄌㄧㄡˊ-ㄌㄧˇ-ㄤˊ	劉里昂	-7.04116568	acg
ㄌㄧㄡˊ-ㄅㄠˇ-ㄐㄧㄝˊ	劉飽節	-7.04116568	acg
ㄐㄧㄢˋ-ㄓ-ㄓㄨㄤ	劍之裝	-7.04116568	acg
ㄐㄧㄢˋ-ㄖㄣˋ-ㄕㄢ-ㄇㄞˋ	劍刃山脈	-6.60980192	acg
ㄐㄧㄢˋ-ㄖㄣˋ-ㄐㄧㄥˋ-ㄐㄧˋ-ㄔㄤˇ	劍刃競技場	-6.17843815	acg
ㄐㄧㄢˋ-ㄔㄥˊ-ㄈㄨˋ	劍城富	-7.04116568	acg
ㄐㄧㄢˋ-ㄔㄥˊ-ㄇㄟˇ-ㄐㄧㄡˇ	劍城美久	-6.60980192	acg
ㄐㄧㄢˋ-ㄨㄤˊ-ㄇㄛˊ-ㄕˋ	劍王模式	-6.60980192	acg
ㄐㄧㄢˋ-ㄉㄜ˙-ㄓㄨㄥˋ-ㄌㄧㄤˋ	劍的重量	-6.60980192	acg
ㄐㄧㄢˋ-ㄏㄨㄤˊ-ㄕㄡˋ	劍皇獸	-7.04116568	acg
ㄐㄧㄢˋ-ㄇㄟˇ-ㄔㄥˊ	劍美澄	-7.04116568	acg
ㄐㄧㄢˋ-ㄒㄧㄝ	劍蠍	-7.17149945	acg
ㄐㄧㄢˋ-ㄕㄨˋ-ㄧㄡ-ㄉㄞˋ-ㄕㄥ	劍術優待生	-6.17843815	acg
ㄐㄧㄢˋ-ㄕㄨˋ-ㄓˇ-ㄉㄠˇ-ㄍㄨㄢ	劍術指導官	-6.17843815	acg
ㄐㄧㄢˋ-ㄑㄧˊ-ㄕˋ	劍騎士	-7.04116568	acg
ㄐㄧㄢˋ-ㄏㄨㄣˊ	劍魂	-7.17149945	acg
ㄐㄧㄢˋ-ㄌㄨㄥˊ-ㄕㄡˋ	劍龍獸	-7.04116568	acg
ㄌㄧˋ-ㄎㄜˋ-ㄉㄜˊ-ㄇㄨˇ	力克德姆	-6.60980192	acg
ㄌㄧˋ-ㄎㄜˋ-ㄉㄧˊ-ㄧㄚˇ-ㄙ	力克迪亞斯	-6.17843815	acg
ㄌㄧˋ-ㄎㄜˋ-ㄉㄧˊ-ㄐㄧㄝˊ	力克迪傑	-6.60980192	acg
ㄌㄧˋ-ㄊㄧㄢ-ㄕˇ-ㄍㄤ-ㄉㄢˋ	力天使鋼彈	-6.17843815	acg
ㄌㄧˋ-ㄑㄧˊ	力奇	-7.17149945	acg
ㄌㄧˋ-ㄕˊ-ㄓㄢˋ-ㄕˋ	力石戰士	-6.60980192	acg
ㄌㄧˋ-ㄌㄧㄤˋ-ㄅㄠˇ-ㄕˊ	力量寶石	-6.60980192	acg
ㄌㄧˋ-ㄌㄧㄤˋ-ㄇㄚˊ-ㄐㄧˊ	力量麻吉	-6.60980192	acg
ㄍㄨㄥ-ㄈㄨ˙-ㄇㄠ-ㄉㄤˇ	功夫貓黨	-6.60980192	acg
ㄐㄧㄚ-ㄌㄧㄝˋ-ㄊㄜˋ	加列特	-7.04116568	acg
ㄐㄧㄚ-ㄎㄚˇ	加卡	-7.17149945	acg
ㄐㄧㄚ-ㄉㄨㄛ-ㄅㄟˋ-ㄦˇ	加多貝爾	-6.60980192	acg
ㄐㄧㄚ-ㄈㄨ-ㄌㄢˊ	加夫蘭	-7.04116568	acg
ㄐㄧㄚ-ㄅㄨˋ-ㄌㄧˇ-ㄧㄝˊ-ㄦˇ-ㄕㄠˋ-ㄨㄟˋ	加布里耶爾少尉	-5.74707439	acg
ㄐㄧㄚ-ㄌㄚ-ㄒㄧ-ㄧㄚˋ-ㄌㄠˇ-ㄉㄚˋ	加拉西亞老大	-5.74707439	acg
ㄐㄧㄚ-ㄨㄣˊ	加文	-7.17149945	acg
ㄐㄧㄚ-ㄙ	加斯	-7.17149945	acg
ㄐㄧㄚ-ㄙ-ㄊㄜˋ	加斯特	-7.04116568	acg
ㄐㄧㄚ-ㄦˇ-ㄉㄚˊ-ㄎㄜˋ	加爾達克	-6.60980192	acg
ㄐㄧㄚ-ㄦˇ-ㄉㄚˊ-ㄎㄜˋ-ㄐㄧㄚ-ㄗㄨˊ	加爾達克家族	-5.74707439	acg
ㄐㄧㄚ-ㄊㄜˋ-ㄌㄧㄣˊ-ㄕㄡˇ-ㄐㄧ	加特林手機	-6.17843815	acg
ㄐㄧㄚ-ㄊㄜˋ-ㄌㄧㄣˊ-ㄐㄧ-ㄑㄧㄤ	加特林機槍	-6.17843815	acg
ㄐㄧㄚ-ㄅㄞˇ-ㄌㄨㄛˊ-ㄋㄧㄝˋ	加百羅涅	-6.60980192	acg
ㄐㄧㄚ-ㄇㄧˇ	加米	-7.17149945	acg
ㄐㄧㄚ-ㄙㄨㄛˇ-ㄇㄨˇ	加索姆	-7.04116568	acg
ㄐㄧㄚ-ㄇㄠˋ-ㄌㄧㄡˊ-ㄈㄤ	加茂劉芳	-6.60980192	acg
ㄐㄧㄚ-ㄗ-ㄨˇ-ㄊㄜˋ	加茲伍特	-6.60980192	acg
ㄐㄧㄚ-ㄈㄟ-ㄦˇ	加菲爾	-7.04116568	acg
ㄐㄧㄚ-ㄊㄥˊ-ㄒㄧㄢ-ㄕㄥ	加藤先生	-6.60980192	acg
ㄐㄧㄚ-ㄊㄥˊ-ㄒㄧㄠˋ-ㄧ	加藤孝一	-6.60980192	acg
ㄐㄧㄚ-ㄊㄥˊ-ㄔㄨㄣ	加藤春	-7.04116568	acg
ㄐㄧㄚ-ㄊㄥˊ-ㄧㄥ-ㄇㄟˇ-ㄌㄧˇ	加藤英美里	-6.17843815	acg
ㄐㄧㄚ-ㄌㄢˊ-ㄉㄜˊ	加蘭德	-7.04116568	acg
ㄐㄧㄚ-ㄌㄢˊ-ㄊㄜˋ	加蘭特	-7.04116568	acg
ㄐㄧㄚ-ㄏㄜˋ-ㄕㄢ-ㄇㄟˇ-ㄩˇ	加賀山美羽	-6.17843815	acg
ㄐㄧㄚ-ㄏㄜˋ-ㄓˋ-ㄐㄧㄣ-ㄗˇ	加賀志津子	-6.17843815	acg
ㄐㄧㄚ-ㄏㄜˋ-ㄐㄧㄢˋ-ㄓㄣ-ㄌㄧㄤˊ	加賀見真良	-6.17843815	acg
ㄐㄧㄚ-ㄉㄧˊ-ㄌㄚ-ㄙㄚˋ	加迪拉薩	-6.60980192	acg
ㄐㄧㄚ-ㄉㄧˊ-ㄙㄚˋ	加迪薩	-7.04116568	acg
ㄐㄧㄚ-ㄋㄚˋ-ㄅㄚ-ㄉㄧˊ	加那巴迪	-6.60980192	acg
ㄐㄧㄚ-ㄌㄧˇ-ㄡ	加里歐	-7.04116568	acg
ㄐㄧㄚ-ㄌㄨˇ-ㄍㄜ-ㄕㄡˋ	加魯哥獸	-6.60980192	acg
ㄐㄧㄚ-ㄌㄨˇ-ㄙ	加魯斯	-7.04116568	acg
ㄓㄨˋ-ㄓ-ㄒㄧㄣ-ㄨㄤˊ-ㄗˇ	助之新王子	-6.17843815	acg
ㄓㄨˋ-ㄔㄨㄢ-ㄉㄧㄢˋ-ㄌㄧㄡˋ	助川電六	-6.60980192	acg
ㄋㄨˇ-ㄅㄧˇ-ㄙ-ㄕㄢ-ㄇㄞˋ	努比斯山脈	-6.17843815	acg
ㄋㄨˇ-ㄆㄛ	努波	-7.17149945	acg
ㄐㄧㄣˋ-ㄐㄧㄣˋ	勁勁	-7.17149945	acg
ㄐㄧㄣˋ-ㄅㄠˋ-ㄇㄟˇ-ㄍㄨㄛˊ-ㄓˊ-ㄌㄢˊ	勁爆美國職籃	-5.74707439	acg
ㄐㄧㄣˋ-ㄅㄠˋ-ㄇㄟˇ-ㄕˋ-ㄗㄨˊ-ㄑㄧㄡˊ	勁爆美式足球	-5.74707439	acg
ㄐㄧㄣˋ-ㄅㄚˋ-ㄢ-ㄍㄜ-ㄌㄚ-ㄕㄡˋ	勁霸安哥拉獸	-5.74707439	acg
ㄐㄧㄣˋ-ㄒㄧㄤ	勁香	-7.17149945	acg
ㄅㄛˊ-ㄍㄥˋ	勃更	-7.17149945	acg
ㄅㄛˊ-ㄌㄨㄛˊ	勃羅	-7.17149945	acg
ㄔˋ-ㄕˇ-ㄏㄜˊ-ㄩㄢˊ-ㄎㄜˋ-ㄧㄢˋ	勅使河原克彥	-5.74707439	acg
ㄩㄥˇ-ㄍㄜ	勇哥	-7.17149945	acg
ㄩㄥˇ-ㄐㄧ-ㄌㄚ	勇基拉	-7.04116568	acg
ㄩㄥˇ-ㄕˋ-ㄓ-ㄘㄨㄣ	勇士之村	-6.60980192	acg
ㄩㄥˇ-ㄕˋ-ㄒㄩㄣ-ㄓㄤ	勇士勳章	-6.60980192	acg
ㄩㄥˇ-ㄕˋ-ㄕˋ-ㄌㄧㄢˋ	勇士試煉	-6.60980192	acg
ㄩㄥˇ-ㄍㄢˇ-ㄔㄨㄢˊ-ㄕㄨㄛ	勇敢傳說	-6.60980192	acg
ㄩㄥˇ-ㄨˇ-ㄓ-ㄏㄨㄢˊ	勇武之環	-6.60980192	acg
ㄩㄥˇ-ㄑㄧˋ-ㄐㄧㄥ-ㄌㄧㄥˊ	勇氣精靈	-6.60980192	acg
ㄩㄥˇ-ㄇㄥˇ-ㄉㄜ˙-ㄓˋ-ㄇㄧㄥˋ-ㄐㄧㄢˋ	勇猛的致命劍	-5.74707439	acg
ㄩㄥˇ-ㄓㄜˇ-ㄕˋ	勇者式	-7.04116568	acg
ㄩㄥˇ-ㄓㄜˇ-ㄧㄡˇ-ㄉㄧㄢˇ-ㄊㄞˋ-ㄒㄧㄠ-ㄓㄤ	勇者有點太囂張	-5.74707439	acg
ㄩㄥˇ-ㄓㄜˇ-ㄌㄞˊ-ㄊㄧㄥ	勇者萊汀	-6.60980192	acg
ㄩㄥˇ-ㄓㄜˇ-ㄒㄩㄣˋ-ㄩˋ-ㄕ	勇者訓育師	-6.17843815	acg
ㄩㄥˇ-ㄓㄜˇ-ㄉㄡˋ-ㄜˋ-ㄌㄨㄥˊ	勇者鬥惡龍	-6.17843815	acg
ㄌㄜˋ-ㄎㄜˋ-ㄙ-ㄕㄡˋ	勒克斯獸	-6.60980192	acg
ㄉㄨㄥˋ-ㄖㄣˊ-ㄉㄜ˙-ㄒㄧㄣ-ㄋㄧㄤˊ-ㄆㄥˇ-ㄏㄨㄚ	動人的新娘捧花	-5.74707439	acg
ㄉㄨㄥˋ-ㄌㄧˋ-ㄏㄨㄚˊ-ㄒㄧㄤˊ	動力滑翔	-6.60980192	acg
ㄉㄨㄥˋ-ㄍㄢˇ-ㄐㄧㄚˇ-ㄇㄧㄢˋ	動感假面	-6.60980192	acg
ㄉㄨㄥˋ-ㄨˋ-ㄐㄧˊ-ㄊㄧㄢˊ	動物吉田	-6.60980192	acg
ㄉㄨㄥˋ-ㄨˋ-ㄒㄧㄠˇ-ㄉㄧㄥ	動物小町	-6.60980192	acg
ㄉㄨㄥˋ-ㄨˋ-ㄈㄤ-ㄔㄥˊ-ㄕˋ	動物方城市	-6.17843815	acg
ㄉㄨㄥˋ-ㄨˋ-ㄩㄝˋ-ㄊㄨㄢˊ	動物樂團	-6.60980192	acg
ㄉㄨㄥˋ-ㄨˋ-ㄐㄧㄣ-ㄧㄣˊ-ㄉㄠˇ	動物金銀島	-6.17843815	acg
ㄎㄢ-ㄐㄧㄡˇ-ㄌㄤˊ	勘九郎	-7.04116568	acg
ㄎㄢ-ㄐㄧㄝˇ-ㄧㄡˊ-ㄒㄧㄠˇ-ㄌㄨˋ-ㄙㄢ-ㄌㄧㄥˊ	勘解由小路三鈴	-5.74707439	acg
ㄕㄥˋ-ㄌㄧˋ-ㄇㄥˇ-ㄕ	勝利猛獅	-6.60980192	acg
ㄕㄥˋ-ㄌㄧˋ-ㄔㄨㄥ-ㄓㄨㄤˋ	勝利衝撞	-6.60980192	acg
ㄕㄥˋ-ㄌㄧˋ-ㄔㄨㄥ-ㄈㄥ	勝利衝鋒	-6.60980192	acg
ㄕㄥˋ-ㄌㄧˋ-ㄈㄟ-ㄔㄜ	勝利飛車	-6.60980192	acg
ㄕㄥˋ-ㄧㄡˋ-ㄕㄨㄟˇ-ㄘㄞˋ	勝又水菜	-6.60980192	acg
ㄕㄥˋ-ㄇㄨˋ-ㄐㄧㄚ-ㄋㄞˋ	勝木加奈	-6.60980192	acg
ㄕㄥˋ-ㄗㄜˊ	勝澤	-7.17149945	acg
ㄕㄥˋ-ㄕㄥ-ㄌㄧˋ-ㄧㄝˇ	勝生利也	-6.60980192	acg
ㄕㄥˋ-ㄕㄥ-ㄩㄥˇ-ㄌㄧˋ	勝生勇利	-6.60980192	acg
ㄕㄥˋ-ㄕㄥ-ㄎㄨㄢ-ㄗˇ	勝生寛子	-6.60980192	acg
ㄕㄥˋ-ㄕㄥ-ㄓㄣ-ㄌㄧˋ	勝生真利	-6.60980192	acg
ㄕㄥˋ-ㄊㄧㄢˊ-ㄘㄨㄥ-ㄗˇ	勝田聰子	-6.60980192	acg
ㄕㄥˋ-ㄕˇ-ㄇㄟˊ-ㄍㄜˊ	勝矢梅格	-6.60980192	acg
ㄕㄥˋ-ㄩˇ-ㄅㄞˋ	勝與敗	-7.04116568	acg
ㄕㄥˋ-ㄈㄨˋ-ㄕˋ	勝負士	-7.04116568	acg
ㄌㄠˊ-ㄦˇ	勞爾	-7.17149945	acg
ㄌㄠˊ-ㄈㄟ	勞菲	-7.17149945	acg
ㄑㄧㄣˊ-ㄅㄛˊ-ㄕˋ	勤博士	-7.04116568	acg
ㄅㄠ-ㄊㄧㄢ-ㄉㄧㄥ	包添丁	-7.04116568	acg
ㄅㄧˇ-ㄋㄨㄛˋ-ㄊㄡˋ	匕諾透	-7.04116568	acg
ㄏㄨㄚˋ-ㄍㄨㄥ-ㄐㄧˊ-ㄊㄨㄢˊ-ㄢˋ	化工集團案	-6.17843815	acg
ㄏㄨㄚˋ-ㄕˊ-ㄅㄧㄥˋ	化石病	-7.04116568	acg
ㄏㄨㄚˋ-ㄕˊ-ㄧˋ-ㄌㄨㄥˊ	化石翼龍	-6.60980192	acg
ㄅㄟˇ-ㄐㄧㄚ-ㄌㄨˇ-ㄊㄜˋ	北佳魯特	-6.60980192	acg
ㄅㄟˇ-ㄐㄧㄥˋ-ㄓ-ㄋㄨˋ	北境之怒	-6.60980192	acg
ㄅㄟˇ-ㄐㄧㄥˋ-ㄓ-ㄨㄤˊ	北境之王	-6.60980192	acg
ㄅㄟˇ-ㄉㄠˇ-ㄗˇ	北島梓	-7.04116568	acg
ㄅㄟˇ-ㄔㄨㄢ-ㄐㄧㄢˋ-ㄊㄞˋ	北川健太	-6.60980192	acg
ㄅㄟˇ-ㄔㄨㄢ-ㄓㄣ-ㄒㄩㄣˊ	北川真尋	-6.60980192	acg
ㄅㄟˇ-ㄉㄡˇ-ㄓ-ㄑㄩㄢˊ	北斗之拳	-6.60980192	acg
ㄅㄟˇ-ㄈㄤ-ㄐㄧ-ㄉㄧˋ	北方基地	-6.60980192	acg
ㄅㄟˇ-ㄈㄤ-ㄉㄨㄥˋ-ㄎㄨ	北方洞窟	-6.60980192	acg
ㄅㄟˇ-ㄈㄤ-ㄌㄢˊ	北方藍	-7.04116568	acg
ㄅㄟˇ-ㄘㄨㄣ-ㄩㄢˊ-ㄎㄤ	北村元康	-6.60980192	acg
ㄅㄟˇ-ㄊㄧㄠˊ-ㄙ	北条司	-7.04116568	acg
ㄅㄟˇ-ㄌㄧㄣˊ-ㄕㄨˊ-ㄗˇ	北林淑子	-6.60980192	acg
ㄅㄟˇ-ㄊㄧㄠˊ-ㄐㄧㄚ-ㄌㄧㄢˊ	北條加蓮	-6.60980192	acg
ㄅㄟˇ-ㄊㄧㄠˊ-ㄏㄨㄥˊ-ㄇㄧㄥˊ	北條弘明	-6.60980192	acg
ㄅㄟˇ-ㄊㄧㄠˊ-ㄘㄢˋ	北條燦	-7.04116568	acg
ㄅㄟˇ-ㄊㄧㄠˊ-ㄑㄧㄡ-ㄕˊ	北條秋時	-6.60980192	acg
ㄅㄟˇ-ㄊㄧㄠˊ-ㄌㄧˇ-ㄇㄟˇ	北條里美	-6.60980192	acg
ㄅㄟˇ-ㄏㄞˇ-ㄒㄧㄠˇ-ㄧㄥ-ㄒㄩㄥˊ	北海小英雄	-6.17843815	acg
ㄅㄟˇ-ㄗㄜˊ-ㄒㄧㄢˊ	北澤賢	-7.04116568	acg
ㄅㄟˇ-ㄨ-ㄓㄨㄛˊ	北烏卓	-7.04116568	acg
ㄅㄟˇ-ㄅㄞˊ-ㄔㄨㄢ-ㄩˋ-ㄗˇ	北白川玉子	-6.17843815	acg
ㄅㄟˇ-ㄅㄞˊ-ㄔㄨㄢ-ㄈㄨˊ	北白川福	-6.60980192	acg
ㄅㄟˇ-ㄅㄞˊ-ㄔㄨㄢ-ㄉㄡˋ-ㄉㄚˋ	北白川豆大	-6.17843815	acg
ㄅㄟˇ-ㄅㄞˊ-ㄔㄨㄢ-ㄔㄨˊ-ㄗˇ	北白川雛子	-6.17843815	acg
ㄅㄟˇ-ㄅㄞˊ-ㄔㄨㄢ-ㄒㄧㄢˋ-ㄗˇ	北白川餡子	-6.17843815	acg
ㄅㄟˇ-ㄌㄧㄝˋ-ㄐㄧㄥˋ	北裂境	-7.04116568	acg
ㄅㄟˇ-ㄌㄧㄝˋ-ㄐㄧㄥˋ-ㄉㄜ˙-ㄏㄞˇ-ㄢˋ	北裂境的海岸	-5.74707439	acg
ㄅㄟˇ-ㄒㄧㄤ	北鄉	-7.17149945	acg
ㄅㄟˇ-ㄧㄝˇ-ㄙㄢ-ㄌㄤˊ	北野三郎	-6.60980192	acg
ㄅㄟˇ-ㄈㄥ-ㄉㄨㄥˋ-ㄩㄢˊ	北風凍原	-6.60980192	acg
ㄅㄟˇ-ㄈㄥ-ㄇㄧㄥˊ-ㄖˋ-ㄒㄧㄤ	北風明日香	-6.17843815	acg
ㄆㄧ-ㄙ	匹斯	-7.17149945	acg
ㄆㄧ-ㄙ-ㄎㄜˋ-ㄌㄚ-ㄈㄨˊ-ㄊㄜˋ	匹斯克拉福特	-5.74707439	acg
ㄆㄧ-ㄋㄨㄛˋ-ㄘㄠˊ-ㄕㄡˋ	匹諾曹獸	-6.60980192	acg
ㄕˊ-ㄗˋ-ㄍㄨㄤ-ㄉㄨㄣˋ-ㄐㄧㄢˋ	十字光盾劍	-6.17843815	acg
ㄕˊ-ㄗˋ-ㄕㄡˋ	十字獸	-7.04116568	acg
ㄕˊ-ㄗˋ-ㄕㄣˊ-ㄇㄧㄥˊ	十字神名	-6.60980192	acg
ㄕˊ-ㄗˋ-ㄐㄩㄣ-ㄉㄜ˙-ㄏㄨ-ㄏㄨㄢˋ	十字軍的呼喚	-5.74707439	acg
ㄕˊ-ㄗˋ-ㄌㄨㄣˊ-ㄏㄨㄟˊ	十字輪迴	-6.60980192	acg
ㄕˊ-ㄋㄧㄢˊ-ㄏㄡˋ-ㄏㄨㄛˇ-ㄐㄧㄢˋ-ㄊㄨㄥˇ	十年後火箭筒	-5.74707439	acg
ㄕˊ-ㄕㄨˋ-ㄕㄡˋ	十數獸	-7.04116568	acg
ㄕˊ-ㄒㄧㄥ-ㄏㄨㄤˊ-ㄔㄨㄥˊ	十星蝗蟲	-6.60980192	acg
ㄕˊ-ㄕˊ-ㄞˋ-ㄌㄧˊ	十時愛梨	-6.60980192	acg
ㄕˊ-ㄕㄨˋ-ㄉㄨㄛ-ㄉㄨㄛ-ㄌㄧㄤˊ	十束多多良	-6.17843815	acg
ㄕˊ-ㄏㄨㄢˊ-ㄅㄤ	十環幫	-7.04116568	acg
ㄕˊ-ㄓㄨㄥˇ-ㄧㄥˇ-ㄈㄚˇ-ㄕㄨˋ-ㄗㄨㄟˋ-ㄓㄨˋ-ㄇㄧㄥˊ-ㄕˋ-ㄕㄣˊ	十種影法術最著名式神	-5.74707439	acg
ㄕˊ-ㄨㄢˋ-ㄈㄨˊ-ㄊㄜˋ	十萬伏特	-6.60980192	acg
ㄕˊ-ㄌㄧˇ-ㄏㄨㄛˇ-ㄔㄜ	十里火車	-6.60980192	acg
ㄑㄧㄢ-ㄍㄨˇ-ㄏㄥˊ-ㄐㄧㄡˇ	千古恆久	-6.60980192	acg
ㄑㄧㄢ-ㄊㄨㄛˋ-ㄇㄚˇ-ㄍㄨㄥ	千唾馬宮	-6.60980192	acg
ㄑㄧㄢ-ㄋㄞˋ	千奈	-7.17149945	acg
ㄑㄧㄢ-ㄔㄨㄢ-ㄑㄧㄢ-ㄒㄩㄣˊ	千川千尋	-6.60980192	acg
ㄑㄧㄢ-ㄋㄧㄢˊ-ㄋㄩˇ-ㄧㄡ	千年女優	-6.60980192	acg
ㄑㄧㄢ-ㄋㄧㄢˊ-ㄉㄠˇ	千年島	-7.04116568	acg
ㄑㄧㄢ-ㄋㄧㄢˊ-ㄎㄜ-ㄒㄩㄝˊ	千年科學	-6.60980192	acg
ㄑㄧㄢ-ㄅㄣˇ-ㄧㄥ	千本櫻	-7.04116568	acg
ㄑㄧㄢ-ㄙㄨㄟˋ-ㄧㄤˊ	千歲洋	-7.04116568	acg
ㄑㄧㄢ-ㄙㄨㄟˋ-ㄧㄡˊ-ㄓㄣ	千歲由真	-6.60980192	acg
ㄑㄧㄢ-ㄊㄧㄢˊ-ㄊㄞˋ-ㄌㄤˊ	千田太郎	-6.60980192	acg
ㄑㄧㄢ-ㄊㄧㄢˊ-ㄞˋ-ㄕㄚ-ㄗˇ	千田愛紗子	-6.17843815	acg
ㄑㄧㄢ-ㄓㄣ-ㄒㄧ	千真希	-7.04116568	acg
ㄑㄧㄢ-ㄕˊ-ㄈㄨˇ-ㄗˇ	千石撫子	-6.60980192	acg
ㄑㄧㄢ-ㄑㄧㄡ-ㄌㄧˇ-ㄗˇ	千秋理子	-6.60980192	acg
ㄑㄧㄢ-ㄘㄠˇ-ㄌㄚ-ㄌㄚ	千草拉拉	-6.60980192	acg
ㄑㄧㄢ-ㄘㄠˇ-ㄒㄧㄤ-ㄓ	千草香織	-6.60980192	acg
ㄑㄧㄢ-ㄧㄝˋ-ㄕㄚ-ㄑㄧㄢ-ㄈㄢˊ	千葉沙千帆	-6.17843815	acg
ㄑㄧㄢ-ㄏㄜˋ-ㄌㄧㄥˊ	千賀鈴	-7.04116568	acg
ㄑㄧㄢ-ㄐㄧㄢ-ㄐㄧㄤˋ-ㄉㄞˋ	千間降代	-6.60980192	acg
ㄑㄧㄢ-ㄧㄤˊ-ㄐㄩㄣ	千陽君	-7.04116568	acg
ㄑㄧㄢ-ㄧㄤˊ-ㄏㄠˋ	千陽號	-7.04116568	acg
ㄑㄧㄢ-ㄇㄧㄢˋ-ㄎㄜˋ	千面客	-7.04116568	acg
ㄑㄧㄢ-ㄉㄨㄛˋ-ㄍㄨˇ-ㄐㄧㄢˋ	千駄谷劍	-6.60980192	acg
ㄑㄧㄢ-ㄑㄧˊ	千騎	-7.17149945	acg
ㄑㄧㄢ-ㄋㄧㄠˇ-ㄙㄢ-ㄑㄧㄢ-ㄌㄧㄡˊ	千鳥三千留	-6.17843815	acg
ㄕㄥ-ㄐㄧㄤˋ-ㄙㄞˋ	升降賽	-7.04116568	acg
ㄨˇ-ㄧㄝˋ-ㄕˊ-ㄈㄣ	午夜時分	-6.60980192	acg
ㄨˇ-ㄘㄢ-ㄐㄧㄢ-ㄈㄥ-ㄕˊ-ㄉㄨㄢˋ	午餐尖峰時段	-5.74707439	acg
ㄅㄢˋ-ㄗㄨㄛˇ	半佐	-7.17149945	acg
ㄅㄢˋ-ㄧㄠ-ㄉㄜ˙-ㄧㄝˋ-ㄔㄚ-ㄐㄧ	半妖的夜叉姬	-5.74707439	acg
ㄅㄢˋ-ㄕㄡˋ-ㄖㄣˊ-ㄧㄥˊ-ㄓㄤˋ	半獸人營帳	-6.17843815	acg
ㄅㄢˋ-ㄊㄧㄢˊ-ㄕㄨㄣˋ-ㄘˋ	半田順次	-6.60980192	acg
ㄅㄢˋ-ㄓㄨㄢ	半磚	-7.17149945	acg
ㄅㄢˋ-ㄘㄤˊ	半藏	-7.17149945	acg
ㄅㄢˋ-ㄊㄥˊ-ㄉㄚˊ-ㄧㄝˇ	半藤達也	-6.60980192	acg
ㄅㄢˋ-ㄌㄨˋ-ㄖㄣˋ-ㄑㄧㄣ	半路認親	-6.60980192	acg
ㄅㄢˋ-ㄕㄣ-ㄙˇ-ㄌㄧㄥˊ	半身死靈	-6.60980192	acg
ㄅㄟ-ㄌㄧㄝˋ-ㄕㄡˋ	卑劣獸	-7.04116568	acg
ㄓㄨㄛˊ-ㄌㄧˋ	卓利	-7.17149945	acg
ㄓㄨㄛˊ-ㄌㄧˋ	卓力	-7.17149945	acg
ㄓㄨㄛˊ-ㄧㄚˋ	卓婭	-7.17149945	acg
ㄓㄨㄛˊ-ㄇㄢˋ	卓曼	-7.17149945	acg
ㄓㄨㄛˊ-ㄍㄜˊ	卓格	-7.17149945	acg
ㄓㄨㄛˊ-ㄩㄝˋ-ㄉㄜ˙-ㄒㄧㄣ-ㄋㄧㄤˊ-ㄆㄥˇ-ㄏㄨㄚ	卓越的新娘捧花	-5.74707439	acg
ㄋㄢˊ-ㄗㄨㄛˇ	南佐	-7.17149945	acg
ㄋㄢˊ-ㄐㄧㄢˋ-ㄘˋ-ㄌㄤˊ	南健次郎	-6.60980192	acg
ㄋㄢˊ-ㄍㄨㄛˊ-ㄕㄠˋ-ㄋㄧㄢˊ-ㄑㄧˊ-ㄒㄧㄠˇ-ㄒㄧㄝˊ	南國少年奇小邪	-5.74707439	acg
ㄋㄢˊ-ㄐㄧ	南姬	-7.17149945	acg
ㄋㄢˊ-ㄐㄧㄚ-ㄙㄢ-ㄗˇ-ㄇㄟˋ	南家三姊妹	-6.17843815	acg
ㄋㄢˊ-ㄈㄤ-ㄓ-ㄍㄜ	南方之歌	-6.60980192	acg
ㄋㄢˊ-ㄈㄤ-ㄍㄨㄥ-ㄩㄢˊ-ㄍㄨㄛˊ-ㄇㄧㄣˊ-ㄒㄧㄠˇ-ㄒㄩㄝˊ	南方公園國民小學	-5.74707439	acg
ㄋㄢˊ-ㄈㄤ-ㄐㄧ-ㄉㄧˋ	南方基地	-6.60980192	acg
ㄋㄢˊ-ㄈㄤ-ㄒㄧㄠˇ-ㄉㄠˇ	南方小島	-6.60980192	acg
ㄋㄢˊ-ㄈㄤ-ㄌㄢˊ	南方藍	-7.04116568	acg
ㄋㄢˊ-ㄈㄤ-ㄏㄨㄟˊ-ㄌㄤˊ	南方迴廊	-6.60980192	acg
ㄋㄢˊ-ㄊㄧㄠˊ-ㄍㄨㄤ	南條光	-7.04116568	acg
ㄋㄢˊ-ㄐㄧˊ-ㄅㄧㄥ-ㄊㄧㄢ-ㄒㄩㄝˇ-ㄉㄧˋ-ㄉㄚˋ-ㄇㄠˋ-ㄒㄧㄢˇ	南極冰天雪地大冒險	-5.74707439	acg
ㄋㄢˊ-ㄐㄧㄣ-ㄌㄧㄤˊ-ㄗˇ	南津涼子	-6.60980192	acg
ㄋㄢˊ-ㄍㄨㄚ-ㄍㄥˇ	南瓜梗	-7.04116568	acg
ㄋㄢˊ-ㄍㄨㄚ-ㄓㄚˋ-ㄉㄢˋ	南瓜炸彈	-6.60980192	acg
ㄋㄢˊ-ㄏㄨㄟˋ-ㄌㄧˇ	南繪里	-7.04116568	acg
ㄋㄢˊ-ㄘㄨㄟˋ-ㄧㄡˊ-ㄨˋ	南翠遊悟	-6.60980192	acg
ㄋㄢˊ-ㄑㄧㄢˋ	南茜	-7.17149945	acg
ㄅㄛˊ-ㄧㄚˇ-ㄐㄧ	博亞基	-7.04116568	acg
ㄅㄛˊ-ㄧ-ㄊㄜˋ	博伊特	-7.04116568	acg
ㄅㄛˊ-ㄒㄩㄝˊ-ㄓㄜˇ-ㄉㄧㄢˋ-ㄊㄤˊ	博學者殿堂	-6.17843815	acg
ㄅㄛˊ-ㄆㄞˋ	博派	-7.17149945	acg
ㄅㄛˊ-ㄨˋ-ㄍㄨㄢˇ-ㄍㄨㄢˇ-ㄓㄤˇ	博物館館長	-6.17843815	acg
ㄅㄨˇ-ㄏㄚ-ㄌㄚˊ	卜哈剌	-7.04116568	acg
ㄓㄢ-ㄅㄨˇ-ㄓㄜˇ	占卜者	-7.04116568	acg
ㄎㄚˇ-ㄉㄧㄥ-ㄔㄜ-ㄕˋ-ㄐㄧㄝˋ-ㄅㄟ-ㄍㄨㄢˋ-ㄐㄩㄣ-ㄙㄞˋ	卡丁車世界盃冠軍賽	-5.74707439	acg
ㄎㄚˇ-ㄉㄢ-ㄙ-ㄍㄨㄥ-ㄓㄨˇ	卡丹絲公主	-6.17843815	acg
ㄎㄚˇ-ㄆㄟˋ-ㄦˇ-ㄐㄧˊ-ㄡ	卡佩爾吉歐	-6.17843815	acg
ㄎㄚˇ-ㄆㄟˋ-ㄦˇ-ㄎㄨˋ	卡佩爾庫	-6.60980192	acg
ㄎㄚˇ-ㄐㄧㄚ-ㄌㄧˇ	卡佳里	-7.04116568	acg
ㄎㄚˇ-ㄒㄧㄡ-ㄙ	卡修斯	-7.04116568	acg
ㄎㄚˇ-ㄎㄜˋ-ㄌㄧˋ-ㄎㄣˇ	卡克利肯	-6.60980192	acg
ㄎㄚˇ-ㄌㄧˋ-ㄊㄚˇ	卡利塔	-7.04116568	acg
ㄎㄚˇ-ㄌㄧˋ-ㄇㄞˋ-ㄌㄨㄛˊ	卡利麥羅	-6.60980192	acg
ㄎㄚˇ-ㄌㄧˋ-ㄙ	卡力斯	-7.04116568	acg
ㄎㄚˇ-ㄒㄧㄚˊ	卡匣	-7.17149945	acg
ㄎㄚˇ-ㄎㄚˇ-ㄌㄨㄛˋ-ㄊㄜˋ	卡卡洛特	-6.60980192	acg
ㄎㄚˇ-ㄎㄚˇ-ㄒㄧ	卡卡西	-7.04116568	acg
ㄎㄚˇ-ㄍㄨˇ-ㄐㄧㄚ-ㄩˇ-ㄐㄧˊ-ㄒㄧㄡ	卡古加與吉修	-5.74707439	acg
ㄎㄚˇ-ㄇㄧ-ㄍㄨㄟ	卡咪龜	-7.04116568	acg
ㄎㄚˇ-ㄍㄚ-ㄑㄧˊ	卡嘎其	-7.04116568	acg
ㄎㄚˇ-ㄐㄧ-ㄙ-ㄊㄢˇ	卡基斯坦	-6.60980192	acg
ㄎㄚˇ-ㄊㄚˇ-ㄎㄜˋ-ㄌㄧˋ	卡塔克利	-6.60980192	acg
ㄎㄚˇ-ㄊㄚˇ-ㄋㄚˋ	卡塔娜	-7.04116568	acg
ㄎㄚˇ-ㄊㄚˇ-ㄌㄨㄛˊ-ㄋㄧˊ-ㄧㄚˇ	卡塔羅尼亞	-6.17843815	acg
ㄎㄚˇ-ㄕˋ-ㄉㄚˊ-ㄏㄨㄢˋ-ㄒㄧㄤˋ	卡士達幻象	-6.17843815	acg
ㄎㄚˇ-ㄉㄨㄛ	卡多	-7.17149945	acg
ㄎㄚˇ-ㄇㄥˋ-ㄇㄥˋ	卡夢夢	-7.04116568	acg
ㄎㄚˇ-ㄇㄨˇ-ㄌㄧˋ	卡姆莉	-7.04116568	acg
ㄎㄚˇ-ㄋㄚˋ-ㄌㄧˋ	卡娜莉	-7.04116568	acg
ㄎㄚˇ-ㄇㄧˋ-ㄑㄧˋ	卡密契	-7.04116568	acg
ㄎㄚˇ-ㄋㄧˊ-ㄌㄨㄛˋ	卡尼洛	-7.04116568	acg
ㄎㄚˇ-ㄋㄧˊ-ㄦˇ	卡尼爾	-7.04116568	acg
ㄎㄚˇ-ㄅㄚ-ㄉㄨㄥ	卡巴咚	-7.04116568	acg
ㄎㄚˇ-ㄅㄚ-ㄉㄨㄥ-ㄉㄨㄥ	卡巴咚咚	-6.60980192	acg
ㄎㄚˇ-ㄒㄧ	卡希	-7.17149945	acg
ㄎㄚˇ-ㄉㄜˊ-ㄦˇ	卡德爾	-7.04116568	acg
ㄎㄚˇ-ㄉㄜˊ-ㄌㄧˊ-ㄋㄚˋ	卡德麗娜	-6.60980192	acg
ㄎㄚˇ-ㄌㄚ-ㄏㄠˊ	卡拉豪	-7.04116568	acg
ㄎㄚˇ-ㄊㄧˊ-ㄐㄧˊ-ㄋㄚˋ	卡提吉娜	-6.60980192	acg
ㄎㄚˇ-ㄨㄣˊ-ㄉㄧˊ-ㄒㄩˇ	卡文迪許	-6.60980192	acg
ㄎㄚˇ-ㄙ-ㄈㄨˊ-ㄊㄜˋ	卡斯弗特	-6.60980192	acg
ㄎㄚˇ-ㄙ-ㄊㄜˋ-ㄌㄚ	卡斯特拉	-6.60980192	acg
ㄎㄚˇ-ㄆㄨˇ-ㄌㄧˋ-ㄧㄝˊ	卡普利耶	-6.60980192	acg
ㄎㄚˇ-ㄆㄨˇ-ㄅㄟˇ-ㄐㄧˊ-ㄒㄩㄥˊ	卡普北極熊	-6.17843815	acg
ㄎㄚˇ-ㄇㄢˋ-ㄑㄧˋ-ㄉㄜ˙-ㄏㄟ-ㄏㄜˊ-ㄗ˙	卡曼契的黑盒子	-5.74707439	acg
ㄎㄚˇ-ㄇㄢˋ-ㄑㄧˋ-ㄓˊ-ㄕㄥ-ㄐㄧ	卡曼契直升機	-5.74707439	acg
ㄎㄚˇ-ㄌㄧㄣˊ	卡林	-7.17149945	acg
ㄎㄚˇ-ㄅㄛˊ	卡柏	-7.17149945	acg
ㄎㄚˇ-ㄙㄤ-ㄉㄧˋ	卡桑帝	-7.04116568	acg
ㄎㄚˇ-ㄡ	卡歐	-7.17149945	acg
ㄎㄚˇ-ㄡ-ㄙ	卡歐斯	-7.04116568	acg
ㄎㄚˇ-ㄡ-ㄎㄜ-ㄙ-ㄐㄧ	卡歐科斯基	-6.17843815	acg
ㄎㄚˇ-ㄅㄧˇ-ㄒㄧㄚˊ-ㄍㄨˇ	卡比峽谷	-6.60980192	acg
ㄎㄚˇ-ㄕㄚ-ㄌㄟˊ-ㄌㄧˋ-ㄧㄚˇ	卡沙雷利亞	-6.17843815	acg
ㄎㄚˇ-ㄌㄨㄛˋ-ㄦˇ	卡洛爾	-7.04116568	acg
ㄎㄚˇ-ㄋㄧㄝˋ	卡涅	-7.17149945	acg
ㄎㄚˇ-ㄏㄢˋ	卡漢	-7.17149945	acg
ㄎㄚˇ-ㄨ	卡烏	-7.17149945	acg
ㄎㄚˇ-ㄨ-ㄙㄚˋ-ㄌㄧˇ-ㄧㄚˇ	卡烏薩里亞	-6.17843815	acg
ㄎㄚˇ-ㄦˇ-ㄅㄚ-ㄉㄧˊ	卡爾巴迪	-6.60980192	acg
ㄎㄚˇ-ㄦˇ-ㄆㄚˋ-ㄑㄧㄠˊ	卡爾帕喬	-6.60980192	acg
ㄎㄚˇ-ㄦˇ-ㄧㄡˇ-ㄩㄝ	卡爾有約	-6.60980192	acg
ㄎㄚˇ-ㄦˇ-ㄉㄨㄛˇ	卡爾朵	-7.04116568	acg
ㄎㄚˇ-ㄦˇ-ㄆㄛ	卡爾波	-7.04116568	acg
ㄎㄚˇ-ㄦˇ-ㄇㄨˋ-ㄕ	卡爾牧師	-6.60980192	acg
ㄎㄚˇ-ㄦˇ-ㄙㄜˋ-ㄙ	卡爾瑟斯	-6.60980192	acg
ㄎㄚˇ-ㄦˇ-ㄨㄚˇ-ㄉㄜˊ-ㄍㄨㄥˋ-ㄏㄜˊ-ㄍㄨㄛˊ	卡爾瓦德共和國	-5.74707439	acg
ㄎㄚˇ-ㄦˇ-ㄍㄜˇ-ㄌㄚ	卡爾葛拉	-6.60980192	acg
ㄎㄚˇ-ㄆㄞˊ-ㄧㄡˊ-ㄒㄧˋ	卡牌遊戲	-6.60980192	acg
ㄎㄚˇ-ㄊㄜˋ-ㄍㄢˋ-ㄩㄢˊ	卡特幹員	-6.60980192	acg
ㄎㄚˇ-ㄊㄜˋ-ㄌㄚ-ㄙ	卡特拉斯	-6.60980192	acg
ㄎㄚˇ-ㄊㄜˋ-ㄊㄢˋ-ㄩㄢˊ	卡特探員	-6.60980192	acg
ㄎㄚˇ-ㄊㄜˋ-ㄌㄧˋ-ㄋㄚˋ	卡特莉娜	-6.60980192	acg
ㄎㄚˇ-ㄊㄜˋ-ㄌㄧㄢˊ-ㄋㄚˋ	卡特蓮娜	-6.60980192	acg
ㄎㄚˇ-ㄌㄧㄥˊ	卡玲	-7.17149945	acg
ㄎㄚˇ-ㄖㄨㄟˋ	卡瑞	-7.17149945	acg
ㄎㄚˇ-ㄙㄜˋ	卡瑟	-7.17149945	acg
ㄎㄚˇ-ㄇㄚˇ	卡瑪	-7.17149945	acg
ㄎㄚˇ-ㄇㄚˇ-ㄌㄚ-ㄕㄡˋ	卡瑪拉獸	-6.60980192	acg
ㄎㄚˇ-ㄇㄚˇ-ㄊㄞˋ-ㄐㄧ	卡瑪泰姬	-6.60980192	acg
ㄎㄚˇ-ㄇㄧˇ-ㄡ	卡米歐	-7.04116568	acg
ㄎㄚˇ-ㄇㄧˇ-ㄌㄨㄛˋ	卡米洛	-7.04116568	acg
ㄎㄚˇ-ㄇㄧˇ-ㄦˇ	卡米爾	-7.04116568	acg
ㄎㄚˇ-ㄇㄧˇ-ㄋㄚˋ	卡米那	-7.04116568	acg
ㄎㄚˇ-ㄙ-ㄋㄧˊ-ㄧㄚˇ	卡絲妮亞	-6.60980192	acg
ㄎㄚˇ-ㄌㄨㄛˊ-ㄙㄨㄛˇ	卡羅索	-7.04116568	acg
ㄎㄚˇ-ㄧㄝˊ-ㄦˇ	卡耶爾	-7.04116568	acg
ㄎㄚˇ-ㄈㄨˊ-ㄊㄜˋ	卡芙特	-7.04116568	acg
ㄎㄚˇ-ㄈㄣ	卡芬	-7.17149945	acg
ㄎㄚˇ-ㄗ	卡茲	-7.17149945	acg
ㄎㄚˇ-ㄌㄧˋ-ㄋㄨˇ	卡莉努	-7.04116568	acg
ㄎㄚˇ-ㄌㄧˋ-ㄈㄚˇ	卡莉法	-7.04116568	acg
ㄎㄚˇ-ㄕㄚ	卡莎	-7.17149945	acg
ㄎㄚˇ-ㄕㄚ-ㄅㄧˋ-ㄧㄚˇ	卡莎碧雅	-6.60980192	acg
ㄎㄚˇ-ㄇㄛˋ-ㄌㄢˊ	卡莫蘭	-7.04116568	acg
ㄎㄚˇ-ㄌㄞˊ-ㄦˇ	卡萊爾	-7.04116568	acg
ㄎㄚˇ-ㄉㄧˋ	卡蒂	-7.17149945	acg
ㄎㄚˇ-ㄉㄧˋ-ㄍㄡˇ	卡蒂狗	-7.04116568	acg
ㄎㄚˇ-ㄇㄥˊ	卡蒙	-7.17149945	acg
ㄎㄚˇ-ㄙㄚˋ	卡薩	-7.17149945	acg
ㄎㄚˇ-ㄙㄚˋ-ㄅㄚ	卡薩巴	-7.04116568	acg
ㄎㄚˇ-ㄌㄢˊ-ㄊㄜˋ	卡蘭特	-7.04116568	acg
ㄎㄚˇ-ㄇㄧˋ-ㄦˊ	卡蜜兒	-7.04116568	acg
ㄎㄚˇ-ㄒㄧ-ㄈㄚˇ	卡西法	-7.04116568	acg
ㄎㄚˇ-ㄒㄧ-ㄉㄚˊ	卡西達	-7.04116568	acg
ㄎㄚˇ-ㄒㄧ-ㄌㄨˇ	卡西魯	-7.04116568	acg
ㄎㄚˇ-ㄋㄨㄛˋ-ㄨㄟˊ-ㄙ-ㄕㄡˋ	卡諾維斯獸	-6.17843815	acg
ㄎㄚˇ-ㄅㄟˋ	卡貝	-7.17149945	acg
ㄎㄚˇ-ㄅㄟˋ-ㄊㄚˇ-ㄌㄧˋ-ㄧㄚˇ	卡貝塔利亞	-6.17843815	acg
ㄎㄚˇ-ㄅㄟˋ-ㄌㄚ	卡貝拉	-7.04116568	acg
ㄎㄚˇ-ㄌㄨˋ-ㄌㄧˋ	卡路利	-7.04116568	acg
ㄎㄚˇ-ㄅㄥˋ-ㄍㄨㄥ-ㄐㄩㄝˊ	卡蹦公爵	-6.60980192	acg
ㄎㄚˇ-ㄐㄧㄚ-ㄇㄞˋ-ㄎㄨㄤˋ-ㄕˊ	卡迦邁礦石	-6.17843815	acg
ㄎㄚˇ-ㄉㄧˊ-ㄧㄚˇ-ㄙ	卡迪亞斯	-6.60980192	acg
ㄎㄚˇ-ㄉㄧˊ-ㄋㄚˋ-ㄦˇ	卡迪娜爾	-6.60980192	acg
ㄎㄚˇ-ㄉㄚˊ-ㄦˇ-ㄙ-ㄌㄧㄥˋ	卡達爾司令	-6.17843815	acg
ㄎㄚˇ-ㄉㄚˊ-ㄦˇ-ㄋㄩˇ-ㄕˋ	卡達爾女士	-6.17843815	acg
ㄎㄚˇ-ㄉㄚˊ-ㄌㄧˋ-ㄋㄚˋ	卡達莉納	-6.60980192	acg
ㄎㄚˇ-ㄌㄧˇ-ㄊㄨㄛ	卡里托	-7.04116568	acg
ㄎㄚˇ-ㄐㄧㄣ	卡金	-7.17149945	acg
ㄎㄚˇ-ㄌㄟˊ-ㄌㄚ	卡雷拉	-7.04116568	acg
ㄎㄚˇ-ㄌㄟˊ-ㄌㄚ-ㄍㄨㄥ-ㄙ	卡雷拉公司	-6.17843815	acg
ㄎㄚˇ-ㄌㄨˋ-ㄋㄞˇ	卡露乃	-7.04116568	acg
ㄎㄚˇ-ㄇㄚˇ-ㄆㄚˋ-ㄎㄚˇ	卡馬帕卡	-6.60980192	acg
ㄎㄚˇ-ㄇㄚˇ-ㄦˇ	卡馬爾	-7.04116568	acg
ㄎㄚˇ-ㄌㄨˇ-ㄎㄚˇ-ㄕㄚ	卡魯卡沙	-6.60980192	acg
ㄎㄚˇ-ㄌㄨˇ-ㄧㄝˊ-ㄎㄜˋ	卡魯耶克	-6.60980192	acg
ㄎㄚˇ-ㄇㄞˋ-ㄧㄚˇ-ㄍㄨㄢˇ-ㄐㄧㄚ	卡麥亞管家	-6.17843815	acg
ㄎㄚˇ-ㄇㄞˋ-ㄎㄜˇ-ㄈㄨ-ㄖㄣˊ	卡麥可夫人	-6.17843815	acg
ㄎㄚˇ-ㄇㄞˋ-ㄎㄜˇ-ㄌㄩˋ-ㄕ	卡麥可律師	-6.17843815	acg
ㄧㄣˋ-ㄉㄧˋ-ㄢ-ㄐㄧㄚˇ-ㄇㄧㄢˋ	印地安假面	-6.17843815	acg
ㄧㄣˋ-ㄉㄧˋ-ㄢ-ㄆㄨ-ㄎㄜˋ	印地安撲克	-6.17843815	acg
ㄧㄣˋ-ㄙ-ㄇㄠˊ-ㄙ	印斯茅斯	-6.60980192	acg
ㄧㄣˋ-ㄓㄠˋ-ㄘㄞˊ-ㄗˇ	印照才子	-6.60980192	acg
ㄧㄣˋ-ㄉㄧˋ-ㄢ-ㄕㄢ-ㄕˊ-ㄧㄢˋ-ㄊㄠˊ-ㄈㄢˋ	印第安山實驗逃犯	-5.74707439	acg
ㄧㄣˋ-ㄉㄧˋ-ㄙ-ㄙㄢ-ㄕˋ	印第斯三世	-6.17843815	acg
ㄨㄟˊ-ㄒㄧㄢˇ-ㄅㄢ-ㄐㄧ	危險扳機	-6.60980192	acg
ㄐㄧˊ-ㄎㄜˋ-ㄐㄧㄡˋ-ㄩㄢˊ	即刻救援	-6.60980192	acg
ㄐㄧˊ-ㄎㄜˋ-ㄐㄧㄡˋ-ㄩㄢˊ-ㄇㄛˊ-ㄕˋ	即刻救援模式	-5.74707439	acg
ㄐㄧˊ-ㄕˊ-ㄒㄩㄢˋ-ㄖㄢˇ	即時渲染	-6.60980192	acg
ㄐㄩㄢˇ-ㄨㄟˇ-ㄒㄧㄚˊ	卷尾俠	-7.04116568	acg
ㄜˋ-ㄜˊ-ㄙ-ㄕㄡˋ	厄俄斯獸	-6.60980192	acg
ㄜˋ-ㄉㄜˊ	厄德	-7.17149945	acg
ㄜˋ-ㄊㄜˋ-ㄐㄧㄚ-ㄦˇ	厄特加爾	-6.60980192	acg
ㄜˋ-ㄐㄧˋ-ㄓㄢˋ-ㄓㄥ	厄祭戰爭	-6.60980192	acg
ㄜˋ-ㄋㄚˋ-ㄉㄨㄛ	厄納多	-7.04116568	acg
ㄜˋ-ㄙㄚˋ-ㄙ	厄薩斯	-7.04116568	acg
ㄜˋ-ㄩㄣˋ-ㄕˋ	厄運式	-7.04116568	acg
ㄩㄢˊ-ㄐㄧㄚ-ㄇㄧㄥˊ	原佳明	-7.04116568	acg
ㄩㄢˊ-ㄔㄨㄤˋ-ㄨˋ-ㄩˇ	原創物語	-6.60980192	acg
ㄩㄢˊ-ㄎㄡˇ-ㄒㄧㄡˋ-ㄈㄨ	原口秀夫	-6.60980192	acg
ㄩㄢˊ-ㄒㄧㄥˊ-ㄅㄧㄥ-ㄑㄧˋ	原型兵器	-6.60980192	acg
ㄩㄢˊ-ㄒㄧㄥˊ-ㄐㄧ-ㄗ-ㄕㄡˋ	原型基茲獸	-6.17843815	acg
ㄩㄢˊ-ㄒㄧㄥˊ-ㄔㄜ	原型車	-7.04116568	acg
ㄩㄢˊ-ㄕˇ-ㄍㄨˋ-ㄌㄚ-ㄉㄨㄛ	原始固拉多	-6.17843815	acg
ㄩㄢˊ-ㄕˇ-ㄓㄢˋ-ㄕㄣˊ-ㄐㄧㄣˋ-ㄏㄨㄚˋ-ㄓㄜˇ	原始戰神進化者	-5.74707439	acg
ㄩㄢˊ-ㄕˇ-ㄍㄞˋ-ㄡ-ㄎㄚˇ	原始蓋歐卡	-6.17843815	acg
ㄩㄢˊ-ㄗˇ-ㄒㄧㄠˇ-ㄐㄧㄣ-ㄍㄤ	原子小金剛	-6.17843815	acg
ㄩㄢˊ-ㄕㄥ-ㄗㄨˊ-ㄑㄩㄣˊ-ㄌㄧㄥˇ-ㄒㄧㄡˋ	原生族群領袖	-5.74707439	acg
ㄩㄢˊ-ㄊㄧㄢˊ-ㄑㄧㄢ-ㄏㄨㄟˋ	原田千繪	-6.60980192	acg
ㄩㄢˊ-ㄊㄧㄢˊ-ㄇㄧㄠˋ-ㄗˇ	原田妙子	-6.60980192	acg
ㄩㄢˊ-ㄊㄧㄢˊ-ㄅㄠˇ-ㄕˊ-ㄨㄤˇ-ㄍㄡˋ	原田寶石網購	-5.74707439	acg
ㄩㄢˊ-ㄊㄧㄢˊ-ㄇㄟˇ-ㄕˋ	原田美世	-6.60980192	acg
ㄩㄢˊ-ㄋㄥˊ-ㄐㄩˇ-ㄓㄣˋ	原能矩陣	-6.60980192	acg
ㄩㄢˊ-ㄜˋ-ㄐㄧㄚˇ-ㄕㄡˋ	原顎甲獸	-6.60980192	acg
ㄌㄧˋ-ㄎㄞˇ-ㄉㄧˋ	厲凱蒂	-7.04116568	acg
ㄌㄧˋ-ㄅㄠˇ-ㄅㄛˊ	厲寶柏	-7.04116568	acg
ㄌㄧˋ-ㄘㄨㄟ-ㄎㄜˋ	厲崔克	-7.04116568	acg
ㄌㄧˋ-ㄇㄧˊ-ㄉㄨㄣˋ	厲彌頓	-7.04116568	acg
ㄘㄢ-ㄙㄨˋ-ㄙˋ-ㄑㄧㄝˊ-ㄇㄚˇ-ㄕㄡˋ	參宿四伽馬獸	-5.74707439	acg
ㄔㄚ-ㄑㄧˊ	叉奇	-7.17149945	acg
ㄐㄧˊ-ㄔㄨㄢ-ㄧㄡ-ㄐㄧˋ-ㄈㄨ	及川悠紀夫	-6.17843815	acg
ㄐㄧˊ-ㄔㄨㄢ-ㄋㄚˇ	及川雫	-7.04116568	acg
ㄧㄡˇ-ㄌㄧˋ-ㄧ-ㄒㄧ	友利一希	-6.60980192	acg
ㄧㄡˇ-ㄌㄧˋ-ㄧˋ-ㄒㄧ	友利一希	-7.10980192	acg
ㄧㄡˇ-ㄌㄧˋ-ㄋㄞˋ-ㄒㄩˋ	友利奈緒	-6.60980192	acg
ㄧㄡˇ-ㄑㄧㄥˊ-ㄐㄧㄡˋ-ㄕˋ-ㄇㄛˊ-ㄈㄚˇ	友情就是魔法	-5.74707439	acg
ㄧㄡˇ-ㄔㄥˊ-ㄒㄧㄣˋ-ㄕㄥˋ	友成信勝	-6.60980192	acg
ㄧㄡˇ-ㄔㄥˊ-ㄓㄣ	友成真	-7.04116568	acg
ㄧㄡˇ-ㄌㄧˊ	友梨	-7.17149945	acg
ㄧㄡˇ-ㄩㄥˇ-ㄓㄨ-ㄧㄣ	友永朱音	-6.60980192	acg
ㄧㄡˇ-ㄧˊ-ㄎㄨㄞˋ-ㄔㄜ-ㄕㄣˊ-ㄇㄧˋ-ㄕˋ-ㄐㄧㄢˋ	友誼快車神秘事件	-5.74707439	acg
ㄧㄡˇ-ㄧˊ-ㄕˋ-ㄇㄛˊ-ㄈㄚˇ	友誼是魔法	-6.17843815	acg
ㄧㄡˇ-ㄧˊ-ㄐㄧㄥˋ-ㄙㄞˋ	友誼競賽	-6.60980192	acg
ㄧㄡˇ-ㄩˊ	友魚	-7.17149945	acg
ㄈㄢˇ-ㄓㄨㄥ-ㄗˇ-ㄍㄢ-ㄖㄠˇ-ㄑㄧˋ	反中子干擾器	-5.74707439	acg
ㄈㄢˇ-ㄓˋ-ㄖㄨˋ-ㄎㄡˇ-ㄑㄧㄣ-ㄖㄨˋ-ㄉㄧㄢˋ-ㄗˇ-ㄒㄧˋ-ㄊㄨㄥˇ	反制入口侵入電子系統	-5.74707439	acg
ㄈㄢˇ-ㄒㄩㄝˊ-ㄩㄢˊ-ㄉㄨ-ㄕˋ-ㄎㄜ-ㄒㄩㄝˊ-ㄕㄡˇ-ㄨㄟˋ-ㄓㄜˇ	反學園都市科學守衛者	-5.74707439	acg
ㄈㄢˇ-ㄎㄨㄥˇ-ㄒㄧㄠˇ-ㄗㄨˇ	反恐小組	-6.60980192	acg
ㄈㄢˇ-ㄎㄤˋ-ㄗㄨˇ-ㄓ-ㄓˇ-ㄏㄨㄟ-ㄍㄨㄢ	反抗組織指揮官	-5.74707439	acg
ㄈㄢˇ-ㄏㄟ-ㄊㄨˊ-ㄐㄧˊ-ㄉㄨㄟˋ	反黑突擊隊	-6.17843815	acg
ㄕㄨˊ-ㄅㄧˇ-ㄍㄡˇ	叔比狗	-7.04116568	acg
ㄕㄡˋ-ㄏㄞˋ-ㄓㄜˇ-ㄐㄧㄡˋ-ㄔㄨ-ㄉㄨㄟˋ-ㄘㄜˋ-ㄅㄣˇ-ㄅㄨˋ	受害者救出對策本部	-5.74707439	acg
ㄕㄡˋ-ㄍㄢˇ-ㄖㄢˇ-ㄉㄜ˙-ㄌㄟˊ-ㄎㄜˋ-ㄙ	受感染的雷克斯	-5.74707439	acg
ㄕㄡˋ-ㄗㄨˇ-ㄓㄡˋ-ㄉㄜ˙-ㄉㄠˋ-ㄌㄨˋ	受詛咒的道路	-5.74707439	acg
ㄕㄡˋ-ㄗㄢˋ-ㄙㄨㄥˋ-ㄓㄜˇ	受讚頌者	-6.60980192	acg
ㄕㄡˋ-ㄧㄢˋ-ㄊㄧˇ	受驗體	-7.04116568	acg
ㄆㄢˋ-ㄊㄨˊ-ㄉㄜ˙-ㄈㄣˋ-ㄋㄨˋ	叛徒的忿怒	-6.17843815	acg
ㄆㄢˋ-ㄐㄧㄠˋ-ㄊㄨˊ-ㄋㄧˊ-ㄎㄜˇ-ㄌㄚ-ㄙ	叛教徒尼可拉斯	-5.74707439	acg
ㄆㄢˋ-ㄋㄧˋ-ㄕㄡˋ	叛逆獸	-7.04116568	acg
ㄆㄢˋ-ㄋㄧˋ-ㄉㄜ˙-ㄇㄧˋ-ㄕㄨˋ-ㄕ	叛逆的秘術師	-5.74707439	acg
ㄘㄨㄥˊ-ㄌㄧㄣˊ-ㄏㄨㄢˋ-ㄌㄟˊ	叢林幻雷	-6.60980192	acg
ㄘㄨㄥˊ-ㄌㄧㄣˊ-ㄆㄢ-ㄆㄚˊ-ㄍㄠ-ㄕㄡˇ	叢林攀爬高手	-5.74707439	acg
ㄘㄨㄥˊ-ㄌㄧㄣˊ-ㄐㄧㄝˊ-ㄗㄡˋ	叢林節奏	-6.60980192	acg
ㄘㄨㄥˊ-ㄌㄧㄣˊ-ㄧˊ-ㄐㄧ	叢林遺跡	-6.60980192	acg
ㄘㄨㄥˊ-ㄩˇ-ㄕㄡˋ	叢雨獸	-7.04116568	acg
ㄘㄨㄥˊ-ㄩㄣˊ-ㄏㄜˊ	叢雲劾	-7.04116568	acg
ㄎㄡˇ-ㄐㄧㄠˊ-ㄕㄡˋ	口嚼獸	-7.04116568	acg
ㄎㄡˇ-ㄉㄞˋ-ㄌㄧˇ-ㄉㄜ˙-ㄓㄢˋ-ㄓㄥ	口袋裡的戰爭	-5.74707439	acg
ㄎㄡˇ-ㄊㄡˊ-ㄔㄢˊ-ㄕˋ	口頭禪是	-6.60980192	acg
ㄍㄨˇ-ㄉㄞˋ-ㄑㄧˊ-ㄍㄨㄢ	古代奇觀	-6.60980192	acg
ㄍㄨˇ-ㄉㄞˋ-ㄕㄨˋ-ㄇㄚˇ-ㄅㄠˇ-ㄅㄟˋ-ㄈㄨˋ-ㄏㄨㄛˊ	古代數碼寶貝復活	-5.74707439	acg
ㄍㄨˇ-ㄉㄞˋ-ㄓˋ-ㄓㄜˇ-ㄕㄡˋ	古代智者獸	-6.17843815	acg
ㄍㄨˇ-ㄉㄞˋ-ㄌㄧˋ-ㄒㄧㄢˇ-ㄐㄧˋ	古代歷險記	-6.17843815	acg
ㄍㄨˇ-ㄉㄞˋ-ㄕ-ㄕㄣ-ㄖㄣˊ-ㄇㄧㄢˋ-ㄕㄡˋ	古代獅身人面獸	-5.74707439	acg
ㄍㄨˇ-ㄉㄞˋ-ㄌㄧㄥˊ-ㄧㄤˊ-ㄕㄡˋ	古代羚羊獸	-6.17843815	acg
ㄍㄨˇ-ㄉㄞˋ-ㄒㄧㄢˊ-ㄓㄜˇ-ㄕㄡˋ	古代賢者獸	-6.17843815	acg
ㄍㄨˇ-ㄉㄞˋ-ㄏㄟ-ㄕ-ㄕㄡˋ	古代黑獅獸	-6.17843815	acg
ㄍㄨˇ-ㄧ	古伊	-7.17149945	acg
ㄍㄨˇ-ㄉㄧㄢˇ-ㄏㄟ-ㄅㄤ	古典黑幫	-6.60980192	acg
ㄍㄨˇ-ㄌㄧˋ-ㄇㄨˇ-ㄌㄧㄢˊ	古利姆連	-6.60980192	acg
ㄍㄨˇ-ㄌㄧˋ-ㄉㄜˊ	古利德	-7.04116568	acg
ㄍㄨˇ-ㄌㄧˋ-ㄑㄧˊ-ㄋㄟˋ	古力奇內	-6.60980192	acg
ㄍㄨˇ-ㄇㄧ-ㄇㄧ	古咪咪	-7.04116568	acg
ㄍㄨˇ-ㄔㄥˊ-ㄐㄧㄥ-ㄐㄧˊ-ㄨㄤˊ	古城荊棘王	-6.17843815	acg
ㄍㄨˇ-ㄅㄠˇ-ㄐㄧㄥ-ㄏㄨㄣˊ	古堡驚魂	-6.60980192	acg
ㄍㄨˇ-ㄇㄨˋ-ㄓ-ㄨㄤˊ	古墓之王	-6.60980192	acg
ㄍㄨˇ-ㄇㄨˋ-ㄑㄧˊ-ㄅㄧㄥ	古墓奇兵	-6.60980192	acg
ㄍㄨˇ-ㄇㄨˋ-ㄐㄩˋ-ㄓㄨ	古墓巨蛛	-6.60980192	acg
ㄍㄨˇ-ㄈㄨ-ㄌㄧㄝˋ-ㄧㄢˋ-ㄒㄧㄥˊ	古夫烈焰型	-6.17843815	acg
ㄍㄨˇ-ㄈㄨ-ㄙㄨㄟˋ-ㄐㄧˊ-ㄒㄧㄥˊ	古夫碎擊型	-6.17843815	acg
ㄍㄨˇ-ㄑㄧˊ	古奇	-7.17149945	acg
ㄍㄨˇ-ㄢ	古安	-7.17149945	acg
ㄍㄨˇ-ㄨ-ㄌㄧˇ-ㄗˇ	古屋理子	-6.60980192	acg
ㄍㄨˇ-ㄌㄧㄥˇ-ㄕㄣˊ-ㄕㄨˋ	古嶺神樹	-6.60980192	acg
ㄍㄨˇ-ㄅㄨˋ-ㄌㄧˋ-ㄙ	古布利斯	-6.60980192	acg
ㄍㄨˇ-ㄓㄨㄤ-ㄒㄩㄣ	古庄薰	-7.04116568	acg
ㄍㄨˇ-ㄕˋ-ㄇㄟˇ-ㄒㄩㄝˇ	古式美雪	-6.60980192	acg
ㄍㄨˇ-ㄉㄜˊ-ㄌㄧˋ-ㄢ	古德利安	-6.60980192	acg
ㄍㄨˇ-ㄣ	古恩	-7.17149945	acg
ㄍㄨˇ-ㄌㄚ	古拉	-7.17149945	acg
ㄍㄨˇ-ㄌㄚ-ㄅㄛˊ	古拉伯	-7.04116568	acg
ㄍㄨˇ-ㄌㄚ-ㄍㄜˊ-ㄙ	古拉格斯	-6.60980192	acg
ㄍㄨˇ-ㄌㄚ-ㄕㄡˋ	古拉獸	-7.04116568	acg
ㄍㄨˇ-ㄙ-ㄍㄜˊ	古斯格	-7.04116568	acg
ㄍㄨˇ-ㄅㄛˊ	古柏	-7.17149945	acg
ㄍㄨˇ-ㄍㄜˊ-ㄌㄧˋ-ㄕㄣˊ-ㄈㄨˋ	古格利神父	-6.17843815	acg
ㄍㄨˇ-ㄌㄜˋ-ㄕㄡˋ	古樂獸	-7.04116568	acg
ㄍㄨˇ-ㄌㄨㄛˋ-ㄙ	古洛斯	-7.04116568	acg
ㄍㄨˇ-ㄌㄨㄛˋ-ㄉㄨㄣˋ-ㄕㄡˋ	古洛頓獸	-6.60980192	acg
ㄍㄨˇ-ㄏㄞˇ-ㄍㄨㄟ-ㄕㄡˋ	古海龜獸	-6.60980192	acg
ㄍㄨˇ-ㄗㄜˊ-ㄌㄞˋ-ㄗˇ	古澤賴子	-6.60980192	acg
ㄍㄨˇ-ㄦˇ-ㄇㄛˋ	古爾默	-7.04116568	acg
ㄍㄨˇ-ㄨˋ-ㄓ-ㄇㄨˋ	古物之墓	-6.60980192	acg
ㄍㄨˇ-ㄉㄧㄥ-ㄇㄟˇ-ㄘㄤ	古町美倉	-6.60980192	acg
ㄍㄨˇ-ㄕㄣˊ-ㄕㄡˋ	古神獸	-7.04116568	acg
ㄍㄨˇ-ㄧㄝˊ-ㄋㄚˋ-ㄦˇ	古耶納爾	-6.60980192	acg
ㄍㄨˇ-ㄓ-ㄓˊ-ㄖㄣˊ	古芝直人	-6.60980192	acg
ㄍㄨˇ-ㄗ	古茲	-7.17149945	acg
ㄍㄨˇ-ㄗ-ㄅㄚ-ㄊㄜˋ	古茲巴特	-6.60980192	acg
ㄍㄨˇ-ㄇㄥˊ-ㄔㄚˊ-ㄑㄧˊ	古蒙察奇	-6.60980192	acg
ㄍㄨˇ-ㄌㄟˇ-ㄨㄚˊ	古蕾娃	-7.04116568	acg
ㄍㄨˇ-ㄏㄜˋ-ㄒㄧㄠˇ-ㄔㄨㄣ	古賀小春	-6.60980192	acg
ㄍㄨˇ-ㄏㄜˋ-ㄏㄠˊ	古賀豪	-7.04116568	acg
ㄍㄨˇ-ㄌㄧˇ-ㄇㄨˇ-ㄑㄧㄠˊ	古里姆喬	-6.60980192	acg
ㄍㄨˇ-ㄌㄟˊ-ㄅㄨˋ	古雷布	-7.04116568	acg
ㄍㄨˇ-ㄌㄟˊ-ㄨㄣ	古雷溫	-7.04116568	acg
ㄍㄨˇ-ㄌㄟˊ-ㄉㄚˊ	古雷達	-7.04116568	acg
ㄍㄨˇ-ㄅㄚˋ	古霸	-7.17149945	acg
ㄍㄨˇ-ㄌㄧㄥˊ-ㄒㄧㄚˋ	古靈夏	-7.04116568	acg
ㄍㄨˇ-ㄌㄨˇ-ㄇㄧㄥˊ	古魯明	-7.04116568	acg
ㄌㄧㄥˋ-ㄌㄟˋ-ㄕˊ-ㄐㄧㄥˋ-ㄧㄡˊ-ㄒㄧˋ	另類實境遊戲	-5.74707439	acg
ㄓˇ-ㄒㄧㄤˇ-ㄍㄠˋ-ㄙㄨˋ-ㄋㄧˇ	只想告訴你	-6.17843815	acg
ㄓˇ-ㄧㄡˇ-ㄕㄣˊ-ㄓ-ㄉㄠˋ-ㄉㄜ˙-ㄕˋ-ㄐㄧㄝˋ	只有神知道的世界	-5.74707439	acg
ㄐㄧㄠˋ-ㄌㄨㄥˊ-ㄍㄨㄥ-ㄓㄨˇ	叫龍公主	-6.60980192	acg
ㄓㄠˋ-ㄏㄨㄢˋ-ㄕˋ-ㄉㄜ˙-ㄒㄧˋ-ㄆㄨˇ	召喚士的系譜	-5.74707439	acg
ㄓㄠˋ-ㄏㄨㄢˋ-ㄧㄝˋ-ㄒㄧㄤˇ-ㄑㄩˇ	召喚夜響曲	-6.17843815	acg
ㄓㄠˋ-ㄏㄨㄢˋ-ㄒㄧㄚˊ-ㄍㄨˇ	召喚峽谷	-6.60980192	acg
ㄉㄧㄥ-ㄎㄜˋ-ㄕㄡˋ	叮克獸	-7.04116568	acg
ㄉㄧㄥ-ㄉㄤ-ㄒㄧㄠˇ-ㄎㄨㄥˇ-ㄌㄨㄥˊ	叮噹小恐龍	-6.17843815	acg
ㄎㄜˇ-ㄧㄚˇ-ㄌㄚ	可亞拉	-7.04116568	acg
ㄎㄜˇ-ㄎㄡˇ-ㄕㄡˋ	可口獸	-7.04116568	acg
ㄎㄜˇ-ㄎㄜˇ-ㄧㄚˇ-ㄒㄧ-ㄘㄨㄣ	可可亞西村	-6.17843815	acg
ㄎㄜˇ-ㄎㄜˇ-ㄧㄝˋ-ㄗㄨㄥˇ-ㄏㄨㄟˋ	可可夜總會	-6.17843815	acg
ㄎㄜˇ-ㄎㄜˇ-ㄧㄝˊ	可可爺	-7.04116568	acg
ㄎㄜˇ-ㄎㄜˇ-ㄕㄡˋ	可可獸	-7.04116568	acg
ㄎㄜˇ-ㄙㄨˋ-ㄒㄧㄥˋ-ㄐㄧˋ-ㄧˋ	可塑性記憶	-6.17843815	acg
ㄎㄜˇ-ㄊㄚˇ-ㄋㄚˋ	可塔娜	-7.04116568	acg
ㄎㄜˇ-ㄉㄨㄛ-ㄕㄡˋ	可多獸	-7.04116568	acg
ㄎㄜˇ-ㄋㄧˊ	可妮	-7.17149945	acg
ㄎㄜˇ-ㄋㄧˊ-ㄦˊ	可妮兒	-7.04116568	acg
ㄎㄜˇ-ㄆㄚˋ-ㄉㄜ˙-ㄉㄚˋ-ㄧㄝˋ-ㄅㄢ	可怕的大夜班	-5.74707439	acg
ㄎㄜˇ-ㄣ	可恩	-7.17149945	acg
ㄎㄜˇ-ㄞˋ-ㄍㄨㄤ-ㄉㄧㄢˇ	可愛光點	-6.60980192	acg
ㄎㄜˇ-ㄞˋ-ㄉㄧˋ-ㄊㄨˊ	可愛地圖	-6.60980192	acg
ㄎㄜˇ-ㄞˋ-ㄑㄧㄠˇ-ㄏㄨ-ㄉㄠˇ	可愛巧虎島	-6.17843815	acg
ㄎㄜˇ-ㄞˋ-ㄅㄧㄠ-ㄓˋ	可愛標誌	-6.60980192	acg
ㄎㄜˇ-ㄞˋ-ㄅㄧㄠ-ㄓˋ-ㄍㄨˋ-ㄕˋ	可愛標誌故事	-5.74707439	acg
ㄎㄜˇ-ㄞˋ-ㄅㄧㄠ-ㄓˋ-ㄉㄜ˙-ㄓㄠˋ-ㄏㄨㄢˋ	可愛標誌的召喚	-5.74707439	acg
ㄎㄜˇ-ㄞˋ-ㄉㄡˋ	可愛痘	-7.04116568	acg
ㄎㄜˇ-ㄞˋ-ㄉㄜ˙-ㄏㄨㄚ-ㄉㄨㄛˇ-ㄓㄢˋ-ㄈㄤˋ-ㄅㄚ˙	可愛的花朵綻放吧	-5.74707439	acg
ㄎㄜˇ-ㄞˋ-ㄐㄩㄣ-ㄊㄨㄢˊ	可愛軍團	-6.60980192	acg
ㄎㄜˇ-ㄒㄧ	可攜	-7.17149945	acg
ㄎㄜˇ-ㄌㄜˋ-ㄎㄜˇ-ㄙ	可樂可斯	-6.60980192	acg
ㄎㄜˇ-ㄌㄜˋ-ㄒㄧㄠˇ-ㄗˇ	可樂小子	-6.60980192	acg
ㄎㄜˇ-ㄌㄜˋ-ㄋㄧˊ-ㄌㄨㄛˋ	可樂尼洛	-6.60980192	acg
ㄎㄜˇ-ㄌㄨㄛˋ-ㄐㄧㄝˊ	可洛潔	-7.04116568	acg
ㄎㄜˇ-ㄦˇ-ㄋㄧˊ	可爾妮	-7.04116568	acg
ㄎㄜˇ-ㄔㄥˊ-ㄕˋ-ㄏㄨㄚˋ	可程式化	-6.60980192	acg
ㄎㄜˇ-ㄌㄨㄛˊ-ㄉㄜ˙-ㄉㄚˋ-ㄙㄢˋ-ㄅㄨˋ	可羅的大散步	-5.74707439	acg
ㄎㄜˇ-ㄈㄨˊ-ㄌㄟˇ	可芙蕾	-7.04116568	acg
ㄎㄜˇ-ㄌㄚ	可菈	-7.17149945	acg
ㄎㄜˇ-ㄅㄟˋ	可貝	-7.17149945	acg
ㄎㄜˇ-ㄌㄨㄥˊ	可隆	-7.17149945	acg
ㄎㄜˇ-ㄧㄚˇ	可雅	-7.17149945	acg
ㄎㄜˇ-ㄌㄨˇ-ㄆㄛ	可魯波	-7.04116568	acg
ㄎㄜˇ-ㄌㄧˊ-ㄍㄨㄥ-ㄓㄨˇ	可麗公主	-6.60980192	acg
ㄎㄜˇ-ㄌㄧˋ-ㄅㄧㄥˇ-ㄨㄤˊ-ㄍㄨㄛˊ	可麗餅王國	-6.17843815	acg
ㄊㄞˊ-ㄍㄤˇ	台港	-7.17149945	acg
ㄊㄞˊ-ㄨㄢ-ㄆㄧ-ㄌㄧˋ-ㄒㄧㄠˇ-ㄗㄨˇ	台灣霹靂小組	-5.74707439	acg
ㄕˇ-ㄉㄢ-ㄌㄧˋ	史丹利	-7.04116568	acg
ㄕˇ-ㄉㄢ-ㄆㄨˇ-ㄌㄞˊ-ㄉㄨㄣˋ	史丹普萊頓	-6.17843815	acg
ㄕˇ-ㄋㄞˇ-ㄕㄚ-ㄧㄡ-ㄒㄧ	史乃沙優希	-6.17843815	acg
ㄕˇ-ㄍㄨㄞ-ㄅㄠˇ	史乖寶	-7.04116568	acg
ㄕˇ-ㄔㄨㄢˊ-ㄑㄧˊ	史傳奇	-7.04116568	acg
ㄕˇ-ㄎㄜˋ-ㄑㄧˊ	史克奇	-7.04116568	acg
ㄕˇ-ㄎㄜˋ-ㄨㄟ-ㄦˇ-ㄞˋ-ㄋㄧˊ-ㄎㄜˋ-ㄙ	史克威爾艾尼克斯	-5.74707439	acg
ㄕˇ-ㄎㄜˋ-ㄨㄟ-ㄦˇ-ㄧˋ-ㄉㄧㄢˋ	史克威爾藝電	-5.74707439	acg
ㄕˇ-ㄎㄜˋ-ㄦˇ	史克爾	-7.04116568	acg
ㄕˇ-ㄎㄜˋ-ㄌㄨˇ-ㄦˇ	史克魯爾	-6.60980192	acg
ㄕˇ-ㄋㄟˋ-ㄎㄜˋ	史內克	-7.04116568	acg
ㄕˇ-ㄐㄧㄚ-ㄋㄚˋ	史加納	-7.04116568	acg
ㄕˇ-ㄎㄚˇ-ㄊㄜˋ	史卡特	-7.04116568	acg
ㄕˇ-ㄎㄚˇ-ㄌㄨˇ	史卡魯	-7.04116568	acg
ㄕˇ-ㄍㄨˇ-ㄊㄧˊ-ㄧㄚˇ	史古提亞	-6.60980192	acg
ㄕˇ-ㄍㄨˇ-ㄊㄡˊ	史古頭	-7.04116568	acg
ㄕˇ-ㄎㄜˇ-ㄆㄨˇ	史可普	-7.04116568	acg
ㄕˇ-ㄊㄢˇ-ㄅㄨˋ-ㄌㄟˊ-ㄉㄜˊ-ㄈㄤˊ-ㄩˋ-ㄓㄢˋ	史坦布雷德防禦戰	-5.74707439	acg
ㄕˇ-ㄊㄢˇ-ㄋㄚˋ	史坦納	-7.04116568	acg
ㄕˇ-ㄆㄟˊ-ㄌㄧˋ-ㄤˊ	史培利昂	-6.60980192	acg
ㄕˇ-ㄊㄚˇ-ㄎㄜˋ	史塔克	-7.04116568	acg
ㄕˇ-ㄊㄚˇ-ㄅㄧˇ-ㄉㄧˊ	史塔比迪	-6.60980192	acg
ㄕˇ-ㄓㄨㄤˋ	史壯	-7.17149945	acg
ㄕˇ-ㄇㄧˋ-ㄈㄨ-ㄆㄛˊ-ㄆㄛ˙	史密夫婆婆	-6.17843815	acg
ㄕˇ-ㄋㄧˊ-ㄉㄧˋ	史尼第	-7.04116568	acg
ㄕˇ-ㄘㄨㄟ-ㄎㄜˋ	史崔克	-7.04116568	acg
ㄕˇ-ㄆㄚˋ-ㄋㄚˋ	史帕納	-7.04116568	acg
ㄕˇ-ㄉㄧˋ-ㄏㄨㄚˊ	史帝華	-7.04116568	acg
ㄕˇ-ㄎㄨˋ-ㄧㄚˇ-ㄉㄜˊ	史庫亞德	-6.60980192	acg
ㄕˇ-ㄎㄨˋ-ㄨㄚˇ-ㄌㄚ	史庫瓦拉	-6.60980192	acg
ㄕˇ-ㄎㄨˋ-ㄨㄚˇ-ㄌㄨㄛˊ	史庫瓦羅	-6.60980192	acg
ㄕˇ-ㄎㄨˋ-ㄌㄨˋ-ㄑㄧˊ	史庫路奇	-6.60980192	acg
ㄕˇ-ㄣ	史恩	-7.17149945	acg
ㄕˇ-ㄊㄨㄛ-ㄌㄜˋ	史托勒	-7.04116568	acg
ㄕˇ-ㄊㄨㄛ-ㄇㄚˇ-ㄎㄜˋ	史托瑪克	-6.60980192	acg
ㄕˇ-ㄊㄨㄛ-ㄇㄚˇ-ㄎㄜˋ-ㄍㄨㄥ-ㄙ	史托瑪克公司	-5.74707439	acg
ㄕˇ-ㄊㄨㄛ-ㄇㄚˇ-ㄎㄜˋ-ㄐㄧㄚ-ㄗㄨˊ	史托瑪克家族	-5.74707439	acg
ㄕˇ-ㄊㄨㄛ-ㄋㄚˋ	史托納	-7.04116568	acg
ㄕˇ-ㄊㄨㄛ-ㄏㄟ-ㄙ	史托黑斯	-6.60980192	acg
ㄕˇ-ㄊㄧˊ-ㄦˇ-ㄈㄣ	史提爾芬	-6.60980192	acg
ㄕˇ-ㄊㄧˊ-ㄒㄧ-ㄧㄚˋ	史提西亞	-6.60980192	acg
ㄕˇ-ㄊㄧˊ-ㄌㄨˇ-ㄆㄚˋ	史提魯帕	-6.60980192	acg
ㄕˇ-ㄊㄧˊ-ㄌㄨˇ-ㄏㄨㄥ-ㄓㄚˋ-ㄐㄧ	史提魯轟炸機	-5.74707439	acg
ㄕˇ-ㄧˋ-ㄊㄜˋ-ㄨㄟ-ㄙㄣ-ㄌㄧㄣˊ	史易特威森林	-5.74707439	acg
ㄕˇ-ㄌㄧㄣˊ-ㄆㄧˊ-ㄧㄚˇ	史林皮亞	-6.60980192	acg
ㄕˇ-ㄎㄜ-ㄈㄚˇ-ㄋㄨㄛˋ	史柯法諾	-6.60980192	acg
ㄕˇ-ㄊㄧㄥ-ㄍㄜˊ	史汀格	-7.04116568	acg
ㄕˇ-ㄆㄛ-ㄉㄧˊ	史波迪	-7.04116568	acg
ㄕˇ-ㄆㄞˋ-ㄎㄜˋ	史派克	-7.04116568	acg
ㄕˇ-ㄊㄜˋ-ㄍㄜ-ㄅㄠˇ	史特哥堡	-6.60980192	acg
ㄕˇ-ㄊㄜˋ-ㄌㄚ-ㄎㄜˋ	史特拉克	-6.60980192	acg
ㄕˇ-ㄊㄜˋ-ㄌㄚ-ㄊㄨㄛ-ㄙ	史特拉托斯	-6.17843815	acg
ㄕˇ-ㄊㄜˋ-ㄌㄨㄛˊ	史特羅	-7.04116568	acg
ㄕˇ-ㄨㄚˇ-ㄋㄧˊ	史瓦妮	-7.04116568	acg
ㄕˇ-ㄉㄥ-ㄐㄧㄚ	史登加	-7.04116568	acg
ㄕˇ-ㄆㄧˊ-ㄦˇ-ㄙ	史皮爾斯	-6.60980192	acg
ㄕˇ-ㄇㄠˊ-ㄉㄜˊ	史矛德	-7.04116568	acg
ㄕˇ-ㄋㄚˋ-ㄑㄧˊ	史納奇	-7.04116568	acg
ㄕˇ-ㄌㄠˇ-ㄅㄢˇ	史老闆	-7.04116568	acg
ㄕˇ-ㄕㄥˋ-ㄇㄧㄥˊ-ㄒㄧㄢ-ㄕㄥ	史聖明先生	-6.17843815	acg
ㄕˇ-ㄌㄞˊ	史萊	-7.17149945	acg
ㄕˇ-ㄌㄞˊ-ㄍㄜˊ	史萊格	-7.04116568	acg
ㄕˇ-ㄌㄞˊ-ㄙ	史萊絲	-7.04116568	acg
ㄕˇ-ㄋㄨㄛˋ-ㄈㄨ-ㄖㄣˊ	史諾夫人	-6.60980192	acg
ㄕˇ-ㄉㄧˊ-ㄦˇ	史迪爾	-7.04116568	acg
ㄕˇ-ㄅㄤ-ㄐㄧˊ	史邦吉	-7.04116568	acg
ㄕˇ-ㄌㄟˊ-ㄍㄜˊ	史雷格	-7.04116568	acg
ㄕˇ-ㄇㄞˋ-ㄌㄧˋ	史麥利	-7.04116568	acg
ㄕˇ-ㄉㄞˋ-ㄧㄚˇ	史黛亞	-7.04116568	acg
ㄙ-ㄌㄧㄥˋ-ㄍㄨㄢ-ㄉㄞˋ-ㄒㄧㄥˊ	司令官代行	-6.17843815	acg
ㄙ-ㄧ-ㄌㄨˇ-ㄅㄢ	司伊魯班	-6.60980192	acg
ㄙ-ㄌㄚ-ㄙ-ㄌㄧㄥˊ-ㄗ-ㄕˋ-ㄍㄨㄢ-ㄒㄩㄝˊ-ㄒㄧㄠˋ	司拉斯靈茲士官學校	-5.74707439	acg
ㄙ-ㄊㄠˊ-ㄊㄜˋ	司陶特	-7.04116568	acg
ㄍㄜˋ-ㄗˋ-ㄉㄜ˙-ㄐㄧ-ㄅㄢˋ	各自的羈絆	-6.17843815	acg
ㄏㄜˊ-ㄕˋ-ㄌㄠˇ	合事佬	-7.04116568	acg
ㄏㄜˊ-ㄔㄥˊ-ㄖㄣˊ	合成人	-7.04116568	acg
ㄏㄜˊ-ㄔㄥˊ-ㄖㄣˊ-ㄓㄣ-ㄘㄜˋ-ㄑㄧˋ	合成人偵測器	-5.74707439	acg
ㄏㄜˊ-ㄔㄥˊ-ㄖㄣˊ-ㄕˋ-ㄅㄧㄥ	合成人士兵	-6.17843815	acg
ㄏㄜˊ-ㄔㄥˊ-ㄖㄣˊ-ㄨˇ-ㄓㄨㄤ-ㄓˊ-ㄕㄥ-ㄐㄧ	合成人武裝直升機	-5.74707439	acg
ㄏㄜˊ-ㄔㄥˊ-ㄖㄣˊ-ㄕㄥ-ㄏㄨㄚˋ-ㄩㄣˋ-ㄅㄧㄥ-ㄔㄜ	合成人生化運兵車	-5.74707439	acg
ㄏㄜˊ-ㄔㄥˊ-ㄕㄥ-ㄏㄨㄚˋ-ㄆㄠˋ-ㄔㄨㄢˊ	合成生化炮船	-5.74707439	acg
ㄏㄜˊ-ㄔㄥˊ-ㄇㄧˋ-ㄧˊ	合成祕儀	-6.60980192	acg
ㄏㄜˊ-ㄊㄧˇ-ㄐㄧㄤ-ㄐㄩㄣ	合體將軍	-6.60980192	acg
ㄏㄜˊ-ㄊㄧˇ-ㄅㄨˋ-ㄌㄞˊ-ㄇㄟˊ	合體布萊梅	-6.17843815	acg
ㄏㄜˊ-ㄊㄧˇ-ㄐㄧㄣˋ-ㄏㄨㄚˋ	合體進化	-6.60980192	acg
ㄐㄧˊ-ㄐㄧㄥˇ-ㄌㄧˇ-ㄕㄚ	吉井理沙	-6.60980192	acg
ㄐㄧˊ-ㄊㄚ-ㄉㄚˋ-ㄗˇ	吉他大仔	-6.60980192	acg
ㄐㄧˊ-ㄅㄛˊ-ㄊㄜˋ	吉伯特	-7.04116568	acg
ㄐㄧˊ-ㄐㄧㄝˊ-ㄎㄜˋ	吉傑克	-7.04116568	acg
ㄐㄧˊ-ㄅㄟˋ-ㄊㄨˇ	吉備土	-7.04116568	acg
ㄐㄧˊ-ㄦˊ-ㄎㄜˇ	吉兒可	-7.04116568	acg
ㄐㄧˊ-ㄌㄧˋ-ㄎㄜˋ-ㄆㄠˋ	吉力克砲	-6.60980192	acg
ㄐㄧˊ-ㄐㄧㄚ	吉加	-7.17149945	acg
ㄐㄧˊ-ㄍㄜ	吉哥	-7.17149945	acg
ㄐㄧˊ-ㄊㄢˇ	吉坦	-7.17149945	acg
ㄐㄧˊ-ㄊㄚˇ-ㄎㄜˋ-ㄙ	吉塔克斯	-6.60980192	acg
ㄐㄧˊ-ㄉㄨㄛ-ㄌㄚ	吉多拉	-7.04116568	acg
ㄐㄧˊ-ㄉㄚˊ	吉妲	-7.17149945	acg
ㄐㄧˊ-ㄇㄨˇ-ㄐㄧㄚ-ㄋㄨㄥˊ	吉姆加農	-6.60980192	acg
ㄐㄧˊ-ㄇㄨˇ-ㄐㄧㄚ-ㄋㄨㄥˊ-ㄆㄠˋ-ㄒㄧㄥˊ	吉姆加農砲型	-5.74707439	acg
ㄐㄧˊ-ㄇㄨˇ-ㄩˇ-ㄉㄚˊ-ㄙ-ㄉㄧˋ	吉姆與達斯蒂	-5.74707439	acg
ㄐㄧˊ-ㄋㄚˋ	吉娜	-7.17149945	acg
ㄐㄧˊ-ㄢ-ㄇㄚˇ-ㄎㄜˇ	吉安馬可	-6.60980192	acg
ㄐㄧˊ-ㄍㄤ-ㄔㄨㄣ	吉岡春	-7.04116568	acg
ㄐㄧˊ-ㄍㄤ-ㄕㄚ-ㄐㄧˋ	吉岡沙紀	-6.60980192	acg
ㄐㄧˊ-ㄅㄨˋ-ㄌㄧㄝˋ	吉布列	-7.04116568	acg
ㄐㄧˊ-ㄌㄚ	吉拉	-7.17149945	acg
ㄐㄧˊ-ㄌㄚ-ㄉㄜˊ-ㄎㄚˇ	吉拉德卡	-6.60980192	acg
ㄐㄧˊ-ㄌㄚ-ㄗㄨˇ-ㄌㄨˇ	吉拉祖魯	-6.60980192	acg
ㄐㄧˊ-ㄤˊ	吉昂	-7.17149945	acg
ㄐㄧˊ-ㄤˊ-ㄐㄧ-ㄌㄧㄡˊ	吉昂激流	-6.60980192	acg
ㄐㄧˊ-ㄇㄧㄥˊ-ㄋㄧˊ	吉明尼	-7.04116568	acg
ㄐㄧˊ-ㄘㄨㄣ-ㄇㄟˇ-ㄉㄞˋ-ㄗˇ	吉村美代子	-6.17843815	acg
ㄐㄧˊ-ㄙㄨㄥ-ㄒㄧㄣˋ-ㄦˋ	吉松信二	-6.60980192	acg
ㄐㄧˊ-ㄡ	吉歐	-7.17149945	acg
ㄐㄧˊ-ㄌㄨㄛˋ-ㄉㄧˋ	吉洛蒂	-7.04116568	acg
ㄐㄧˊ-ㄌㄨㄛˋ-ㄌㄧˇ	吉洛里	-7.04116568	acg
ㄐㄧˊ-ㄐㄧㄝˊ-ㄊㄜˋ	吉潔特	-7.04116568	acg
ㄐㄧˊ-ㄦˇ-ㄑㄧㄝˊ-ㄇㄟˇ-ㄕˊ	吉爾伽美什	-6.17843815	acg
ㄐㄧˊ-ㄦˇ-ㄉㄚˊ	吉爾妲	-7.04116568	acg
ㄐㄧˊ-ㄦˇ-ㄋㄧˊ-ㄙ	吉爾尼斯	-6.60980192	acg
ㄐㄧˊ-ㄦˇ-ㄇㄛˊ-ㄦˇ-ㄒㄧㄢ-ㄕㄥ	吉爾摩爾先生	-5.74707439	acg
ㄐㄧˊ-ㄦˇ-ㄇㄛˋ-ㄉㄨㄣˋ	吉爾莫頓	-6.60980192	acg
ㄐㄧˊ-ㄦˇ-ㄋㄨㄛˋ-ㄇㄢˋ	吉爾諾曼	-6.60980192	acg
ㄐㄧˊ-ㄦˇ-ㄐㄧㄚ	吉爾迦	-7.04116568	acg
ㄐㄧˊ-ㄌㄧˇ	吉理	-7.17149945	acg
ㄐㄧˊ-ㄊㄧㄢˊ-ㄧ-ㄧㄝˇ	吉田一也	-6.60980192	acg
ㄐㄧˊ-ㄊㄧㄢˊ-ㄧˋ-ㄧㄝˇ	吉田一也	-7.10980192	acg
ㄐㄧˊ-ㄊㄧㄢˊ-ㄅㄚ-ㄓㄨㄥˋ	吉田八重	-6.60980192	acg
ㄐㄧˊ-ㄊㄧㄢˊ-ㄒㄧㄡˋ-ㄈㄨ	吉田秀夫	-6.60980192	acg
ㄐㄧˊ-ㄌㄧㄡˊ-ㄋㄧㄝˋ-ㄌㄨㄛˊ	吉留涅羅	-6.60980192	acg
ㄐㄧˊ-ㄇㄧˇ-ㄇㄞˋ-ㄧㄚˇ-ㄗ	吉米麥亞茲	-6.17843815	acg
ㄐㄧˊ-ㄨㄟˊ-ㄊㄜˋ	吉維特	-7.04116568	acg
ㄐㄧˊ-ㄨㄥ-ㄎㄜˋ	吉翁克	-7.04116568	acg
ㄐㄧˊ-ㄨㄥ-ㄏㄠˋ	吉翁號	-7.04116568	acg
ㄐㄧˊ-ㄆㄤˋ-ㄒㄧㄠˇ-ㄕˊ	吉胖小石	-6.60980192	acg
ㄐㄧˊ-ㄌㄧㄤˊ-ㄕㄡˇ-ㄐㄩˊ	吉良手鞠	-6.60980192	acg
ㄐㄧˊ-ㄧㄣ-ㄎㄜ-ㄙ	吉茵珂絲	-6.60980192	acg
ㄐㄧˊ-ㄌㄧˋ-ㄢ	吉莉安	-7.04116568	acg
ㄐㄧˊ-ㄍㄨˇ	吉谷	-7.17149945	acg
ㄐㄧˊ-ㄙㄞˋ-ㄦˇ	吉賽爾	-7.04116568	acg
ㄐㄧˊ-ㄌㄧㄢˊ	吉連	-7.17149945	acg
ㄐㄧˊ-ㄧㄝˇ-ㄇㄧˊ-ㄕㄥ	吉野彌生	-6.60980192	acg
ㄐㄧˊ-ㄌㄨˇ-ㄇㄛˊ-ㄦˇ-ㄐㄧㄤ-ㄐㄩㄣ	吉魯摩爾將軍	-5.74707439	acg
ㄉㄧㄠˋ-ㄉㄞˋ-ㄨㄚˋ-ㄊㄧㄢ-ㄕˇ	吊帶襪天使	-6.17843815	acg
ㄊㄨㄥˊ-ㄒㄧㄥˋ-ㄌㄧㄢˋ-ㄕㄨㄤ-ㄇㄛˊ	同性戀雙魔	-6.17843815	acg
ㄊㄨㄥˊ-ㄇㄥˊ-ㄉㄜ˙-ㄙㄨㄟˋ-ㄆㄧㄢˋ	同盟的碎片	-6.17843815	acg
ㄊㄨㄥˊ-ㄧㄣ-ㄅㄠ	同音包	-7.04116568	acg
ㄇㄧㄥˊ-ㄌㄧㄥˊ-ㄐㄧˋ-ㄏㄨㄚˋ	名伶計畫	-6.60980192	acg
ㄇㄧㄥˊ-ㄘㄤ-ㄐㄧㄝˊ-ㄗˇ	名倉節子	-6.60980192	acg
ㄇㄧㄥˊ-ㄓㄣ-ㄊㄢˋ-ㄍㄨㄤ-ㄓ-ㄇㄟˇ-ㄕㄠˋ-ㄋㄩˇ	名偵探光之美少女	-5.74707439	acg
ㄇㄧㄥˊ-ㄓㄣ-ㄊㄢˋ-ㄈㄨˊ-ㄦˇ-ㄇㄛˊ-ㄙ	名偵探福爾摩斯	-5.74707439	acg
ㄇㄧㄥˊ-ㄉㄠ-ㄉㄧㄢˋ-ㄍㄨㄤ-ㄨㄢˊ	名刀電光丸	-6.17843815	acg
ㄇㄧㄥˊ-ㄩㄢˊ-ㄊㄧㄢ-ㄕˇ	名媛天使	-6.60980192	acg
ㄇㄧㄥˊ-ㄕㄥ-ㄍㄨㄥ-ㄏㄨㄟˋ	名聲公會	-6.60980192	acg
ㄇㄧㄥˊ-ㄇㄣˊ-ㄍㄠ-ㄒㄧㄠˋ	名門高校	-6.60980192	acg
ㄇㄧㄥˊ-ㄑㄧㄥ-ㄌㄨˋ-ㄒㄩㄥˊ	名頃鹿雄	-6.60980192	acg
ㄏㄡˋ-ㄍㄤ	后剛	-7.17149945	acg
ㄒㄧㄤˋ-ㄐㄧㄥˇ-ㄏㄨˋ-ㄞˋ-ㄏㄨㄚ	向井戶愛花	-6.17843815	acg
ㄒㄧㄤˋ-ㄐㄧㄥˇ-ㄊㄚˋ-ㄏㄞˇ	向井拓海	-6.60980192	acg
ㄒㄧㄤˋ-ㄕㄨㄟˇ-ㄔㄨˊ-ㄗˇ	向水雛子	-6.60980192	acg
ㄒㄧㄤˋ-ㄨㄤˊ-ㄓㄜˇ-ㄓˋ-ㄐㄧㄥˋ	向王者致敬	-6.17843815	acg
ㄐㄩㄣ-ㄇㄛˊ-ㄩㄢˊ-ㄇㄠˋ	君魔原貌	-6.60980192	acg
ㄐㄩㄣ-ㄇㄛˊ-ㄍㄤ-ㄉㄢˋ	君魔鋼彈	-6.60980192	acg
ㄐㄩㄣ-ㄇㄛˊ-ㄍㄤ-ㄉㄢˋ-ㄩㄢˊ-ㄇㄠˋ	君魔鋼彈原貌	-5.74707439	acg
ㄊㄨㄣ-ㄕˋ-ㄕㄡˋ	吞噬獸	-7.04116568	acg
ㄧㄣˊ-ㄔㄤˋ-ㄘㄠˇ	吟唱草	-7.04116568	acg
ㄈㄡˇ-ㄖㄣˋ-ㄋㄢˊ	否認男	-7.04116568	acg
ㄓ-ㄓ-ㄇㄟˋ	吱吱妹	-7.04116568	acg
ㄨˊ-ㄒㄧ-ㄌㄧˇ-ㄏㄨㄚˊ	吳希里華	-6.60980192	acg
ㄨˊ-ㄖㄨㄛˋ-ㄑㄩㄢˊ	吳弱拳	-7.04116568	acg
ㄋㄚˋ-ㄦˊ	吶兒	-7.17149945	acg
ㄒㄧ-ㄒㄧㄝˇ-ㄇㄠ-ㄇㄧˇ-ㄌㄧㄝˋ-ㄊㄚˇ-ㄙ	吸血貓米列塔斯	-5.74707439	acg
ㄒㄧ-ㄒㄧㄝˇ-ㄍㄨㄟˇ-ㄖㄣˊ	吸血鬼人	-6.60980192	acg
ㄔㄨㄟ-ㄒㄩㄝˇ-ㄓㄣˇ	吹雪姫	-7.04116568	acg
ㄏㄡˇ-ㄒㄧㄥ	吼星	-7.17149945	acg
ㄨˊ-ㄓㄨˇ-ㄗㄞˋ-ㄘˇ	吾主在此	-6.60980192	acg
ㄉㄞ-ㄎㄜˊ-ㄕㄡˋ	呆殼獸	-7.04116568	acg
ㄓㄡ-ㄈㄤˊ-ㄐㄧㄡˇ-ㄧㄠˋ	周防九曜	-6.60980192	acg
ㄓㄡ-ㄈㄤˊ-ㄗㄨㄣ	周防尊	-7.04116568	acg
ㄨㄚ-ㄨㄚ-ㄕㄡˋ	呱呱獸	-7.04116568	acg
ㄨㄟˋ-ㄍㄨˇ-ㄩㄥˇ-ㄗㄨㄛˋ	味谷勇作	-6.60980192	acg
ㄏㄜ-ㄏㄟ	呵嘿	-7.17149945	acg
ㄆㄟ-ㄆㄟ	呸呸	-7.17149945	acg
ㄇㄧㄥˋ-ㄓㄨㄥˋ-ㄖㄨㄛˋ-ㄏㄨㄚˋ	命中弱化	-6.60980192	acg
ㄇㄧㄥˋ-ㄩㄣˋ-ㄓ-ㄐㄧㄢˋ	命運之劍	-6.60980192	acg
ㄇㄧㄥˋ-ㄩㄣˋ-ㄓ-ㄇㄣˊ	命運之門	-6.60980192	acg
ㄇㄧㄥˋ-ㄩㄣˋ-ㄔㄨㄢˊ-ㄑㄧˊ	命運傳奇	-6.60980192	acg
ㄇㄧㄥˋ-ㄩㄣˋ-ㄉㄜ˙-ㄍㄨㄢ-ㄎㄚˇ	命運的關卡	-6.17843815	acg
ㄇㄧㄥˋ-ㄩㄣˋ-ㄒㄧㄤ-ㄇㄛˊ-ㄕˋ	命運箱模式	-6.17843815	acg
ㄇㄧㄥˋ-ㄩㄣˋ-ㄕㄥˋ-ㄉㄧㄢˇ	命運聖典	-6.60980192	acg
ㄇㄧㄥˋ-ㄩㄣˋ-ㄕˋ-ㄌㄧㄢˋ	命運試煉	-6.60980192	acg
ㄇㄧㄥˋ-ㄩㄣˋ-ㄐㄧㄣ-ㄧㄠˋ	命運金鑰	-6.60980192	acg
ㄆㄠˊ-ㄒㄧㄠ-ㄕㄡˋ	咆哮獸	-7.04116568	acg
ㄆㄠˊ-ㄒㄧㄠ-ㄊㄨˊ-ㄐㄧˊ-ㄉㄨㄟˋ	咆哮突擊隊	-6.17843815	acg
ㄆㄠˊ-ㄒㄧㄠˋ-ㄕㄣ-ㄩㄢ	咆嘯深淵	-6.60980192	acg
ㄏㄢˋ-ㄐㄧㄡˇ-ㄐㄧㄥˇ-ㄌㄧㄡˊ-ㄇㄟˇ	和久井留美	-6.17843815	acg
ㄏㄢˋ-ㄐㄧㄡˇ-ㄨㄤˋ-ㄇㄟˇ	和久望美	-6.60980192	acg
ㄏㄢˋ-ㄓㄨˋ-ㄩㄢˊ-ㄇㄥˊ	和住媛萌	-6.60980192	acg
ㄏㄢˋ-ㄘㄤ-ㄐㄧㄝˊ-ㄇㄧㄥˊ	和倉結名	-6.60980192	acg
ㄏㄢˋ-ㄘㄤ-ㄇㄠˋ-ㄗˇ	和倉茂子	-6.60980192	acg
ㄏㄜˊ-ㄆㄧㄥˊ-ㄒㄧㄢ-ㄑㄩ	和平先驅	-6.60980192	acg
ㄏㄜˊ-ㄆㄧㄥˊ-ㄊㄧㄢ-ㄕˇ	和平天使	-6.60980192	acg
ㄏㄜˊ-ㄆㄧㄥˊ-ㄋㄞˋ-ㄍㄨˇ-ㄇㄟˇ	和平奈古美	-6.17843815	acg
ㄏㄜˊ-ㄆㄧㄥˊ-ㄅㄧㄠ-ㄓˋ	和平標誌	-6.60980192	acg
ㄏㄢˋ-ㄍㄨㄤˇ	和廣	-7.17149945	acg
ㄏㄢˋ-ㄧㄢˋ	和彥	-7.17149945	acg
ㄏㄢˋ-ㄑㄩㄢˊ-ㄉㄨˋ	和泉渡	-7.04116568	acg
ㄏㄢˋ-ㄊㄧㄢˊ-ㄩㄢˊ-ㄧㄥ	和田垣櫻	-6.60980192	acg
ㄏㄜˊ-ㄒㄧㄝˊ-ㄨㄟˊ-ㄌㄧˋ	和諧微粒	-6.60980192	acg
ㄏㄜˊ-ㄒㄧㄝˊ-ㄕㄨㄟˇ-ㄐㄧㄥ	和諧水晶	-6.60980192	acg
ㄏㄜˊ-ㄒㄧㄝˊ-ㄉㄜ˙-ㄏㄨㄟˊ-ㄍㄨㄟ	和諧的回歸	-6.17843815	acg
ㄏㄜˊ-ㄒㄧㄝˊ-ㄉㄜ˙-ㄒㄧㄣ-ㄋㄧㄤˊ-ㄆㄥˇ-ㄏㄨㄚ	和諧的新娘捧花	-5.74707439	acg
ㄏㄜˊ-ㄒㄧㄝˊ-ㄐㄧㄥ-ㄌㄧㄥˊ	和諧精靈	-6.60980192	acg
ㄏㄜˊ-ㄒㄧㄝˊ-ㄕㄥˋ-ㄕㄨˋ	和諧聖樹	-6.60980192	acg
ㄏㄜˊ-ㄈㄥ-ㄔ-ㄔㄚˊ-ㄌㄨˋ-ㄈㄥ-ㄊㄤˊ	和風喫茶鹿楓堂	-5.74707439	acg
ㄓㄡˋ-ㄩˇ-ㄙㄨㄛˇ-ㄧㄣˇ	咒語索引	-6.60980192	acg
ㄍㄨ-ㄌㄨ-ㄍㄨ-ㄌㄚ-ㄓㄨㄢˇ-ㄓ-ㄏㄨㄚ	咕嚕咕啦轉之花	-5.74707439	acg
ㄍㄨ-ㄌㄨ-ㄇㄧ-ㄗㄨˊ	咕嚕咪族	-6.60980192	acg
ㄍㄨ-ㄌㄨ-ㄇㄛˊ	咕嚕摩	-7.04116568	acg
ㄍㄨ-ㄌㄜˋ-ㄉㄨㄛ	咕樂多	-7.04116568	acg
ㄎㄚ-ㄌㄧˇ-ㄎㄚ-ㄌㄧˇ	咖哩咖哩	-6.60980192	acg
ㄎㄚ-ㄈㄟ-ㄦˇ-ㄔㄚˊ	咖啡爾茶	-6.60980192	acg
ㄉㄨㄥ-ㄑㄧˊ-ㄍㄤ-ㄌㄜˋ-ㄩㄢˊ	咚奇剛樂園	-6.17843815	acg
ㄇㄧㄝ-ㄅㄠˇ	咩寶	-7.17149945	acg
ㄇㄧ-ㄧㄚˇ	咪亞	-7.17149945	acg
ㄇㄧ-ㄊㄨˋ-ㄕㄨˋ-ㄨㄟˋ	咪兔數位	-6.60980192	acg
ㄇㄧ-ㄌㄧˋ	咪利	-7.17149945	acg
ㄇㄧ-ㄌㄨˋ	咪路	-7.17149945	acg
ㄇㄧ-ㄌㄨˇ-ㄌㄨˇ	咪魯魯	-7.04116568	acg
ㄒㄧㄠˋ-ㄧㄝˋ-ㄌㄟˇ-ㄋㄚˋ	咲夜蕾娜	-6.60980192	acg
ㄒㄧㄢˊ-ㄐㄧ-ㄓㄜˊ	咸基哲	-7.04116568	acg
ㄞ-ㄕㄤ-ㄇㄛˊ-ㄋㄩˇ	哀傷魔女	-6.60980192	acg
ㄉㄨㄛ-ㄌㄚ	哆啦	-7.17149945	acg
ㄉㄨㄛ-ㄌㄚ-ㄌㄧˋ-ㄋㄧㄡˇ	哆啦利鈕	-6.60980192	acg
ㄉㄨㄛ-ㄌㄚ-ㄒㄧㄠˇ-ㄗˇ	哆啦小子	-6.60980192	acg
ㄉㄨㄛ-ㄌㄚ-ㄋㄧˊ-ㄎㄜˇ-ㄈㄨ	哆啦尼可夫	-6.17843815	acg
ㄉㄨㄛ-ㄌㄚ-ㄇㄟˊ-ㄉㄨˋ	哆啦梅度	-6.60980192	acg
ㄉㄨㄛ-ㄌㄚ-ㄇㄟˊ-ㄉㄨˋ-ㄙㄢ-ㄕˋ	哆啦梅度三世	-5.74707439	acg
ㄉㄨㄛ-ㄌㄚ-ㄅㄤ	哆啦邦	-7.04116568	acg
ㄨㄚ-ㄙㄞˋ-ㄇㄧˋ-ㄐㄧㄥˋ	哇賽秘境	-6.60980192	acg
ㄏㄚ-ㄒㄧㄡ-ㄨㄚˇ-ㄊㄜˋ	哈修瓦特	-6.60980192	acg
ㄏㄚ-ㄎㄜˋ-ㄌㄧˋ	哈克利	-7.04116568	acg
ㄏㄚ-ㄎㄜˋ-ㄕㄡˋ	哈克獸	-7.04116568	acg
ㄏㄚ-ㄎㄜˋ-ㄌㄞˊ-ㄋㄧㄥˊ	哈克萊寧	-6.60980192	acg
ㄏㄚ-ㄎㄜˋ-ㄧㄚˇ	哈克雅	-7.04116568	acg
ㄏㄚ-ㄎㄜˋ-ㄌㄨㄥˊ	哈克龍	-7.04116568	acg
ㄏㄚ-ㄌㄧˋ-ㄌㄩˋ-ㄕ	哈利律師	-6.60980192	acg
ㄏㄚ-ㄌㄧˋ-ㄨㄟˊ	哈利維	-7.04116568	acg
ㄏㄚ-ㄌㄧˋ-ㄇㄚˇ-ㄒㄧˋ-ㄊㄨㄢˊ	哈利馬戲團	-6.17843815	acg
ㄏㄚ-ㄌㄧˋ-ㄌㄧˋ	哈力栗	-7.04116568	acg
ㄏㄚ-ㄅㄛˊ-ㄎㄜˋ	哈博克	-7.04116568	acg
ㄏㄚ-ㄍㄨˇ-ㄨㄚˇ-ㄦˇ	哈古瓦爾	-6.60980192	acg
ㄏㄚ-ㄐㄧˊ-ㄦˇ	哈吉爾	-7.04116568	acg
ㄏㄚ-ㄇㄧ	哈咪	-7.17149945	acg
ㄏㄚ-ㄇㄥˋ-ㄋㄚˋ	哈夢娜	-7.04116568	acg
ㄏㄚ-ㄑㄧˊ	哈奇	-7.17149945	acg
ㄏㄚ-ㄑㄧˊ-ㄌㄧㄣˊ	哈奇林	-7.04116568	acg
ㄏㄚ-ㄋㄞˋ-ㄊㄜˋ	哈奈特	-7.04116568	acg
ㄏㄚ-ㄋㄧˊ-ㄍㄨㄥ-ㄓㄨˇ	哈妮公主	-6.60980192	acg
ㄏㄚ-ㄋㄧˊ-ㄇㄚˇ-ㄌㄨㄣˊ	哈妮瑪倫	-6.60980192	acg
ㄏㄚ-ㄋㄧˊ-ㄌㄟˇ-ㄇㄥˋ	哈妮蕾夢	-6.60980192	acg
ㄏㄚ-ㄋㄧˊ-ㄙ	哈尼斯	-7.04116568	acg
ㄏㄚ-ㄎㄨˋ-ㄌㄨㄛˋ	哈庫洛	-7.04116568	acg
ㄏㄚ-ㄉㄜˊ-ㄙㄣ-ㄊㄞˋ-ㄊㄞˋ	哈德森太太	-6.17843815	acg
ㄏㄚ-ㄉㄜˊ-ㄒㄩㄣˋ-ㄈㄨ-ㄖㄣˊ	哈德遜夫人	-6.17843815	acg
ㄏㄚ-ㄌㄚ-ㄙ-ㄒㄧㄢ-ㄕㄥ	哈拉斯先生	-6.17843815	acg
ㄏㄚ-ㄌㄚ-ㄏㄟ-ㄊㄚˇ-ㄌㄧㄤˊ	哈拉黑塔涼	-6.17843815	acg
ㄏㄚ-ㄙ-ㄊㄨˊ	哈斯圖	-7.04116568	acg
ㄏㄚ-ㄙ-ㄇㄥˊ	哈斯蒙	-7.04116568	acg
ㄏㄚ-ㄆㄨˇ	哈普	-7.17149945	acg
ㄏㄚ-ㄍㄜˊ-ㄌㄟˊ-ㄈㄨ	哈格雷夫	-6.60980192	acg
ㄏㄚ-ㄇㄟˊ-ㄦˇ	哈梅爾	-7.04116568	acg
ㄏㄚ-ㄅㄧˇ-ㄕㄡˋ	哈比獸	-7.04116568	acg
ㄏㄚ-ㄨㄛˋ-ㄎㄜˋ	哈沃克	-7.04116568	acg
ㄏㄚ-ㄦˇ-ㄅㄚ-ㄉㄨㄣˋ	哈爾巴頓	-6.60980192	acg
ㄏㄚ-ㄦˇ-ㄆㄚˋ	哈爾帕	-7.04116568	acg
ㄏㄚ-ㄦˇ-ㄊㄧㄥ	哈爾汀	-7.04116568	acg
ㄏㄚ-ㄦˇ-ㄊㄜˋ-ㄇㄢˋ	哈爾特曼	-6.60980192	acg
ㄏㄚ-ㄦˇ-ㄍㄜˇ	哈爾葛	-7.04116568	acg
ㄏㄚ-ㄦˇ-ㄉㄚˊ	哈爾達	-7.04116568	acg
ㄏㄚ-ㄊㄜˋ-ㄨㄟ	哈特威	-7.04116568	acg
ㄏㄚ-ㄕㄢ-ㄉㄧㄢˋ-ㄒㄧㄚˋ	哈珊殿下	-6.60980192	acg
ㄏㄚ-ㄇㄚˇ	哈瑪	-7.17149945	acg
ㄏㄚ-ㄉㄧˊ-ㄌㄧˋ	哈笛莉	-7.04116568	acg
ㄏㄚ-ㄨㄟˊ-ㄎㄜˋ	哈維克	-7.04116568	acg
ㄏㄚ-ㄨㄟˊ-ㄙ-ㄊㄜˋ	哈維斯特	-6.60980192	acg
ㄏㄚ-ㄨㄟˊ-ㄙㄚˋ	哈維薩	-7.04116568	acg
ㄏㄚ-ㄕㄨ	哈舒	-7.17149945	acg
ㄏㄚ-ㄅㄚ	哈芭	-7.17149945	acg
ㄏㄚ-ㄓㄨ-ㄉㄧˋ	哈茱蒂	-7.04116568	acg
ㄏㄚ-ㄗ	哈茲	-7.17149945	acg
ㄏㄚ-ㄌㄚ	哈菈	-7.17149945	acg
ㄏㄚ-ㄉㄧˋ	哈蒂	-7.17149945	acg
ㄏㄚ-ㄙㄚˋ-ㄨㄟ	哈薩威	-7.04116568	acg
ㄏㄚ-ㄙㄚˋ-ㄨㄟˊ	哈薩維	-7.04116568	acg
ㄏㄚ-ㄇㄧㄡˋ-ㄦˇ	哈謬爾	-7.04116568	acg
ㄏㄚ-ㄉㄧˊ-ㄙ	哈迪斯	-7.04116568	acg
ㄏㄚ-ㄌㄧㄢˊ-ㄗ	哈連茲	-7.04116568	acg
ㄏㄚ-ㄅㄤ-ㄋㄧˊ	哈邦妮	-7.04116568	acg
ㄏㄚ-ㄌㄧˇ-ㄙ-ㄈㄨ-ㄖㄣˊ	哈里斯夫人	-6.17843815	acg
ㄏㄚ-ㄌㄧˇ-ㄇㄢˋ-ㄈㄨ-ㄖㄣˊ	哈里曼夫人	-6.17843815	acg
ㄏㄚ-ㄌㄧˇ-ㄅㄟˋ-ㄦˇ	哈里貝爾	-6.60980192	acg
ㄏㄚ-ㄌㄧˇ-ㄒㄩㄣˋ	哈里遜	-7.04116568	acg
ㄏㄚ-ㄐㄧㄣ-ㄙㄣ	哈金森	-7.04116568	acg
ㄏㄚ-ㄌㄟˊ-ㄌㄨˋ-ㄧㄚˇ	哈雷路亞	-6.60980192	acg
ㄞ-ㄧㄚ-ㄑㄧㄡˊ-ㄍㄨ	哎呀球菇	-6.60980192	acg
ㄍㄜ-ㄅㄨˋ-ㄌㄧㄣˊ-ㄕㄚ-ㄕㄡˇ	哥布林殺手	-6.17843815	acg
ㄍㄜ-ㄉㄜˊ-ㄈㄨ-ㄌㄧˋ	哥德夫利	-6.60980192	acg
ㄍㄜ-ㄉㄜˊ-ㄅㄚ-ㄦˇ-ㄉㄜˊ	哥德巴爾德	-6.17843815	acg
ㄍㄜ-ㄌㄚ-ㄙ	哥拉斯	-7.04116568	acg
ㄍㄜ-ㄇㄟˊ-ㄌㄧˋ	哥梅利	-7.04116568	acg
ㄍㄜ-ㄇㄟˊ-ㄦˇ	哥梅爾	-7.04116568	acg
ㄍㄜ-ㄦˇ-ㄗ	哥爾茲	-7.04116568	acg
ㄍㄜ-ㄇㄚˇ-ㄒㄧㄢ-ㄕㄥ-ㄒㄩㄥ-ㄉㄧ˙-ㄉㄜ˙-ㄇㄨˇ-ㄑㄧㄣ	哥瑪先生兄弟的母親	-5.74707439	acg
ㄍㄜ-ㄉㄚˊ-ㄧㄚ	哥達鴨	-7.04116568	acg
ㄍㄜ-ㄌㄨㄥˊ	哥隆	-7.17149945	acg
ㄍㄜ-ㄌㄨˇ-ㄍㄜ-ㄌㄨㄛˊ-ㄙㄨㄛˇ	哥魯哥羅索	-6.17843815	acg
ㄕㄠˋ-ㄅㄧㄥ-ㄐㄧ-ㄑㄧˋ-ㄖㄣˊ	哨兵機器人	-6.17843815	acg
ㄕㄠˋ-ㄨㄟˋ	哨衛	-7.17149945	acg
ㄋㄨㄛˊ-ㄓㄚˋ-ㄕㄡˋ	哪吒獸	-7.04116568	acg
ㄎㄨ-ㄑㄧˋ-ㄕㄚ-ㄕㄣˊ	哭泣殺神	-6.60980192	acg
ㄒㄧㄠ-ㄕㄡˋ-ㄕˋ	哮獸式	-7.04116568	acg
ㄓㄜˊ-ㄏㄚ-ㄊㄜˋ	哲哈特	-7.04116568	acg
ㄓㄜˊ-ㄆㄨˇ	哲普	-7.17149945	acg
ㄓㄜˊ-ㄇㄟˊ	哲梅	-7.17149945	acg
ㄓㄜˊ-ㄦˇ-ㄋㄧˊ-ㄧㄚˇ-ㄙ	哲爾尼亞斯	-6.17843815	acg
ㄓㄜˊ-ㄑㄧˊ	哲齊	-7.17149945	acg
ㄊㄤˊ-ㄓ-ㄉㄨˋ-ㄓˋ-ㄣ	唐之杜志恩	-6.17843815	acg
ㄊㄤˊ-ㄋㄚˋ-ㄨㄣˊ	唐納文	-7.04116568	acg
ㄓㄨㄛˊ-ㄇㄨˋ-ㄋㄧㄠˇ-ㄕㄡˋ	啄木鳥獸	-6.60980192	acg
ㄕㄤ-ㄧㄝˋ-ㄉㄚˋ-ㄗㄨㄥˇ-ㄊㄨㄥˇ	商業大總統	-6.17843815	acg
ㄑㄧˇ-ㄉㄨㄥˋ-ㄘˊ-ㄉㄧㄝˊ	啟動磁碟	-6.60980192	acg
ㄑㄧˇ-ㄕˋ-ㄌㄨˋ-ㄅㄠˇ-ㄒㄧㄤ	啟示錄寶箱	-6.17843815	acg
ㄑㄧˇ-ㄕˋ-ㄌㄨˋ-ㄕㄡˋ	啟示錄獸	-6.60980192	acg
ㄐㄧㄡ-ㄐㄧㄡ-ㄕㄡˋ	啾啾獸	-7.04116568	acg
ㄐㄧㄡ-ㄐㄧㄡ-ㄞˋ-ㄦˇ-ㄌㄢˊ	啾啾艾爾蘭	-6.17843815	acg
ㄐㄧㄡ-ㄆㄤˋ	啾胖	-7.17149945	acg
ㄎㄚ-ㄙㄚ-ㄌㄤˇ-ㄇㄢˊ-ㄏㄨㄤ	喀撒朗蠻荒	-6.17843815	acg
ㄎㄚ-ㄦˇ-ㄋㄚˋ-ㄏㄢˇ	喀爾納罕	-6.60980192	acg
ㄎㄚ-ㄊㄜˋ-ㄌㄟˊ-ㄧㄚˇ	喀特雷亞	-6.60980192	acg
ㄎㄚ-ㄞˋ-ㄉㄜˊ	喀艾德	-7.04116568	acg
ㄕㄢˋ-ㄊㄧㄠˊ-ㄍㄤ-ㄧˋ	善條剛毅	-6.60980192	acg
ㄉㄧㄝˊ-ㄒㄧㄝˇ-ㄌㄨㄢˋ-ㄨˇ	喋血亂舞	-6.60980192	acg
ㄉㄧㄝˊ-ㄒㄧㄝˇ-ㄊㄢˋ-ㄎㄢ-ㄔㄨㄢˊ	喋血探勘船	-6.17843815	acg
ㄉㄧㄝˊ-ㄒㄧㄝˇ-ㄓㄨㄢˇ-ㄌㄨㄣˊ	喋血轉輪	-6.60980192	acg
ㄉㄧㄝˊ-ㄒㄧㄝˇ-ㄕㄨㄤ-ㄒㄩㄥˊ	喋血雙雄	-6.60980192	acg
ㄉㄧㄝˊ-ㄒㄧㄝˇ-ㄒㄧㄤ-ㄍㄤˇ	喋血香港	-6.60980192	acg
ㄏㄨㄟˋ-ㄗㄨㄟˇ-ㄧˋ-ㄕㄡˋ	喙嘴翼獸	-6.60980192	acg
ㄒㄧˇ-ㄦˊ-ㄌㄚ	喜兒拉	-7.04116568	acg
ㄒㄧˇ-ㄉㄨㄛ-ㄖˋ-ㄘㄞˋ-ㄗˇ	喜多日菜子	-6.17843815	acg
ㄒㄧˇ-ㄉㄨㄛ-ㄐㄧㄢˋ-ㄧㄡˋ	喜多見柚	-6.60980192	acg
ㄒㄧˇ-ㄨ-ㄨˇ-ㄩㄝˋ-ㄖˋ	喜屋武月日	-6.17843815	acg
ㄒㄧˇ-ㄨ-ㄨˇ-ㄓㄥˋ-ㄏㄨㄟˋ	喜屋武正惠	-6.17843815	acg
ㄒㄧˇ-ㄩㄝˋ-ㄇㄛˊ-ㄋㄩˇ	喜悅魔女	-6.60980192	acg
ㄒㄧˇ-ㄊㄞˋ-ㄗㄜˊ-ㄒㄩˋ	喜汰澤旭	-6.60980192	acg
ㄒㄧˇ-ㄌㄩˋ-ㄐㄧㄤ-ㄇㄟˇ-ㄌㄧˇ	喜綠江美里	-6.17843815	acg
ㄒㄧˇ-ㄇㄟˇ	喜美	-7.17149945	acg
ㄒㄧˇ-ㄐㄧㄣ-ㄋㄧㄝ	喜金捏	-7.04116568	acg
ㄙㄤ-ㄕ-ㄆㄨˇ-ㄌㄨˋ-ㄊㄨㄛ-ㄕㄡˋ	喪屍普路托獸	-5.74707439	acg
ㄙㄤ-ㄏㄨㄣˊ-ㄉㄧㄥ	喪魂釘	-7.04116568	acg
ㄑㄧㄠˊ-ㄧ-ㄎㄨˋ-ㄎㄣˇ	喬依庫肯	-6.60980192	acg
ㄑㄧㄠˊ-ㄍㄤ	喬剛	-7.17149945	acg
ㄑㄧㄠˊ-ㄎㄜˇ	喬可	-7.17149945	acg
ㄑㄧㄠˊ-ㄉㄨㄛ	喬多	-7.17149945	acg
ㄑㄧㄠˊ-ㄨㄚˊ-ㄨㄟˊ-ㄑㄧˊ	喬娃薇琪	-6.60980192	acg
ㄑㄧㄠˊ-ㄋㄧˊ-ㄙ	喬尼斯	-7.04116568	acg
ㄑㄧㄠˊ-ㄅㄚ	喬巴	-7.17149945	acg
ㄑㄧㄠˊ-ㄎㄤ-ㄉㄚˊ-ㄈㄨ-ㄖㄣˊ	喬康達夫人	-6.17843815	acg
ㄑㄧㄠˊ-ㄌㄚ-ㄎㄜˇ-ㄦˇ	喬拉可爾	-6.60980192	acg
ㄑㄧㄠˊ-ㄕㄨ-ㄧㄚˇ	喬書亞	-7.04116568	acg
ㄑㄧㄠˊ-ㄓˋ-ㄒㄩㄣ-ㄐㄩㄝˊ	喬治勳爵	-6.60980192	acg
ㄑㄧㄠˊ-ㄓˋ-ㄡ	喬治歐	-7.04116568	acg
ㄑㄧㄠˊ-ㄦˇ	喬爾	-7.17149945	acg
ㄑㄧㄠˊ-ㄙㄜˋ	喬瑟	-7.17149945	acg
ㄑㄧㄠˊ-ㄙㄜˋ-ㄌㄧㄣˊ	喬瑟琳	-7.04116568	acg
ㄑㄧㄠˊ-ㄋㄚˋ	喬納	-7.17149945	acg
ㄑㄧㄠˊ-ㄌㄚ	喬菈	-7.17149945	acg
ㄑㄧㄠˊ-ㄒㄩˇ-ㄏㄚ-ㄌㄨㄛˋ-ㄨㄟ	喬許哈洛威	-6.17843815	acg
ㄉㄢ-ㄕㄡˇ-ㄔㄤˊ-ㄐㄧㄢˋ	單手長劍	-6.60980192	acg
ㄉㄢ-ㄉㄨˋ-ㄙ-ㄈㄤˊ-ㄨㄟˋ-ㄍㄨㄢ	單杜斯防衛官	-5.74707439	acg
ㄉㄢ-ㄘˋ-ㄑㄧㄤˊ-ㄌㄧˋ-ㄕㄜˋ-ㄐㄧˊ-ㄇㄛˊ-ㄕˋ	單次強力射擊模式	-5.74707439	acg
ㄉㄢ-ㄌㄨㄣˊ-ㄔㄜ-ㄉㄜ˙-ㄇㄥˋ-ㄒㄧㄤˇ	單輪車的夢想	-5.74707439	acg
ㄊㄢˋ-ㄒㄧˊ-ㄊㄢˊ	嘆息彈	-7.04116568	acg
ㄊㄢˋ-ㄕㄨㄤ-ㄓ-ㄐㄧㄢˋ	嘆霜之劍	-6.60980192	acg
ㄐㄧㄚ-ㄑㄧˊ	嘉奇	-7.17149945	acg
ㄐㄧㄚ-ㄙ-ㄅㄚ	嘉斯巴	-7.04116568	acg
ㄐㄧㄚ-ㄌㄜˋ-ㄙ	嘉樂斯	-7.04116568	acg
ㄐㄧㄚ-ㄊㄜˋ	嘉特	-7.17149945	acg
ㄐㄧㄚ-ㄉㄧˋ-ㄋㄚˋ-ㄈㄨ-ㄖㄣˊ	嘉蒂納夫人	-6.17843815	acg
ㄐㄧㄚ-ㄌㄧㄢˊ	嘉蓮	-7.17149945	acg
ㄐㄧㄚ-ㄌㄢˊ-ㄅㄞˇ-ㄏㄜˊ	嘉蘭百合	-6.60980192	acg
ㄍㄚ-ㄌㄚ-ㄍㄚ-ㄌㄚ	嘎啦嘎啦	-6.60980192	acg
ㄍㄚ-ㄍㄚ-ㄓㄚ-ㄊㄜˋ	嘎嘎扎特	-6.60980192	acg
ㄍㄚ-ㄓ	嘎枝	-7.17149945	acg
ㄏㄟ-ㄏㄜ	嘿呵	-7.17149945	acg
ㄒㄩ-ㄒㄩ-ㄒㄧㄤˋ	噓噓象	-7.04116568	acg
ㄆㄨ-ㄧㄡ-ㄕㄡˋ	噗呦獸	-7.04116568	acg
ㄜˋ-ㄇㄥˋ-ㄓ-ㄧㄝˋ	噩夢之夜	-6.60980192	acg
ㄜˋ-ㄇㄥˋ-ㄓ-ㄩㄝˋ	噩夢之月	-6.60980192	acg
ㄜˋ-ㄇㄥˋ-ㄙㄣ-ㄌㄧㄣˊ	噩夢森林	-6.60980192	acg
ㄕˋ-ㄒㄧㄝˇ-ㄌㄧㄡˊ-ㄆㄠˋ	噬血榴炮	-6.60980192	acg
ㄆㄣ-ㄕㄜˋ-ㄊㄨㄛ-ㄒㄧㄢˋ	噴射拖線	-6.60980192	acg
ㄆㄣ-ㄕㄜˋ-ㄓˇ-ㄏㄨㄟ-ㄊㄧㄥˇ	噴射指揮艇	-6.17843815	acg
ㄆㄣ-ㄕㄜˋ-ㄇㄨˋ-ㄊㄨㄥˇ-ㄙㄞˋ	噴射木桶賽	-6.17843815	acg
ㄧㄢˊ-ㄌㄧㄥˊ-ㄨㄢˊ	嚴靈丸	-7.04116568	acg
ㄙˋ-ㄕˊ-ㄨㄢˋ-ㄩㄢˊ	四十萬緣	-6.60980192	acg
ㄙˋ-ㄕˊ-ㄨㄢˋ-ㄘㄨㄟˋ	四十萬翠	-6.60980192	acg
ㄙˋ-ㄕˊ-ㄨㄢˋ-ㄔㄥˊ-ㄙ	四十萬誠司	-6.17843815	acg
ㄙˋ-ㄈㄤ-ㄔㄨㄢ-ㄔㄤ-ㄆㄨˊ	四方川菖蒲	-6.17843815	acg
ㄙˋ-ㄈㄤ-ㄊㄧㄢˊ-ㄑㄧㄢ-ㄕㄚ	四方田千砂	-6.17843815	acg
ㄙˋ-ㄍㄜˊ-ㄒㄧㄠˇ-ㄕˊ	四格小石	-6.60980192	acg
ㄙˋ-ㄊㄧㄠˊ-ㄏㄨˋ-ㄗˇ	四條冴子	-6.60980192	acg
ㄙˋ-ㄘˋ-ㄩㄢˊ-ㄅㄞˇ-ㄅㄠˇ-ㄉㄞˋ	四次元百寶袋	-5.74707439	acg
ㄙˋ-ㄏㄞˇ-ㄒㄩㄥ-ㄉㄧ˙-ㄒㄧˋ-ㄌㄧㄝˋ	四海兄弟系列	-5.74707439	acg
ㄙˋ-ㄉㄧㄝˊ-ㄅㄢˋ-ㄕˊ-ㄍㄨㄤ-ㄐㄧ-ㄌㄢˊ-ㄉㄧㄠˋ	四疊半時光機藍調	-5.74707439	acg
ㄙˋ-ㄧㄢˇ-ㄊㄧㄢ-ㄐㄧ	四眼天雞	-6.60980192	acg
ㄙˋ-ㄉㄥˇ-ㄗˇ-ㄐㄩㄝˊ	四等子爵	-6.60980192	acg
ㄙˋ-ㄉㄥˇ-ㄗˇ-ㄐㄩㄝˊ-ㄐㄧㄚ	四等子爵家	-6.17843815	acg
ㄙˋ-ㄍㄨㄢˇ-ㄒㄧㄢˋ-ㄉㄢˋ-ㄑㄧㄤ	四管霰彈槍	-6.17843815	acg
ㄙˋ-ㄧㄝˋ-ㄏㄨㄥˊ-ㄊㄨㄥ	四葉弘通	-6.60980192	acg
ㄙˋ-ㄧㄝˋ-ㄧㄡˊ-ㄒㄧˋ	四葉遊戲	-6.60980192	acg
ㄙˋ-ㄧㄝˋ-ㄧㄡˊ-ㄒㄧˋ-ㄗㄨㄟˋ-ㄓㄨㄥ-ㄨˇ-ㄑㄩˇ	四葉遊戲最終舞曲	-5.74707439	acg
ㄙˋ-ㄉㄠˋ-ㄑㄧㄥˊ-ㄗˇ	四道晴子	-6.60980192	acg
ㄙˋ-ㄈㄥ-ㄒㄧㄚˊ	四風峽	-7.04116568	acg
ㄙˋ-ㄈㄥ-ㄨㄤˊ-ㄗㄨㄛˋ	四風王座	-6.60980192	acg
ㄙˋ-ㄑㄩ-ㄉㄡˋ-ㄕˋ	四驅鬥士	-6.60980192	acg
ㄏㄨㄟˊ-ㄉㄠˋ-ㄋㄚˇ-ㄆㄧㄢˋ-ㄊㄧㄢ-ㄎㄨㄥ-ㄉㄜ˙-ㄨㄟˋ-ㄌㄞˊ	回到那片天空的未來	-5.74707439	acg
ㄏㄨㄟˊ-ㄒㄧㄤˇ-ㄅㄧㄝ	回想鱉	-7.04116568	acg
ㄏㄨㄟˊ-ㄧˋ-ㄙㄢ-ㄅㄨˋ-ㄑㄩˇ	回憶三部曲	-6.17843815	acg
ㄏㄨㄟˊ-ㄧˋ-ㄓㄨㄥ-ㄉㄜ˙-ㄇㄚˇ-ㄋㄧˊ	回憶中的瑪妮	-5.74707439	acg
ㄏㄨㄟˊ-ㄧˋ-ㄓ-ㄑㄧㄡ	回憶之丘	-6.60980192	acg
ㄏㄨㄟˊ-ㄕㄡ-ㄎㄜ	回收科	-7.04116568	acg
ㄏㄨㄟˊ-ㄕㄡ-ㄓㄨㄤ-ㄓˋ	回收裝置	-6.60980192	acg
ㄏㄨㄟˊ-ㄈㄤˇ-ㄑㄩㄢˋ	回放券	-7.04116568	acg
ㄧㄣ-ㄧㄣ	因因	-7.17149945	acg
ㄧㄣ-ㄈㄢ-ㄧㄥˇ-ㄌㄤˊ-ㄗㄨㄛˇ	因幡影狼佐	-6.17843815	acg
ㄧㄣ-ㄈㄢ-ㄔㄥˊ-ㄒㄧㄤ	因幡澄香	-6.60980192	acg
ㄧㄣ-ㄋㄚˋ-ㄖㄨㄟˋ-ㄙ	因納瑞斯	-6.60980192	acg
ㄎㄨㄣˋ-ㄋㄢˊ-ㄇㄛˊ-ㄕˋ	困難模式	-6.60980192	acg
ㄍㄨˋ-ㄉㄧㄥˋ-ㄒㄧㄥˊ-ㄐㄧ-ㄍㄨㄢ-ㄑㄧㄤ	固定型機關槍	-5.74707439	acg
ㄑㄩㄢ-ㄉㄧˋ-ㄅㄧˇ-ㄙㄞˋ	圈地比賽	-6.60980192	acg
ㄍㄨㄛˊ-ㄑㄧˊ-ㄨㄤˇ-ㄖㄣˊ	國崎往人	-6.60980192	acg
ㄍㄨㄛˊ-ㄔㄤˊ-ㄌㄨˋ-ㄉㄚˋ-ㄐㄩㄝˊ	國常路大覺	-6.17843815	acg
ㄍㄨㄛˊ-ㄇㄨˋ-ㄊㄧㄢˊ-ㄅㄨˋ	國木田步	-6.60980192	acg
ㄍㄨㄛˊ-ㄨㄤˊ-ㄐㄩˋ-ㄊㄨㄢˊ	國王劇團	-6.60980192	acg
ㄍㄨㄛˊ-ㄐㄧˋ-ㄐㄧㄝˇ-ㄈㄤˋ-ㄗㄨˇ-ㄓ	國際解放組織	-5.74707439	acg
ㄨㄟˊ-ㄍㄨㄥ-ㄠˋ-ㄍㄜˊ-ㄇㄚˇ	圍攻奧格瑪	-6.17843815	acg
ㄨㄟˊ-ㄍㄨㄥ-ㄋㄨˋ-ㄓㄠˋ-ㄙˋ	圍攻怒兆寺	-6.17843815	acg
ㄩㄢˊ-ㄊㄧㄢˊ-ㄐㄧㄡˇ-ㄗˇ	園田久子	-6.60980192	acg
ㄩㄢˊ-ㄊㄧㄢˊ-ㄌㄧㄤˊ-ㄗˇ	園田涼子	-6.60980192	acg
ㄩㄢˊ-ㄌㄩˋ-ㄗˇ	園綠子	-7.04116568	acg
ㄩㄢˊ-ㄅㄨˋ-ㄑㄧˇ	園部啟	-7.04116568	acg
ㄩㄢˊ-ㄏㄨㄥˊ-ㄗㄜˊ	圓宏則	-7.04116568	acg
ㄩㄢˊ-ㄏㄨˊ-ㄓㄢˇ	圓弧斬	-7.04116568	acg
ㄩㄢˊ-ㄈㄚˇ-ㄕ	圓法師	-7.04116568	acg
ㄩㄢˊ-ㄐㄧ-ㄎㄨㄞˋ	圓雞塊	-7.04116568	acg
ㄩㄢˊ-ㄒㄧㄤ	圓香	-7.17149945	acg
ㄊㄨˊ-ㄧ	圖伊	-7.17149945	acg
ㄊㄨˊ-ㄌㄧˋ-ㄙㄜˋ-ㄚ-ㄏㄜˋ	圖利瑟阿赫	-6.17843815	acg
ㄊㄨˊ-ㄎㄚˇ-ㄏㄢˋ-ㄅㄛˊ-ㄉㄧˋ	圖卡和柏蒂	-6.17843815	acg
ㄊㄨˊ-ㄊㄨˊ	圖圖	-7.17149945	acg
ㄊㄨˊ-ㄇㄨˇ-ㄙ	圖姆斯	-7.04116568	acg
ㄊㄨˊ-ㄆㄞˋ-ㄧ	圖派依	-7.04116568	acg
ㄊㄨˊ-ㄇㄧㄡˋ	圖謬	-7.17149945	acg
ㄊㄨㄢˊ-ㄉㄨㄟˋ-ㄙˇ-ㄉㄡˋ-ㄇㄛˊ-ㄕˋ	團隊死鬥模式	-5.74707439	acg
ㄊㄨㄢˊ-ㄉㄨㄟˋ-ㄓˋ-ㄌㄧㄠˊ	團隊治療	-6.60980192	acg
ㄊㄨㄢˊ-ㄊㄧˇ-ㄎㄡˇ-ㄏㄠˋ-ㄨㄟˊ	團體口號為	-6.17843815	acg
ㄊㄨㄢˊ-ㄊㄧˇ-ㄉㄨㄛˊ-ㄑㄧˊ-ㄙㄞˋ	團體奪旗賽	-6.17843815	acg
ㄊㄨㄢˊ-ㄊㄧˇ-ㄐㄧㄥˋ-ㄙㄨˋ-ㄙㄞˋ	團體競速賽	-6.17843815	acg
ㄊㄨㄢˊ-ㄊㄧˇ-ㄉㄠˋ-ㄐㄩˋ-ㄙㄞˋ	團體道具賽	-6.17843815	acg
ㄊㄨˇ-ㄙㄨˊ-ㄕㄣˊ	土俗神	-7.04116568	acg
ㄊㄨˇ-ㄡˇ-ㄕㄡˋ	土偶獸	-7.04116568	acg
ㄊㄨˇ-ㄒㄧㄢ-ㄕㄥ	土先生	-7.04116568	acg
ㄊㄨˇ-ㄈㄟˇ-ㄒㄧㄥˊ	土匪型	-7.04116568	acg
ㄊㄨˇ-ㄑㄧˋ-ㄌㄧㄢˊ	土器連	-7.04116568	acg
ㄊㄨˇ-ㄐㄩ-ㄓㄥˋ	土居正	-7.04116568	acg
ㄊㄨˇ-ㄨ-ㄧㄚˇ-ㄗˇ	土屋亞子	-6.60980192	acg
ㄊㄨˇ-ㄨ-ㄇㄥˋ-ㄊㄨㄣˊ	土屋夢屯	-6.60980192	acg
ㄊㄨˇ-ㄙˋ	土巳	-7.17149945	acg
ㄊㄨˇ-ㄈㄤ-ㄌㄧㄥˊ	土方鈴	-7.04116568	acg
ㄊㄨˇ-ㄒㄧㄥ-ㄌㄧㄡˋ-ㄕˋ	土星六式	-6.60980192	acg
ㄊㄨˇ-ㄈㄟˊ-ㄊㄞˋ-ㄊㄞˋ	土肥太太	-6.60980192	acg
ㄊㄨˇ-ㄇㄥˊ-ㄧㄥˊ	土萌螢	-7.04116568	acg
ㄊㄨˇ-ㄓㄨˋ-ㄏㄠˋ	土著號	-7.04116568	acg
ㄊㄨˇ-ㄍㄨˇ-ㄌㄧㄡˊ-ㄍㄨㄛˇ	土谷瑠果	-6.60980192	acg
ㄗㄞˋ-ㄐㄩˋ-ㄔㄤˇ-ㄅㄢˇ	在劇場版	-6.60980192	acg
ㄗㄞˋ-ㄍㄨㄢ-ㄈㄤ-ㄨㄤˇ-ㄓㄢˋ-ㄍㄨㄢ-ㄩˊ	在官方網站關於	-5.74707439	acg
ㄗㄞˋ-ㄣ	在恩	-7.17149945	acg
ㄗㄞˋ-ㄏㄨㄟ-ㄐㄧㄣˋ-ㄓㄨㄥ-ㄅㄚˊ-ㄕㄜˋ	在灰燼中跋涉	-5.74707439	acg
ㄗㄞˋ-ㄊㄧˊ-ㄋㄧㄠˇ	在蹄鳥	-7.04116568	acg
ㄗㄞˋ-ㄧㄠˊ-ㄩㄢˇ-ㄉㄜ˙-ㄑㄧㄥ-ㄎㄨㄥˋ-ㄒㄧㄚˋ	在遙遠的青空下	-5.74707439	acg
ㄍㄨㄟ-ㄗˇ-ㄢ-ㄉㄜˊ-ㄙㄣ	圭子安德森	-6.17843815	acg
ㄉㄧˋ-ㄒㄧㄚˋ-ㄔㄥˊ-ㄓㄨㄥ-ㄉㄜ˙-ㄖㄣˊ	地下城中的人	-5.74707439	acg
ㄉㄧˋ-ㄒㄧㄚˋ-ㄕㄥ-ㄏㄨㄛˊ-ㄓㄜˇ	地下生活者	-6.17843815	acg
ㄉㄧˋ-ㄒㄧㄚˋ-ㄖㄨˊ-ㄔㄨㄥˊ	地下蠕蟲	-6.60980192	acg
ㄉㄧˋ-ㄘˋ-ㄓˊ-ㄒㄩㄝˋ	地刺殖穴	-6.60980192	acg
ㄉㄧˋ-ㄉㄨㄥˋ-ㄓ-ㄖˋ	地動之日	-6.60980192	acg
ㄉㄧˋ-ㄊㄨˊ-ㄐㄩㄣ	地圖君	-7.04116568	acg
ㄉㄧˋ-ㄉㄧˇ-ㄕˋ-ㄐㄧㄝˋ	地底世界	-6.60980192	acg
ㄉㄧˋ-ㄉㄧˇ-ㄖㄣˊ-ㄕㄤˋ-ㄧㄝˇ-ㄒㄧㄢ-ㄕㄥ	地底人上野先生	-5.74707439	acg
ㄉㄧˋ-ㄒㄧㄥˊ-ㄅㄧㄢˋ-ㄏㄨㄚˋ	地形變化	-6.60980192	acg
ㄉㄧˋ-ㄋㄧㄢˋ-ㄦˊ	地念兒	-7.04116568	acg
ㄉㄧˋ-ㄕㄣ-ㄓ-ㄩㄢˊ	地深之源	-6.60980192	acg
ㄉㄧˋ-ㄩˋ-ㄙㄢ-ㄊㄡˊ-ㄑㄩㄢˇ	地獄三頭犬	-6.17843815	acg
ㄉㄧˋ-ㄩˋ-ㄓ-ㄒㄧㄥ	地獄之星	-6.60980192	acg
ㄉㄧˋ-ㄩˋ-ㄓ-ㄏㄨㄛˇ	地獄之火	-6.60980192	acg
ㄉㄧˋ-ㄩˋ-ㄓ-ㄏㄨㄛˇ-ㄐㄩˋ-ㄌㄜˋ-ㄅㄨˋ	地獄之火俱樂部	-5.74707439	acg
ㄉㄧˋ-ㄩˋ-ㄆㄠˊ-ㄒㄧㄠ	地獄咆哮	-6.60980192	acg
ㄉㄧˋ-ㄩˋ-ㄏㄠˊ-ㄐㄧㄠˋ	地獄嚎叫	-6.60980192	acg
ㄉㄧˋ-ㄩˋ-ㄒㄧㄠˇ-ㄍㄨㄟˇ-ㄕㄡˋ	地獄小鬼獸	-6.17843815	acg
ㄉㄧˋ-ㄩˋ-ㄕㄠˋ-ㄋㄩˇ	地獄少女	-6.60980192	acg
ㄉㄧˋ-ㄩˋ-ㄧㄡ-ㄌㄧㄥˊ	地獄幽靈	-6.60980192	acg
ㄉㄧˋ-ㄩˋ-ㄌㄩˇ-ㄍㄨㄢˇ	地獄旅館	-6.60980192	acg
ㄉㄧˋ-ㄩˋ-ㄓㄢˋ-ㄉㄠˋ	地獄棧道	-6.60980192	acg
ㄉㄧˋ-ㄩˋ-ㄏㄨㄛˇ-ㄅㄧˋ-ㄌㄟˇ	地獄火壁壘	-6.17843815	acg
ㄉㄧˋ-ㄩˋ-ㄉㄜ˙-ㄊㄨㄥˇ-ㄓˋ-ㄓㄜˇ-ㄇㄣˊ	地獄的統治者們	-5.74707439	acg
ㄉㄧˋ-ㄩˋ-ㄕˊ	地獄石	-7.04116568	acg
ㄉㄧˋ-ㄩˋ-ㄕˊ-ㄧㄥ-ㄎㄨㄤˋ	地獄石英礦	-6.17843815	acg
ㄉㄧˋ-ㄩˋ-ㄏㄨㄤ-ㄩㄢˊ	地獄荒原	-6.60980192	acg
ㄉㄧˋ-ㄩˋ-ㄑㄧˊ-ㄕˋ	地獄騎士	-6.60980192	acg
ㄉㄧˋ-ㄑㄧㄡˊ-ㄙㄢ-ㄕˋ	地球三式	-6.60980192	acg
ㄉㄧˋ-ㄑㄧㄡˊ-ㄊㄨˊ-ㄕㄨ-ㄍㄨㄢˇ	地球圖書館	-6.17843815	acg
ㄉㄧˋ-ㄑㄧㄡˊ-ㄊㄜˋ-ㄆㄞˋ-ㄩㄢˊ	地球特派員	-6.17843815	acg
ㄉㄧˋ-ㄑㄧㄡˊ-ㄐㄧㄝˇ-ㄈㄤˋ-ㄓㄢˋ-ㄒㄧㄢˋ	地球解放戰線	-5.74707439	acg
ㄉㄧˋ-ㄑㄧㄡˊ-ㄈㄤˊ-ㄨㄟˋ-ㄗㄨㄥˇ-ㄅㄨˋ	地球防衛總部	-5.74707439	acg
ㄉㄧˋ-ㄉㄚˊ-ㄌㄨㄛˊ	地達羅	-7.04116568	acg
ㄉㄧˋ-ㄌㄟˊ-ㄎㄜˋ	地雷剋	-7.04116568	acg
ㄉㄧˋ-ㄕㄨˇ-ㄋㄢˊ	地鼠男	-7.04116568	acg
ㄉㄧˋ-ㄌㄨㄥˊ-ㄏㄠˋ	地龍號	-7.04116568	acg
ㄅㄢˇ-ㄒㄧㄚˋ-ㄧㄝˋ-ㄨㄟˋ	坂下夜未	-6.60980192	acg
ㄅㄢˇ-ㄎㄡˇ-ㄐㄩˊ-ㄓㄤˇ	坂口局長	-6.60980192	acg
ㄅㄢˇ-ㄑㄧˊ-ㄓㄨㄛˊ-ㄇㄛˊ	坂崎琢磨	-6.60980192	acg
ㄅㄢˇ-ㄑㄧˊ-ㄅㄞˇ-ㄏㄜˊ	坂崎百合	-6.60980192	acg
ㄅㄢˇ-ㄑㄧˊ-ㄌㄧㄤˊ	坂崎良	-7.04116568	acg
ㄅㄢˇ-ㄇㄨˋ	坂木	-7.17149945	acg
ㄅㄢˇ-ㄇㄨˋ-ㄐㄧㄥˋ-ㄒㄧㄤ	坂木靜香	-6.60980192	acg
ㄅㄢˇ-ㄉㄨㄥ-ㄙㄢ-ㄌㄤˊ-ㄊㄞˋ	坂東三郎太	-6.17843815	acg
ㄈㄤ-ㄅㄠˇ-ㄅㄠˇ	坊寶寶	-7.04116568	acg
ㄎㄢˇ-ㄆㄟˋ-ㄋㄧˊ-ㄌㄚ	坎佩尼拉	-6.60980192	acg
ㄎㄢˇ-ㄉㄜˊ-ㄌㄚ-ㄙ	坎德拉斯	-6.60980192	acg
ㄎㄢˇ-ㄕㄚ	坎沙	-7.17149945	acg
ㄎㄢˇ-ㄊㄜˋ-ㄅㄛˊ-ㄌㄧˇ	坎特伯里	-6.60980192	acg
ㄎㄢˇ-ㄊㄜˋ-ㄌㄚ-ㄔㄥˊ	坎特拉城	-6.60980192	acg
ㄎㄢˇ-ㄊㄜˋ-ㄌㄚ-ㄔㄥˊ-ㄏㄨㄣ-ㄌㄧˇ	坎特拉城婚禮	-5.74707439	acg
ㄎㄢˇ-ㄊㄜˋ-ㄌㄚ-ㄐㄧㄥ-ㄆㄧㄣˇ-ㄉㄧㄢˋ	坎特拉精品店	-5.74707439	acg
ㄎㄢˇ-ㄊㄜˋ-ㄌㄚ-ㄍㄠ-ㄓㄨㄥ	坎特拉高中	-6.17843815	acg
ㄎㄢˇ-ㄌㄨㄛˊ	坎羅	-7.17149945	acg
ㄗㄨㄛˋ-ㄐㄧㄢ-ㄒㄧㄠˇ-ㄍㄨㄟˇ-ㄊㄡˊ	坐肩小鬼頭	-6.17843815	acg
ㄗㄨㄛˋ-ㄐㄧˋ-ㄕㄢ-ㄧㄤˊ	坐騎山羊	-6.60980192	acg
ㄊㄢˇ-ㄎㄜˋ-ㄒㄧㄥˊ-ㄏㄨㄤˊ-ㄐㄧㄣ-ㄍㄨㄛˊ-ㄇㄥˇ-ㄕㄡˋ	坦克型黃金國猛獸	-5.74707439	acg
ㄊㄢˇ-ㄎㄜˋ-ㄧㄠˋ-ㄉㄨㄥ-ㄇㄧㄢˊ	坦克要冬眠	-6.17843815	acg
ㄊㄢˇ-ㄎㄜˋ-ㄌㄨㄥˊ-ㄕㄡˋ	坦克龍獸	-6.60980192	acg
ㄊㄢˇ-ㄌㄧˋ-ㄧㄚˇ	坦利亞	-7.04116568	acg
ㄊㄢˇ-ㄎㄚˇ-ㄗㄨˊ	坦卡族	-7.04116568	acg
ㄊㄢˇ-ㄉㄧˊ-ㄇㄨˇ-ㄍㄤˇ	坦迪姆港	-6.60980192	acg
ㄆㄧㄥˊ-ㄍㄣ	坪根	-7.17149945	acg
ㄔㄨㄟˊ-ㄦˇ-ㄊㄨˋ-ㄕㄡˋ	垂耳兔獸	-6.60980192	acg
ㄌㄜˋ-ㄙㄜˋ-ㄅㄠˇ-ㄨˋ	垃圾寶物	-6.60980192	acg
ㄌㄜˋ-ㄙㄜˋ-ㄕㄡˋ	垃圾獸	-7.04116568	acg
ㄩㄢˊ-ㄍㄨˇ-ㄩㄥˇ-ㄨˊ	垣谷勇吾	-6.60980192	acg
ㄩㄢˊ-ㄍㄨˇ-ㄨㄟˇ	垣谷唯	-7.04116568	acg
ㄞ-ㄐㄧㄝˊ	埃傑	-7.17149945	acg
ㄞ-ㄎㄜˇ-ㄕㄤˋ	埃可尚	-7.04116568	acg
ㄞ-ㄐㄧ-ㄊㄜˋ	埃基特	-7.04116568	acg
ㄞ-ㄙㄞ-ㄎㄜˋ-ㄙ	埃塞克斯	-6.60980192	acg
ㄞ-ㄉㄜˊ-ㄦˇ-ㄙ-ㄊㄢˇ-ㄉㄠˇ	埃德爾斯坦島	-5.74707439	acg
ㄞ-ㄦˇ-ㄨㄣˊ	埃爾文	-7.04116568	acg
ㄞ-ㄦˇ-ㄋㄨㄛˋ-ㄌㄚ	埃爾諾拉	-6.60980192	acg
ㄞ-ㄌㄟˊ-ㄆㄛ-ㄋㄧˊ-ㄧㄚˇ-ㄉㄧˋ-ㄍㄨㄛˊ	埃雷波尼亞帝國	-5.74707439	acg
ㄞ-ㄌㄟˊ-ㄉㄚˊ-ㄦˇ	埃雷達爾	-6.60980192	acg
ㄔㄥˊ-ㄓㄨˇ-ㄉㄚˋ-ㄖㄣˊ	城主大人	-6.60980192	acg
ㄔㄥˊ-ㄅㄠˇ-ㄇㄠˋ-ㄧㄢ-ㄔㄨˊ-ㄈㄤˊ	城堡冒煙廚房	-5.74707439	acg
ㄔㄥˊ-ㄅㄠˇ-ㄨㄢˊ-ㄐㄩˋ-ㄉㄜ˙-ㄊㄧㄢ-ㄊㄤˊ	城堡玩具的天堂	-5.74707439	acg
ㄔㄥˊ-ㄑㄧˊ-ㄇㄟˇ-ㄐㄧㄚ	城崎美嘉	-6.60980192	acg
ㄔㄥˊ-ㄑㄧˊ-ㄌㄧˋ-ㄐㄧㄚ	城崎莉嘉	-6.60980192	acg
ㄔㄥˊ-ㄕˋ-ㄒㄧㄠˇ-ㄈㄟ-ㄋㄩˇ	城市小飛女	-6.17843815	acg
ㄔㄥˊ-ㄕˋ-ㄌㄧㄢˋ-ㄩˋ	城市煉獄	-6.60980192	acg
ㄔㄥˊ-ㄕˋ-ㄈㄥ-ㄩㄣˊ-ㄦˊ	城市風雲兒	-6.17843815	acg
ㄔㄥˊ-ㄏㄨˋ-ㄒㄧㄢ-ㄕㄥ	城戶先生	-6.60980192	acg
ㄔㄥˊ-ㄏㄨˋ-ㄒㄧㄣ	城戶新	-7.04116568	acg
ㄔㄥˊ-ㄏㄨˋ-ㄧㄢˊ-ㄦˋ	城戶研二	-6.60980192	acg
ㄔㄥˊ-ㄓˋ	城治	-7.17149945	acg
ㄔㄥˊ-ㄓㄣˋ-ㄉㄚˋ-ㄊㄤˊ	城鎮大堂	-6.60980192	acg
ㄔㄥˊ-ㄓㄣˋ-ㄕㄨㄟˇ-ㄕㄤˋ-ㄑㄧㄠ-ㄑㄧㄠ-ㄅㄢˇ	城鎮水上翹翹板	-5.74707439	acg
ㄔㄥˊ-ㄓㄣˋ-ㄕㄨㄟˇ-ㄌㄨˋ	城鎮水路	-6.60980192	acg
ㄆㄟˊ-ㄧㄣ	培因	-7.17149945	acg
ㄆㄟˊ-ㄘㄥˊ	培曾	-7.17149945	acg
ㄆㄟˊ-ㄆㄛ	培波	-7.17149945	acg
ㄆㄟˊ-ㄌㄨㄛˊ-ㄋㄚˋ	培羅娜	-7.04116568	acg
ㄐㄧ-ㄌㄧˋ	基利	-7.17149945	acg
ㄐㄧ-ㄌㄧˋ-ㄢ	基利安	-7.04116568	acg
ㄐㄧ-ㄔㄚˋ-ㄕㄡˋ	基剎獸	-7.04116568	acg
ㄐㄧ-ㄐㄧㄚ-ㄙ-ㄒㄧ-ㄉㄚˊ	基加斯西達	-6.17843815	acg
ㄐㄧ-ㄐㄧㄚ-ㄇㄟˇ-ㄒㄧㄡ	基加美修	-6.60980192	acg
ㄐㄧ-ㄋㄨˇ	基努	-7.17149945	acg
ㄐㄧ-ㄧㄣ-ㄅㄛˊ-ㄕˋ	基因博士	-6.60980192	acg
ㄐㄧ-ㄐㄧ-ㄕㄡˋ	基基獸	-7.04116568	acg
ㄐㄧ-ㄈㄨ-ㄏㄡˋ-ㄧˋ-ㄅㄠˋ-ㄌㄨㄥˊ	基夫後裔暴龍	-5.74707439	acg
ㄐㄧ-ㄨㄟ	基威	-7.17149945	acg
ㄐㄧ-ㄋㄧˊ-ㄧㄚˇ-ㄙ	基尼亞斯	-6.60980192	acg
ㄐㄧ-ㄘㄥˊ-ㄆㄠˇ-ㄕㄡˇ	基層跑首	-6.60980192	acg
ㄐㄧ-ㄉㄨˋ	基度	-7.17149945	acg
ㄐㄧ-ㄉㄜˊ	基德	-7.17149945	acg
ㄐㄧ-ㄉㄜˊ-ㄅㄛˊ-ㄕˋ	基德博士	-6.60980192	acg
ㄐㄧ-ㄣ	基恩	-7.17149945	acg
ㄐㄧ-ㄣ-ㄈㄨ-ㄈㄨˋ	基恩夫婦	-6.60980192	acg
ㄐㄧ-ㄣ-ㄐㄧㄠˇ-ㄉㄡˋ-ㄕˋ-ㄒㄧㄥˊ	基恩角鬥士型	-5.74707439	acg
ㄐㄧ-ㄌㄚ	基拉	-7.17149945	acg
ㄐㄧ-ㄌㄚ-ㄍㄜˊ	基拉格	-7.04116568	acg
ㄐㄧ-ㄅㄣˇ-ㄒㄧㄥˊ	基本型	-7.04116568	acg
ㄐㄧ-ㄌㄨㄛˋ-ㄦˇ	基洛爾	-7.04116568	acg
ㄐㄧ-ㄗ-ㄇㄟˊ-ㄦˇ	基滋梅爾	-6.60980192	acg
ㄐㄧ-ㄦˇ-ㄒㄧㄡ-ㄊㄢˇ	基爾休坦	-6.60980192	acg
ㄐㄧ-ㄦˇ-ㄐㄧㄝˊ	基爾傑	-7.04116568	acg
ㄐㄧ-ㄦˇ-ㄅㄛˊ-ㄉㄜˊ	基爾博德	-6.60980192	acg
ㄐㄧ-ㄦˇ-ㄅㄚ	基爾巴	-7.04116568	acg
ㄐㄧ-ㄦˇ-ㄅㄚ-ㄊㄜˋ	基爾巴特	-6.60980192	acg
ㄐㄧ-ㄦˇ-ㄏㄨㄛˇ-ㄆㄠˋ	基爾火砲	-6.60980192	acg
ㄐㄧ-ㄦˇ-ㄕㄡˋ	基爾獸	-7.04116568	acg
ㄐㄧ-ㄉㄨ-ㄕㄢ-ㄅㄛˊ-ㄐㄩㄝˊ	基督山伯爵	-6.17843815	acg
ㄐㄧ-ㄇㄧˇ-ㄌㄚ-ㄕㄡˋ	基米拉獸	-6.60980192	acg
ㄐㄧ-ㄇㄧˇ-ㄏㄨㄚ	基米花	-7.04116568	acg
ㄐㄧ-ㄋㄧㄡˇ	基紐	-7.17149945	acg
ㄐㄧ-ㄋㄧㄡˇ-ㄊㄜˋ-ㄓㄢˋ-ㄉㄨㄟˋ	基紐特戰隊	-6.17843815	acg
ㄐㄧ-ㄌㄨㄛˊ-ㄙ	基羅斯	-7.04116568	acg
ㄐㄧ-ㄌㄢˊ	基藍	-7.17149945	acg
ㄐㄧ-ㄒㄧ-ㄌㄧˋ-ㄧㄚˇ	基西莉亞	-6.60980192	acg
ㄐㄧ-ㄌㄨˋ-ㄅㄧˇ-ㄕㄡˋ	基路比獸	-6.60980192	acg
ㄐㄧ-ㄌㄧㄢˊ	基連	-7.17149945	acg
ㄐㄧ-ㄐㄧㄣ-ㄍㄨㄛˊ	基金國	-7.04116568	acg
ㄐㄧ-ㄧㄚˇ	基雅	-7.17149945	acg
ㄐㄩㄝˊ-ㄊㄧㄢˊ-ㄍㄨㄤ	堀田光	-7.04116568	acg
ㄐㄩㄝˊ-ㄊㄧㄢˊ-ㄑㄧㄢ-ㄋㄞˋ-ㄇㄟˇ	堀田千奈美	-6.17843815	acg
ㄐㄩㄝˊ-ㄊㄧㄢˊ-ㄊㄞˋ-ㄊㄞˋ	堀田太太	-6.60980192	acg
ㄐㄩㄝˊ-ㄩˋ-ㄗˇ	堀裕子	-7.04116568	acg
ㄊㄤˊ-ㄉㄠˇ-ㄅㄞˇ-ㄏㄜˊ-ㄒㄧㄤ	堂島百合香	-6.17843815	acg
ㄊㄤˊ-ㄅㄣˇ-ㄧ-ㄏㄨㄟ	堂本一揮	-6.60980192	acg
ㄊㄤˊ-ㄅㄣˇ-ㄧˋ-ㄏㄨㄟ	堂本一揮	-7.10980192	acg
ㄊㄤˊ-ㄅㄣˇ-ㄒㄧㄢˊ-ㄧㄝˇ	堂本弦也	-6.60980192	acg
ㄊㄤˊ-ㄅㄣˇ-ㄓ-ㄏㄨㄟˋ-ㄇㄟˇ	堂本知惠美	-6.17843815	acg
ㄐㄧㄢ-ㄉㄜˊ-ㄌㄚ	堅德拉	-7.04116568	acg
ㄐㄧㄢ-ㄕㄨ-ㄓˊ-ㄕˊ	堅書直實	-6.60980192	acg
ㄐㄧㄢ-ㄉㄚˊ-ㄌㄨˇ-ㄙ	堅達魯斯	-6.60980192	acg
ㄅㄠˇ-ㄌㄟˇ-ㄒㄧㄥˊ	堡壘型	-7.04116568	acg
ㄊㄧˊ-ㄓㄨˇ	堤渚	-7.17149945	acg
ㄊㄧˊ-ㄦˇ-ㄎㄜˋ-ㄋㄚˋ	堤爾克那	-6.60980192	acg
ㄊㄧˊ-ㄦˇ-ㄋㄚˋ-ㄋㄨㄛˋ	堤爾納諾	-6.60980192	acg
ㄅㄠˋ-ㄍㄠˋ-ㄉㄚˋ-ㄓㄢˋ	報告大戰	-6.60980192	acg
ㄅㄠˋ-ㄙㄤ-ㄋㄩˇ-ㄧㄠ-ㄇㄧㄥˋ-ㄩㄣˋ-ㄋㄩˇ-ㄕㄣˊ-ㄒㄧㄥˊ	報喪女妖命運女神型	-5.74707439	acg
ㄅㄠˋ-ㄉㄠˋ-ㄕㄡˋ	報道獸	-7.04116568	acg
ㄊㄚˇ-ㄧ-ㄦˇ	塔伊爾	-7.04116568	acg
ㄊㄚˇ-ㄎㄜˋ	塔克	-7.17149945	acg
ㄊㄚˇ-ㄎㄜˋ-ㄦˇ	塔克爾	-7.04116568	acg
ㄊㄚˇ-ㄌㄧˋ-ㄅㄧˇ-ㄧㄚˇ	塔利比亞	-6.60980192	acg
ㄊㄚˇ-ㄌㄧˋ-ㄨ-ㄙ	塔利烏斯	-6.60980192	acg
ㄊㄚˇ-ㄎㄚˇ-ㄐㄧ	塔卡基	-7.04116568	acg
ㄊㄚˇ-ㄎㄚˇ-ㄇㄧˇ	塔卡米	-7.04116568	acg
ㄊㄚˇ-ㄐㄧ-ㄇㄨˇ	塔基姆	-7.04116568	acg
ㄊㄚˇ-ㄉㄨㄛ	塔多	-7.17149945	acg
ㄊㄚˇ-ㄋㄞˋ-ㄉㄠˇ	塔奈島	-7.04116568	acg
ㄊㄚˇ-ㄑㄧˋ	塔契	-7.17149945	acg
ㄊㄚˇ-ㄅㄚ-ㄎㄨㄟˊ	塔巴奎	-7.04116568	acg
ㄊㄚˇ-ㄌㄚ-ㄗㄨˇ-ㄇㄨˇ	塔拉祖母	-6.60980192	acg
ㄊㄚˇ-ㄇㄢˋ	塔曼	-7.17149945	acg
ㄊㄚˇ-ㄅㄧˇ	塔比	-7.17149945	acg
ㄊㄚˇ-ㄨㄛˋ	塔沃	-7.17149945	acg
ㄊㄚˇ-ㄌㄨㄛˋ-ㄎㄢˇ	塔洛坎	-7.04116568	acg
ㄊㄚˇ-ㄌㄨㄛˋ-ㄙ	塔洛斯	-7.04116568	acg
ㄊㄚˇ-ㄅㄧㄣ	塔濱	-7.17149945	acg
ㄊㄚˇ-ㄦˇ-ㄙ	塔爾斯	-7.04116568	acg
ㄊㄚˇ-ㄦˇ-ㄊㄧㄥ	塔爾汀	-7.04116568	acg
ㄊㄚˇ-ㄦˇ-ㄉㄨㄣˋ	塔爾頓	-7.04116568	acg
ㄊㄚˇ-ㄅㄧˋ-ㄕㄚ	塔碧莎	-7.04116568	acg
ㄊㄚˇ-ㄇㄧˇ	塔米	-7.17149945	acg
ㄊㄚˇ-ㄋㄚˋ-ㄊㄨㄛ-ㄙ-ㄉㄜ˙-ㄔㄨㄟˊ-ㄌㄧㄢˊ	塔納托斯的垂鐮	-5.74707439	acg
ㄊㄚˇ-ㄋㄚˋ-ㄊㄨㄛ-ㄙ-ㄉㄜ˙-ㄑㄧㄤˊ-ㄐㄧˊ	塔納托斯的強擊	-5.74707439	acg
ㄊㄚˇ-ㄋㄚˋ-ㄊㄨㄛ-ㄙ-ㄉㄜ˙-ㄈㄣˋ-ㄋㄨˋ	塔納托斯的憤怒	-5.74707439	acg
ㄊㄚˇ-ㄋㄚˋ-ㄊㄨㄛ-ㄙ-ㄉㄜ˙-ㄉㄨㄢˋ-ㄏㄨㄣˊ-ㄌㄧㄢˊ	塔納托斯的斷魂鐮	-5.74707439	acg
ㄊㄚˇ-ㄋㄚˋ-ㄊㄨㄛ-ㄙ-ㄉㄜ˙-ㄘㄢˊ-ㄧˋ	塔納托斯的殘翼	-5.74707439	acg
ㄊㄚˇ-ㄋㄚˋ-ㄊㄨㄛ-ㄙ-ㄉㄜ˙-ㄒㄧㄢˋ-ㄐㄧˋ	塔納托斯的獻祭	-5.74707439	acg
ㄊㄚˇ-ㄏㄜˊ	塔荷	-7.17149945	acg
ㄊㄚˇ-ㄌㄧˋ-ㄧㄚˇ	塔莉雅	-7.04116568	acg
ㄊㄚˇ-ㄈㄟ-ㄊㄧˊ	塔菲緹	-7.04116568	acg
ㄊㄚˇ-ㄙㄚˋ-ㄉㄚˊ	塔薩達	-7.04116568	acg
ㄊㄚˇ-ㄒㄧ-ㄊㄨˊ-ㄙ	塔西圖斯	-6.60980192	acg
ㄊㄚˇ-ㄅㄧㄣ-ㄙ	塔賓斯	-7.04116568	acg
ㄊㄚˇ-ㄌㄨㄥˊ	塔隆	-7.17149945	acg
ㄊㄚˇ-ㄇㄚˇ-ㄌㄧˋ-ㄙ-ㄎㄜˋ	塔馬利斯克	-6.17843815	acg
ㄊㄚˇ-ㄇㄚˇ-ㄊㄨㄛ	塔馬托	-7.04116568	acg
ㄊㄚˇ-ㄌㄨˇ-ㄊㄜˋ	塔魯特	-7.04116568	acg
ㄓㄨㄥˇ-ㄅㄣˇ-ㄩㄢˊ	塚本元	-7.04116568	acg
ㄙㄞ-ㄎㄜˋ-ㄙ-ㄉㄨㄣˋ	塞克斯頓	-6.60980192	acg
ㄙㄞ-ㄙ-ㄎㄜˋ-ㄉㄚˋ-ㄊㄧㄥ	塞司克大廳	-6.17843815	acg
ㄙㄞ-ㄖㄣˊ-ㄕㄡˋ	塞壬獸	-7.04116568	acg
ㄙㄞ-ㄋㄧˊ-ㄊㄜˋ	塞妮特	-7.04116568	acg
ㄙㄞ-ㄇㄨˇ-ㄌㄧˋ-ㄧㄚˇ-ㄉㄚˋ-ㄌㄨˋ	塞姆利亞大陸	-5.74707439	acg
ㄙㄞ-ㄅㄚ-ㄙ	塞巴斯	-7.04116568	acg
ㄙㄞ-ㄅㄚ-ㄙ-ㄊㄢˇ	塞巴斯坦	-6.60980192	acg
ㄙㄞ-ㄒㄧ-ㄦˇ	塞希爾	-7.04116568	acg
ㄙㄞ-ㄦˇ	塞爾	-7.17149945	acg
ㄙㄞ-ㄦˇ-ㄐㄧㄚ-ㄋㄨㄛˋ-ㄧ-ㄉㄜˊ	塞爾加諾伊德	-5.74707439	acg
ㄙㄞ-ㄧㄝˊ	塞耶	-7.17149945	acg
ㄙㄞ-ㄅㄚ	塞芭	-7.17149945	acg
ㄙㄞ-ㄑㄧㄢˋ-ㄦˊ	塞茜兒	-7.04116568	acg
ㄙㄞ-ㄌㄧˋ-ㄅㄚ	塞莉巴	-7.04116568	acg
ㄇㄨˋ-ㄩㄢˊ-ㄎㄨㄥˇ-ㄅㄨˋ-ㄓ-ㄌㄨˋ	墓園恐怖之路	-5.74707439	acg
ㄇㄨˋ-ㄩㄢˊ-ㄇㄛˊ-ㄨㄤˊ-ㄉㄜ˙-ㄧㄠ-ㄑㄧㄥˇ	墓園魔王的邀請	-5.74707439	acg
ㄇㄨˋ-ㄈㄥ-ㄅㄨˋ-ㄉㄨㄟˋ	墓風部隊	-6.60980192	acg
ㄗㄥ-ㄊㄧㄢˊ-ㄒㄧㄥˋ-ㄉㄜˊ	增田幸德	-6.60980192	acg
ㄗㄥ-ㄑㄩ	增驅	-7.17149945	acg
ㄇㄛˋ-ㄑㄧㄡ-ㄌㄧˋ-ㄕㄡˋ	墨丘利獸	-6.60980192	acg
ㄇㄛˋ-ㄐㄧㄤ-ㄈㄨˋ-ㄑㄧˊ	墨江富騎	-6.60980192	acg
ㄇㄛˋ-ㄋㄧㄝˋ-ㄌㄚ-ㄜˊ-ㄙ	墨涅拉俄斯	-6.17843815	acg
ㄉㄨㄛˋ-ㄊㄧㄢ-ㄕˇ-ㄍㄤ-ㄉㄢˋ	墮天使鋼彈	-6.17843815	acg
ㄉㄨㄛˋ-ㄌㄨㄛˋ-ㄉㄧˋ-ㄩˋ	墮落地獄	-6.60980192	acg
ㄉㄨㄛˋ-ㄌㄨㄛˋ-ㄔㄥˊ-ㄕˋ	墮落城市	-6.60980192	acg
ㄧㄚ-ㄎㄜˋ-ㄌㄧˋ-ㄖㄣˊ-ㄒㄧㄥˊ-ㄌㄧˋ-ㄆㄞˊ	壓克力人形立牌	-5.74707439	acg
ㄏㄨㄞˋ-ㄕˋ-ㄉㄨㄛ	壞事多	-7.04116568	acg
ㄏㄨㄞˋ-ㄙˇ-ㄅㄤ-ㄆㄞˋ	壞死幫派	-6.60980192	acg
ㄕˋ-ㄌㄤˊ	士郎	-7.17149945	acg
ㄕㄡˋ-ㄙ-ㄍㄨㄞˋ	壽司怪	-7.04116568	acg
ㄕㄡˋ-ㄙ-ㄉㄚˊ-ㄖㄣˊ-ㄜˋ-ㄌㄧㄥˊ	壽司達人惡靈	-5.74707439	acg
ㄕㄡˋ-ㄢ	壽庵	-7.17149945	acg
ㄒㄧㄚˋ-ㄌㄧㄥˋ-ㄧㄥˊ-ㄑㄧˊ-ㄏㄨㄢˋ-ㄉㄠˇ	夏令營奇幻島	-5.74707439	acg
ㄒㄧㄚˋ-ㄋㄨㄥˊ-ㄎㄨˋ-ㄎㄜˋ	夏儂庫克	-6.60980192	acg
ㄒㄧㄚˋ-ㄎㄜˋ-ㄊㄧˊ	夏克提	-7.04116568	acg
ㄒㄧㄚˋ-ㄎㄜˋ-ㄉㄧˋ	夏克蒂	-7.04116568	acg
ㄒㄧㄚˋ-ㄎㄜˋ-ㄧㄚˇ-ㄎㄜˋ	夏克雅克	-6.60980192	acg
ㄒㄧㄚˋ-ㄌㄧˋ-ㄢ	夏利安	-7.04116568	acg
ㄒㄧㄚˋ-ㄉㄨㄛ-ㄦˇ	夏多爾	-7.04116568	acg
ㄒㄧㄚˋ-ㄉㄨㄛ-ㄦˇ-ㄜˋ-ㄊㄨˊ-ㄒㄧㄥˊ	夏多爾惡徒型	-5.74707439	acg
ㄒㄧㄚˋ-ㄑㄧˊ	夏奇	-7.17149945	acg
ㄒㄧㄚˋ-ㄑㄧˊ-ㄇㄛˋ-ㄋㄨㄛˋ	夏奇莫諾	-6.60980192	acg
ㄒㄧㄚˋ-ㄐㄧ	夏姬	-7.17149945	acg
ㄒㄧㄚˋ-ㄨㄟ	夏威	-7.17149945	acg
ㄒㄧㄚˋ-ㄐㄧˋ-ㄙㄞˋ	夏季賽	-7.04116568	acg
ㄒㄧㄚˋ-ㄋㄧˊ	夏尼	-7.17149945	acg
ㄒㄧㄚˋ-ㄌㄢˊ	夏嵐	-7.17149945	acg
ㄒㄧㄚˋ-ㄅㄨˋ-ㄧ	夏布伊	-7.04116568	acg
ㄒㄧㄚˋ-ㄈㄨˊ-ㄋㄚˊ-ㄗ	夏弗拿茲	-6.60980192	acg
ㄒㄧㄚˋ-ㄇㄨˋ-ㄦˇ-ㄒㄧㄠˇ-ㄐㄧㄝˇ	夏慕爾小姐	-6.17843815	acg
ㄒㄧㄚˋ-ㄊㄧˊ-ㄧㄚˇ	夏提雅	-7.04116568	acg
ㄒㄧㄚˋ-ㄖˋ-ㄉㄚˋ-ㄗㄨㄛˋ-ㄓㄢˋ	夏日大作戰	-6.17843815	acg
ㄒㄧㄚˋ-ㄖˋ-ㄐㄧˋ-ㄉㄧㄢˇ	夏日祭典	-6.60980192	acg
ㄒㄧㄚˋ-ㄆㄨˇ	夏普	-7.17149945	acg
ㄒㄧㄚˋ-ㄇㄨˋ-ㄌㄧㄥˊ	夏木玲	-7.04116568	acg
ㄒㄧㄚˋ-ㄎㄜ	夏柯	-7.17149945	acg
ㄒㄧㄚˋ-ㄆㄛ-ㄉㄧˋ-ㄓㄨ-ㄉㄠˇ	夏波帝諸島	-6.17843815	acg
ㄒㄧㄚˋ-ㄦˇ-ㄈㄨ	夏爾夫	-7.04116568	acg
ㄒㄧㄚˋ-ㄇㄨˋ-ㄐㄧㄚ-ㄗˇ	夏目佳子	-6.60980192	acg
ㄒㄧㄚˋ-ㄇㄨˋ-ㄐㄧㄣ-ㄓ-ㄓㄨˋ	夏目金之助	-6.17843815	acg
ㄒㄧㄚˋ-ㄌㄩˋ-ㄉㄧˋ	夏綠蒂	-7.04116568	acg
ㄒㄧㄚˋ-ㄧㄚˊ-ㄗㄨㄛˇ-ㄅㄧㄥ-ㄨㄟˋ	夏芽左兵衛	-6.17843815	acg
ㄒㄧㄚˋ-ㄧㄚˊ-ㄓㄣ-ㄕㄚ-ㄗ˙	夏芽真砂子	-6.17843815	acg
ㄒㄧㄚˋ-ㄧㄚˊ-ㄨㄢˋ-ㄌㄧˇ-ㄈㄨ	夏芽萬里夫	-6.17843815	acg
ㄒㄧㄚˋ-ㄧㄥ-ㄍㄜˊ	夏英格	-7.04116568	acg
ㄒㄧㄚˋ-ㄌㄧˋ-ㄌㄨˋ	夏莉露	-7.04116568	acg
ㄒㄧㄚˋ-ㄌㄚ-ㄌㄚ-ㄉㄨㄟˋ-ㄓㄤˇ	夏菈菈隊長	-6.17843815	acg
ㄒㄧㄚˋ-ㄌㄞˊ	夏萊	-7.17149945	acg
ㄒㄧㄚˋ-ㄌㄨㄛˊ	夏蘿	-7.17149945	acg
ㄒㄧㄚˋ-ㄏㄜˋ-ㄧㄚˇ	夏赫亞	-7.04116568	acg
ㄒㄧㄚˋ-ㄉㄧˊ-ㄙ	夏迪斯	-7.04116568	acg
ㄒㄧㄚˋ-ㄌㄨˋ-ㄋㄚˋ	夏露娜	-7.04116568	acg
ㄒㄧㄚˋ-ㄌㄨˋ-ㄌㄧˋ-ㄧㄚˇ	夏露莉雅	-6.60980192	acg
ㄒㄧㄚˋ-ㄌㄨˋ-ㄌㄨˋ	夏露露	-7.04116568	acg
ㄒㄧㄚˋ-ㄇㄚˇ-ㄦˇ	夏馬爾	-7.04116568	acg
ㄒㄧㄚˋ-ㄌㄧˊ	夏麗	-7.17149945	acg
ㄒㄧˋ-ㄘㄨㄥˊ-ㄨˋ-ㄒㄧㄤ	夕叢霧香	-6.60980192	acg
ㄒㄧˋ-ㄧㄤˊ-ㄧˋ-ㄌㄧˋ	夕陽毅力	-6.60980192	acg
ㄨㄞˋ-ㄅㄧˋ-ㄆㄧㄣˊ-ㄇㄧㄣˊ-ㄐㄧㄝ	外壁貧民街	-6.17843815	acg
ㄨㄞˋ-ㄍㄨㄚˋ-ㄓㄨㄤ-ㄅㄟˋ	外掛裝備	-6.60980192	acg
ㄨㄞˋ-ㄒㄧㄥ-ㄧ-ㄉㄨㄟˋ-ㄅㄠˇ	外星一對寶	-6.17843815	acg
ㄨㄞˋ-ㄒㄧㄥ-ㄧˊ-ㄉㄨㄟˋ-ㄅㄠˇ	外星一對寶	-6.67843815	acg
ㄨㄞˋ-ㄒㄧㄥ-ㄖㄣˊ-ㄊㄧㄢˊ-ㄓㄨㄥ-ㄊㄞˋ-ㄌㄤˊ	外星人田中太郎	-5.74707439	acg
ㄨㄞˋ-ㄘㄨㄣ	外村	-7.17149945	acg
ㄨㄞˋ-ㄐㄧㄢˋ-ㄉㄚˋ-ㄕ	外鑑大師	-6.60980192	acg
ㄉㄨㄛ-ㄨㄢˊ-ㄍㄨㄟ-ㄧ	多丸圭一	-6.60980192	acg
ㄉㄨㄛ-ㄨㄢˊ-ㄩˋ	多丸裕	-7.04116568	acg
ㄉㄨㄛ-ㄖㄣˊ-ㄒㄧㄢˋ-ㄕㄤˋ-ㄧㄡˊ-ㄒㄧˋ	多人線上遊戲	-5.74707439	acg
ㄉㄨㄛ-ㄈㄛˊ-ㄌㄤˇ-ㄇㄧㄥˊ-ㄍㄜ	多佛朗明哥	-6.17843815	acg
ㄉㄨㄛ-ㄆㄟˋ-ㄇㄚˇ	多佩瑪	-7.04116568	acg
ㄉㄨㄛ-ㄌㄧˋ-ㄇㄨˇ	多利姆	-7.04116568	acg
ㄉㄨㄛ-ㄌㄧˋ-ㄙ-ㄎㄜ-ㄦˇ	多利斯柯爾	-6.17843815	acg
ㄉㄨㄛ-ㄘˋ-ㄍㄨㄞˋ-ㄕㄡˋ	多刺怪獸	-6.60980192	acg
ㄉㄨㄛ-ㄎㄚˇ	多卡	-7.17149945	acg
ㄉㄨㄛ-ㄎㄚˇ-ㄕㄡˋ	多卡獸	-7.04116568	acg
ㄉㄨㄛ-ㄐㄧˊ	多吉	-7.17149945	acg
ㄉㄨㄛ-ㄉㄨㄛ-ㄢ-ㄒㄧㄡ	多多安修	-6.60980192	acg
ㄉㄨㄛ-ㄉㄨㄛ-ㄌㄧㄤˊ	多多良	-7.04116568	acg
ㄉㄨㄛ-ㄑㄧˊ-ㄋㄨㄛˋ	多奇諾	-7.04116568	acg
ㄉㄨㄛ-ㄋㄚˋ	多娜	-7.17149945	acg
ㄉㄨㄛ-ㄋㄧˊ-ㄉㄨㄛ-ㄋㄧˊ	多尼多尼	-6.60980192	acg
ㄉㄨㄛ-ㄋㄧˊ-ㄙ	多尼斯	-7.04116568	acg
ㄉㄨㄛ-ㄈㄢ-ㄋㄞˋ-ㄒㄩˋ	多幡奈緒	-6.60980192	acg
ㄉㄨㄛ-ㄊㄢˊ-ㄉㄚˇ-ㄊㄢˊ	多彈打彈	-6.60980192	acg
ㄉㄨㄛ-ㄉㄜˊ-ㄆㄛ	多德波	-7.04116568	acg
ㄉㄨㄛ-ㄌㄚ-ㄉㄜˊ	多拉德	-7.04116568	acg
ㄉㄨㄛ-ㄌㄚ-ㄍㄜˊ	多拉格	-7.04116568	acg
ㄉㄨㄛ-ㄋㄚˊ-ㄗ-ㄍㄨㄛˊ-ㄨㄤˊ	多拿滋國王	-6.17843815	acg
ㄉㄨㄛ-ㄋㄚˊ-ㄗ-ㄨㄤˊ-ㄍㄨㄛˊ	多拿滋王國	-6.17843815	acg
ㄉㄨㄛ-ㄙ-ㄎㄜ-ㄧ	多斯科伊	-6.60980192	acg
ㄉㄨㄛ-ㄇㄧㄥˊ-ㄋㄧˊ-ㄎㄜˇ	多明尼可	-6.60980192	acg
ㄉㄨㄛ-ㄦˇ-ㄧ-ㄊㄜˋ	多爾伊特	-6.60980192	acg
ㄉㄨㄛ-ㄦˇ-ㄐㄧㄝˊ-ㄈㄨ	多爾傑夫	-6.60980192	acg
ㄉㄨㄛ-ㄦˇ-ㄐㄧˊ	多爾吉	-7.04116568	acg
ㄉㄨㄛ-ㄦˇ-ㄊㄨㄛ-ㄑㄧㄣ-ㄙ	多爾托欽斯	-6.17843815	acg
ㄉㄨㄛ-ㄦˇ-ㄉㄨㄣˋ	多爾頓	-7.04116568	acg
ㄉㄨㄛ-ㄌㄧㄣˊ	多琳	-7.17149945	acg
ㄉㄨㄛ-ㄇㄚˇ-ㄗㄨㄛˇ	多瑪佐	-7.04116568	acg
ㄉㄨㄛ-ㄇㄚˇ-ㄇㄨˋ	多瑪暮	-7.04116568	acg
ㄉㄨㄛ-ㄨㄚˇ-ㄐㄧˊ	多瓦吉	-7.04116568	acg
ㄉㄨㄛ-ㄊㄧㄢˊ-ㄐㄧㄚ-ㄇㄧㄠˊ	多田佳苗	-6.60980192	acg
ㄉㄨㄛ-ㄊㄧㄢˊ-ㄌㄧˇ-ㄧ-ㄘㄞˋ	多田李衣菜	-6.17843815	acg
ㄉㄨㄛ-ㄇㄧˇ-ㄋㄧˊ-ㄎㄜˋ-ㄙ	多米尼克斯	-6.17843815	acg
ㄉㄨㄛ-ㄌㄨㄛˊ-ㄙㄞ-ㄦˇ	多羅塞爾	-6.60980192	acg
ㄉㄨㄛ-ㄨㄣˊ-ㄨㄢˊ	多聞丸	-7.04116568	acg
ㄉㄨㄛ-ㄌㄧㄤˊ-ㄔㄤˇ	多良場	-7.04116568	acg
ㄉㄨㄛ-ㄌㄧˋ-ㄆㄨˇ	多莉普	-7.04116568	acg
ㄉㄨㄛ-ㄌㄨˋ-ㄍㄨㄟˋ-ㄕㄨˋ	多蕗桂樹	-6.60980192	acg
ㄉㄨㄛ-ㄌㄨˋ-ㄇㄨˇ	多蕗母	-7.04116568	acg
ㄉㄨㄛ-ㄌㄢˊ-ㄎㄨˋ-ㄇㄚˇ	多蘭庫瑪	-6.60980192	acg
ㄉㄨㄛ-ㄧㄥˊ-ㄇㄨˋ	多螢幕	-7.04116568	acg
ㄉㄨㄛ-ㄏㄨㄚˋ-ㄕㄜˊ	多話蛇	-7.04116568	acg
ㄉㄨㄛ-ㄋㄨㄛˋ-ㄇㄧㄥˊ-ㄍㄜ	多諾明哥	-6.60980192	acg
ㄉㄨㄛ-ㄋㄚˋ-ㄉㄨㄛ-ㄋㄚˋ	多那多那	-6.60980192	acg
ㄉㄨㄛ-ㄅㄨˋ-ㄊㄧㄢˊ-ㄇㄟˇ-ㄒㄧㄥˋ	多部田美幸	-6.17843815	acg
ㄉㄨㄛ-ㄔㄨㄥˊ-ㄩˇ-ㄓㄡˋ	多重宇宙	-6.60980192	acg
ㄉㄨㄛ-ㄔㄨㄥˊ-ㄐㄧ-ㄍㄡˋ-ㄅㄟ-ㄅㄠ	多重機構背包	-5.74707439	acg
ㄉㄨㄛ-ㄌㄟˊ-ㄙ-ㄌㄨㄛˊ-ㄙㄚˋ	多雷斯羅薩	-6.17843815	acg
ㄉㄨㄛ-ㄊㄡˊ-ㄏㄞˇ-ㄕㄜˊ	多頭海蛇	-6.60980192	acg
ㄉㄨㄛ-ㄌㄨˇ-ㄑㄧˋ-ㄉㄜˊ	多魯契德	-6.60980192	acg
ㄧㄝˋ-ㄕˇ-ㄓㄜˇ	夜使者	-7.04116568	acg
ㄧㄝˋ-ㄍㄨㄤ-ㄕㄢˇ-ㄌㄧㄤˋ-ㄌㄧㄤˋ-ㄈㄨˋ-ㄔㄡˊ-ㄍㄨㄟˇ	夜光閃亮亮復仇鬼	-5.74707439	acg
ㄧㄝˋ-ㄉㄠ-ㄕㄣˊ-ㄍㄡˇ-ㄌㄤˇ	夜刀神狗朗	-6.17843815	acg
ㄧㄝˋ-ㄔㄚ-ㄕㄡˋ	夜叉獸	-7.04116568	acg
ㄧㄝˋ-ㄅㄢˇ-ㄑㄩㄢˊ	夜坂泉	-7.04116568	acg
ㄧㄝˋ-ㄔㄥˊ	夜城	-7.17149945	acg
ㄧㄝˋ-ㄔㄥˊ-ㄎㄨㄞˋ-ㄅㄠˋ	夜城快報	-6.60980192	acg
ㄧㄝˋ-ㄉㄧㄢˋ-ㄖㄣˊ-ㄕㄥ	夜店人生	-6.60980192	acg
ㄧㄝˋ-ㄨㄟˋ	夜未	-7.17149945	acg
ㄧㄝˋ-ㄓㄨㄚˇ	夜爪	-7.17149945	acg
ㄧㄝˋ-ㄈㄨˊ-ㄕㄡˋ	夜蝠獸	-7.04116568	acg
ㄧㄝˋ-ㄒㄧˊ-ㄕㄥ-ㄘㄨㄣˊ-ㄓㄢˋ	夜襲生存戰	-6.17843815	acg
ㄧㄝˋ-ㄒㄧˊ-ㄕㄥ-ㄘㄨㄣˊ-ㄓㄢˋ-ㄇㄛˊ-ㄕˋ	夜襲生存戰模式	-5.74707439	acg
ㄧㄝˋ-ㄇㄟˋ	夜魅	-7.17149945	acg
ㄧㄝˋ-ㄧㄥ-ㄕㄡˋ	夜鷹獸	-7.04116568	acg
ㄇㄥˋ-ㄅㄨˊ-ㄌㄨㄛˋ-ㄉㄧˋ-ㄍㄨㄛˊ	夢不落帝國	-6.17843815	acg
ㄇㄥˋ-ㄅㄨˋ-ㄌㄨㄛˋ-ㄉㄧˋ-ㄍㄨㄛˊ	夢不落帝國	-6.67843815	acg
ㄇㄥˋ-ㄓ-ㄉㄡ	夢之都	-7.04116568	acg
ㄇㄥˋ-ㄓ-ㄉㄡ-ㄌㄚ-ㄑㄧˋ-ㄦˇ-ㄣ	夢之都拉契爾恩	-5.74707439	acg
ㄇㄥˋ-ㄑㄧㄢ	夢千	-7.17149945	acg
ㄇㄥˋ-ㄩㄢˊ-ㄇㄟˇ-ㄇㄟˇ	夢原美美	-6.60980192	acg
ㄇㄥˋ-ㄐㄧㄥˋ-ㄕˊ-ㄌㄨˋ	夢境實錄	-6.60980192	acg
ㄇㄥˋ-ㄐㄧㄥˋ-ㄕㄡˋ	夢境獸	-7.04116568	acg
ㄇㄥˋ-ㄐㄧㄥˋ-ㄓˋ-ㄆㄧㄢˋ-ㄔㄤˇ	夢境製片廠	-6.17843815	acg
ㄇㄥˋ-ㄏㄨㄢˋ-ㄓ-ㄕㄣˊ-ㄑㄧˊ-ㄅㄠˇ-ㄅㄟˋ	夢幻之神奇寶貝	-5.74707439	acg
ㄇㄥˋ-ㄏㄨㄢˋ-ㄐㄧㄚˇ-ㄇㄧㄢˋ	夢幻假面	-6.60980192	acg
ㄇㄥˋ-ㄏㄨㄢˋ-ㄐㄩˋ-ㄩㄢˋ	夢幻劇院	-6.60980192	acg
ㄇㄥˋ-ㄏㄨㄢˋ-ㄉㄚˋ-ㄒㄩㄝˊ-ㄔㄥˊ	夢幻大學城	-6.17843815	acg
ㄇㄥˋ-ㄏㄨㄢˋ-ㄊㄧㄢ-ㄋㄩˇ	夢幻天女	-6.60980192	acg
ㄇㄥˋ-ㄏㄨㄢˋ-ㄒㄩㄝˊ-ㄩㄢˋ	夢幻學院	-6.60980192	acg
ㄇㄥˋ-ㄏㄨㄢˋ-ㄅㄠˇ-ㄕˊ-ㄍㄨㄥˇ-ㄇㄣˊ	夢幻寶石拱門	-5.74707439	acg
ㄇㄥˋ-ㄏㄨㄢˋ-ㄨ-ㄈㄤ	夢幻屋坊	-6.60980192	acg
ㄇㄥˋ-ㄏㄨㄢˋ-ㄉㄠˇ-ㄉㄜ˙-ㄓㄨㄛ-ㄇㄧˊ-ㄘㄤˊ	夢幻島的捉迷藏	-5.74707439	acg
ㄇㄥˋ-ㄏㄨㄢˋ-ㄞˋ-ㄒㄧㄣ-ㄍㄨㄥˇ-ㄇㄣˊ	夢幻愛心拱門	-5.74707439	acg
ㄇㄥˋ-ㄏㄨㄢˋ-ㄒㄧㄥ-ㄍㄨㄤ-ㄈㄥˋ-ㄏㄨㄤˊ	夢幻星光鳳凰	-5.74707439	acg
ㄇㄥˋ-ㄏㄨㄢˋ-ㄕㄚ-ㄌㄡˋ	夢幻沙漏	-6.60980192	acg
ㄇㄥˋ-ㄏㄨㄢˋ-ㄓㄨㄥ-ㄓㄤ	夢幻終章	-6.60980192	acg
ㄇㄥˋ-ㄏㄨㄢˋ-ㄩˇ-ㄅㄛ-ㄉㄠˇ-ㄉㄜ˙-ㄩㄥˇ-ㄓㄜˇ	夢幻與波導的勇者	-5.74707439	acg
ㄇㄥˋ-ㄏㄨㄢˋ-ㄨㄢˋ-ㄏㄨㄚ-ㄐㄧㄥˋ	夢幻萬花鏡	-6.17843815	acg
ㄇㄥˋ-ㄏㄨㄢˋ-ㄌㄚˋ-ㄅㄧˇ-ㄨㄤˊ-ㄍㄨㄛˊ	夢幻蠟筆王國	-5.74707439	acg
ㄇㄥˋ-ㄏㄨㄢˋ-ㄅㄧㄢˋ-ㄕㄣ	夢幻變身	-6.60980192	acg
ㄇㄥˋ-ㄏㄨㄢˋ-ㄗㄨˊ-ㄑㄧㄡˊ-ㄕㄡˇ	夢幻足球手	-6.17843815	acg
ㄇㄥˋ-ㄏㄨㄢˋ-ㄧㄡˊ-ㄒㄧˋ	夢幻遊戲	-6.60980192	acg
ㄇㄥˋ-ㄏㄨㄢˋ-ㄍㄜˊ-ㄇㄧㄥˋ-ㄓ-ㄉㄧˋ	夢幻革命之地	-5.74707439	acg
ㄇㄥˋ-ㄏㄨㄢˋ-ㄕˊ-ㄆㄨˇ	夢幻食譜	-6.60980192	acg
ㄇㄥˋ-ㄏㄨㄢˋ-ㄇㄛˊ-ㄐㄧㄥˋ	夢幻魔鏡	-6.60980192	acg
ㄇㄥˋ-ㄒㄧㄤˇ-ㄒㄩㄝˊ-ㄩㄢˊ	夢想學園	-6.60980192	acg
ㄇㄥˋ-ㄒㄧㄤˇ-ㄒㄩㄝˊ-ㄩㄢˊ-ㄅㄠˋ	夢想學園報	-6.17843815	acg
ㄇㄥˋ-ㄒㄧㄤˇ-ㄧㄡˊ-ㄋㄧˊ-ㄊㄧˊ-ㄧㄚˇ	夢想尤尼提亞	-5.74707439	acg
ㄇㄥˋ-ㄒㄧㄤˇ-ㄓㄜˇ	夢想者	-7.04116568	acg
ㄇㄥˋ-ㄖㄡˊ	夢柔	-7.17149945	acg
ㄇㄥˋ-ㄩˇ-ㄈㄥ-ㄎㄨㄤˊ-ㄉㄜ˙-ㄨㄤˊ-ㄍㄨㄛˊ	夢與瘋狂的王國	-5.74707439	acg
ㄇㄥˋ-ㄙㄜˋ-ㄉㄢˋ-ㄍㄠ-ㄕ	夢色蛋糕師	-6.17843815	acg
ㄇㄥˋ-ㄐㄧㄢˋ-ㄌㄧˊ-ㄧㄚˇ-ㄇㄥˋ	夢見璃亞夢	-6.17843815	acg
ㄇㄥˋ-ㄧㄢˇ-ㄓ-ㄧㄝˋ	夢魘之夜	-6.60980192	acg
ㄉㄚˋ-ㄐㄧㄡˇ-ㄅㄠˇ-ㄌㄧㄡˊ-ㄇㄟˇ	大久保瑠美	-6.17843815	acg
ㄉㄚˋ-ㄍㄢ-ㄩㄢˊ	大乾原	-7.04116568	acg
ㄉㄚˋ-ㄌㄨㄢˋ-ㄉㄡˋ-ㄐㄧㄢ-ㄇㄧㄝˋ-ㄓㄢˋ	大亂鬥殲滅戰	-5.74707439	acg
ㄉㄚˋ-ㄗㄨㄛˇ-ㄐㄧ-ㄌㄧˋ-ㄧㄚˇ	大佐基利亞	-6.17843815	acg
ㄉㄚˋ-ㄕˇ-ㄈㄤ-ㄢˋ	大使方案	-6.60980192	acg
ㄉㄚˋ-ㄘㄤ-ㄓㄥˋ-ㄏㄨㄥˊ	大倉正弘	-6.60980192	acg
ㄉㄚˋ-ㄖㄨˋ-ㄉㄠˋ-ㄏㄞˇ-ㄕㄣˊ	大入道海神	-6.17843815	acg
ㄉㄚˋ-ㄐㄧㄢˋ-ㄕ	大劍師	-7.04116568	acg
ㄉㄚˋ-ㄏㄨㄟˋ-ㄓㄢˋ	大匯戰	-7.04116568	acg
ㄉㄚˋ-ㄩㄢˊ-ㄕㄚ-ㄧㄝˊ-ㄒㄧㄤ	大原沙耶香	-6.17843815	acg
ㄉㄚˋ-ㄩㄢˊ-ㄇㄢˇ	大原滿	-7.04116568	acg
ㄉㄚˋ-ㄧㄡˇ-ㄌㄧㄣˊ	大友燐	-7.04116568	acg
ㄉㄚˋ-ㄧㄡˇ-ㄧˋ-ㄕㄨˋ	大友逸樹	-6.60980192	acg
ㄉㄚˋ-ㄍㄨˇ-ㄐㄧㄚ-ㄕㄡˋ	大古加獸	-6.60980192	acg
ㄉㄚˋ-ㄍㄨˇ-ㄔㄤˇ-ㄒㄧㄣ-ㄊㄞˋ	大古場新太	-6.17843815	acg
ㄉㄚˋ-ㄍㄨˇ-ㄌㄚ-ㄕㄡˋ	大古拉獸	-6.60980192	acg
ㄉㄚˋ-ㄏㄜˊ-ㄧㄚˇ-ㄐㄧˋ	大和亞季	-6.60980192	acg
ㄉㄚˋ-ㄗㄨㄟˇ-ㄌㄧㄝˋ-ㄒㄧ	大嘴獵蜥	-6.60980192	acg
ㄉㄚˋ-ㄗㄨㄟˇ-ㄈㄨˊ	大嘴蝠	-7.04116568	acg
ㄉㄚˋ-ㄗㄨㄟˇ-ㄑㄩㄝˋ	大嘴雀	-7.04116568	acg
ㄉㄚˋ-ㄗㄨㄟˇ-ㄋㄧㄠˇ-ㄕㄡˋ	大嘴鳥獸	-6.60980192	acg
ㄉㄚˋ-ㄉㄧˋ-ㄓ-ㄍㄨㄛˊ	大地之國	-6.60980192	acg
ㄉㄚˋ-ㄉㄧˋ-ㄊㄧㄢ-ㄧㄥ	大地天鷹	-6.60980192	acg
ㄉㄚˋ-ㄉㄧˋ-ㄅㄠˋ-ㄌㄨㄥˊ-ㄕㄡˋ	大地暴龍獸	-6.17843815	acg
ㄉㄚˋ-ㄉㄧˋ-ㄑㄧˋ-ㄉㄧˊ	大地汽笛	-6.60980192	acg
ㄉㄚˋ-ㄉㄧˋ-ㄐㄧㄥ-ㄌㄧㄥˊ	大地精靈	-6.60980192	acg
ㄉㄚˋ-ㄉㄧˋ-ㄔㄨˋ-ㄋㄩˇ	大地處女	-6.60980192	acg
ㄉㄚˋ-ㄉㄧˋ-ㄔㄤˊ-ㄓㄥ	大地長征	-6.60980192	acg
ㄉㄚˋ-ㄩㄢˊ-ㄎㄢ-ㄊㄞˋ	大垣勘太	-6.60980192	acg
ㄉㄚˋ-ㄓㄨㄥˇ-ㄉㄚˊ-ㄧㄝˇ	大塚達也	-6.60980192	acg
ㄉㄚˋ-ㄊㄞˋ-ㄌㄜ˙-ㄈㄚˇ-ㄕ	大太了法師	-6.17843815	acg
ㄉㄚˋ-ㄅㄣ-ㄔˊ-ㄑㄧㄥˋ-ㄉㄧㄢˇ	大奔馳慶典	-6.17843815	acg
ㄉㄚˋ-ㄇㄚ-ㄇㄚ˙	大媽媽	-7.04116568	acg
ㄉㄚˋ-ㄅㄠˇ-ㄅㄠˇ	大寶寶	-7.04116568	acg
ㄉㄚˋ-ㄕㄢ-ㄎㄜˇ-ㄋㄢˊ-ㄗˇ	大山可南子	-6.17843815	acg
ㄉㄚˋ-ㄕㄢ-ㄒㄧㄥ-ㄒㄧㄥ-ㄜˋ-ㄌㄧㄥˊ	大山猩猩惡靈	-5.74707439	acg
ㄉㄚˋ-ㄧㄢˊ-ㄑㄧㄥ-ㄓㄥˋ	大岩清正	-6.60980192	acg
ㄉㄚˋ-ㄧㄢˊ-ㄐㄧㄝˊ	大岩節	-7.04116568	acg
ㄉㄚˋ-ㄍㄨㄞˋ-ㄕㄡˋ-ㄜˋ-ㄌㄧㄥˊ	大怪獸惡靈	-6.17843815	acg
ㄉㄚˋ-ㄍㄨㄞˋ-ㄔㄨㄥˊ-ㄌㄞˊ-ㄒㄧˊ	大怪蟲來襲	-6.17843815	acg
ㄉㄚˋ-ㄏㄨˋ-ㄉㄨㄛ-ㄏㄨㄟˋ	大戶多惠	-6.60980192	acg
ㄉㄚˋ-ㄏㄨˋ-ㄞˋ	大戶愛	-7.04116568	acg
ㄉㄚˋ-ㄇㄨˋ-ㄇㄚˊ-ㄧ-ㄗˇ	大暮麻衣子	-6.17843815	acg
ㄉㄚˋ-ㄇㄨˋ-ㄧㄢˊ-ㄙㄨㄥ	大木岩松	-6.60980192	acg
ㄉㄚˋ-ㄇㄨˋ-ㄉㄨㄣ	大木敦	-7.04116568	acg
ㄉㄚˋ-ㄕㄢ-ㄓˋ	大杉智	-7.04116568	acg
ㄉㄚˋ-ㄌㄧㄣˊ-ㄐㄧㄡˇ-ㄦˋ	大林九二	-6.60980192	acg
ㄉㄚˋ-ㄍㄨㄟ-ㄨㄟˇ	大槻唯	-7.04116568	acg
ㄉㄚˋ-ㄓㄥˋ-ㄔㄨˋ-ㄋㄩˇ-ㄩˋ-ㄑㄧㄝˊ-ㄏㄨㄚˋ	大正處女御伽話	-5.74707439	acg
ㄉㄚˋ-ㄑㄧˋ-ㄇㄨˋ-ㄗㄨˊ	大氣牧族	-6.60980192	acg
ㄉㄚˋ-ㄐㄧㄤ-ㄏㄨˋ-ㄔㄠ-ㄋㄥˊ-ㄕㄠˋ-ㄋㄩˇ-ㄗㄨˇ	大江戶超能少女組	-5.74707439	acg
ㄉㄚˋ-ㄔˊ-ㄈㄟ-ㄒㄩㄥˊ	大池飛雄	-6.60980192	acg
ㄉㄚˋ-ㄓㄠˇ-ㄏㄨˊ-ㄊㄠˊ	大沼胡桃	-6.60980192	acg
ㄉㄚˋ-ㄧㄤˊ-ㄧㄡˊ-ㄒㄧㄚˊ	大洋遊俠	-6.60980192	acg
ㄉㄚˋ-ㄇㄛˋ-ㄘㄤ-ㄌㄤˊ	大漠蒼狼	-6.60980192	acg
ㄉㄚˋ-ㄗㄜˊ-ㄖㄨㄟˋ-ㄏㄨㄟˋ	大澤瑞惠	-6.60980192	acg
ㄉㄚˋ-ㄗㄜˊ-ㄒㄧㄤˊ-ㄏㄨㄟˋ	大澤祥惠	-6.60980192	acg
ㄉㄚˋ-ㄏㄨㄟ-ㄒㄩㄥˊ-ㄩˇ-ㄒㄧㄠˇ-ㄌㄩˇ-ㄕㄨˇ	大灰熊與小旅鼠	-5.74707439	acg
ㄉㄚˋ-ㄇㄨˇ-ㄌㄧˋ-ㄕㄥ-ㄑㄧˋ-ㄌㄜ˙	大牡蠣生氣了	-5.74707439	acg
ㄉㄚˋ-ㄩˋ-ㄨㄢˊ	大獄丸	-7.04116568	acg
ㄉㄚˋ-ㄨㄤˊ-ㄩㄢˊ-ㄏㄡˊ-ㄕㄡˋ	大王猿猴獸	-6.17843815	acg
ㄉㄚˋ-ㄨㄤˊ-ㄏㄨㄚ-ㄕㄡˋ	大王花獸	-6.60980192	acg
ㄉㄚˋ-ㄅㄞˊ-ㄐㄧㄥ	大白鯨	-7.04116568	acg
ㄉㄚˋ-ㄓㄨㄥˋ-ㄨㄤˇ-ㄌㄨㄛˋ-ㄅㄠˋ	大眾網絡報	-6.17843815	acg
ㄉㄚˋ-ㄓㄨㄥˋ-ㄖㄨㄢˇ-ㄐㄧㄢˋ	大眾軟件	-6.60980192	acg
ㄉㄚˋ-ㄕˊ-ㄑㄩㄢˊ	大石泉	-7.04116568	acg
ㄉㄚˋ-ㄆㄠˋ-ㄩˇ-ㄒㄧㄠˇ-ㄜˋ-ㄇㄛˊ	大砲與小惡魔	-5.74707439	acg
ㄉㄚˋ-ㄗㄨˇ-ㄇㄨˇ	大祖母	-7.04116568	acg
ㄉㄚˋ-ㄕㄣˊ-ㄕˋ-ㄌㄤˊ	大神士郎	-6.60980192	acg
ㄉㄚˋ-ㄕㄣˊ-ㄏㄠˋ-ㄊㄞˋ-ㄌㄤˊ	大神浩太郎	-6.17843815	acg
ㄉㄚˋ-ㄓㄤ-ㄩˊ	大章魚	-7.04116568	acg
ㄉㄚˋ-ㄊㄨㄥˇ-ㄇㄨˋ-ㄊㄠˊ-ㄕˋ	大筒木桃式	-6.17843815	acg
ㄉㄚˋ-ㄊㄨㄥˇ-ㄇㄨˋ-ㄐㄧㄣ-ㄕˋ	大筒木金式	-6.17843815	acg
ㄉㄚˋ-ㄦˇ-ㄏㄨㄟˊ-ㄒㄩㄢˊ-ㄐㄧˊ	大耳迴旋擊	-6.17843815	acg
ㄉㄚˋ-ㄦˇ-ㄈㄟ-ㄒㄧㄤˊ	大耳飛翔	-6.60980192	acg
ㄉㄚˋ-ㄕㄜˊ-ㄅㄟˋ	大舌貝	-7.04116568	acg
ㄉㄚˋ-ㄧㄥ-ㄒㄩㄥˊ-ㄊㄧㄢ-ㄊㄨㄢˊ	大英雄天團	-6.17843815	acg
ㄉㄚˋ-ㄍㄞˋ-ㄑㄧˊ-ㄕㄡˋ	大蓋奇獸	-6.60980192	acg
ㄉㄚˋ-ㄘㄤˊ-ㄒㄧㄣˋ-ㄈㄨ	大藏信夫	-6.60980192	acg
ㄉㄚˋ-ㄒㄧ-ㄧㄡ-ㄖㄣˊ	大西悠人	-6.60980192	acg
ㄉㄚˋ-ㄒㄧ-ㄧㄡˊ-ㄌㄧˇ-ㄗˇ	大西由里子	-6.17843815	acg
ㄉㄚˋ-ㄐㄧㄠˇ-ㄕㄡˋ	大角獸	-7.04116568	acg
ㄉㄚˋ-ㄏㄨㄚˋ-ㄜˋ-ㄋㄩˇ	大話惡女	-6.60980192	acg
ㄉㄚˋ-ㄉㄧㄠˋ-ㄙㄢ-ㄔㄨㄥˊ-ㄔㄤˋ	大調三重唱	-6.17843815	acg
ㄉㄚˋ-ㄉㄡˋ-ㄉㄡˋ-ㄕㄡˋ	大豆豆獸	-6.60980192	acg
ㄉㄚˋ-ㄒㄧㄤˋ-ㄕㄡˋ	大象獸	-7.04116568	acg
ㄉㄚˋ-ㄅㄟˋ-ㄚ-ㄧㄝˊ	大貝阿耶	-6.60980192	acg
ㄉㄚˋ-ㄌㄨˋ-ㄨˊ-ㄆㄧㄥˊ	大路吾平	-6.60980192	acg
ㄉㄚˋ-ㄌㄨˋ-ㄉㄠˋ-ㄗˇ	大路道子	-6.60980192	acg
ㄉㄚˋ-ㄌㄨˋ-ㄅㄧㄥˇ-ㄘㄤˊ	大路餅藏	-6.60980192	acg
ㄉㄚˋ-ㄐㄩㄣ-ㄖㄨˋ-ㄑㄧㄣ	大軍入侵	-6.60980192	acg
ㄉㄚˋ-ㄒㄩㄢ	大軒	-7.17149945	acg
ㄉㄚˋ-ㄌㄨㄣˊ-ㄉㄚˋ-ㄏㄜˊ	大輪大和	-6.60980192	acg
ㄉㄚˋ-ㄌㄨㄣˊ-ㄇㄟˇ-ㄏㄨㄟˋ	大輪美惠	-6.60980192	acg
ㄉㄚˋ-ㄌㄧㄢˊ-ㄨㄤˊ	大連王	-7.04116568	acg
ㄉㄚˋ-ㄧㄝˇ-ㄌㄧㄥˊ	大野綾	-7.04116568	acg
ㄉㄚˋ-ㄑㄧㄠ-ㄒㄧㄥˊ-ㄔㄨㄥˊ-ㄕㄣˊ	大鍬形蟲神	-6.17843815	acg
ㄉㄚˋ-ㄒㄩㄥˊ-ㄓ-ㄩˇ-ㄓㄡˋ-ㄧㄥ-ㄒㄩㄥˊ-ㄐㄧˋ	大雄之宇宙英雄記	-5.74707439	acg
ㄉㄚˋ-ㄒㄩㄥˊ-ㄉㄜ˙-ㄉㄧˋ-ㄑㄧㄡˊ-ㄐㄧㄠ-ㄒㄧㄤˇ-ㄩㄝˋ	大雄的地球交響樂	-5.74707439	acg
ㄉㄚˋ-ㄒㄩㄥˊ-ㄉㄜ˙-ㄩˇ-ㄓㄡˋ-ㄒㄧㄠˇ-ㄓㄢˋ-ㄓㄥ	大雄的宇宙小戰爭	-5.74707439	acg
ㄉㄚˋ-ㄒㄩㄥˊ-ㄉㄜ˙-ㄎㄨㄥˇ-ㄌㄨㄥˊ	大雄的恐龍	-6.17843815	acg
ㄉㄚˋ-ㄒㄩㄥˊ-ㄉㄜ˙-ㄈㄚ-ㄊㄧㄠˊ-ㄔㄥˊ-ㄌㄧˋ-ㄒㄧㄢˇ-ㄐㄧˋ	大雄的發條城歷險記	-5.74707439	acg
ㄉㄚˋ-ㄒㄩㄥˊ-ㄉㄜ˙-ㄈㄚ-ㄊㄧㄠˊ-ㄉㄨ-ㄕˋ-ㄇㄠˋ-ㄒㄧㄢˇ-ㄐㄧˋ	大雄的發條都市冒險記	-5.74707439	acg
ㄉㄚˋ-ㄒㄩㄥˊ-ㄉㄜ˙-ㄏㄨㄟˋ-ㄏㄨㄚˋ-ㄕˋ-ㄐㄧㄝˋ-ㄨˋ-ㄩˇ	大雄的繪畫世界物語	-5.74707439	acg
ㄉㄚˋ-ㄒㄩㄥˊ-ㄩˇ-ㄎㄨㄥˇ-ㄌㄨㄥˊ-ㄑㄧˊ-ㄕˋ	大雄與恐龍騎士	-5.74707439	acg
ㄉㄚˋ-ㄒㄩㄥˊ-ㄩˇ-ㄅㄞˊ-ㄐㄧㄣ-ㄇㄧˊ-ㄍㄨㄥ	大雄與白金迷宮	-5.74707439	acg
ㄉㄚˋ-ㄒㄩㄥˊ-ㄩˇ-ㄌㄩˋ-ㄓ-ㄐㄩˋ-ㄖㄣˊ-ㄔㄨㄢˊ	大雄與綠之巨人傳	-5.74707439	acg
ㄉㄚˋ-ㄒㄩㄥˊ-ㄩˇ-ㄧㄣˊ-ㄏㄜˊ-ㄔㄠ-ㄊㄜˋ-ㄎㄨㄞˋ-ㄌㄧㄝˋ-ㄔㄜ	大雄與銀河超特快列車	-5.74707439	acg
ㄉㄚˋ-ㄒㄩㄥˊ-ㄩˇ-ㄊㄧㄝˇ-ㄖㄣˊ-ㄅㄧㄥ-ㄊㄨㄢˊ	大雄與鐵人兵團	-5.74707439	acg
ㄉㄚˋ-ㄒㄩㄥˊ-ㄩˇ-ㄩㄣˊ-ㄓ-ㄨㄤˊ-ㄍㄨㄛˊ	大雄與雲之王國	-5.74707439	acg
ㄉㄚˋ-ㄩㄣˊ	大雲	-7.17149945	acg
ㄉㄚˋ-ㄆㄧ-ㄌㄧˋ-ㄈㄟ-ㄑㄩㄢˊ	大霹靂飛拳	-6.17843815	acg
ㄉㄚˋ-ㄊㄡˊ-ㄗˇ-ㄊㄧㄢ-ㄎㄨㄥ	大頭仔天空	-6.17843815	acg
ㄉㄚˋ-ㄊㄡˊ-ㄕㄡˋ	大頭獸	-7.04116568	acg
ㄉㄚˋ-ㄆㄧㄢˋ-ㄗ˙-ㄋㄨㄛˋ-ㄌㄢˊ-ㄉㄜˊ	大騙子諾蘭德	-5.74707439	acg
ㄉㄚˋ-ㄎㄨ-ㄌㄡˊ	大骷髏	-7.04116568	acg
ㄉㄚˋ-ㄋㄠˋ-ㄐㄧㄚˋ-ㄒㄩㄣˋ-ㄅㄢ	大鬧駕訓班	-6.17843815	acg
ㄉㄚˋ-ㄇㄛˊ-ㄕㄣˊ-ㄌㄧㄝˋ-ㄧㄢˋ	大魔神烈焰	-6.17843815	acg
ㄉㄚˋ-ㄇㄛˊ-ㄕㄣˊ-ㄈㄣˇ-ㄙㄨㄟˋ-ㄈㄟ-ㄑㄩㄢˊ	大魔神粉碎飛拳	-5.74707439	acg
ㄉㄚˋ-ㄋㄧㄠˇ-ㄏㄨㄢˊ	大鳥環	-7.04116568	acg
ㄉㄚˋ-ㄋㄧㄠˇ-ㄧˋ	大鳥翼	-7.04116568	acg
ㄉㄚˋ-ㄏㄟ-ㄊㄧㄢ-ㄅㄟˋ-ㄦˇ	大黑天貝爾	-6.17843815	acg
ㄊㄧㄢ-ㄕㄤˋ-ㄡ-ㄉㄧˋ-ㄋㄚˋ	天上歐蒂娜	-6.17843815	acg
ㄊㄧㄢ-ㄒㄧㄚˋ-ㄉㄧˋ-ㄧ-ㄨˇ-ㄉㄠˋ-ㄏㄨㄟˋ	天下第一武道會	-5.74707439	acg
ㄊㄧㄢ-ㄋㄞˇ-ㄌㄧㄥˊ-ㄧㄣ	天乃鈴音	-6.60980192	acg
ㄊㄧㄢ-ㄓ-ㄔㄨㄢ-ㄕˇ-ㄉㄞˋ-ㄌㄚ	天之川史黛拉	-5.74707439	acg
ㄊㄧㄢ-ㄓ-ㄏㄜˊ-ㄅㄟˇ-ㄉㄡˇ	天之河北斗	-6.17843815	acg
ㄊㄧㄢ-ㄓ-ㄏㄜˊ-ㄓㄡˋ	天之河宙	-6.60980192	acg
ㄊㄧㄢ-ㄓ-ㄕㄥ	天之聲	-7.04116568	acg
ㄊㄧㄢ-ㄓ-ㄒㄧㄝˊ-ㄍㄨㄟˇ	天之邪鬼	-6.60980192	acg
ㄊㄧㄢ-ㄖㄣˊ-ㄏㄨˋ-ㄉㄨㄥˋ	天人互動	-6.60980192	acg
ㄊㄧㄢ-ㄕˇ-ㄊㄨˋ	天使兔	-7.04116568	acg
ㄊㄧㄢ-ㄕˇ-ㄅㄞˇ-ㄏㄜˊ	天使百合	-6.60980192	acg
ㄊㄧㄢ-ㄕˇ-ㄉㄜ˙-ㄓㄨˋ-ㄈㄨˊ	天使的祝福	-6.17843815	acg
ㄊㄧㄢ-ㄕˇ-ㄉㄜ˙-ㄌㄨㄛˋ-ㄖˋ	天使的落日	-6.17843815	acg
ㄊㄧㄢ-ㄕˇ-ㄔㄤˊ-ㄍㄤ-ㄉㄢˋ	天使長鋼彈	-6.17843815	acg
ㄊㄧㄢ-ㄅㄧㄥ-ㄍㄨㄥ-ㄩㄢˊ	天兵公園	-6.60980192	acg
ㄊㄧㄢ-ㄐㄧㄢˋ-ㄐㄩˊ	天劍局	-7.04116568	acg
ㄊㄧㄢ-ㄔㄨㄟ-ㄨㄢˋ-ㄌㄧˊ-ㄚ	天吹萬梨阿	-6.17843815	acg
ㄊㄧㄢ-ㄔㄨㄟ-ㄌㄧˊ-ㄗˇ	天吹麗子	-6.60980192	acg
ㄊㄧㄢ-ㄑㄧˇ-ㄒㄧㄥ-ㄓ-ㄓㄢˋ	天啟星之戰	-6.17843815	acg
ㄊㄧㄢ-ㄑㄧˇ-ㄇㄛˊ	天啟魔	-7.04116568	acg
ㄊㄧㄢ-ㄔㄥˊ-ㄎㄨㄞˋ-ㄉㄡˇ	天城快斗	-6.60980192	acg
ㄊㄧㄢ-ㄔㄥˊ-ㄑㄧㄥˊ-ㄖㄣˊ	天城晴人	-6.60980192	acg
ㄊㄧㄢ-ㄨㄞˋ-ㄑㄧˊ-ㄐㄧ	天外奇蹟	-6.60980192	acg
ㄊㄧㄢ-ㄊㄧㄢ-ㄙㄨㄥˋ-ㄌㄧˇ	天天送禮	-6.60980192	acg
ㄊㄧㄢ-ㄍㄨㄥ-ㄒㄩㄢˊ	天宮旋	-7.04116568	acg
ㄊㄧㄢ-ㄉㄧˋ-ㄙㄚˋ-ㄎㄜˋ	天帝薩克	-6.60980192	acg
ㄊㄧㄢ-ㄉㄧˋ-ㄍㄤ-ㄉㄢˋ	天帝鋼彈	-6.60980192	acg
ㄊㄧㄢ-ㄨㄢ	天彎	-7.17149945	acg
ㄊㄧㄢ-ㄘㄞˊ-ㄅㄠˇ-ㄅㄟˋ	天才寶貝	-6.60980192	acg
ㄊㄧㄢ-ㄘㄞˊ-ㄌㄠˇ-ㄉㄧㄝ	天才老爹	-6.60980192	acg
ㄊㄧㄢ-ㄨㄣˊ-ㄓㄨㄤ-ㄓˋ	天文裝置	-6.60980192	acg
ㄊㄧㄢ-ㄈㄤ-ㄇㄟˇ-ㄈㄢˊ	天方美帆	-6.60980192	acg
ㄊㄧㄢ-ㄒㄧㄥ-ㄍㄨㄥ-ㄓㄨˇ	天星公主	-6.60980192	acg
ㄊㄧㄢ-ㄑㄧˋ-ㄓ-ㄗˇ	天氣之子	-6.60980192	acg
ㄊㄧㄢ-ㄏㄨㄛˇ-ㄔㄥˊ-ㄐㄧㄝˋ	天火懲戒	-6.60980192	acg
ㄊㄧㄢ-ㄗㄞ-ㄈㄨˊ-ㄕㄡˋ	天災蝠獸	-6.60980192	acg
ㄊㄧㄢ-ㄌㄤˊ-ㄒㄧㄥˊ	天狼型	-7.04116568	acg
ㄊㄧㄢ-ㄌㄤˊ-ㄒㄧㄥˊ-ㄌㄧㄝˋ-ㄇㄛˊ	天狼型獵魔	-6.17843815	acg
ㄊㄧㄢ-ㄌㄤˊ-ㄒㄧㄥˊ-ㄌㄧㄝˋ-ㄇㄛˊ-ㄍㄤ-ㄉㄢˋ	天狼型獵魔鋼彈	-5.74707439	acg
ㄊㄧㄢ-ㄌㄤˊ-ㄐㄧㄤ-ㄐㄩㄣ	天狼將軍	-6.60980192	acg
ㄊㄧㄢ-ㄌㄤˊ-ㄒㄧㄥ-ㄕㄡˋ	天狼星獸	-6.60980192	acg
ㄊㄧㄢ-ㄌㄤˊ-ㄨㄤˊ-ㄒㄧㄥˊ	天狼王型	-6.60980192	acg
ㄊㄧㄢ-ㄌㄤˊ-ㄨㄤˊ-ㄒㄧㄥˊ-ㄌㄧㄝˋ-ㄇㄛˊ	天狼王型獵魔	-5.74707439	acg
ㄊㄧㄢ-ㄌㄤˊ-ㄨㄤˊ-ㄒㄧㄥˊ-ㄌㄧㄝˋ-ㄇㄛˊ-ㄍㄤ-ㄉㄢˋ	天狼王型獵魔鋼彈	-5.74707439	acg
ㄊㄧㄢ-ㄨㄤˊ-ㄒㄧㄥ-ㄑㄧ-ㄕˋ	天王星七式	-6.17843815	acg
ㄊㄧㄢ-ㄊㄧㄢˊ-ㄕˋ-ㄌㄤˊ	天田士郎	-6.60980192	acg
ㄊㄧㄢ-ㄎㄨㄥ-ㄓ-ㄉㄠˇ	天空之島	-6.60980192	acg
ㄊㄧㄢ-ㄎㄨㄥ-ㄇㄥˋ-ㄏㄨㄢˋ-ㄇㄛˊ-ㄈㄚˇ-ㄅㄤˋ	天空夢幻魔法棒	-5.74707439	acg
ㄊㄧㄢ-ㄎㄨㄥ-ㄗˇ-ㄕˋ	天空籽市	-6.60980192	acg
ㄊㄧㄢ-ㄎㄨㄥ-ㄩˇ-ㄇㄠˊ-ㄅㄧˇ	天空羽毛筆	-6.17843815	acg
ㄊㄧㄢ-ㄎㄨㄥ-ㄑㄧˊ-ㄕˋ	天空騎士	-6.60980192	acg
ㄊㄧㄢ-ㄊㄨㄥˊ-ㄧㄡˊ	天童遊	-7.04116568	acg
ㄊㄧㄢ-ㄈㄚˊ-ㄕㄨˋ-ㄕˋ	天罰術式	-6.60980192	acg
ㄊㄧㄢ-ㄧˋ-ㄓ-ㄌㄧㄢˋ	天翼之鍊	-6.60980192	acg
ㄊㄧㄢ-ㄒㄧㄝ-ㄧ-ㄕㄜˋ	天蠍一射	-6.60980192	acg
ㄊㄧㄢ-ㄒㄧㄝ-ㄧˊ-ㄕㄜˋ	天蠍一射	-7.10980192	acg
ㄊㄧㄢ-ㄇㄠ-ㄏㄠˋ	天貓號	-7.04116568	acg
ㄊㄧㄢ-ㄅㄟˋ-ㄒㄧㄡˋ-ㄓㄨˋ	天貝繡助	-6.60980192	acg
ㄊㄧㄢ-ㄈㄨˋ-ㄧㄣˇ-ㄑㄧㄥˊ	天賦引擎	-6.60980192	acg
ㄊㄧㄢ-ㄧㄝˇ-ㄓˇ	天野凪	-7.04116568	acg
ㄊㄧㄢ-ㄧㄝˇ-ㄩㄢˊ	天野圓	-7.04116568	acg
ㄊㄧㄢ-ㄧㄝˇ-ㄋㄧㄥˊ-ㄋㄧㄥˊ	天野寧寧	-6.60980192	acg
ㄊㄧㄢ-ㄧㄝˇ-ㄧㄡ	天野悠	-7.04116568	acg
ㄊㄧㄢ-ㄧㄝˇ-ㄐㄧㄥˇ-ㄊㄞˋ	天野景太	-6.60980192	acg
ㄊㄧㄢ-ㄧㄝˇ-ㄑㄧㄣˊ-ㄧㄣ	天野琴音	-6.60980192	acg
ㄊㄧㄢ-ㄧㄝˇ-ㄧㄤˊ-ㄘㄞˋ	天野陽菜	-6.60980192	acg
ㄊㄧㄢ-ㄓㄣˋ	天震	-7.17149945	acg
ㄊㄧㄢ-ㄧㄣ-ㄐㄧㄝˇ-ㄇㄟˋ	天音姐妹	-6.60980192	acg
ㄊㄧㄢ-ㄇㄚˇ-ㄧㄡˋ	天馬侑	-7.04116568	acg
ㄊㄧㄢ-ㄇㄚˇ-ㄇㄧㄥˊ-ㄖˋ	天馬明日	-6.60980192	acg
ㄊㄧㄢ-ㄇㄚˇ-ㄨˊ-ㄨㄟˋ	天馬無畏	-6.60980192	acg
ㄊㄧㄢ-ㄇㄚˇ-ㄕㄡˋ	天馬獸	-7.04116568	acg
ㄊㄧㄢ-ㄇㄚˇ-ㄈㄟ-ㄋㄧㄠˇ	天馬飛鳥	-6.60980192	acg
ㄊㄧㄢ-ㄋㄧㄠˇ-ㄇㄟˇ-ㄇㄚˇ	天鳥美馬	-6.60980192	acg
ㄊㄧㄢ-ㄧㄥ-ㄕㄡˋ	天鷹獸	-7.04116568	acg
ㄊㄧㄢ-ㄌㄨㄥˊ-ㄕㄡˋ	天龍獸	-7.04116568	acg
ㄊㄧㄢ-ㄌㄨㄥˊ-ㄍㄤ-ㄉㄢˋ	天龍鋼彈	-6.60980192	acg
ㄊㄞˋ-ㄉㄠ-ㄔㄨㄢ-ㄍㄨㄟ-ㄐㄧㄝˋ	太刀川圭介	-6.17843815	acg
ㄊㄞˋ-ㄉㄠ-ㄔㄨㄢ-ㄩㄢˊ-ㄧ-ㄌㄤˊ	太刀川源一郎	-5.74707439	acg
ㄊㄞˋ-ㄉㄠ-ㄔㄨㄢ-ㄩㄢˊ-ㄧˋ-ㄌㄤˊ	太刀川源一郎	-6.24707439	acg
ㄊㄞˋ-ㄉㄠ-ㄔㄨㄢ-ㄌㄧˇ-ㄐㄧㄤ	太刀川里江	-6.17843815	acg
ㄊㄞˋ-ㄈㄟ-ㄉㄚˊ	太妃妲	-7.04116568	acg
ㄊㄞˋ-ㄅㄤˋ-ㄌㄜ˙-ㄓ-ㄕㄨˋ	太棒了之樹	-6.17843815	acg
ㄊㄞˋ-ㄊㄧㄢˊ-ㄐㄧㄢˋ-ㄊㄞˋ-ㄌㄤˊ	太田健太郎	-6.17843815	acg
ㄊㄞˋ-ㄊㄧㄢˊ-ㄧㄡ	太田優	-7.04116568	acg
ㄊㄞˋ-ㄊㄧㄢˊ-ㄑㄧㄢ-ㄑㄧㄡ	太田千秋	-6.60980192	acg
ㄊㄞˋ-ㄎㄨㄥ-ㄌㄧˋ-ㄑㄧˊ	太空历奇	-6.60980192	acg
ㄊㄞˋ-ㄎㄨㄥ-ㄩˇ-ㄓㄡˋ-ㄔㄨㄢˊ-ㄙㄞˋ-ㄉㄠˋ	太空宇宙船賽道	-5.74707439	acg
ㄊㄞˋ-ㄎㄨㄥ-ㄍㄨㄥ-ㄔㄥˊ-ㄔㄜ	太空工程車	-6.17843815	acg
ㄊㄞˋ-ㄎㄨㄥ-ㄊㄢˊ-ㄊㄧㄠˋ	太空彈跳	-6.60980192	acg
ㄊㄞˋ-ㄎㄨㄥ-ㄒㄩㄢˊ-ㄎㄨㄥ-ㄈㄣ-ㄔㄚˋ-ㄆㄠˇ-ㄉㄠˋ	太空懸空分岔跑道	-5.74707439	acg
ㄊㄞˋ-ㄎㄨㄥ-ㄓㄢˋ-ㄕㄣˊ	太空戰神	-6.60980192	acg
ㄊㄞˋ-ㄎㄨㄥ-ㄓㄢˋ-ㄉㄡˋ-ㄈㄟ-ㄒㄧㄥˊ-ㄔㄤˇ	太空戰鬥飛行場	-5.74707439	acg
ㄊㄞˋ-ㄎㄨㄥ-ㄙㄨㄛ-ㄔㄨㄢˊ-ㄑㄧㄡˊ	太空梭傳球	-6.17843815	acg
ㄊㄞˋ-ㄎㄨㄥ-ㄇㄢˋ-ㄊㄢˊ	太空漫談	-6.60980192	acg
ㄊㄞˋ-ㄎㄨㄥ-ㄏㄨㄛˇ-ㄔㄜ	太空火車	-6.60980192	acg
ㄊㄞˋ-ㄎㄨㄥ-ㄌㄧˋ-ㄑㄧㄠˊ	太空立橋	-6.60980192	acg
ㄊㄞˋ-ㄎㄨㄥ-ㄧˊ-ㄐㄧ	太空遺跡	-6.60980192	acg
ㄊㄞˋ-ㄎㄨㄥ-ㄒㄧㄢˇ-ㄉㄠˋ	太空險道	-6.60980192	acg
ㄊㄞˋ-ㄎㄨㄥ-ㄧˋ-ㄓㄢˋ	太空驛站	-6.60980192	acg
ㄊㄞˋ-ㄐㄧㄣ	太金	-7.17149945	acg
ㄊㄞˋ-ㄧㄤˊ-ㄓ-ㄗˇ	太陽之子	-6.60980192	acg
ㄊㄞˋ-ㄧㄤˊ-ㄕ-ㄕㄣ-ㄖㄣˊ-ㄇㄧㄢˋ	太陽獅身人面	-5.74707439	acg
ㄊㄞˋ-ㄧㄤˊ-ㄕˇ	太陽矢	-7.04116568	acg
ㄊㄞˋ-ㄧㄤˊ-ㄨㄣˊ	太陽紋	-7.04116568	acg
ㄊㄞˋ-ㄍㄨˇ-ㄓ-ㄉㄚˊ-ㄖㄣˊ	太鼓之達人	-6.17843815	acg
ㄊㄞˋ-ㄍㄨˇ-ㄕㄡˋ	太鼓獸	-7.04116568	acg
ㄕ-ㄕˋ-ㄉㄧㄢˇ	失事點	-7.04116568	acg
ㄕ-ㄌㄨㄛˋ-ㄉㄜ˙-ㄔㄥˊ-ㄕˋ	失落的城市	-6.17843815	acg
ㄕ-ㄌㄨㄛˋ-ㄉㄜ˙-ㄩˇ-ㄓㄡˋ	失落的宇宙	-6.17843815	acg
ㄕ-ㄌㄨㄛˋ-ㄉㄜ˙-ㄐㄧㄣˋ-ㄏㄨㄚˋ	失落的進化	-6.17843815	acg
ㄑㄧˊ-ㄌㄞˊ-ㄧㄚˇ	奇來亞	-7.04116568	acg
ㄑㄧˊ-ㄒㄧㄡ-ㄧㄚˇ	奇修亞	-7.04116568	acg
ㄑㄧˊ-ㄋㄨㄥˊ	奇儂	-7.17149945	acg
ㄑㄧˊ-ㄌㄧˋ-ㄧㄚˇ	奇力亞	-7.04116568	acg
ㄑㄧˊ-ㄊㄢˇ	奇坦	-7.17149945	acg
ㄑㄧˊ-ㄊㄚˇ-ㄖㄨㄟˋ	奇塔瑞	-7.04116568	acg
ㄑㄧˊ-ㄊㄧㄢ-ㄌㄧㄝˋ-ㄉㄚˋ-ㄅㄞˇ-ㄎㄜ	奇天烈大百科	-5.74707439	acg
ㄑㄧˊ-ㄑㄧˊ-ㄡ	奇奇歐	-7.04116568	acg
ㄑㄧˊ-ㄑㄧˊ-ㄩˇ-ㄉㄧˋ-ㄉㄧˋ	奇奇與蒂蒂	-6.17843815	acg
ㄑㄧˊ-ㄠˋ-ㄕㄨㄟˇ-ㄐㄧㄥ	奇奧水晶	-6.60980192	acg
ㄑㄧˊ-ㄇㄧㄠˋ-ㄖㄣˊ-ㄕㄥ	奇妙人生	-6.60980192	acg
ㄑㄧˊ-ㄑㄧㄠˇ-ㄐㄧˋ-ㄔㄥˊ-ㄔㄜ	奇巧計程車	-6.17843815	acg
ㄑㄧˊ-ㄏㄨㄢˋ-ㄘㄨㄣ	奇幻村	-7.04116568	acg
ㄑㄧˊ-ㄏㄨㄢˋ-ㄓㄠˇ-ㄗㄜˊ	奇幻沼澤	-6.60980192	acg
ㄑㄧˊ-ㄏㄨㄢˋ-ㄐㄧㄥ-ㄌㄧㄥˊ	奇幻精靈	-6.60980192	acg
ㄑㄧˊ-ㄏㄨㄢˋ-ㄇㄠ-ㄊㄡˊ-ㄧㄥ-ㄒㄧㄠˇ-ㄨ	奇幻貓頭鷹小屋	-5.74707439	acg
ㄑㄧˊ-ㄎㄨˋ	奇庫	-7.17149945	acg
ㄑㄧˊ-ㄎㄨˋ-ㄌㄨㄣˊ	奇庫倫	-7.04116568	acg
ㄑㄧˊ-ㄌㄚ	奇拉	-7.17149945	acg
ㄑㄧˊ-ㄌㄚ-ㄙ	奇拉斯	-7.04116568	acg
ㄑㄧˊ-ㄧㄤˊ	奇揚	-7.17149945	acg
ㄑㄧˊ-ㄆㄨˇ-ㄊㄨㄛ-ㄙ	奇普托斯	-6.60980192	acg
ㄑㄧˊ-ㄆㄨˇ-ㄊㄨㄛ-ㄙ-ㄏㄨㄤˇ-ㄌㄨㄣˊ-ㄉㄚˋ-ㄐㄧˋ	奇普托斯晄輪大祭	-5.74707439	acg
ㄑㄧˊ-ㄌㄜˋ	奇樂	-7.17149945	acg
ㄑㄧˊ-ㄡ	奇歐	-7.17149945	acg
ㄑㄧˊ-ㄆㄛ	奇波	-7.17149945	acg
ㄑㄧˊ-ㄆㄛ-ㄉㄧˊ	奇波迪	-7.04116568	acg
ㄑㄧˊ-ㄧㄚˊ	奇犽	-7.17149945	acg
ㄑㄧˊ-ㄇㄚˇ	奇瑪	-7.17149945	acg
ㄑㄧˊ-ㄧˋ-ㄇㄠˋ-ㄒㄧㄢˇ	奇異冒險	-6.60980192	acg
ㄑㄧˊ-ㄧˋ-ㄉㄜ˙-ㄉㄧㄢˇ-ㄒㄧㄣ-ㄋㄚˋ-ㄋㄚˋ-ㄨㄤˊ-ㄍㄨㄛˊ	奇異的點心娜娜王國	-5.74707439	acg
ㄑㄧˊ-ㄧˋ-ㄍㄤ-ㄉㄢˋ	奇異鋼彈	-6.60980192	acg
ㄑㄧˊ-ㄇㄟˇ-ㄧㄚˇ	奇美亞	-7.04116568	acg
ㄑㄧˊ-ㄌㄧˋ	奇莉	-7.17149945	acg
ㄑㄧˊ-ㄌㄧˋ-ㄌㄚ	奇莉拉	-7.04116568	acg
ㄑㄧˊ-ㄇㄛˋ-ㄌㄤˊ	奇莫郎	-7.04116568	acg
ㄑㄧˊ-ㄨㄚ-ㄕㄡˋ	奇蛙獸	-7.04116568	acg
ㄑㄧˊ-ㄒㄧ-ㄇㄟˊ	奇西梅	-7.04116568	acg
ㄑㄧˊ-ㄋㄨㄛˋ	奇諾	-7.17149945	acg
ㄑㄧˊ-ㄙㄞˋ	奇賽	-7.17149945	acg
ㄑㄧˊ-ㄐㄧ-ㄕˋ-ㄐㄧㄝˋ	奇蹟世界	-6.60980192	acg
ㄑㄧˊ-ㄐㄧ-ㄐㄧㄚˋ-ㄩˋ-ㄕㄨ	奇蹟駕馭書	-6.17843815	acg
ㄑㄧˊ-ㄉㄚˊ-ㄌㄧˇ-ㄕˋ	奇達里士	-6.60980192	acg
ㄑㄧˊ-ㄉㄨㄛˊ	奇鐸	-7.17149945	acg
ㄑㄧˊ-ㄧㄚˇ-ㄌㄨˋ	奇雅露	-7.04116568	acg
ㄑㄧˊ-ㄋㄧㄠˇ-ㄕㄡˋ	奇鳥獸	-7.04116568	acg
ㄋㄞˋ-ㄐㄧㄝˊ-ㄦˇ	奈傑爾	-7.04116568	acg
ㄋㄞˋ-ㄌㄧˋ-ㄙ	奈利斯	-7.04116568	acg
ㄋㄞˋ-ㄌㄜˋ-ㄙ	奈勒斯	-7.04116568	acg
ㄋㄞˋ-ㄊㄤˊ	奈堂	-7.17149945	acg
ㄋㄞˋ-ㄋㄞˋ	奈奈	-7.17149945	acg
ㄋㄞˋ-ㄋㄞˋ-ㄋㄞˋ	奈奈奈	-7.04116568	acg
ㄋㄞˋ-ㄋㄞˋ-ㄇㄟˇ	奈奈美	-7.04116568	acg
ㄋㄞˋ-ㄉㄜˊ	奈德	-7.17149945	acg
ㄋㄞˋ-ㄣ	奈恩	-7.17149945	acg
ㄋㄞˋ-ㄦˇ	奈爾	-7.17149945	acg
ㄋㄞˋ-ㄊㄜˋ-ㄌㄟˊ-ㄧ	奈特雷依	-6.60980192	acg
ㄋㄞˋ-ㄕㄚ-ㄒㄧㄤ	奈砂香	-7.04116568	acg
ㄋㄞˋ-ㄗㄨˇ-ㄠˋ	奈祖奧	-7.04116568	acg
ㄋㄞˋ-ㄇㄧˇ-ㄑㄧㄤˊ-ㄏㄨㄚˋ-ㄓㄨㄤ-ㄓˋ	奈米強化裝置	-5.74707439	acg
ㄋㄞˋ-ㄇㄧˇ-ㄐㄧ-ㄘㄥˊ-ㄓㄨㄤ-ㄐㄧㄚˇ	奈米積層裝甲	-5.74707439	acg
ㄋㄞˋ-ㄌㄧㄤˊ-ㄗㄜˊ-ㄓˋ	奈良澤治	-6.60980192	acg
ㄋㄞˋ-ㄕㄚ	奈莎	-7.17149945	acg
ㄋㄞˋ-ㄋㄨㄛˋ-ㄓㄨㄤ-ㄐㄧㄚˇ	奈諾裝甲	-6.60980192	acg
ㄋㄞˋ-ㄉㄧˊ-ㄇㄨˇ	奈迪姆	-7.04116568	acg
ㄋㄞˋ-ㄌㄨˇ	奈魯	-7.17149945	acg
ㄋㄞˋ-ㄌㄧˊ-ㄙ	奈麗絲	-7.04116568	acg
ㄎㄨㄟˊ-ㄧㄚˇ-ㄋㄚˋ	奎亞那	-7.04116568	acg
ㄎㄨㄟˊ-ㄎㄜˋ	奎克	-7.17149945	acg
ㄎㄨㄟˊ-ㄧㄣ	奎因	-7.17149945	acg
ㄎㄨㄟˊ-ㄕˋ-ㄉㄚˊ	奎士達	-7.04116568	acg
ㄎㄨㄟˊ-ㄦˇ-ㄉㄚˊ-ㄋㄚˋ-ㄙ-ㄓ-ㄉㄠˇ	奎爾達納斯之島	-5.74707439	acg
ㄗㄡˋ-ㄓ-ㄓㄨㄤ	奏之裝	-7.04116568	acg
ㄗㄡˋ-ㄧㄠˊ-ㄒㄧㄤ	奏遙香	-7.04116568	acg
ㄑㄧˋ-ㄕˋ	契士	-7.17149945	acg
ㄑㄧˋ-ㄊㄜˋ	契特	-7.17149945	acg
ㄧˋ-ㄎㄚˇ-ㄊㄜˋ	奕卡特	-7.04116568	acg
ㄠˋ-ㄉㄧㄥ-ㄕㄣˊ-ㄑㄧㄤ	奧丁神槍	-6.60980192	acg
ㄠˋ-ㄎㄜˋ-ㄊㄚˇ-ㄨㄟˊ-ㄙ	奧克塔維斯	-6.17843815	acg
ㄠˋ-ㄎㄜˋ-ㄌㄨˇ-ㄙ	奧克魯斯	-6.60980192	acg
ㄠˋ-ㄌㄧㄝˋ-ㄍㄜˊ-ㄕㄡˋ	奧列格獸	-6.60980192	acg
ㄠˋ-ㄌㄧˋ-ㄈㄛˊ	奧利佛	-7.04116568	acg
ㄠˋ-ㄌㄧˋ-ㄅㄚ-ㄊㄜˋ	奧利巴特	-6.60980192	acg
ㄠˋ-ㄌㄧˋ-ㄙ	奧利斯	-7.04116568	acg
ㄠˋ-ㄌㄧˋ-ㄙ-ㄈㄣ-ㄒㄧㄠˋ	奧利斯分校	-6.17843815	acg
ㄠˋ-ㄌㄧˋ-ㄙ-ㄒㄧㄠˇ-ㄉㄨㄟˋ	奧利斯小隊	-6.17843815	acg
ㄠˋ-ㄌㄧˋ-ㄏㄨㄚˊ	奧利華	-7.04116568	acg
ㄠˋ-ㄐㄧㄚ-ㄕㄡˋ	奧加獸	-7.04116568	acg
ㄠˋ-ㄍㄨˇ-ㄌㄚ-ㄙ	奧古拉斯	-6.60980192	acg
ㄠˋ-ㄍㄨˇ-ㄙ	奧古斯	-7.04116568	acg
ㄠˋ-ㄍㄨˇ-ㄙ-ㄊㄧㄥ	奧古斯汀	-6.60980192	acg
ㄠˋ-ㄊㄨˊ	奧圖	-7.17149945	acg
ㄠˋ-ㄐㄧ-ㄈㄨˊ	奧基弗	-7.04116568	acg
ㄠˋ-ㄉㄨㄛ-ㄦˇ	奧多爾	-7.04116568	acg
ㄠˋ-ㄑㄧˊ-ㄋㄞˋ-ㄉㄧˋ-ㄒㄩㄝˋ	奧奇奈地穴	-6.17843815	acg
ㄠˋ-ㄙˋ-ㄇㄟˇ-ㄐㄧˋ	奧寺美紀	-6.60980192	acg
ㄠˋ-ㄕㄢ-ㄕㄚ-ㄓ	奧山沙織	-6.60980192	acg
ㄠˋ-ㄕㄢ-ㄓˊ-ㄇㄟˇ	奧山直美	-6.60980192	acg
ㄠˋ-ㄉㄜˊ-ㄑㄩ	奧德區	-7.04116568	acg
ㄠˋ-ㄉㄜˊ-ㄌㄧㄣˊ	奧德琳	-7.04116568	acg
ㄠˋ-ㄉㄜˊ-ㄌㄨㄛˊ	奧德羅	-7.04116568	acg
ㄠˋ-ㄙ-ㄆㄥˊ	奧斯朋	-7.04116568	acg
ㄠˋ-ㄙ-ㄏㄨㄚˊ-ㄉㄜˊ	奧斯華德	-6.60980192	acg
ㄠˋ-ㄙ-ㄐㄧㄣ-ㄧㄣˊ-ㄏㄤˊ	奧斯金銀行	-6.17843815	acg
ㄠˋ-ㄅㄣˇ	奧本	-7.17149945	acg
ㄠˋ-ㄉㄨˋ-ㄧㄚˇ	奧杜亞	-7.04116568	acg
ㄠˋ-ㄏㄜˊ-ㄓ-ㄒㄧㄣ	奧核之心	-6.60980192	acg
ㄠˋ-ㄏㄜˊ-ㄓ-ㄓㄢˋ	奧核之戰	-6.60980192	acg
ㄠˋ-ㄏㄜˊ-ㄓ-ㄧㄢˇ	奧核之眼	-6.60980192	acg
ㄠˋ-ㄍㄜˊ-ㄦˇ	奧格爾	-7.04116568	acg
ㄠˋ-ㄍㄜˊ-ㄇㄚˇ	奧格瑪	-7.04116568	acg
ㄠˋ-ㄊㄤˊ-ㄙ	奧棠絲	-7.04116568	acg
ㄠˋ-ㄦˇ	奧爾	-7.17149945	acg
ㄠˋ-ㄦˇ-ㄐㄧㄚ	奧爾加	-7.04116568	acg
ㄠˋ-ㄦˇ-ㄙㄞ	奧爾塞	-7.04116568	acg
ㄠˋ-ㄦˇ-ㄎㄜ-ㄊㄜˋ	奧爾柯特	-6.60980192	acg
ㄠˋ-ㄦˇ-ㄗ-ㄒㄩㄣˋ	奧爾資訊	-6.60980192	acg
ㄠˋ-ㄦˇ-ㄉㄧˊ-ㄐㄧㄚ	奧爾迪加	-6.60980192	acg
ㄠˋ-ㄨㄚˇ-ㄦˇ	奧瓦爾	-7.04116568	acg
ㄠˋ-ㄎㄜ-ㄧㄝˊ	奧科耶	-7.04116568	acg
ㄠˋ-ㄇㄧˇ-ㄐㄧㄚ	奧米加	-7.04116568	acg
ㄠˋ-ㄈㄟ-ㄙ	奧菲斯	-7.04116568	acg
ㄠˋ-ㄌㄞˊ-ㄧㄡ-ㄈㄨ-ㄖㄣˊ	奧萊優夫人	-6.17843815	acg
ㄠˋ-ㄕㄨˋ	奧術	-7.17149945	acg
ㄠˋ-ㄕㄨˋ-ㄓ-ㄊㄚˇ	奧術之塔	-6.60980192	acg
ㄠˋ-ㄕㄨˋ-ㄓ-ㄏㄜˊ	奧術之河	-6.60980192	acg
ㄠˋ-ㄉㄧˊ-ㄦˇ	奧迪爾	-7.04116568	acg
ㄠˋ-ㄉㄧˊ-ㄌㄧˋ-ㄧㄚˇ	奧迪莉亞	-6.60980192	acg
ㄠˋ-ㄩㄣˋ-ㄍㄠ-ㄕㄡˇ	奧運高手	-6.60980192	acg
ㄠˋ-ㄌㄨˇ-ㄅㄚ	奧魯巴	-7.04116568	acg
ㄠˋ-ㄌㄧˊ-ㄏㄨㄚˊ-ㄌㄧˋ-ㄒㄧㄢˇ-ㄐㄧˋ	奧麗華歷險記	-5.74707439	acg
ㄠˋ-ㄑㄧˊ-ㄉㄨㄣˋ	奧齊頓	-7.04116568	acg
ㄉㄨㄛˊ-ㄇㄧㄥˋ-ㄍㄨㄟˇ-ㄇㄧㄢˋ-ㄗㄨˊ	奪命鬼面卒	-6.17843815	acg
ㄉㄨㄛˊ-ㄅㄠˇ-ㄉㄚˋ-ㄗㄨㄛˋ-ㄓㄢˋ	奪寶大作戰	-6.17843815	acg
ㄉㄨㄛˊ-ㄏㄨㄣˊ-ㄓ-ㄌㄧㄢˊ	奪魂之鐮	-6.60980192	acg
ㄉㄨㄛˊ-ㄏㄨㄣˊ-ㄉㄨㄢˇ-ㄅㄧˇ	奪魂短匕	-6.60980192	acg
ㄉㄨㄛˊ-ㄏㄨㄣˊ-ㄔㄤˊ-ㄖㄣˋ	奪魂長刃	-6.60980192	acg
ㄈㄣˋ-ㄐㄧㄣˋ-ㄖㄣˊ	奮進人	-7.04116568	acg
ㄋㄩˇ-ㄎㄞˇ-ㄌㄨㄥˊ	女凱龍	-7.04116568	acg
ㄋㄩˇ-ㄧㄠ-ㄏㄨㄥ-ㄓㄚˋ-ㄐㄧ	女妖轟炸機	-6.17843815	acg
ㄋㄩˇ-ㄗˇ-ㄙㄨㄥ-ㄒㄧㄠˇ-ㄐㄧㄝˇ	女子松小姐	-6.17843815	acg
ㄋㄩˇ-ㄨˊ-ㄕㄡˋ	女巫獸	-7.04116568	acg
ㄋㄩˇ-ㄈㄨˊ-ㄨˋ-ㄕㄥ	女服務生	-6.60980192	acg
ㄋㄩˇ-ㄨˇ-ㄕㄣˊ-ㄩㄥˇ-ㄕˋ	女武神勇士	-6.17843815	acg
ㄋㄩˇ-ㄨˇ-ㄕㄣˊ-ㄐㄧㄥˇ-ㄔㄚˊ	女武神警察	-6.17843815	acg
ㄋㄩˇ-ㄨˇ-ㄕㄣˊ-ㄍㄨˇ-ㄐㄧㄚˋ	女武神骨架	-6.17843815	acg
ㄋㄩˇ-ㄙˇ-ㄕˋ	女死侍	-7.04116568	acg
ㄋㄩˇ-ㄏㄠˋ-ㄎㄜˋ	女浩克	-7.04116568	acg
ㄋㄩˇ-ㄌㄧㄝˋ-ㄏㄨˋ	女獵戶	-7.04116568	acg
ㄋㄩˇ-ㄨㄤˊ-ㄓ-ㄖㄣˋ	女王之刃	-6.60980192	acg
ㄋㄩˇ-ㄨㄤˊ-ㄑㄧˊ-ㄕˋ-ㄐㄧㄢˋ	女王騎士劍	-6.17843815	acg
ㄋㄩˇ-ㄕㄣˊ-ㄓㄢˋ-ㄐㄧˋ	女神戰記	-6.60980192	acg
ㄋㄩˇ-ㄕㄣˊ-ㄒㄩㄥˊ-ㄕㄡˋ	女神熊獸	-6.60980192	acg
ㄋㄩˇ-ㄕㄣˊ-ㄐㄧㄤˋ-ㄌㄧㄣˊ	女神降臨	-6.60980192	acg
ㄋㄩˇ-ㄐㄧˋ-ㄙ-ㄊㄧㄢ-ㄕˇ	女祭司天使	-6.17843815	acg
ㄋㄩˇ-ㄓ-ㄓㄨ-ㄖㄣˊ	女蜘蛛人	-6.60980192	acg
ㄋㄩˇ-ㄕㄨˋ-ㄕˋ	女術士	-7.04116568	acg
ㄋㄩˇ-ㄔㄠ-ㄖㄣˊ-ㄌㄧˋ-ㄅㄚˋ-ㄨㄤˊ-ㄅㄟˋ-ㄙ	女超人力霸王貝絲	-5.74707439	acg
ㄋㄨˊ-ㄌㄧˋ-ㄐㄧㄢ-ㄩˋ	奴隸監獄	-6.60980192	acg
ㄋㄞˇ-ㄧㄡˊ-ㄓㄨㄤ-ㄕˋ	奶油裝飾	-6.60980192	acg
ㄊㄚ-ㄑㄩˋ-ㄍㄨㄥ-ㄐㄩㄝˊ-ㄐㄧㄚ-ㄉㄜ˙-ㄌㄧˇ-ㄧㄡˊ	她去公爵家的理由	-5.74707439	acg
ㄏㄠˇ-ㄧㄡˇ-ㄏㄢˋ-ㄐㄧㄥ-ㄧㄥ	好友和精英	-6.17843815	acg
ㄏㄠˋ-ㄑㄧˊ-ㄏㄡˊ-ㄑㄧㄠˊ-ㄓˋ	好奇猴喬治	-6.17843815	acg
ㄏㄠˇ-ㄨㄟ-ㄊㄧㄝˇ-ㄔㄨㄟˊ	好威鐵鎚	-6.60980192	acg
ㄏㄠˇ-ㄨㄢˊ-ㄉㄜ˙-ㄒㄧㄤ-ㄗ˙	好玩的箱子	-6.17843815	acg
ㄖㄨˊ-ㄩㄝˋ-ㄈㄥ-ㄕㄨㄟˇ	如月峰水	-6.60980192	acg
ㄖㄨˊ-ㄩㄝˋ-ㄍㄨㄤˇ-ㄇㄟˇ	如月廣美	-6.60980192	acg
ㄖㄨˊ-ㄩㄝˋ-ㄌㄧㄥˊ	如月玲	-7.04116568	acg
ㄖㄨˊ-ㄩㄝˋ-ㄓㄣ-ㄒㄩˋ	如月真緒	-6.60980192	acg
ㄖㄨˊ-ㄩㄝˋ-ㄑㄧㄣˊ-ㄩㄝˋ	如月秦戉	-6.60980192	acg
ㄈㄟ-ㄐㄧ	妃姬	-7.17149945	acg
ㄨㄤˋ-ㄒㄧㄤˇ-ㄉㄞˋ-ㄌㄧˇ-ㄖㄣˊ	妄想代理人	-6.17843815	acg
ㄧㄠ-ㄊㄧㄢ-ㄕˇ-ㄍㄤ-ㄉㄢˋ	妖天使鋼彈	-6.17843815	acg
ㄧㄠ-ㄍㄨㄞˋ-ㄒㄩㄝˊ-ㄒㄧㄠˋ-ㄉㄜ˙-ㄘㄞˋ-ㄋㄧㄠˇ-ㄌㄠˇ-ㄕ	妖怪學校的菜鳥老師	-5.74707439	acg
ㄧㄠ-ㄍㄨㄞˋ-ㄕㄠˋ-ㄧㄝˊ	妖怪少爺	-6.60980192	acg
ㄧㄠ-ㄐㄧㄥ-ㄓ-ㄨˇ	妖精之舞	-6.60980192	acg
ㄧㄠ-ㄐㄧㄥ-ㄕㄡˋ-ㄌㄧㄝˋ-ㄓㄜˇ	妖精狩獵者	-6.17843815	acg
ㄧㄠ-ㄐㄧㄥ-ㄕㄡˋ	妖精獸	-7.04116568	acg
ㄧㄠ-ㄉㄠˋ-ㄕㄡˋ	妖道獸	-7.04116568	acg
ㄧㄠ-ㄌㄨㄥˊ	妖龍	-7.17149945	acg
ㄇㄧㄠˋ-ㄇㄧㄠˋ-ㄑㄩㄢˇ-ㄅㄨˋ-ㄌㄧˊ	妙妙犬布麗	-6.17843815	acg
ㄇㄧㄠˋ-ㄇㄧㄠˋ-ㄇㄠ	妙妙貓	-7.04116568	acg
ㄇㄧㄠˋ-ㄔㄨˊ-ㄌㄠˇ-ㄇㄚ	妙廚老媽	-6.60980192	acg
ㄇㄧㄠˋ-ㄔㄨˊ-ㄌㄠˇ-ㄉㄧㄝ	妙廚老爹	-6.60980192	acg
ㄇㄧㄠˋ-ㄕㄡˇ-ㄒㄧㄠˇ-ㄔㄨˊ-ㄕ	妙手小廚師	-6.17843815	acg
ㄇㄧㄠˋ-ㄨㄚ-ㄓㄨㄥˇ-ㄗˇ	妙蛙種子	-6.60980192	acg
ㄇㄧㄠˋ-ㄨㄚ-ㄏㄨㄚ	妙蛙花	-7.04116568	acg
ㄇㄧㄠˋ-ㄨㄚ-ㄘㄠˇ	妙蛙草	-7.04116568	acg
ㄇㄧㄠˋ-ㄙㄞˋ-ㄊㄚˇ	妙賽塔	-7.04116568	acg
ㄇㄧㄠˋ-ㄧㄣ-ㄒㄧ-ㄧㄚˇ	妙音希雅	-6.60980192	acg
ㄋㄧˊ-ㄎㄜˇ-ㄦˊ	妮可兒	-7.04116568	acg
ㄋㄧˊ-ㄒㄧㄚˋ	妮夏	-7.17149945	acg
ㄋㄧˊ-ㄋㄧˊ-ㄩˇ-ㄢ-ㄢ	妮妮與安安	-6.17843815	acg
ㄋㄧˊ-ㄌㄚ	妮拉	-7.17149945	acg
ㄋㄧˊ-ㄨㄥ	妮翁	-7.17149945	acg
ㄉㄚˊ-ㄌㄚ	妲拉	-7.17149945	acg
ㄉㄚˊ-ㄌㄧˋ-ㄧㄚˇ	妲莉雅	-7.04116568	acg
ㄉㄚˊ-ㄒㄧ	妲西	-7.17149945	acg
ㄑㄧ-ㄗ˙-ㄜˋ-ㄌㄧㄥˊ	妻子惡靈	-6.60980192	acg
ㄇㄨˇ-ㄧㄚˇ	姆亞	-7.17149945	acg
ㄇㄨˇ-ㄧㄚˇ-ㄊㄨㄥˊ-ㄅㄠ-ㄊㄨㄢˊ	姆亞同胞團	-6.17843815	acg
ㄇㄨˇ-ㄊㄚˇ-ㄒㄧˊ-ㄋㄚˋ	姆塔席娜	-6.60980192	acg
ㄇㄨˇ-ㄙㄞ	姆塞	-7.17149945	acg
ㄇㄨˇ-ㄌㄞˊ	姆萊	-7.17149945	acg
ㄇㄨˇ-ㄌㄨˋ	姆路	-7.17149945	acg
ㄇㄨˇ-ㄉㄚˊ	姆達	-7.17149945	acg
ㄇㄨˇ-ㄉㄚˊ-ㄐㄧˊ	姆達吉	-7.04116568	acg
ㄐㄧㄝˇ-ㄑㄧˊ-ㄐㄧㄥ-ㄐㄧˋ-ㄖㄣˊ	姉崎經紀人	-6.17843815	acg
ㄗˇ-ㄇㄟˋ-ㄑㄩˋ-ㄨㄟˋ-ㄐㄧㄥˋ-ㄙㄞˋ	姊妹趣味競賽	-5.74707439	acg
ㄗˇ-ㄇㄟˋ-ㄌㄧㄢˊ-ㄒㄧㄣ	姊妹連心	-6.60980192	acg
ㄕˇ-ㄐㄧ-ㄊㄧㄢ-ㄕˇ-ㄕㄡˋ	始基天使獸	-6.17843815	acg
ㄒㄧㄢ-ㄋㄚˋ	姍娜	-7.17149945	acg
ㄧㄠˊ-ㄌㄧㄣˊ	姚麟	-7.17149945	acg
ㄐㄧㄤ-ㄊㄞˋ-ㄓˊ	姜泰植	-7.04116568	acg
ㄧˊ-ㄧˊ-ㄉㄨㄛ-ㄉㄧˋ	姨姨多蒂	-6.60980192	acg
ㄓㄣˇ-ㄧㄝˇ-ㄦˋ-ㄙㄢ	姫野二三	-6.60980192	acg
ㄓㄣˇ-ㄧㄝˇ-ㄌㄧˋ-ㄌㄧˋ	姫野莉莉	-6.60980192	acg
ㄐㄧ-ㄧㄚˇ-ㄋㄚˋ	姬亞娜	-7.04116568	acg
ㄐㄧ-ㄍㄨㄥ-ㄢ-ㄑㄧㄢˋ	姬宮安茜	-6.60980192	acg
ㄐㄧ-ㄔㄨㄢ-ㄧㄡˇ-ㄐㄧˋ	姬川友紀	-6.60980192	acg
ㄐㄧ-ㄔㄨㄢ-ㄓㄣ-ㄒㄧ	姬川真希	-6.60980192	acg
ㄐㄧ-ㄧㄥ-ㄋㄩˇ-ㄒㄩㄝˊ-ㄩㄢˋ	姬櫻女學院	-6.17843815	acg
ㄐㄧ-ㄌㄧㄣˊ	姬琳	-7.17149945	acg
ㄐㄧ-ㄋㄧㄝˋ	姬聶	-7.17149945	acg
ㄐㄧ-ㄌㄧˋ-ㄧㄝˋ	姬莉葉	-7.04116568	acg
ㄐㄧ-ㄆㄨˊ	姬蒲	-7.17149945	acg
ㄐㄧ-ㄌㄨˋ-ㄍㄨㄛˇ-ㄉㄞˋ-ㄗˇ	姬路果代子	-6.17843815	acg
ㄨㄟ-ㄧㄚˇ-ㄅㄟˋ-ㄦˇ	威亞貝爾	-6.60980192	acg
ㄨㄟ-ㄌㄧˋ-ㄙ-ㄈㄨ-ㄖㄣˊ	威利斯夫人	-6.17843815	acg
ㄨㄟ-ㄌㄧˋ-ㄕˊ-ㄗㄨˊ-ㄩˇ	威力十足語	-6.17843815	acg
ㄨㄟ-ㄌㄧˋ-ㄒㄧㄥˊ-ㄨㄞˋ-ㄍㄨㄚˋ-ㄓㄨㄤ-ㄅㄟˋ	威力型外掛裝備	-5.74707439	acg
ㄨㄟ-ㄌㄧˋ-ㄒㄧㄥˊ-ㄇㄞˋ-ㄔㄨㄥ-ㄍㄤ-ㄉㄢˋ	威力型脈衝鋼彈	-5.74707439	acg
ㄨㄟ-ㄌㄧˋ-ㄨㄤˇ-ㄑㄧㄡˊ	威力網球	-6.60980192	acg
ㄨㄟ-ㄌㄧˋ-ㄓㄨㄥˋ-ㄔㄨㄟˊ	威力重捶	-6.60980192	acg
ㄨㄟ-ㄌㄜˋ-ㄌㄧˋ	威勒利	-7.04116568	acg
ㄨㄟ-ㄧㄢˊ-ㄑㄩ-ㄉㄨㄥˋ-ㄑㄧˋ	威嚴驅動器	-6.17843815	acg
ㄨㄟ-ㄕˋ-ㄐㄧˋ-ㄕㄢ	威士忌山	-6.60980192	acg
ㄨㄟ-ㄒㄧㄚˋ-ㄙ	威夏斯	-7.04116568	acg
ㄨㄟ-ㄎㄡˋ-ㄗ	威寇茲	-7.04116568	acg
ㄨㄟ-ㄋㄧˊ-ㄙ-ㄐㄧㄥ-ㄏㄨㄣˊ	威尼斯驚魂	-6.17843815	acg
ㄨㄟ-ㄈㄨˊ-ㄌㄧˇ-ㄉㄜˊ	威弗里德	-6.60980192	acg
ㄨㄟ-ㄊㄢˋ-ㄔㄨㄤˇ-ㄊㄨㄥ-ㄍㄨㄢ	威探闖通關	-6.17843815	acg
ㄨㄟ-ㄙ-ㄅㄛˊ-ㄊㄜˋ	威斯伯特	-6.60980192	acg
ㄨㄟ-ㄙ-ㄎㄚˇ	威斯卡	-7.04116568	acg
ㄨㄟ-ㄙ-ㄆㄚˋ	威斯帕	-7.04116568	acg
ㄨㄟ-ㄙ-ㄊㄜˋ	威斯特	-7.04116568	acg
ㄨㄟ-ㄒㄧㄥ	威星	-7.17149945	acg
ㄨㄟ-ㄓㄚˊ-ㄉㄜˊ-ㄒㄩㄣ-ㄐㄩㄝˊ	威札德勳爵	-6.17843815	acg
ㄨㄟ-ㄌㄨㄛˋ-ㄅㄛˊ-ㄕˋ	威洛博士	-6.60980192	acg
ㄨㄟ-ㄦˇ-ㄎㄜˇ	威爾可	-7.04116568	acg
ㄨㄟ-ㄦˇ-ㄈㄨ-ㄌㄜˋ	威爾夫勒	-6.60980192	acg
ㄨㄟ-ㄦˇ-ㄇㄨˇ	威爾姆	-7.04116568	acg
ㄨㄟ-ㄦˇ-ㄙㄣ	威爾森	-7.04116568	acg
ㄨㄟ-ㄦˇ-ㄏㄞˇ-ㄇㄨˇ	威爾海姆	-6.60980192	acg
ㄨㄟ-ㄦˇ-ㄋㄚˋ	威爾納	-7.04116568	acg
ㄨㄟ-ㄊㄜˋ	威特	-7.17149945	acg
ㄨㄟ-ㄇㄥˇ-ㄍㄨㄤ-ㄅㄛ-ㄆㄠˋ	威猛光波砲	-6.17843815	acg
ㄨㄟ-ㄇㄥˇ-ㄐㄧˊ-ㄌㄤˊ	威猛極狼	-6.60980192	acg
ㄨㄟ-ㄎㄜ-ㄊㄜˋ	威科特	-7.04116568	acg
ㄨㄟ-ㄒㄧㄝˊ-ㄕㄡˇ-ㄘㄜˋ	威脅手冊	-6.60980192	acg
ㄨㄟ-ㄒㄧㄝˊ-ㄓㄜˇ	威脅者	-7.04116568	acg
ㄨㄟ-ㄌㄢˊ-ㄙ	威蘭斯	-7.04116568	acg
ㄨㄟ-ㄉㄚˊ	威達	-7.17149945	acg
ㄨㄟ-ㄐㄧㄣ-ㄙ	威金斯	-7.04116568	acg
ㄨㄟ-ㄅㄚˋ	威霸	-7.17149945	acg
ㄨㄟ-ㄉㄨㄣˋ	威頓	-7.17149945	acg
ㄨㄟ-ㄌㄨˇ-ㄗ-ㄅㄨˋ-ㄌㄨˇ-ㄎㄜˋ	威魯茲布魯克	-5.74707439	acg
ㄨㄚˊ-ㄊㄚˇ-ㄦˊ	娃塔兒	-7.04116568	acg
ㄙㄨㄛ-ㄌㄨㄛˊ	娑蘿	-7.17149945	acg
ㄩˊ-ㄌㄜˋ-ㄕㄡˋ	娛樂獸	-7.04116568	acg
ㄋㄚˋ-ㄎㄞˇ-ㄐㄧ	娜凱姬	-7.04116568	acg
ㄋㄚˋ-ㄏㄚ-ㄦˇ	娜哈爾	-7.04116568	acg
ㄋㄚˋ-ㄑㄧˊ-ㄧㄚˇ	娜奇雅	-7.04116568	acg
ㄋㄚˋ-ㄗ	娜姿	-7.17149945	acg
ㄋㄚˋ-ㄋㄚˋ-ㄌㄧㄣˊ	娜娜林	-7.04116568	acg
ㄋㄚˋ-ㄋㄚˋ-ㄡ	娜娜歐	-7.04116568	acg
ㄋㄚˋ-ㄋㄚˋ-ㄕㄡˋ	娜娜獸	-7.04116568	acg
ㄋㄚˋ-ㄌㄚ-ㄡ	娜拉歐	-7.04116568	acg
ㄋㄚˋ-ㄡ	娜歐	-7.17149945	acg
ㄋㄚˋ-ㄡ-ㄓ-ㄩㄢˊ	娜歐支援	-6.60980192	acg
ㄋㄚˋ-ㄨ-ㄒㄧ-ㄎㄚˇ	娜烏西卡	-6.60980192	acg
ㄋㄚˋ-ㄇㄟˇ	娜美	-7.17149945	acg
ㄋㄚˋ-ㄈㄟ-ㄖㄨㄟˋ	娜菲芮	-7.04116568	acg
ㄋㄚˋ-ㄅㄟˋ-ㄌㄚ-ㄦˇ	娜貝拉爾	-6.60980192	acg
ㄋㄚˋ-ㄉㄚˊ-ㄦˇ	娜達爾	-7.04116568	acg
ㄋㄚˋ-ㄌㄧˊ-ㄕㄚ	娜麗莎	-7.04116568	acg
ㄆㄛˊ-ㄆㄛ˙-ㄕㄡˋ	婆婆獸	-7.04116568	acg
ㄅㄧㄠˇ-ㄗˇ-ㄐㄧㄢ-ㄩˋ-ㄧㄡ-ㄌㄧㄥˊ	婊子監獄幽靈	-5.74707439	acg
ㄐㄧㄝˊ-ㄌㄧˋ	婕莉	-7.17149945	acg
ㄏㄨㄣ-ㄏㄡˋ-ㄍㄨㄤ-ㄗˇ	婚后光子	-6.60980192	acg
ㄇㄟˊ-ㄊㄧˇ-ㄕㄡˋ	媒體獸	-7.04116568	acg
ㄇㄚ-ㄇㄚ˙-ㄒㄧㄤˋ	媽媽象	-7.04116568	acg
ㄐㄧˊ-ㄉㄨˋ-ㄉㄜ˙-ㄍㄢˇ-ㄐㄩㄝˊ	嫉妒的感覺	-6.17843815	acg
ㄔㄤˊ-ㄜˊ-ㄕㄡˋ	嫦娥獸	-7.04116568	acg
ㄒㄧ-ㄆㄧˊ-ㄒㄧㄠˋ-ㄩㄢˊ	嬉皮笑園	-6.60980192	acg
ㄎㄨㄥˇ-ㄊㄧˊ-ㄡ	孔提歐	-7.04116568	acg
ㄎㄨㄥˇ-ㄑㄩㄝˋ-ㄕㄡˋ	孔雀獸	-7.04116568	acg
ㄎㄨㄥˇ-ㄌㄨㄥˊ-ㄐㄧㄣ	孔龍金	-7.04116568	acg
ㄗ-ㄆㄛˊ-ㄋㄧㄢˊ	孜婆年	-7.04116568	acg
ㄇㄥˋ-ㄊㄨˊ-ㄊㄨˊ-ㄧㄡˊ-ㄆㄧ	孟徒徒尤匹	-6.17843815	acg
ㄇㄥˋ-ㄏㄢˋ-ㄋㄚˋ	孟漢娜	-7.04116568	acg
ㄅㄠ-ㄗˇ-ㄓˊ-ㄒㄩㄝˋ	孢子殖穴	-6.60980192	acg
ㄅㄠ-ㄗˇ-ㄆㄚˊ-ㄒㄧㄥˊ-ㄔㄨㄥˊ	孢子爬行蟲	-6.17843815	acg
ㄐㄧˋ-ㄓㄨㄥ-ㄧㄠ-ㄑㄧㄥˇ-ㄙㄞˋ	季中邀請賽	-6.17843815	acg
ㄐㄧˋ-ㄍㄨㄤ-ㄏㄨㄥˊ	季光虹	-7.04116568	acg
ㄐㄧˋ-ㄌㄠˇ-ㄕ	季老師	-7.04116568	acg
ㄍㄨ-ㄉㄢ-ㄧ-ㄖㄣˊ-ㄉㄜ˙-ㄧˋ-ㄕˋ-ㄐㄧㄝˋ-ㄍㄨㄥ-ㄌㄩㄝˋ	孤單一人的異世界攻略	-5.74707439	acg
ㄏㄞˊ-ㄗ˙-ㄆㄧㄢ	孩子篇	-7.04116568	acg
ㄙㄨㄣ-ㄐㄧ-ㄒㄩㄣ	孫基焄	-7.04116568	acg
ㄙㄨㄣ-ㄓㄨㄥ-ㄕㄢ	孫盅杉	-7.04116568	acg
ㄙㄨㄣ-ㄌㄨˋ-ㄨㄟˇ	孫路偉	-7.04116568	acg
ㄗ-ㄨㄚˇ	孳瓦	-7.17149945	acg
ㄈㄨ-ㄏㄨㄚˋ-ㄙㄨㄛˇ	孵化所	-7.04116568	acg
ㄒㄩㄝˊ-ㄩㄢˊ-ㄋㄞˇ-ㄅㄚˋ	學園奶爸	-6.60980192	acg
ㄒㄩㄝˊ-ㄩㄢˊ-ㄞˋ-ㄌㄧˋ-ㄙ	學園愛麗絲	-6.17843815	acg
ㄒㄩㄝˊ-ㄩㄢˊ-ㄐㄧㄡˋ-ㄩㄢˊ-ㄊㄨㄢˊ	學園救援團	-6.17843815	acg
ㄒㄩㄝˊ-ㄩㄢˊ-ㄗㄨˇ	學園組	-7.04116568	acg
ㄒㄩㄝˊ-ㄩㄢˊ-ㄉㄨ-ㄕˋ	學園都市	-6.60980192	acg
ㄒㄩㄝˊ-ㄒㄧㄠˋ-ㄍㄨㄞˋ-ㄊㄢˊ	學校怪談	-6.60980192	acg
ㄒㄩㄝˊ-ㄕㄨˋ-ㄐㄩˊ-ㄐㄩˊ-ㄓㄤˇ	學術局局長	-6.17843815	acg
ㄒㄩㄝˊ-ㄩㄢˋ-ㄍㄨㄟ-ㄗㄜˊ	學院規則	-6.60980192	acg
ㄓㄞˊ-ㄓㄞˊ-ㄅㄧㄢ-ㄈㄨˊ	宅宅蝙蝠	-6.60980192	acg
ㄩˇ-ㄗㄨㄛˇ-ㄇㄟˇ-ㄘㄨㄥ-ㄇㄟˇ	宇佐美聰美	-6.17843815	acg
ㄩˇ-ㄓㄡˋ-ㄓ-ㄕㄣˊ	宇宙之神	-6.60980192	acg
ㄩˇ-ㄓㄡˋ-ㄍㄨㄥ-ㄓㄨˇ	宇宙公主	-6.60980192	acg
ㄩˇ-ㄓㄡˋ-ㄗㄞˋ-ㄕㄥ-ㄖㄣˊ	宇宙再生人	-6.17843815	acg
ㄩˇ-ㄓㄡˋ-ㄊㄧㄢ-ㄇㄚˇ	宇宙天馬	-6.60980192	acg
ㄩˇ-ㄓㄡˋ-ㄒㄩㄝˊ-ㄩㄢˊ	宇宙學園	-6.60980192	acg
ㄩˇ-ㄓㄡˋ-ㄒㄧㄠˇ-ㄑㄧˊ-ㄅㄧㄥ	宇宙小奇兵	-6.17843815	acg
ㄩˇ-ㄓㄡˋ-ㄒㄩㄣˊ-ㄐㄧㄥˇ-ㄌㄨˋ-ㄌㄨˋ-ㄗˇ	宇宙巡警露露子	-5.74707439	acg
ㄩˇ-ㄓㄡˋ-ㄓㄢˋ-ㄐㄧㄢˋ-ㄉㄚˋ-ㄏㄜˊ-ㄏㄠˋ	宇宙戰艦大和號	-5.74707439	acg
ㄩˇ-ㄓㄡˋ-ㄌㄤˋ-ㄗˇ	宇宙浪子	-6.60980192	acg
ㄩˇ-ㄓㄡˋ-ㄏㄞˇ-ㄗㄟˊ-ㄏㄚ-ㄌㄨㄛˋ-ㄎㄜˋ	宇宙海賊哈洛克	-5.74707439	acg
ㄩˇ-ㄓㄡˋ-ㄋㄢˊ-ㄏㄞˊ	宇宙男孩	-6.60980192	acg
ㄩˇ-ㄓㄡˋ-ㄆㄛˋ-ㄏㄨㄞˋ-ㄨ	宇宙破壞屋	-6.17843815	acg
ㄩˇ-ㄓㄡˋ-ㄔㄠ-ㄊㄧㄢ-ㄨㄤˊ	宇宙超天王	-6.17843815	acg
ㄩˇ-ㄓㄡˋ-ㄅㄚˋ-ㄓㄜˇ	宇宙霸者	-6.60980192	acg
ㄩˇ-ㄓㄡˋ-ㄌㄧㄥˊ-ㄑㄧㄡˊ	宇宙靈球	-6.60980192	acg
ㄩˇ-ㄓㄡˋ-ㄈㄟ-ㄉㄧㄝˊ	宇宙飛碟	-6.60980192	acg
ㄩˇ-ㄓㄡˋ-ㄇㄛˊ-ㄈㄤ	宇宙魔方	-6.60980192	acg
ㄩˇ-ㄓˋ-ㄆㄛ	宇智波	-7.04116568	acg
ㄩˇ-ㄉㄨㄥ	宇東	-7.17149945	acg
ㄩˇ-ㄕˋ	宇柿	-7.17149945	acg
ㄩˇ-ㄐㄧㄣ-ㄇㄨˋ-ㄧㄡ-ㄐㄧˋ	宇津木優季	-6.17843815	acg
ㄩˇ-ㄊㄧㄢˊ-ㄔㄨㄢ-ㄌㄥˊ	宇田川稜	-6.60980192	acg
ㄩˇ-ㄊㄧㄢˊ-ㄔㄨㄢ-ㄎㄨㄟˊ	宇田川葵	-6.60980192	acg
ㄩˇ-ㄊㄧㄢˊ-ㄏㄨㄟˋ	宇田慧	-7.04116568	acg
ㄩˇ-ㄌㄧㄡˊ-ㄅㄨˋ	宇留部	-7.04116568	acg
ㄩˇ-ㄧㄝˇ-ㄓㄨㄥ-ㄧˋ	宇野忠義	-6.60980192	acg
ㄕㄡˇ-ㄍㄨㄥ-ㄕㄡˋ	守宮獸	-7.04116568	acg
ㄕㄡˇ-ㄋㄢˊ	守男	-7.17149945	acg
ㄕㄡˇ-ㄨㄟˋ-ㄐㄧㄥ-ㄌㄧㄥˊ	守衛精靈	-6.60980192	acg
ㄕㄡˇ-ㄨㄟˋ-ㄏㄠˋ	守衛號	-7.04116568	acg
ㄕㄡˇ-ㄏㄨˋ-ㄓ-ㄒㄧㄥ	守護之星	-6.60980192	acg
ㄕㄡˇ-ㄏㄨˋ-ㄊㄧㄢ-ㄕˇ-ㄌㄧˋ-ㄌㄧˋ-ㄐㄧㄚ	守護天使莉莉佳	-5.74707439	acg
ㄕㄡˇ-ㄏㄨˋ-ㄊㄧㄢˊ-ㄒㄧㄣ	守護甜心	-6.60980192	acg
ㄕㄡˇ-ㄏㄨˋ-ㄕㄣˊ-ㄊㄧㄢ-ㄕˇ	守護神天使	-6.17843815	acg
ㄕㄡˇ-ㄏㄨˋ-ㄆㄟ	守護胚	-7.04116568	acg
ㄕㄡˇ-ㄏㄨˋ-ㄑㄧˊ-ㄕˋ-ㄊㄨㄢˊ	守護騎士團	-6.17843815	acg
ㄢ-ㄑㄧㄡ-ㄅㄧˇ	安丘比	-7.04116568	acg
ㄢ-ㄐㄧㄝˊ-ㄖㄨㄟˋ-ㄙ-ㄧˋ-ㄏㄨㄟˋ	安傑瑞斯議會	-5.74707439	acg
ㄢ-ㄓㄨㄛˊ-ㄧㄚˇ	安卓亞	-7.04116568	acg
ㄢ-ㄩㄢˊ-ㄏㄨㄟˋ-ㄇㄚˊ	安原繪麻	-6.60980192	acg
ㄢ-ㄐㄧˊ-ㄌㄚ	安吉拉	-7.04116568	acg
ㄢ-ㄍㄜ-ㄅㄛˊ-ㄈㄨˋ	安哥伯父	-6.60980192	acg
ㄢ-ㄍㄜ-ㄌㄚ-ㄕㄡˋ	安哥拉獸	-6.60980192	acg
ㄢ-ㄔㄥˊ-ㄇㄧㄥˊ-ㄗˇ	安城鳴子	-6.60980192	acg
ㄢ-ㄐㄧ-ㄌㄚ	安基拉	-7.04116568	acg
ㄢ-ㄐㄧ-ㄙ-ㄅㄞˋ-ㄌㄚ-ㄦˇ	安基斯拜拉爾	-5.74707439	acg
ㄢ-ㄊㄚˇ-ㄌㄨˋ-ㄑㄧㄢˋ-ㄧㄚˇ	安塔露茜雅	-6.17843815	acg
ㄢ-ㄕㄡˋ-ㄏㄢˋ-ㄔㄨˊ-ㄗ˙-ㄨㄤˊ-ㄨㄢˊ	安壽和廚子王丸	-5.74707439	acg
ㄢ-ㄋㄧˊ-ㄧㄚˇ	安妮亞	-7.04116568	acg
ㄢ-ㄋㄧˊ-ㄎㄚˇ	安妮卡	-7.04116568	acg
ㄢ-ㄋㄧˊ-ㄇㄛˋ-ㄋㄞˋ	安妮莫奈	-6.60980192	acg
ㄢ-ㄇㄨˇ-ㄧˊ-ㄩㄣˊ	安姆疑雲	-6.60980192	acg
ㄢ-ㄋㄚˋ-ㄊㄚˇ-ㄒㄧ-ㄧㄚˋ	安娜塔西亞	-6.17843815	acg
ㄢ-ㄋㄚˋ-ㄙ-ㄊㄚˇ-ㄒㄧ-ㄧㄚˋ	安娜斯塔西婭	-5.74707439	acg
ㄢ-ㄋㄚˋ-ㄅㄟˋ-ㄦˇ	安娜貝爾	-6.60980192	acg
ㄢ-ㄋㄚˋ-ㄈㄟˋ-ㄌㄨㄛˊ-ㄙ	安娜費羅斯	-6.17843815	acg
ㄢ-ㄅㄚ-ㄊㄜˋ	安巴特	-7.04116568	acg
ㄢ-ㄅㄨˋ-ㄌㄚ	安布拉	-7.04116568	acg
ㄢ-ㄉㄧˋ	安弟	-7.17149945	acg
ㄢ-ㄉㄜˊ-ㄌㄚ-ㄙ	安德拉斯	-6.60980192	acg
ㄢ-ㄉㄜˊ-ㄌㄧㄝˋ-ㄧㄚˇ	安德烈亞	-6.60980192	acg
ㄢ-ㄉㄜˊ-ㄌㄧㄝˋ-ㄐㄧˋ-ㄕˋ-ㄅㄣˇ	安德烈記事本	-5.74707439	acg
ㄢ-ㄉㄜˊ-ㄌㄨㄛˊ-ㄌㄜˋ-ㄙ	安德羅勒斯	-6.17843815	acg
ㄢ-ㄒㄧˊ-ㄓ-ㄉㄧˋ	安息之地	-6.60980192	acg
ㄢ-ㄊㄧˊ-ㄋㄨㄛˋ-ㄙ	安提諾斯	-6.60980192	acg
ㄢ-ㄆㄨˇ-ㄌㄨㄛˊ-ㄗ	安普羅茲	-6.60980192	acg
ㄢ-ㄊㄢˊ-ㄒㄧㄠˇ-ㄊㄞˋ-ㄌㄤˊ	安曇小太郎	-6.17843815	acg
ㄢ-ㄊㄢˊ-ㄔㄨㄣˊ-ㄗˇ	安曇淳子	-6.60980192	acg
ㄢ-ㄊㄢˊ-ㄌㄨㄥˊ-ㄓ-ㄐㄧㄝˋ	安曇龍之介	-6.17843815	acg
ㄢ-ㄍㄜˊ-ㄋㄚˋ	安格納	-7.04116568	acg
ㄢ-ㄍㄜˊ-ㄌㄨˇ	安格魯	-7.04116568	acg
ㄢ-ㄅㄧˇ-ㄙㄚˋ	安比薩	-7.04116568	acg
ㄢ-ㄐㄧㄝˊ	安潔	-7.17149945	acg
ㄢ-ㄐㄧㄝˊ-ㄌㄚ-ㄑㄧㄥ-ㄇㄟˊ	安潔拉青梅	-6.17843815	acg
ㄢ-ㄐㄧㄝˊ-ㄌㄧˊ-ㄋㄚˋ	安潔麗娜	-6.60980192	acg
ㄢ-ㄊㄜˋ-ㄇㄚˇ	安特瑪	-7.04116568	acg
ㄢ-ㄇㄚˇ-ㄌㄧˋ	安瑪莉	-7.04116568	acg
ㄢ-ㄒㄧㄤˋ-ㄇㄧㄣˇ	安相敏	-7.04116568	acg
ㄢ-ㄘㄨㄟˋ-ㄡ	安翠歐	-7.04116568	acg
ㄢ-ㄗ	安茲	-7.17149945	acg
ㄢ-ㄈㄟ-ㄕㄡˋ	安菲獸	-7.04116568	acg
ㄢ-ㄊㄥˊ-ㄔㄨㄣ	安藤椿	-7.04116568	acg
ㄢ-ㄊㄥˊ-ㄓㄨ-ㄌㄧˇ	安藤珠理	-6.60980192	acg
ㄢ-ㄊㄥˊ-ㄌㄧˊ-ㄋㄞˋ	安藤麗奈	-6.60980192	acg
ㄢ-ㄑㄧㄡˊ	安裘	-7.17149945	acg
ㄢ-ㄑㄧㄡˊ-ㄌㄚ-ㄙ	安裘拉斯	-6.60980192	acg
ㄢ-ㄏㄜˋ-ㄦˇ	安赫爾	-7.04116568	acg
ㄢ-ㄉㄧˊ-ㄇㄧˇ-ㄤˊ	安迪米昂	-6.60980192	acg
ㄢ-ㄉㄧˊ-ㄌㄨˇ-ㄦˇ	安迪魯爾	-6.60980192	acg
ㄢ-ㄉㄚˊ-ㄌㄧˋ-ㄦˇ	安達利爾	-6.60980192	acg
ㄢ-ㄉㄚˊ-ㄌㄚ-ㄒㄧ-ㄧㄚˋ	安達拉西亞	-6.17843815	acg
ㄢ-ㄉㄚˊ-ㄌㄨˋ-ㄒㄧ-ㄧㄚˋ	安達露西亞	-6.17843815	acg
ㄢ-ㄅㄨˋ-ㄘㄞˋ-ㄘㄞˋ	安部菜菜	-6.60980192	acg
ㄢ-ㄧㄚˇ-ㄩˇ-ㄇㄛˊ-ㄋㄩˇ	安雅與魔女	-6.17843815	acg
ㄢ-ㄒㄩㄝˇ-ㄏㄚ-ㄊㄜˋ	安雪哈特	-6.60980192	acg
ㄢ-ㄉㄞˋ-ㄌㄧˋ	安黛莉	-7.04116568	acg
ㄢ-ㄓㄞ-ㄉㄡ	安齋都	-7.04116568	acg
ㄙㄨㄥˋ-ㄓˋ-ㄌㄧㄝˋ	宋致烈	-7.04116568	acg
ㄨㄢˊ-ㄑㄩㄢˊ-ㄉㄠˇ-ㄉㄨˊ-ㄕㄡˇ-ㄘㄜˋ	完全導讀手冊	-5.74707439	acg
ㄨㄢˊ-ㄑㄩㄢˊ-ㄕㄡ-ㄘㄤˊ-ㄐㄧˊ	完全收藏輯	-6.17843815	acg
ㄖㄡˋ-ㄏㄨˋ-ㄩㄥˇ-ㄇㄧㄥˊ	宍戶永明	-6.60980192	acg
ㄗㄨㄥ-ㄒㄧㄤˋ-ㄉㄚˋ-ㄙ	宗像大司	-6.60980192	acg
ㄗㄨㄥ-ㄒㄧㄤˋ-ㄌㄧˇ-ㄙ	宗像禮司	-6.60980192	acg
ㄗㄨㄥ-ㄒㄧㄤˋ-ㄧㄤˊ-ㄌㄤˇ	宗像羊朗	-6.60980192	acg
ㄗㄨㄥ-ㄒㄧㄤˋ-ㄘㄠˇ-ㄊㄞˋ	宗像草太	-6.60980192	acg
ㄗㄨㄥ-ㄒㄧㄤˋ-ㄕ-ㄈㄢˊ	宗像詩帆	-6.60980192	acg
ㄗㄨㄥ-ㄔㄨㄢ-ㄇㄧㄢˇ	宗川勉	-7.04116568	acg
ㄗㄨㄥ-ㄕ-ㄍㄤ-ㄉㄢˋ	宗師鋼彈	-6.60980192	acg
ㄗㄨㄥ-ㄘˋ	宗次	-7.17149945	acg
ㄗㄨㄥ-ㄍㄨˇ-ㄓㄣ-ㄉㄨㄥ	宗谷真冬	-6.60980192	acg
ㄗㄨㄥ-ㄍㄨˇ-ㄓㄣ-ㄅㄞˊ	宗谷真白	-6.60980192	acg
ㄗㄨㄥ-ㄍㄨˇ-ㄓㄣ-ㄒㄩㄝˇ	宗谷真雪	-6.60980192	acg
ㄗㄨㄥ-ㄍㄨˇ-ㄓㄣ-ㄕㄨㄤ	宗谷真霜	-6.60980192	acg
ㄓㄡˋ-ㄨㄟ	宙威	-7.17149945	acg
ㄓㄡˋ-ㄙ-ㄕㄡˋ	宙斯獸	-7.04116568	acg
ㄓㄡˋ-ㄊㄧˇ-ㄢˋ-ㄕˇ	宙體闇使	-6.60980192	acg
ㄉㄧㄥˋ-ㄨㄟˋ-ㄊㄧㄠˊ	定位條	-7.04116568	acg
ㄉㄧㄥˋ-ㄑㄧˊ-ㄕㄜˋ-ㄑㄩ-ㄑㄧㄥ-ㄙㄠˇ-ㄓˋ-ㄍㄨㄥ-ㄏㄨㄛˊ-ㄉㄨㄥˋ	定期社區清掃志工活動	-5.74707439	acg
ㄧˊ-ㄧㄝˇ-ㄗㄨㄛˋ-ㄕㄣ-ㄩㄢˊ	宜野座伸元	-6.17843815	acg
ㄒㄩㄢ-ㄍㄠˋ-ㄕˊ-ㄎㄜˋ-ㄓ-ㄓㄨㄥ	宣告時刻之鐘	-5.74707439	acg
ㄒㄩㄢ-ㄍㄠˋ-ㄌㄧˊ-ㄇㄧㄥˊ-ㄉㄜ˙-ㄌㄨˋ-ㄓ-ㄍㄜ	宣告黎明的露之歌	-5.74707439	acg
ㄕˋ-ㄌㄧˋ-ㄓㄨ-ㄧㄣ	室笠朱音	-6.60980192	acg
ㄍㄨㄥ-ㄓ-ㄒㄧㄚˋ-ㄌㄧˇ-ㄧ-ㄌㄤˊ	宮之下禮一郎	-5.74707439	acg
ㄍㄨㄥ-ㄓ-ㄒㄧㄚˋ-ㄌㄧˇ-ㄧˋ-ㄌㄤˊ	宮之下禮一郎	-6.24707439	acg
ㄍㄨㄥ-ㄊㄞˊ-ㄒㄧㄚˋ-ㄇㄟˇ	宮台夏美	-6.60980192	acg
ㄍㄨㄥ-ㄔㄥˊ-ㄎㄞˇ	宮城凱	-7.04116568	acg
ㄍㄨㄥ-ㄔㄥˊ-ㄑㄧㄠˊ-ㄓˋ	宮城喬治	-6.60980192	acg
ㄍㄨㄥ-ㄔㄥˊ-ㄌㄧˇ-ㄎㄜˋ	宮城里克	-6.60980192	acg
ㄍㄨㄥ-ㄗˇ	宮子	-7.17149945	acg
ㄍㄨㄥ-ㄕㄡˇ	宮守	-7.17149945	acg
ㄍㄨㄥ-ㄢˋ-ㄔㄜˋ	宮岸徹	-7.04116568	acg
ㄍㄨㄥ-ㄑㄧˊ-ㄐㄩㄣˋ	宮崎俊	-7.04116568	acg
ㄍㄨㄥ-ㄅㄣˇ-ㄒㄧㄣ-ㄒㄧㄠˋ	宮本心咲	-6.60980192	acg
ㄍㄨㄥ-ㄙㄣ-ㄎㄨㄟˊ	宮森葵	-7.04116568	acg
ㄍㄨㄥ-ㄕㄨㄟˇ-ㄧ-ㄧㄝˋ	宮水一葉	-6.60980192	acg
ㄍㄨㄥ-ㄕㄨㄟˇ-ㄧˊ-ㄧㄝˋ	宮水一葉	-7.10980192	acg
ㄍㄨㄥ-ㄕㄨㄟˇ-ㄦˋ-ㄧㄝˋ	宮水二葉	-6.60980192	acg
ㄍㄨㄥ-ㄕㄨㄟˇ-ㄐㄩㄣˋ-ㄕㄨˋ	宮水俊樹	-6.60980192	acg
ㄍㄨㄥ-ㄏㄜˊ	宮河	-7.17149945	acg
ㄍㄨㄥ-ㄆㄨˇ-ㄊㄠˊ	宮浦桃	-7.04116568	acg
ㄍㄨㄥ-ㄆㄨˇ-ㄩˋ-ㄗˇ	宮浦郁子	-6.60980192	acg
ㄍㄨㄥ-ㄗㄜˊ-ㄑㄧㄢ-ㄨˊ	宮澤謙吾	-6.60980192	acg
ㄍㄨㄥ-ㄊㄥˊ-ㄕㄣ-ㄧ-ㄋㄞˋ	宮藤深衣奈	-6.17843815	acg
ㄍㄨㄥ-ㄌㄧˇ-ㄕˊ-ㄏㄞˇ	宮里十海	-6.60980192	acg
ㄗㄞˇ-ㄧ-ㄌㄨㄛˋ	宰伊洛	-7.04116568	acg
ㄏㄞˋ-ㄒㄧㄡ-ㄧㄡ-ㄌㄧㄥˊ	害羞幽靈	-6.60980192	acg
ㄏㄞˋ-ㄒㄧㄡ-ㄌㄨㄥˊ	害羞龍	-7.04116568	acg
ㄒㄧㄠ-ㄒㄧㄥ-ㄔㄨㄢˊ-ㄑㄧˊ	宵星傳奇	-6.60980192	acg
ㄒㄧㄠ-ㄘㄨㄣ-ㄋㄧㄥˊ-ㄇㄥˊ	宵村檸檬	-6.60980192	acg
ㄐㄧㄚ-ㄊㄧㄥˊ-ㄍㄢˇ-ㄣ-ㄖˋ	家庭感恩日	-6.17843815	acg
ㄐㄧㄚ-ㄊㄧㄥˊ-ㄆㄞˋ-ㄉㄨㄟˋ	家庭派對	-6.60980192	acg
ㄐㄧㄚ-ㄧㄡˇ-ㄐㄧㄢˋ-ㄍㄡˇ	家有賤狗	-6.60980192	acg
ㄐㄧㄚ-ㄧㄡˇ-ㄐㄧㄢˋ-ㄌㄨㄥˊ	家有賤龍	-6.60980192	acg
ㄖㄨㄥˊ-ㄏㄢˋ	容和	-7.17149945	acg
ㄙㄨˋ-ㄏㄞˇ-ㄖㄣˊ-ㄊㄞˋ	宿海仁太	-6.60980192	acg
ㄙㄨˋ-ㄏㄞˇ-ㄊㄚˇ-ㄗˇ	宿海塔子	-6.60980192	acg
ㄙㄨˋ-ㄏㄞˇ-ㄉㄨˇ	宿海篤	-7.04116568	acg
ㄐㄧˊ-ㄇㄧㄝˋ-ㄉㄨㄢˋ-ㄏㄨㄣˊ	寂滅斷魂	-6.60980192	acg
ㄐㄧˊ-ㄐㄧㄥˋ-ㄧㄡ-ㄏㄨㄣˊ-ㄑㄩˇ	寂靜幽魂曲	-6.17843815	acg
ㄐㄧˊ-ㄐㄧㄥˋ-ㄧㄝ-ㄉㄢˋ	寂靜耶誕	-6.60980192	acg
ㄐㄧˊ-ㄐㄧㄥˋ-ㄈㄟ-ㄧㄢˋ	寂靜飛燕	-6.60980192	acg
ㄐㄧˋ-ㄕㄥ-ㄨㄤˊ-ㄔㄨㄥˊ	寄生王蟲	-6.60980192	acg
ㄇㄧˋ-ㄏㄥ	密亨	-7.17149945	acg
ㄇㄧˋ-ㄈㄛˊ-ㄍㄜˊ	密佛格	-7.04116568	acg
ㄇㄧˋ-ㄐㄧㄚ-ㄉㄜˊ	密加德	-7.04116568	acg
ㄇㄧˋ-ㄙ-ㄊㄜˋ-ㄎㄚˇ-ㄌㄨˋ-ㄉㄜˊ	密斯特卡路德	-5.74707439	acg
ㄇㄧˋ-ㄊㄜˋ-ㄌㄨㄛˊ-ㄉㄜˊ	密特羅德	-6.60980192	acg
ㄇㄧˋ-ㄉㄧˊ	密迪	-7.17149945	acg
ㄇㄧˋ-ㄌㄨˇ-ㄗ	密魯茲	-7.04116568	acg
ㄎㄡˋ-ㄅㄨˋ-ㄌㄚ	寇布拉	-7.04116568	acg
ㄎㄡˋ-ㄅㄨˋ-ㄌㄚ-ㄔㄚˊ	寇布拉查	-6.60980192	acg
ㄎㄡˋ-ㄙ-ㄇㄛˋ	寇斯莫	-7.04116568	acg
ㄎㄡˋ-ㄍㄜˊ	寇格	-7.17149945	acg
ㄎㄡˋ-ㄍㄜˊ-ㄇㄛˊ	寇格魔	-7.04116568	acg
ㄎㄡˋ-ㄕㄚ	寇沙	-7.17149945	acg
ㄎㄡˋ-ㄊㄜˋ	寇特	-7.17149945	acg
ㄎㄡˋ-ㄌㄨˇ-ㄉㄨㄛ	寇魯多	-7.04116568	acg
ㄈㄨˋ-ㄧㄡ-ㄗ-ㄒㄩㄣˋ	富優資訊	-6.60980192	acg
ㄈㄨˋ-ㄌㄧˋ-ㄕˋ	富力士	-7.04116568	acg
ㄈㄨˋ-ㄌㄜˋ	富勒	-7.17149945	acg
ㄈㄨˋ-ㄕˋ-ㄒㄩㄝˇ-ㄕㄢ	富士雪山	-6.60980192	acg
ㄈㄨˋ-ㄉㄠˇ-ㄩㄢˊ-ㄋㄟˋ-ㄉㄧㄢˋ	富島園內店	-6.17843815	acg
ㄈㄨˋ-ㄐㄧㄢ-ㄌㄧㄢˊ-ㄦˋ	富樫蓮二	-6.60980192	acg
ㄈㄨˋ-ㄗㄜˊ-ㄔㄤˊ-ㄈㄨ	富澤常夫	-6.60980192	acg
ㄈㄨˋ-ㄍㄨˇ	富谷	-7.17149945	acg
ㄈㄨˋ-ㄐㄧㄣˋ-ㄖㄨㄢˇ-ㄊㄧˇ	富進軟體	-6.60980192	acg
ㄈㄨˋ-ㄌㄧˇ-ㄆㄨˇ-ㄙ	富里普斯	-6.60980192	acg
ㄏㄢˊ-ㄉㄨㄥ-ㄓ-ㄒㄧㄣ	寒冬之心	-6.60980192	acg
ㄏㄢˊ-ㄅㄧㄥ-ㄐㄩˋ-ㄖㄣˊ	寒冰巨人	-6.60980192	acg
ㄏㄢˊ-ㄅㄧㄥ-ㄏㄨㄤˊ-ㄍㄨㄢ	寒冰皇冠	-6.60980192	acg
ㄏㄢˊ-ㄔㄨㄢ-ㄖㄨㄣˋ	寒川潤	-7.04116568	acg
ㄏㄢˊ-ㄔㄨㄢ-ㄍㄨˇ-ㄒㄩㄣˊ	寒川谷尋	-6.60980192	acg
ㄏㄢˊ-ㄔㄨㄢ-ㄌㄨㄥˊ	寒川龍	-7.04116568	acg
ㄏㄢˊ-ㄏㄜˊ-ㄐㄧㄤ-ㄇㄢˇ	寒河江滿	-6.60980192	acg
ㄏㄢˊ-ㄕㄨㄤ-ㄧˋ-ㄌㄨㄥˊ	寒霜翼龙	-6.60980192	acg
ㄏㄢˊ-ㄕㄨㄤ-ㄉㄨ-ㄕˋ	寒霜都市	-6.60980192	acg
ㄍㄨㄚˇ-ㄈㄨˋ-ㄍㄨㄟˇ-ㄌㄟˊ	寡婦詭雷	-6.60980192	acg
ㄑㄧㄣˇ-ㄑㄧㄣˇ-ㄕㄡˋ	寢寢獸	-7.04116568	acg
ㄕˊ-ㄍㄢˇ-ㄙㄞˋ-ㄔㄜ	實感賽車	-6.60980192	acg
ㄕˊ-ㄙㄨㄥ	實松	-7.17149945	acg
ㄕˊ-ㄒㄧㄢˋ-ㄓㄥˋ-ㄧˋ-ㄅㄨˋ	實現正義部	-6.17843815	acg
ㄕˊ-ㄒㄩㄣˋ-ㄕˋ	實訓式	-7.04116568	acg
ㄕˊ-ㄌㄧˇ	實里	-7.17149945	acg
ㄕˊ-ㄧㄢˋ-ㄒㄧㄥˊ-ㄍㄤ-ㄉㄢˋ	實驗型鋼彈	-6.17843815	acg
ㄋㄧㄥˊ-ㄘˋ	寧次	-7.17149945	acg
ㄋㄧㄥˊ-ㄌㄧㄡˊ	寧瑠	-7.17149945	acg
ㄕㄣˇ-ㄆㄢˋ-ㄓ-ㄧㄢˇ	審判之眼	-6.60980192	acg
ㄕㄣˇ-ㄆㄢˋ-ㄋㄩˇ-ㄕㄣˊ-ㄍㄤ-ㄉㄢˋ	審判女神鋼彈	-5.74707439	acg
ㄕㄣˇ-ㄆㄢˋ-ㄐㄩˋ-ㄔㄨㄟˊ	審判巨鎚	-6.60980192	acg
ㄕㄣˇ-ㄆㄢˋ-ㄒㄧˋ-ㄊㄨㄥˇ	審判系統	-6.60980192	acg
ㄎㄨㄢ-ㄉㄚˋ-ㄏㄢˋ	寬大漢	-7.04116568	acg
ㄔㄨㄥˇ-ㄨˋ-ㄕˋ-ㄉㄞˋ	寵物世代	-6.60980192	acg
ㄔㄨㄥˇ-ㄨˋ-ㄉㄚˋ-ㄊㄧㄠˇ-ㄓㄢˋ	寵物大挑戰	-6.17843815	acg
ㄔㄨㄥˇ-ㄨˋ-ㄉㄚˋ-ㄙㄞˋ	寵物大賽	-6.60980192	acg
ㄔㄨㄥˇ-ㄨˋ-ㄉㄤ-ㄐㄧㄚ	寵物當家	-6.60980192	acg
ㄅㄠˇ-ㄎㄜˇ-ㄇㄥˋ-ㄉㄚˋ-ㄕ	寶可夢大師	-6.17843815	acg
ㄅㄠˇ-ㄎㄜˇ-ㄇㄥˋ-ㄒㄧˋ-ㄌㄧㄝˋ	寶可夢系列	-6.17843815	acg
ㄅㄠˇ-ㄎㄜˇ-ㄌㄢˇ	寶可覽	-7.04116568	acg
ㄅㄠˇ-ㄉㄨㄛ-ㄐㄧㄣ-ㄋㄢˊ	寶多金男	-6.60980192	acg
ㄅㄠˇ-ㄌㄚ	寶拉	-7.17149945	acg
ㄅㄠˇ-ㄈㄨˇ	寶斧	-7.17149945	acg
ㄅㄠˇ-ㄨˋ-ㄒㄧㄤ	寶物箱	-7.04116568	acg
ㄅㄠˇ-ㄊㄧㄢˊ-ㄌㄩˋ	寶田律	-7.04116568	acg
ㄅㄠˇ-ㄕˊ-ㄓ-ㄒㄧㄥ-ㄐㄧㄥˋ-ㄙㄞˋ	寶石之星競賽	-5.74707439	acg
ㄅㄠˇ-ㄕˊ-ㄐㄧㄠ-ㄔㄚ-ㄏㄨㄟˊ-ㄒㄩㄢˊ	寶石交叉迴旋	-5.74707439	acg
ㄅㄠˇ-ㄕˊ-ㄎㄚˇ-ㄆㄧㄢˋ	寶石卡片	-6.60980192	acg
ㄅㄠˇ-ㄕˊ-ㄒㄧㄠˇ-ㄓㄣˋ	寶石小鎮	-6.60980192	acg
ㄅㄠˇ-ㄕˊ-ㄍㄨㄥ-ㄐㄧㄢˋ	寶石弓箭	-6.60980192	acg
ㄅㄠˇ-ㄕˊ-ㄕㄡˇ-ㄘㄜˋ	寶石手冊	-6.60980192	acg
ㄅㄠˇ-ㄕˊ-ㄕㄡˇ-ㄓㄤˋ	寶石手杖	-6.60980192	acg
ㄅㄠˇ-ㄕˊ-ㄨㄤˊ-ㄍㄨㄛˊ	寶石王國	-6.60980192	acg
ㄅㄠˇ-ㄕˊ-ㄏㄨˋ-ㄕㄣ-ㄈㄨˊ	寶石護身符	-6.17843815	acg
ㄅㄠˇ-ㄕˊ-ㄕㄢˇ-ㄍㄨㄤ	寶石閃光	-6.60980192	acg
ㄅㄠˇ-ㄒㄧㄤ-ㄍㄨㄞˋ	寶箱怪	-7.04116568	acg
ㄅㄠˇ-ㄅㄟˋ-ㄑㄧˊ-ㄕˋ	寶貝騎士	-6.60980192	acg
ㄅㄠˇ-ㄅㄟˋ-ㄇㄛˊ-ㄈㄚˇ-ㄕˇ	寶貝魔法使	-6.17843815	acg
ㄅㄠˇ-ㄌㄧˊ-ㄊㄜˋ	寶麗特	-7.04116568	acg
ㄘㄨㄣˋ-ㄕㄤˋ-ㄔㄨㄣ-ㄕㄨˋ	寸上春樹	-6.60980192	acg
ㄙˋ-ㄨㄟˇ-ㄕㄥ	寺尾昇	-7.04116568	acg
ㄙˋ-ㄅㄣˇ-ㄈㄨˋ-ㄗˇ	寺本富子	-6.60980192	acg
ㄙˋ-ㄊㄧㄢˊ-ㄌㄧㄡˊ-ㄋㄞˋ	寺田瑠奈	-6.60980192	acg
ㄙˋ-ㄧㄝˇ	寺野	-7.17149945	acg
ㄕㄜˋ-ㄐㄧˊ-ㄕㄡˋ	射擊獸	-7.04116568	acg
ㄐㄧㄤ-ㄍㄨㄛˊ-ㄎㄢ-ㄌㄨㄢˋ-ㄐㄧˋ	將國戡亂記	-6.17843815	acg
ㄒㄩㄣˊ-ㄓㄠˇ-ㄕˇ-ㄇㄧㄥˋ	尋找使命	-6.60980192	acg
ㄒㄩㄣˊ-ㄓㄠˇ-ㄑㄧ-ㄙㄨㄛˇ	尋找棲所	-6.60980192	acg
ㄒㄩㄣˊ-ㄓㄠˇ-ㄇㄢˇ-ㄩㄝˋ	尋找滿月	-6.60980192	acg
ㄉㄨㄟˋ-ㄖㄣˊ-ㄧㄢˊ-ㄍㄜˊ	對人嚴格	-6.60980192	acg
ㄉㄨㄟˋ-ㄓㄢˋ-ㄈㄥ-ㄩㄣˊ-ㄌㄨˋ	對戰風雲錄	-6.17843815	acg
ㄉㄨㄟˋ-ㄓㄨㄤˋ-ㄕˋ-ㄐㄧㄢˋ	對撞事件	-6.60980192	acg
ㄉㄨㄟˋ-ㄇㄚˇ-ㄓㄢˋ-ㄍㄨㄟˇ	對馬戰鬼	-6.60980192	acg
ㄉㄠˇ-ㄉㄢˋ-ㄍㄨㄥ-ㄋㄥˊ	導彈功能	-6.60980192	acg
ㄉㄠˇ-ㄉㄢˋ-ㄈㄚ-ㄕㄜˋ-ㄑㄧˋ	導彈發射器	-6.17843815	acg
ㄉㄠˇ-ㄏㄤˊ-ㄧㄠ-ㄐㄧㄥ	導航妖精	-6.60980192	acg
ㄉㄠˇ-ㄏㄤˊ-ㄕㄡˋ	導航獸	-7.04116568	acg
ㄒㄧㄠˇ-ㄉㄧㄥ-ㄨㄚˇ	小丁瓦	-7.04116568	acg
ㄒㄧㄠˇ-ㄔㄡˇ-ㄍㄨㄞˋ	小丑怪	-7.04116568	acg
ㄒㄧㄠˇ-ㄑㄧㄠˋ-ㄋㄧㄡ	小俏妞	-7.04116568	acg
ㄒㄧㄠˇ-ㄑㄧㄢˋ	小倩	-7.17149945	acg
ㄒㄧㄠˇ-ㄐㄧㄝˊ-ㄉㄜ˙-ㄍㄨㄥ-ㄐㄧˊ	小傑的攻擊	-6.17843815	acg
ㄒㄧㄠˇ-ㄍㄨㄥ-ㄓㄨˇ-ㄧㄡ-ㄒㄧ	小公主優希	-6.17843815	acg
ㄒㄧㄠˇ-ㄓˇ	小凪	-7.17149945	acg
ㄒㄧㄠˇ-ㄩㄢˊ-ㄏㄠˇ-ㄇㄟˇ	小原好美	-6.60980192	acg
ㄒㄧㄠˇ-ㄍㄨˇ	小古	-7.17149945	acg
ㄒㄧㄠˇ-ㄉㄨㄥ	小咚	-7.17149945	acg
ㄒㄧㄠˇ-ㄇㄧ	小咪	-7.17149945	acg
ㄒㄧㄠˇ-ㄅㄧˋ	小嗶	-7.17149945	acg
ㄒㄧㄠˇ-ㄩㄢˊ-ㄑㄧㄢˊ-ㄅㄟˋ	小圓前輩	-6.60980192	acg
ㄒㄧㄠˇ-ㄊㄨˇ-ㄌㄨㄥˊ	小土龍	-7.04116568	acg
ㄒㄧㄠˇ-ㄅㄢˇ-ㄕㄣˋ-ㄊㄞˋ-ㄌㄤˊ	小坂慎太郎	-6.17843815	acg
ㄒㄧㄠˇ-ㄊㄧㄢ-ㄕˇ-ㄕㄡˋ	小天使獸	-6.60980192	acg
ㄒㄧㄠˇ-ㄋㄞˋ	小奈	-7.17149945	acg
ㄒㄧㄠˇ-ㄋㄞˇ-ㄧㄡˊ	小奶油	-7.04116568	acg
ㄒㄧㄠˇ-ㄧㄠ-ㄐㄧㄥ-ㄕㄡˋ	小妖精獸	-6.60980192	acg
ㄒㄧㄠˇ-ㄐㄧㄝˇ-ㄩˇ-ㄌㄧㄡˊ-ㄇㄤˊ	小姐與流氓	-6.17843815	acg
ㄒㄧㄠˇ-ㄨㄟ	小威	-7.17149945	acg
ㄒㄧㄠˇ-ㄕˋ-ㄑㄧㄢ-ㄋㄞˋ-ㄇㄟˇ	小室千奈美	-6.17843815	acg
ㄒㄧㄠˇ-ㄅㄠˇ-ㄌㄧˋ-ㄒㄧㄢˇ-ㄐㄧˋ	小寶歷險記	-6.17843815	acg
ㄒㄧㄠˇ-ㄒㄧㄠˇ-ㄔㄨㄥˇ-ㄨˋ-ㄩㄢˊ	小小寵物園	-6.17843815	acg
ㄒㄧㄠˇ-ㄒㄧㄠˇ-ㄊㄧㄠˇ-ㄓㄢˋ-ㄓㄜˇ-ㄉㄜ˙-ㄍㄨㄟˇ-ㄐㄧ	小小挑戰者的軌跡	-5.74707439	acg
ㄒㄧㄠˇ-ㄒㄧㄠˇ-ㄊㄤ-ㄇㄨˇ-ㄩˇ-ㄐㄧㄝˊ-ㄌㄧˋ	小小湯姆與傑利	-5.74707439	acg
ㄒㄧㄠˇ-ㄒㄧㄠˇ-ㄔㄜ-ㄅㄨˋ-ㄌㄧˋ-ㄒㄧㄢˇ-ㄐㄧˋ	小小車布歷險記	-5.74707439	acg
ㄒㄧㄠˇ-ㄕㄢ-ㄋㄟˋ-ㄋㄞˋ-ㄋㄞˋ	小山內奈奈	-6.17843815	acg
ㄒㄧㄠˇ-ㄕㄢ-ㄧㄡˋ-ㄗ˙	小山柚子	-6.60980192	acg
ㄒㄧㄠˇ-ㄕㄢ-ㄩˋ-ㄗˇ	小山裕子	-6.60980192	acg
ㄒㄧㄠˇ-ㄉㄠˇ-ㄏㄨㄟˋ-ㄇㄟˇ	小島惠美	-6.60980192	acg
ㄒㄧㄠˇ-ㄔㄨㄢ-ㄌㄧˋ-ㄌㄧˋ-ㄎㄚˇ	小川莉莉卡	-6.17843815	acg
ㄒㄧㄠˇ-ㄧㄡ-ㄌㄧㄥˊ	小幽靈	-7.04116568	acg
ㄒㄧㄠˇ-ㄘㄞˇ-ㄩˇ	小彩羽	-7.04116568	acg
ㄒㄧㄠˇ-ㄎㄨㄞˋ-ㄆㄞ	小快拍	-7.04116568	acg
ㄒㄧㄠˇ-ㄜˋ-ㄇㄛˊ-ㄋㄩˇ-ㄗㄞˋ-ㄐㄧㄝ-ㄐㄧㄠˇ	小惡魔女在街角	-5.74707439	acg
ㄒㄧㄠˇ-ㄔㄡˊ	小愁	-7.17149945	acg
ㄒㄧㄠˇ-ㄏㄨˋ-ㄔㄨㄢ-ㄏㄨㄥˊ	小戶川宏	-6.60980192	acg
ㄒㄧㄠˇ-ㄕㄡˇ-ㄕㄡˋ	小手獸	-7.04116568	acg
ㄒㄧㄠˇ-ㄌㄚ-ㄉㄚˊ	小拉達	-7.04116568	acg
ㄒㄧㄠˇ-ㄅㄛ-ㄆㄧㄢˋ-ㄕㄡˋ	小撥片獸	-6.60980192	acg
ㄒㄧㄠˇ-ㄙ	小斯	-7.17149945	acg
ㄒㄧㄠˇ-ㄒㄩㄢˊ	小旋	-7.17149945	acg
ㄒㄧㄠˇ-ㄖˋ-ㄒㄧㄤˋ-ㄇㄟˇ-ㄙㄨㄟˋ	小日向美穗	-6.17843815	acg
ㄒㄧㄠˇ-ㄗㄠˇ-ㄔㄨㄢ-ㄕㄚ-ㄓ	小早川紗枝	-6.17843815	acg
ㄒㄧㄠˇ-ㄑㄧㄥˊ	小晴	-7.17149945	acg
ㄒㄧㄠˇ-ㄌㄧˋ	小曆	-7.17149945	acg
ㄒㄧㄠˇ-ㄒㄧㄠˇ	小曉	-7.17149945	acg
ㄒㄧㄠˇ-ㄨㄤˋ	小望	-7.17149945	acg
ㄒㄧㄠˇ-ㄒㄧㄥˋ	小杏	-7.17149945	acg
ㄒㄧㄠˇ-ㄉㄨˋ	小杜	-7.17149945	acg
ㄒㄧㄠˇ-ㄙㄨㄥ-ㄧ-ㄔㄨㄟ	小松伊吹	-6.60980192	acg
ㄒㄧㄠˇ-ㄌㄧㄣˊ-ㄎㄚˇ-ㄗ	小林卡兹	-6.60980192	acg
ㄒㄧㄠˇ-ㄌㄧㄣˊ-ㄞˋ	小林愛	-7.04116568	acg
ㄒㄧㄠˇ-ㄌㄧㄣˊ-ㄓㄨㄣˇ-ㄖㄣˊ	小林隼人	-6.60980192	acg
ㄒㄧㄠˇ-ㄔㄚˊ-ㄩˇ-ㄎㄡˋ-ㄉㄧˋ-ㄉㄜ˙-ㄉㄧㄥˇ-ㄐㄧˊ-ㄕㄥ-ㄏㄨㄛˊ	小查與寇弟的頂級生活	-5.74707439	acg
ㄒㄧㄠˇ-ㄊㄠˊ-ㄎㄚˇ-ㄅㄨˋ-ㄦˇ	小桃卡布爾	-6.17843815	acg
ㄒㄧㄠˇ-ㄊㄠˊ-ㄗ˙	小桃子	-7.04116568	acg
ㄒㄧㄠˇ-ㄙㄣ-ㄏㄨㄚ-ㄏㄨㄟˋ	小森花惠	-6.60980192	acg
ㄒㄧㄠˇ-ㄉㄨˊ-ㄓ-ㄓㄨ-ㄕㄡˋ	小毒蜘蛛獸	-6.17843815	acg
ㄒㄧㄠˇ-ㄅㄧˇ-ㄇㄨˋ-ㄩˊ	小比目魚	-6.60980192	acg
ㄒㄧㄠˇ-ㄔㄣˊ	小沈	-7.17149945	acg
ㄒㄧㄠˇ-ㄑㄩㄢˊ-ㄇㄚˇ-ㄌㄧˋ-ㄋㄚˋ	小泉瑪麗娜	-6.17843815	acg
ㄒㄧㄠˇ-ㄑㄩㄢˊ-ㄏㄨㄥˊ-ㄗˇ	小泉紅子	-6.60980192	acg
ㄒㄧㄠˇ-ㄏㄠˋ	小浩	-7.17149945	acg
ㄒㄧㄠˇ-ㄩㄢ-ㄗㄜˊ-ㄅㄠˋ-ㄌㄞˋ	小淵澤報瀨	-6.17843815	acg
ㄒㄧㄠˇ-ㄩㄢ-ㄗㄜˊ-ㄍㄨㄟˋ-ㄗˇ	小淵澤貴子	-6.17843815	acg
ㄒㄧㄠˇ-ㄉㄨˋ	小渡	-7.17149945	acg
ㄒㄧㄠˇ-ㄨㄣ	小溫	-7.17149945	acg
ㄒㄧㄠˇ-ㄅㄧㄣ-ㄩˋ-ㄕˊ	小濱裕實	-6.60980192	acg
ㄒㄧㄠˇ-ㄒㄩㄥˊ-ㄇㄠ-ㄕㄡˋ	小熊貓獸	-6.60980192	acg
ㄒㄧㄠˇ-ㄖㄢˊ-ㄕㄠ-ㄕㄡˋ	小燃燒獸	-6.60980192	acg
ㄒㄧㄠˇ-ㄩㄢˊ-ㄏㄡˊ-ㄜˋ-ㄌㄧㄥˊ	小猿猴惡靈	-6.17843815	acg
ㄒㄧㄠˇ-ㄌㄧㄥˊ-ㄋㄞˋ	小玲奈	-7.04116568	acg
ㄒㄧㄠˇ-ㄊㄧㄢˊ-ㄑㄧㄝ-ㄉㄚˋ	小田切大	-6.60980192	acg
ㄒㄧㄠˇ-ㄊㄧㄢˊ-ㄑㄧㄝ-ㄇㄧㄣˇ-ㄧㄝˇ	小田切敏也	-6.17843815	acg
ㄒㄧㄠˇ-ㄊㄧㄢˊ-ㄉㄠˇ-ㄧㄡˇ-ㄏㄨㄚˊ	小田島友華	-6.17843815	acg
ㄒㄧㄠˇ-ㄅㄞˊ-ㄉㄜ˙-ㄆㄧˋ-ㄆㄧˋ-ㄓㄚˋ-ㄉㄢˋ	小白的屁屁炸彈	-5.74707439	acg
ㄒㄧㄠˇ-ㄓˊ	小直	-7.17149945	acg
ㄒㄧㄠˇ-ㄞˇ-ㄧㄠ	小矮妖	-7.04116568	acg
ㄒㄧㄠˇ-ㄅㄧˋ	小碧	-7.17149945	acg
ㄒㄧㄠˇ-ㄐㄧ-ㄐㄧㄢˋ-ㄦˋ	小磯健二	-6.60980192	acg
ㄒㄧㄠˇ-ㄓㄨˋ-ㄊㄞˋ-ㄓˋ	小祝太志	-6.60980192	acg
ㄒㄧㄠˇ-ㄈㄨˊ-ㄌㄨㄥˊ	小福龍	-7.04116568	acg
ㄒㄧㄠˇ-ㄓㄨˊ-ㄓㄜˊ-ㄧㄝˇ	小竹哲也	-6.60980192	acg
ㄒㄧㄠˇ-ㄌㄧˋ-ㄩㄢˊ-ㄍㄨㄤ	小笠原光	-6.60980192	acg
ㄒㄧㄠˇ-ㄌㄧˋ-ㄩㄢˊ-ㄉㄚˋ-ㄉㄧˋ	小笠原大地	-6.17843815	acg
ㄒㄧㄠˇ-ㄌㄧˋ-ㄩㄢˊ-ㄌㄨㄣˊ-ㄗˇ	小笠原綸子	-6.17843815	acg
ㄒㄧㄠˇ-ㄇㄧˋ	小糸	-7.17149945	acg
ㄒㄧㄠˇ-ㄐㄧˋ	小紀	-7.17149945	acg
ㄒㄧㄠˇ-ㄏㄨㄥˊ-ㄇㄠˋ-ㄑㄧㄚˋ-ㄑㄧㄚˋ	小紅帽恰恰	-6.17843815	acg
ㄒㄧㄠˇ-ㄗˇ-ㄒㄧㄝˊ-ㄨ	小紫協屋	-6.60980192	acg
ㄒㄧㄠˇ-ㄌㄨㄛˊ	小羅	-7.17149945	acg
ㄒㄧㄠˇ-ㄧˋ	小翼	-7.17149945	acg
ㄒㄧㄠˇ-ㄎㄣˇ-ㄊㄜˋ-ㄅㄧˋ-ㄈㄨ	小肯特畢夫	-6.17843815	acg
ㄒㄧㄠˇ-ㄈㄣ	小芬	-7.17149945	acg
ㄒㄧㄠˇ-ㄕㄚ-ㄉㄧˋ	小莎蒂	-7.04116568	acg
ㄒㄧㄠˇ-ㄇㄛˋ	小莫	-7.17149945	acg
ㄒㄧㄠˇ-ㄐㄩˊ	小菊	-7.17149945	acg
ㄒㄧㄠˇ-ㄘㄞˋ-ㄋㄧㄠˇ-ㄩㄣˊ-ㄅㄠˇ	小菜鳥雲寶	-6.17843815	acg
ㄒㄧㄠˇ-ㄈㄟ-ㄌㄧˋ-ㄒㄧ-ㄧㄚˋ	小菲莉西亞	-6.17843815	acg
ㄒㄧㄠˇ-ㄌㄧㄢˊ	小蓮	-7.17149945	acg
ㄒㄧㄠˇ-ㄖㄨㄟˋ	小蚋	-7.17149945	acg
ㄒㄧㄠˇ-ㄇㄧˋ-ㄊㄠˊ	小蜜桃	-7.04116568	acg
ㄒㄧㄠˇ-ㄅㄧㄢ-ㄈㄨˊ-ㄒㄧㄚˊ-ㄕㄥˋ-ㄉㄢˋ-ㄉㄚˋ-ㄇㄠˋ-ㄒㄧㄢˇ	小蝙蝠俠聖誕大冒險	-5.74707439	acg
ㄒㄧㄠˇ-ㄒㄩㄣˋ	小訓	-7.17149945	acg
ㄒㄧㄠˇ-ㄉㄡˋ-ㄇㄧㄢˇ	小豆勉	-7.04116568	acg
ㄒㄧㄠˇ-ㄉㄡˋ-ㄗ˙	小豆子	-7.04116568	acg
ㄒㄧㄠˇ-ㄓㄨ-ㄨㄢˋ-ㄨㄢˋ-ㄙㄨㄟˋ	小豬萬萬歲	-6.17843815	acg
ㄒㄧㄠˇ-ㄔㄠ-ㄖㄣˊ-ㄆㄚˋ-ㄇㄣˊ	小超人帕門	-6.17843815	acg
ㄒㄧㄠˇ-ㄖㄨㄢˇ	小軟	-7.17149945	acg
ㄒㄧㄠˇ-ㄌㄚˋ-ㄐㄧㄠ	小辣椒	-7.04116568	acg
ㄒㄧㄠˇ-ㄉㄡˋ	小逗	-7.17149945	acg
ㄒㄧㄠˇ-ㄉㄡˋ-ㄉㄜ˙-ㄖˋ-ㄔㄤˊ	小逗的日常	-6.17843815	acg
ㄒㄧㄠˇ-ㄉㄡˋ-ㄉㄜ˙-ㄊㄜˋ-ㄕㄨ-ㄖㄣˋ-ㄨˋ	小逗的特殊任務	-5.74707439	acg
ㄒㄧㄠˇ-ㄧㄡˊ-ㄋㄧㄠˇ	小遊鳥	-7.04116568	acg
ㄒㄧㄠˇ-ㄒㄧㄝˊ-ㄕㄣˊ-ㄈㄟ-ㄊㄧ	小邪神飛踢	-6.17843815	acg
ㄒㄧㄠˇ-ㄑㄧㄡˊ-ㄓㄤˇ-ㄒㄧㄠˇ-ㄏㄟ	小酋長小黑	-6.17843815	acg
ㄒㄧㄠˇ-ㄎㄨˋ	小酷	-7.17149945	acg
ㄒㄧㄠˇ-ㄧㄝˇ-ㄙˋ-ㄏㄨㄟˋ	小野寺惠	-6.60980192	acg
ㄒㄧㄠˇ-ㄧㄝˇ-ㄙˋ-ㄏㄨㄚˊ-ㄌㄧㄢˋ	小野寺樺戀	-6.17843815	acg
ㄒㄧㄠˇ-ㄧㄝˇ-ㄗㄜˊ-ㄧㄡ-ㄍㄨㄟˋ	小野澤悠貴	-6.17843815	acg
ㄒㄧㄠˇ-ㄧㄝˇ-ㄗㄜˊ-ㄨㄟˋ-ㄌㄞˊ	小野澤未來	-6.17843815	acg
ㄒㄧㄠˇ-ㄧㄝˇ-ㄗㄜˊ-ㄔㄥˊ-ㄙ	小野澤誠司	-6.17843815	acg
ㄒㄧㄠˇ-ㄧㄝˇ-ㄗㄜˊ-ㄧㄚˇ-ㄇㄟˇ	小野澤雅美	-6.17843815	acg
ㄒㄧㄠˇ-ㄐㄩˋ-ㄜˋ	小鋸鱷	-7.04116568	acg
ㄒㄧㄠˇ-ㄍㄨㄢ-ㄌㄧˊ-ㄋㄞˋ	小關麗奈	-6.60980192	acg
ㄒㄧㄠˇ-ㄚ-ㄊㄨˋ	小阿兔	-7.04116568	acg
ㄒㄧㄠˇ-ㄚ-ㄉㄨˋ-ㄌㄨㄛˋ	小阿度洛	-6.60980192	acg
ㄒㄧㄠˇ-ㄌㄨˋ-ㄒㄧㄥˊ-ㄋㄧㄠˇ	小陸行鳥	-6.60980192	acg
ㄒㄧㄠˇ-ㄌㄟˊ	小雷	-7.17149945	acg
ㄒㄧㄠˇ-ㄙㄚˋ	小颯	-7.17149945	acg
ㄒㄧㄠˇ-ㄒㄧㄤ	小香	-7.17149945	acg
ㄒㄧㄠˇ-ㄇㄚˇ-ㄍㄨㄛˊ	小馬國	-7.04116568	acg
ㄒㄧㄠˇ-ㄇㄚˇ-ㄍㄨㄛˊ-ㄋㄩˇ-ㄏㄞˊ	小馬國女孩	-6.17843815	acg
ㄒㄧㄠˇ-ㄇㄚˇ-ㄍㄨㄛˊ-ㄩㄣˋ-ㄉㄨㄥˋ-ㄉㄚˋ-ㄙㄞˋ	小馬國運動大賽	-5.74707439	acg
ㄒㄧㄠˇ-ㄇㄚˇ-ㄉㄜ˙-ㄧㄡˊ-ㄒㄧˋ	小馬的遊戲	-6.17843815	acg
ㄒㄧㄠˇ-ㄇㄚˇ-ㄙㄞˋ-ㄔㄜ	小馬賽車	-6.60980192	acg
ㄒㄧㄠˇ-ㄇㄚˇ-ㄓㄣˋ	小馬鎮	-7.04116568	acg
ㄒㄧㄠˇ-ㄇㄚˇ-ㄓㄣˋ-ㄧㄝˋ-ㄨㄟˋ-ㄇㄧㄢˊ	小馬鎮夜未眠	-5.74707439	acg
ㄒㄧㄠˇ-ㄇㄚˇ-ㄓㄣˋ-ㄇㄧˋ-ㄨㄣˊ	小馬鎮秘聞	-6.17843815	acg
ㄒㄧㄠˇ-ㄐㄩㄣˋ	小駿	-7.17149945	acg
ㄒㄧㄠˇ-ㄧㄚ-ㄙㄨˋ-ㄕㄜˋ	小鴨宿舍	-6.60980192	acg
ㄒㄧㄠˇ-ㄩˋ-ㄔㄨ-ㄉㄥ-ㄔㄤˇ	小鷸初登場	-6.17843815	acg
ㄒㄧㄠˇ-ㄇㄞˋ-ㄍㄜˇ	小麥葛	-7.04116568	acg
ㄒㄧㄠˇ-ㄇㄞˋ-ㄐㄧㄣ	小麥金	-7.04116568	acg
ㄒㄧㄠˇ-ㄏㄟ-ㄐㄩㄝˊ	小黑爵	-7.04116568	acg
ㄒㄧㄠˇ-ㄌㄨㄥˊ-ㄇㄠ	小龍貓	-7.04116568	acg
ㄒㄧㄠˇ-ㄍㄨㄟ	小龜	-7.17149945	acg
ㄕㄠˋ-ㄋㄩˇ-ㄩˇ-ㄓㄢˋ-ㄔㄜ	少女與戰車	-6.17843815	acg
ㄕㄠˋ-ㄋㄩˇ-ㄍㄜˊ-ㄇㄧㄥˋ	少女革命	-6.60980192	acg
ㄕㄠˋ-ㄋㄧㄢˊ-ㄐㄧㄢˋ-ㄉㄠˋ-ㄨㄤˊ-ㄓˊ-ㄐㄧㄠˇ	少年劍道王直角	-5.74707439	acg
ㄕㄠˋ-ㄋㄧㄢˊ-ㄈㄢˋ-ㄗㄨㄟˋ-ㄉㄤˇ-ㄢˋ	少年犯罪檔案	-5.74707439	acg
ㄕㄠˋ-ㄋㄧㄢˊ-ㄑㄧㄡˊ-ㄅㄤˋ	少年球棒	-6.60980192	acg
ㄕㄠˇ-ㄍㄣ-ㄐㄧㄣ-ㄒㄧㄠˇ-ㄍㄨㄟˇ	少根筋小鬼	-6.17843815	acg
ㄕㄠˋ-ㄅㄤˋ-ㄒㄧㄠˇ-ㄇㄛˊ-ㄊㄡˊ	少棒小魔投	-6.17843815	acg
ㄕㄠˋ-ㄧㄝˊ-ㄇㄢˋ-ㄅㄛ	少爺曼波	-6.60980192	acg
ㄕㄠˇ-ㄘㄨㄥ	少蔥	-7.17149945	acg
ㄐㄧㄢ-ㄘˋ-ㄕˋ	尖刺式	-7.04116568	acg
ㄐㄧㄢ-ㄘˋ-ㄕˋ-ㄍㄜˊ-ㄌㄟˊ-ㄗ	尖刺式格雷茲	-5.74707439	acg
ㄐㄧㄢ-ㄘˋ-ㄓㄚˋ-ㄉㄢˋ	尖刺炸彈	-6.60980192	acg
ㄐㄧㄢ-ㄐㄧㄠˋ-ㄒㄧㄚˊ	尖叫俠	-7.04116568	acg
ㄐㄧㄢ-ㄓㄣ-ㄑㄧㄤ	尖針槍	-7.04116568	acg
ㄐㄧㄢ-ㄊㄡˊ-ㄌㄚ-ㄖㄨㄟˋ	尖頭拉瑞	-6.60980192	acg
ㄐㄧㄢ-ㄊㄡˊ-ㄔㄨㄟˊ	尖頭槌	-7.04116568	acg
ㄕㄤˋ-ㄅㄨˋ-ㄦˇ	尚布爾	-7.04116568	acg
ㄕㄤˋ-ㄣ	尚恩	-7.17149945	acg
ㄕㄤˋ-ㄏㄠˋ	尚昊	-7.17149945	acg
ㄕㄤˋ-ㄇㄟˊ-ㄦˇ	尚梅爾	-7.04116568	acg
ㄕㄤˋ-ㄑㄧˋ-ㄩˇ-ㄕˊ-ㄏㄨㄢˊ-ㄔㄨㄢˊ-ㄑㄧˊ	尚氣與十環傳奇	-5.74707439	acg
ㄕㄤˋ-ㄒㄧ-ㄒㄩㄝˊ-ㄩㄢˋ	尚羲學院	-6.60980192	acg
ㄕㄤˋ-ㄨㄢˋ-ㄑㄧㄤˊ	尚萬強	-7.04116568	acg
ㄧㄡˊ-ㄒㄧㄡ-ㄌㄨˇ	尤修魯	-7.04116568	acg
ㄧㄡˊ-ㄌㄧˋ	尤利	-7.17149945	acg
ㄧㄡˊ-ㄆㄧ	尤匹	-7.17149945	acg
ㄧㄡˊ-ㄐㄧˊ-ㄡ	尤吉歐	-7.04116568	acg
ㄧㄡˊ-ㄏㄚ-ㄋㄚˋ	尤哈娜	-7.04116568	acg
ㄧㄡˊ-ㄏㄚ-ㄋㄚˋ-ㄒㄧㄥˊ-ㄑㄧㄥˊ-ㄇㄛˊ	尤哈娜型情魔	-5.74707439	acg
ㄧㄡˊ-ㄏㄚ-ㄋㄚˋ-ㄒㄧㄥˊ-ㄑㄧㄥˊ-ㄇㄛˊ-ㄍㄤ-ㄉㄢˋ	尤哈娜型情魔鋼彈	-5.74707439	acg
ㄧㄡˊ-ㄐㄧ-ㄞˋ-ㄋㄧㄥˊ	尤基艾寧	-6.60980192	acg
ㄧㄡˊ-ㄑㄧˊ	尤奇	-7.17149945	acg
ㄧㄡˊ-ㄋㄚˋ-ㄌㄚ	尤娜拉	-7.04116568	acg
ㄧㄡˊ-ㄋㄧˊ-ㄎㄜˋ-ㄌㄨㄥˊ	尤尼克隆	-6.60980192	acg
ㄧㄡˊ-ㄇㄛˊ-ㄐㄧㄝˊ-ㄊㄨㄥˇ-ㄓˋ-ㄨㄟˇ-ㄩㄢˊ-ㄏㄨㄟˋ	尤摩捷統治委員會	-5.74707439	acg
ㄧㄡˊ-ㄇㄛˊ-ㄐㄧㄝˊ-ㄏㄨˋ-ㄨㄟˋ-ㄉㄨㄟˋ	尤摩捷護衛隊	-5.74707439	acg
ㄧㄡˊ-ㄙ-ㄊㄧˊ-ㄋㄚˋ	尤斯提納	-6.60980192	acg
ㄧㄡˊ-ㄦˇ-ㄞˋ-ㄎㄚˇ	尤爾艾卡	-6.60980192	acg
ㄧㄡˊ-ㄌㄧㄣˊ	尤琳	-7.17149945	acg
ㄧㄡˊ-ㄇㄧˇ-ㄦˇ	尤米爾	-7.04116568	acg
ㄧㄡˊ-ㄋㄚˋ	尤納	-7.17149945	acg
ㄧㄡˊ-ㄋㄚˋ-ㄙ	尤納斯	-7.04116568	acg
ㄧㄡˊ-ㄌㄧˋ-ㄢ	尤莉安	-7.04116568	acg
ㄧㄡˊ-ㄅㄟˋ-ㄦˇ	尤蓓爾	-7.04116568	acg
ㄧㄡˊ-ㄌㄢˊ	尤蘭	-7.17149945	acg
ㄧㄡˊ-ㄌㄧˇ	尤里	-7.17149945	acg
ㄧㄣˇ-ㄎㄚˇ-ㄌㄢˊ-ㄇㄨˇ	尹卡蘭姆	-6.60980192	acg
ㄧㄣˇ-ㄐㄧ-ㄓㄨㄥ	尹基中	-7.04116568	acg
ㄋㄧˊ-ㄎㄜˋ-ㄆㄧㄣˊ-ㄉㄠˋ-ㄦˊ-ㄊㄨㄥˊ-ㄆㄧㄠˋ-ㄒㄩㄢˇ-ㄐㄧㄤˇ	尼克頻道兒童票選獎	-5.74707439	acg
ㄋㄧˊ-ㄈㄢˊ-ㄙ	尼凡斯	-7.04116568	acg
ㄋㄧˊ-ㄅㄛˊ-ㄕˋ	尼博士	-7.04116568	acg
ㄋㄧˊ-ㄎㄚˇ	尼卡	-7.17149945	acg
ㄋㄧˊ-ㄍㄨˇ-ㄌㄞˊ	尼古萊	-7.04116568	acg
ㄋㄧˊ-ㄎㄜˇ-ㄈㄨ	尼可夫	-7.04116568	acg
ㄋㄧˊ-ㄐㄧˊ	尼吉	-7.17149945	acg
ㄋㄧˊ-ㄉㄨㄛ-ㄌㄧˋ-ㄋㄨㄛˋ	尼多力諾	-6.60980192	acg
ㄋㄧˊ-ㄉㄨㄛ-ㄏㄡˋ	尼多后	-7.04116568	acg
ㄋㄧˊ-ㄉㄨㄛ-ㄋㄚˋ	尼多娜	-7.04116568	acg
ㄋㄧˊ-ㄉㄨㄛ-ㄌㄤˇ	尼多朗	-7.04116568	acg
ㄋㄧˊ-ㄉㄨㄛ-ㄌㄨㄛˊ-ㄎㄤ-ㄅㄛˊ	尼多羅康柏	-6.17843815	acg
ㄋㄧˊ-ㄉㄨㄛ-ㄌㄢˊ	尼多蘭	-7.04116568	acg
ㄋㄧˊ-ㄈㄨ-ㄐㄧㄚ-ㄦˇ-ㄉㄜˊ	尼夫加爾德	-6.17843815	acg
ㄋㄧˊ-ㄑㄧˊ	尼奇	-7.17149945	acg
ㄋㄧˊ-ㄉㄜˊ-ㄏㄨㄛˋ-ㄍㄜˊ-ㄕㄡˋ	尼德霍格獸	-6.17843815	acg
ㄋㄧˊ-ㄇㄛˊ	尼摩	-7.17149945	acg
ㄋㄧˊ-ㄆㄨˇ-ㄙ	尼普斯	-7.04116568	acg
ㄋㄧˊ-ㄍㄣ	尼根	-7.17149945	acg
ㄋㄧˊ-ㄡ	尼歐	-7.17149945	acg
ㄋㄧˊ-ㄅㄧˇ-ㄕˋ	尼比市	-7.04116568	acg
ㄋㄧˊ-ㄦˇ-ㄙ	尼爾斯	-7.04116568	acg
ㄋㄧˊ-ㄦˇ-ㄙㄣ-ㄐㄧˊ	尼爾森級	-6.60980192	acg
ㄋㄧˊ-ㄌㄨㄛˊ-ㄍㄤ-ㄉㄢˋ	尼羅鋼彈	-6.60980192	acg
ㄋㄧˊ-ㄇㄛˋ	尼莫	-7.17149945	acg
ㄋㄧˊ-ㄈㄟ-ㄉㄧˊ-ㄕㄡˋ	尼菲迪獸	-6.60980192	acg
ㄋㄧˊ-ㄉㄚˊ	尼達	-7.17149945	acg
ㄋㄧˊ-ㄈㄟ-ㄅㄧˇ-ㄉㄨㄛ	尼飛彼多	-6.60980192	acg
ㄨㄟˇ-ㄕㄤˋ-ㄌㄧㄠˊ	尾上遼	-7.04116568	acg
ㄨㄟˇ-ㄐㄧㄡˇ-ㄑㄧˊ-ㄐㄧㄥ	尾久崎晶	-6.60980192	acg
ㄨㄟˇ-ㄓ-ㄕㄤˋ-ㄐㄧㄤˋ-ㄖㄣˊ	尾之上將人	-6.17843815	acg
ㄨㄟˇ-ㄏㄡˋ-ㄑㄧㄥ-ㄇㄟˇ	尾後清美	-6.60980192	acg
ㄨㄟˇ-ㄅㄧㄢ-ㄉㄠ	尾鞭刀	-7.04116568	acg
ㄐㄩ-ㄌㄧˇ-ㄡ	居里歐	-7.04116568	acg
ㄨ-ㄎㄚˇ-ㄑㄧˊ	屋卡奇	-7.04116568	acg
ㄨ-ㄊㄧㄢˊ-ㄔㄥˊ-ㄖㄣˊ	屋田誠人	-6.60980192	acg
ㄕ-ㄨ-ㄕㄡˋ-ㄅㄧㄥ-ㄨㄟˋ	屍屋獸兵衛	-6.17843815	acg
ㄕ-ㄨˇ-ㄨ	屍舞烏	-7.04116568	acg
ㄕ-ㄊㄧˇ-ㄖㄨˊ-ㄕㄢ-ㄉㄜ˙-ㄙˇ-ㄨㄤˊ-ㄧㄡˊ-ㄒㄧˋ	屍體如山的死亡遊戲	-5.74707439	acg
ㄊㄨˊ-ㄌㄨˋ-ㄉㄚˋ-ㄑㄧㄠˊ	屠戮大橋	-6.60980192	acg
ㄕㄢ-ㄒㄧㄚˋ-ㄧㄤˊ-ㄐㄧㄝˋ	山下洋介	-6.60980192	acg
ㄕㄢ-ㄒㄧㄚˋ-ㄒㄧㄡˋ-ㄗˇ	山下秀子	-6.60980192	acg
ㄕㄢ-ㄘㄤ-ㄉㄨㄛ-ㄏㄨㄟˋ	山倉多惠	-6.60980192	acg
ㄕㄢ-ㄎㄜˋ-ㄨㄤˊ-ㄍㄨㄛˊ	山克王國	-6.60980192	acg
ㄕㄢ-ㄋㄟˋ-ㄒㄧㄣˋ-ㄑㄧㄡ	山內信秋	-6.60980192	acg
ㄕㄢ-ㄎㄡˇ-ㄒㄧˇ-ㄇㄟˇ-ㄗˇ	山口喜美子	-6.17843815	acg
ㄕㄢ-ㄎㄡˇ-ㄇㄟˇ-ㄐㄧㄚ	山口美佳	-6.60980192	acg
ㄕㄢ-ㄔㄨㄟ-ㄐㄧㄤ	山吹將	-7.04116568	acg
ㄕㄢ-ㄔㄨㄟ-ㄕㄤˋ-ㄗˇ	山吹尚子	-6.60980192	acg
ㄕㄢ-ㄔㄨㄟ-ㄇㄧㄥˊ	山吹明	-7.04116568	acg
ㄕㄢ-ㄔㄨㄟ-ㄓㄥˋ	山吹正	-7.04116568	acg
ㄕㄢ-ㄒㄧㄚˋ	山夏	-7.17149945	acg
ㄕㄢ-ㄇㄨˇ-ㄧㄝˊ-ㄦˇ	山姆耶爾	-6.60980192	acg
ㄕㄢ-ㄨㄟˇ-ㄓㄨㄥ-ㄓˋ	山尾忠志	-6.60980192	acg
ㄕㄢ-ㄨㄟˇ-ㄒㄧ-ㄐㄧㄝˋ	山尾溪介	-6.60980192	acg
ㄕㄢ-ㄑㄧˊ-ㄗㄨㄥ-ㄐㄧㄝˋ	山崎宗介	-6.60980192	acg
ㄕㄢ-ㄑㄧˊ-ㄉㄨㄣ	山崎敦	-7.04116568	acg
ㄕㄢ-ㄌㄧㄥˇ-ㄋㄩˇ-ㄒㄧㄚˊ	山嶺女俠	-6.60980192	acg
ㄕㄢ-ㄇㄨˋ-ㄇㄢˇ-ㄒㄩㄥˊ	山木滿雄	-6.60980192	acg
ㄕㄢ-ㄅㄣˇ-ㄉㄨㄥ-ㄕㄨˋ	山本冬樹	-6.60980192	acg
ㄕㄢ-ㄅㄣˇ-ㄐㄧㄥˋ-ㄗˇ	山本敬子	-6.60980192	acg
ㄕㄢ-ㄅㄣˇ-ㄌㄧˊ-ㄏㄨㄚˊ	山本麗華	-6.60980192	acg
ㄕㄢ-ㄘㄨㄣ-ㄑㄧㄢ-ㄐㄧㄣ	山村千津	-6.60980192	acg
ㄕㄢ-ㄍㄣ-ㄗˇ-ㄧㄣ	山根紫音	-6.60980192	acg
ㄕㄢ-ㄙㄣ-ㄕㄣˋ-ㄙㄢ	山森慎三	-6.60980192	acg
ㄕㄢ-ㄏㄞˇ-ㄐㄧㄥ-ㄍㄠ-ㄐㄧˊ-ㄓㄨㄥ-ㄒㄩㄝˊ	山海經高級中學	-5.74707439	acg
ㄕㄢ-ㄊㄧㄢˊ-ㄐㄧㄢˋ-ㄦˋ	山田健二	-6.60980192	acg
ㄕㄢ-ㄊㄧㄢˊ-ㄇㄧㄠˋ	山田妙	-7.04116568	acg
ㄕㄢ-ㄊㄧㄢˊ-ㄔㄤ-ㄓˋ	山田昌志	-6.60980192	acg
ㄕㄢ-ㄊㄧㄢˊ-ㄑㄧㄥˊ-ㄗˇ	山田晴子	-6.60980192	acg
ㄕㄢ-ㄊㄧㄢˊ-ㄓㄥˋ-ㄔㄣˊ	山田正臣	-6.60980192	acg
ㄕㄢ-ㄊㄧㄢˊ-ㄏㄠˋ-ㄦˋ	山田浩二	-6.60980192	acg
ㄕㄢ-ㄎㄜ-ㄌㄤˋ-ㄇㄢˋ	山科浪漫	-6.60980192	acg
ㄕㄢ-ㄊㄨㄥˊ	山童	-7.17149945	acg
ㄕㄢ-ㄇㄧˇ-ㄦˇ-ㄆㄧㄥˊ-ㄩㄢˊ	山米爾平原	-6.17843815	acg
ㄕㄢ-ㄧㄤˊ-ㄕㄡˋ	山羊獸	-7.04116568	acg
ㄕㄢ-ㄧㄤˊ-ㄋㄢˊ	山羊男	-7.04116568	acg
ㄕㄢ-ㄇㄞˋ-ㄓ-ㄨㄤˊ	山脈之王	-6.60980192	acg
ㄕㄢ-ㄉㄚˊ-ㄙ	山達斯	-7.04116568	acg
ㄕㄢ-ㄒㄧㄤ-ㄅㄨˋ	山鄉步	-7.04116568	acg
ㄕㄢ-ㄧㄝˇ-ㄅㄧㄢ-ㄌㄨㄥˊ-ㄒㄩㄥˊ	山野邊隆雄	-6.17843815	acg
ㄧˋ-ㄦˇ	屹耳	-7.17149945	acg
ㄍㄤ-ㄘㄤ-ㄓㄥˋ-ㄇㄧㄥˊ	岡倉政明	-6.60980192	acg
ㄍㄤ-ㄑㄧˊ-ㄊㄞˋ-ㄧㄝˋ	岡崎泰葉	-6.60980192	acg
ㄍㄤ-ㄣ	岡恩	-7.17149945	acg
ㄍㄤ-ㄅㄣˇ-ㄕˋ-ㄓㄤˇ	岡本市長	-6.60980192	acg
ㄍㄤ-ㄅㄣˇ-ㄏㄠˋ-ㄆㄧㄥˊ	岡本浩平	-6.60980192	acg
ㄍㄤ-ㄘㄨㄣ-ㄓㄠ-ㄏㄨㄥˊ	岡村昭宏	-6.60980192	acg
ㄍㄤ-ㄓㄥˋ-ㄐㄧˊ	岡正吉	-7.04116568	acg
ㄍㄤ-ㄏㄞˇ-ㄦˇ	岡海爾	-7.04116568	acg
ㄍㄤ-ㄊㄧㄢˊ-ㄋㄞˋ-ㄋㄞˋ-ㄗˇ	岡田奈奈子	-6.17843815	acg
ㄍㄤ-ㄊㄧㄢˊ-ㄓㄣ-ㄧㄡˊ	岡田真由	-6.60980192	acg
ㄍㄤ-ㄗ-ㄅㄚ-ㄎㄜˋ	岡茲巴克	-6.60980192	acg
ㄍㄤ-ㄅㄨˋ-ㄊㄞˋ-ㄌㄤˊ	岡部太郎	-6.60980192	acg
ㄍㄤ-ㄅㄨˋ-ㄖㄣˇ	岡部稔	-7.04116568	acg
ㄍㄤ-ㄧㄝˇ-ㄕˊ-ㄏㄢˋ-ㄗˇ	岡野十和子	-6.17843815	acg
ㄧㄢˊ-ㄐㄧㄥˇ-ㄕㄚ-ㄕˋ-ㄗˇ	岩井紗世子	-6.17843815	acg
ㄧㄢˊ-ㄘㄤ-ㄎㄤ-ㄋㄢˊ	岩倉康男	-6.60980192	acg
ㄧㄢˊ-ㄘㄤ-ㄌㄧㄥˊ-ㄧㄣ	岩倉玲音	-6.60980192	acg
ㄧㄢˊ-ㄘㄤ-ㄇㄟˇ-ㄙㄨㄟˋ	岩倉美穂	-6.60980192	acg
ㄧㄢˊ-ㄘㄤ-ㄇㄟˇ-ㄒㄧㄤ	岩倉美香	-6.60980192	acg
ㄧㄢˊ-ㄊㄞˋ	岩太	-7.17149945	acg
ㄧㄢˊ-ㄧㄢˊ-ㄇㄛˊ-ㄒㄧㄝ	岩巖魔蠍	-6.60980192	acg
ㄧㄢˊ-ㄏㄨˋ-ㄔㄨㄣ-ㄧㄚˊ	岩戶椿芽	-6.60980192	acg
ㄧㄢˊ-ㄏㄨˋ-ㄏㄨㄢˊ	岩戶環	-7.04116568	acg
ㄧㄢˊ-ㄏㄨˋ-ㄌㄧㄥˊ-ㄧㄚˊ	岩戶鈴芽	-6.60980192	acg
ㄧㄢˊ-ㄩㄥˇ-ㄔㄥˊ-ㄦˊ	岩永城兒	-6.60980192	acg
ㄧㄢˊ-ㄑㄧㄥ-ㄕㄨㄟˇ-ㄊㄡˋ	岩清水透	-6.60980192	acg
ㄧㄢˊ-ㄘㄤˊ	岩藏	-7.17149945	acg
ㄧㄢˊ-ㄍㄨˇ-ㄕㄤˋ-ㄨㄣˊ	岩谷尚文	-6.60980192	acg
ㄐㄧㄚˇ-ㄘㄞˇ-ㄧㄣ	岬彩音	-7.04116568	acg
ㄐㄧㄚˇ-ㄇㄧㄥˊ-ㄋㄞˇ	岬明乃	-7.04116568	acg
ㄐㄧㄚˇ-ㄓˊ-ㄧㄝˇ	岬直也	-7.04116568	acg
ㄉㄞˋ-ㄋㄨㄛˋ-ㄎㄜˇ	岱諾可	-7.04116568	acg
ㄩㄝˋ-ㄕㄢ-ㄖㄣˊ	岳山人	-7.04116568	acg
ㄩㄝˋ-ㄧㄝˇ-ㄒㄩㄝˇ	岳野雪	-7.04116568	acg
ㄢˋ-ㄐㄧㄡˇ-ㄇㄟˇ-ㄗˇ	岸久美子	-6.60980192	acg
ㄢˋ-ㄏㄢˋ-ㄊㄧㄢˊ-ㄨㄢˊ-ㄓˋ	岸和田完治	-6.17843815	acg
ㄢˋ-ㄉㄚˋ-ㄏㄜˊ	岸大和	-7.04116568	acg
ㄢˋ-ㄅㄣˇ-ㄏㄨㄚ-ㄘㄞˋ	岸本花菜	-6.60980192	acg
ㄢˋ-ㄅㄨˋ-ㄘㄞˇ-ㄏㄨㄚˊ	岸部彩華	-6.60980192	acg
ㄈㄥ-ㄢˋ-ㄔㄨㄣˊ	峰岸淳	-7.04116568	acg
ㄉㄠˇ-ㄋㄞˇ-ㄏㄨㄛˊ-ㄓㄣ	島乃活真	-6.60980192	acg
ㄉㄠˇ-ㄋㄞˇ-ㄓㄣ-ㄏㄨㄤˇ	島乃真幌	-6.60980192	acg
ㄉㄠˇ-ㄘㄤ-ㄒㄧㄤ-ㄓ	島倉香織	-6.60980192	acg
ㄉㄠˇ-ㄕㄢ-ㄇㄧㄥˊ	島山明	-7.04116568	acg
ㄉㄠˇ-ㄍㄤ	島岡	-7.17149945	acg
ㄉㄠˇ-ㄑㄧˊ-ㄎㄤ-ㄕㄥ	島崎康生	-6.60980192	acg
ㄉㄠˇ-ㄘㄨㄣ-ㄇㄠˇ-ㄩㄝˋ	島村卯月	-6.60980192	acg
ㄉㄠˇ-ㄐㄧㄣ-ㄑㄧㄢ-ㄒㄧㄤ	島津千香	-6.60980192	acg
ㄉㄠˇ-ㄊㄧㄢˊ-ㄧ-ㄑㄧˊ	島田一旗	-6.60980192	acg
ㄉㄠˇ-ㄊㄧㄢˊ-ㄧˋ-ㄑㄧˊ	島田一旗	-7.10980192	acg
ㄉㄠˇ-ㄊㄧㄢˊ-ㄑㄧㄢ-ㄉㄞˋ	島田千代	-6.60980192	acg
ㄉㄠˇ-ㄊㄧㄢˊ-ㄞˋ-ㄌㄧˇ-ㄕㄡˋ	島田愛里壽	-6.17843815	acg
ㄉㄠˇ-ㄓˊ-ㄕㄨˋ	島直樹	-7.04116568	acg
ㄉㄠˇ-ㄉㄞˋ-ㄐㄩㄣ-ㄏㄨㄟˋ	島袋君惠	-6.60980192	acg
ㄒㄧㄚˊ-ㄍㄨˇ-ㄊㄨˊ-ㄨㄟˊ	峽谷突圍	-6.60980192	acg
ㄎㄨㄣ-ㄌㄞˊ-ㄈㄥ	崑萊峰	-7.04116568	acg
ㄘㄨㄟ-ㄋㄧˊ-ㄊㄧˊ	崔尼提	-7.04116568	acg
ㄘㄨㄟ-ㄈㄨˊ	崔弗	-7.17149945	acg
ㄘㄨㄟ-ㄉㄧˋ-ㄩˇ-ㄕㄚˇ-ㄉㄚˋ-ㄇㄠ	崔弟與傻大貓	-5.74707439	acg
ㄘㄨㄟ-ㄨㄚˇ-ㄧㄣ	崔瓦因	-7.04116568	acg
ㄘㄨㄟ-ㄙ-ㄊㄚˇ-ㄋㄚˋ	崔絲塔娜	-6.60980192	acg
ㄘㄨㄟ-ㄒㄧ	崔西	-7.17149945	acg
ㄘㄨㄟ-ㄓㄨㄥ-ㄖㄣˊ	崔鍾仁	-7.04116568	acg
ㄎㄢˇ-ㄏㄜˊ-ㄧˇ	嵌合蟻	-7.04116568	acg
ㄌㄧㄥˇ-ㄙ	嶺司	-7.17149945	acg
ㄧㄢˊ-ㄧㄚˊ	巖牙	-7.17149945	acg
ㄧㄢˊ-ㄎㄨ-ㄨㄤˊ	巖窟王	-7.04116568	acg
ㄔㄨㄢ-ㄐㄧㄥˇ-ㄌㄧˊ-ㄏㄨㄚ	川井梨花	-6.60980192	acg
ㄔㄨㄢ-ㄐㄧㄥˇ-ㄇㄟˇ-ㄕㄨˋ	川井美樹	-6.60980192	acg
ㄔㄨㄢ-ㄎㄡˇ-ㄊㄞˋ-ㄌㄤˇ	川口太朗	-6.60980192	acg
ㄔㄨㄢ-ㄎㄡˇ-ㄘㄨㄥ	川口聰	-7.04116568	acg
ㄔㄨㄢ-ㄏㄜˊ-ㄏㄨˊ-ㄊㄠˊ	川合胡桃	-6.60980192	acg
ㄔㄨㄢ-ㄏㄜˊ-ㄇㄟˊ-ㄏㄨㄚ	川合苺花	-6.60980192	acg
ㄔㄨㄢ-ㄎㄠ-ㄔㄨㄥˊ-ㄗˇ	川尻崇子	-6.60980192	acg
ㄔㄨㄢ-ㄉㄠˇ-ㄖㄨㄟˋ-ㄕㄨˋ	川島瑞樹	-6.60980192	acg
ㄔㄨㄢ-ㄑㄧˊ-ㄞˋ-ㄌㄧㄡˊ	川崎愛琉	-6.60980192	acg
ㄔㄨㄢ-ㄏㄨˋ-ㄍㄨㄥ-ㄦˋ	川戶恭二	-6.60980192	acg
ㄔㄨㄢ-ㄘㄨㄣ-ㄕㄢ-ㄎㄨㄟˊ	川村山葵	-6.60980192	acg
ㄔㄨㄢ-ㄐㄧㄣ-ㄇㄧㄥˊ-ㄒㄩㄥˊ	川津明雄	-6.60980192	acg
ㄔㄨㄢ-ㄩㄝˋ-ㄌㄧㄥˋ	川越令	-7.04116568	acg
ㄔㄨㄢ-ㄉㄨㄣˋ	川頓	-7.17149945	acg
ㄒㄩㄣˊ-ㄏㄨㄟˊ-ㄑㄩㄢˇ-ㄈㄟˋ	巡迴犬吠	-6.60980192	acg
ㄔㄠˊ-ㄧˋ	巢刈	-7.17149945	acg
ㄍㄨㄥ-ㄍㄨㄥ-ㄔㄤˇ-ㄨㄟˊ-ㄒㄧㄢˇ-ㄔㄨˊ-ㄒㄩˋ-ㄕˋ	工工廠危險儲蓄室	-5.74707439	acg
ㄍㄨㄥ-ㄔㄤˇ-ㄖㄣˋ-ㄒㄧㄥˋ-ㄉㄜ˙-ㄅㄨˋ-ㄌㄨㄛˊ-ㄉㄧˋ	工廠任性的布羅帝	-5.74707439	acg
ㄍㄨㄥ-ㄔㄤˇ-ㄕㄚˇ-ㄍㄨㄚ-ㄒㄧㄢˋ-ㄐㄧㄥˇ	工廠傻瓜陷阱	-5.74707439	acg
ㄍㄨㄥ-ㄔㄤˇ-ㄊㄢˋ-ㄒㄧㄢˇ-ㄎㄞ-ㄕˇ	工廠探險開始	-5.74707439	acg
ㄍㄨㄥ-ㄔㄤˇ-ㄆㄥ-ㄆㄥ-ㄆㄥ-ㄉㄚˋ-ㄇㄠˋ-ㄒㄧㄢˇ	工廠砰砰砰大冒險	-5.74707439	acg
ㄍㄨㄥ-ㄔㄤˇ-ㄒㄧˋ-ㄊㄨㄥˇ	工廠系統	-6.60980192	acg
ㄍㄨㄥ-ㄔㄥˊ-ㄕ-ㄅㄨˋ	工程師部	-6.60980192	acg
ㄍㄨㄥ-ㄔㄥˊ-ㄩㄥˋ	工程用	-7.04116568	acg
ㄍㄨㄥ-ㄔㄥˊ-ㄐㄧㄣ-ㄍㄤ	工程金剛	-6.60980192	acg
ㄍㄨㄥ-ㄊㄥˊ-ㄉㄚˋ-ㄕㄨˋ	工藤大樹	-6.60980192	acg
ㄍㄨㄥ-ㄊㄥˊ-ㄖㄣˇ	工藤忍	-7.04116568	acg
ㄍㄨㄥ-ㄊㄥˊ-ㄇㄨˋ-ㄇㄟˇ	工藤睦美	-6.60980192	acg
ㄍㄨㄥ-ㄊㄡˊ-ㄅㄧˋ-ㄕㄚ-ㄐㄧˋ	工頭必殺技	-6.17843815	acg
ㄗㄨㄛˇ-ㄐㄧㄥ-ㄏㄨㄛˇ-ㄐㄧㄢˋ-ㄏㄠˋ	左京火箭號	-6.17843815	acg
ㄗㄨㄛˇ-ㄌㄨㄣˊ-ㄕㄡˋ	左輪獸	-7.04116568	acg
ㄑㄧㄠˇ-ㄎㄜˋ-ㄌㄧˋ-ㄒㄩㄢˊ-ㄨㄛ	巧克力漩渦	-6.17843815	acg
ㄑㄧㄠˇ-ㄎㄜˋ-ㄌㄧˋ-ㄩㄣˊ	巧克力雲	-6.60980192	acg
ㄐㄩˋ-ㄖㄣˊ-ㄓ-ㄅㄧˋ	巨人之壁	-6.60980192	acg
ㄐㄩˋ-ㄖㄣˊ-ㄓ-ㄉㄨㄣˋ	巨人之盾	-6.60980192	acg
ㄐㄩˋ-ㄖㄣˊ-ㄨㄤˇ-ㄌㄨㄛˋ	巨人網絡	-6.60980192	acg
ㄐㄩˋ-ㄐㄧㄢˋ-ㄖㄣˋ	巨劍刃	-7.04116568	acg
ㄐㄩˋ-ㄐㄧㄢˋ-ㄒㄧㄥˊ	巨劍型	-7.04116568	acg
ㄐㄩˋ-ㄐㄧㄢˋ-ㄒㄧㄥˊ-ㄨㄞˋ-ㄍㄨㄚˋ-ㄓㄨㄤ-ㄅㄟˋ	巨劍型外掛裝備	-5.74707439	acg
ㄐㄩˋ-ㄐㄧㄢˋ-ㄒㄧㄥˊ-ㄍㄨㄥ-ㄐㄧˊ	巨劍型攻擊	-6.17843815	acg
ㄐㄩˋ-ㄐㄧㄢˋ-ㄒㄧㄥˊ-ㄍㄨㄥ-ㄐㄧˊ-ㄍㄤ-ㄉㄢˋ	巨劍型攻擊鋼彈	-5.74707439	acg
ㄐㄩˋ-ㄐㄧㄢˋ-ㄒㄧㄥˊ-ㄇㄞˋ-ㄔㄨㄥ-ㄍㄤ-ㄉㄢˋ	巨劍型脈衝鋼彈	-5.74707439	acg
ㄐㄩˋ-ㄐㄧㄢˋ-ㄇㄛˊ-ㄒㄧㄤˋ	巨劍魔像	-6.60980192	acg
ㄐㄩˋ-ㄒㄧㄥˊ-ㄌㄨㄛˊ-ㄒㄩㄢˊ-ㄊㄚˇ	巨型螺旋塔	-6.17843815	acg
ㄐㄩˋ-ㄒㄧㄥˊ-ㄇㄠ-ㄧㄠ	巨型貓妖	-6.60980192	acg
ㄐㄩˋ-ㄒㄧㄥˊ-ㄌㄧㄢˋ-ㄇㄠˊ	巨型鏈錨	-6.60980192	acg
ㄐㄩˋ-ㄉㄚˋ-ㄈㄥ-ㄧˋ-ㄋㄧㄠˇ	巨大鋒翼鳥	-6.17843815	acg
ㄐㄩˋ-ㄉㄚˋ-ㄑㄧㄠ-ㄒㄧㄥˊ-ㄔㄨㄥˊ-ㄕㄡˋ	巨大鍬形蟲獸	-5.74707439	acg
ㄐㄩˋ-ㄧㄢˊ-ㄊㄧㄢ-ㄒㄧㄝ	巨岩天蠍	-6.60980192	acg
ㄐㄩˋ-ㄧㄢˊ-ㄇㄥˇ-ㄒㄩㄥˊ	巨岩猛熊	-6.60980192	acg
ㄐㄩˋ-ㄧㄢˊ-ㄕㄡˋ	巨岩獸	-7.04116568	acg
ㄐㄩˋ-ㄧㄢˊ-ㄒㄩㄥˊ-ㄕ	巨岩雄獅	-6.60980192	acg
ㄐㄩˋ-ㄧㄢˊ-ㄑㄧˊ-ㄌㄧㄣˊ	巨岩麒麟	-6.60980192	acg
ㄐㄩˋ-ㄒㄧㄥ-ㄍㄤ-ㄉㄢˋ	巨星鋼彈	-6.60980192	acg
ㄐㄩˋ-ㄒㄧ-ㄕㄡˋ	巨犀獸	-7.04116568	acg
ㄐㄩˋ-ㄕㄡˋ-ㄌㄧˇ-ㄨˋ-ㄒㄧㄤ	巨獸禮物箱	-6.17843815	acg
ㄐㄩˋ-ㄕㄡˋ-ㄌㄟˊ-ㄅㄧˇ-ㄧㄚˇ-ㄉㄜ˙-ㄘㄞˇ-ㄧㄤˋ	巨獸雷比亞的採樣	-5.74707439	acg
ㄐㄩˋ-ㄕˊ-ㄈㄥ	巨石峰	-7.04116568	acg
ㄐㄩˋ-ㄕㄣˊ-ㄅㄧㄥ-ㄒㄧㄢˋ-ㄕㄣ-ㄉㄨㄥ-ㄐㄧㄥ	巨神兵現身東京	-5.74707439	acg
ㄐㄩˋ-ㄕㄣˊ-ㄉㄚˋ-ㄕㄢ	巨神大杉	-6.60980192	acg
ㄐㄩˋ-ㄏㄨㄚ-ㄕㄡˋ	巨花獸	-7.04116568	acg
ㄐㄩˋ-ㄒㄧ-ㄒㄧㄥˊ-ㄗㄨㄛˋ-ㄊㄧㄢ-ㄕˇ-ㄕˋ	巨蜥型座天使式	-5.74707439	acg
ㄐㄩˋ-ㄒㄧㄝ	巨蠍	-7.17149945	acg
ㄐㄩˋ-ㄏㄠˊ-ㄙㄚˋ-ㄎㄜˋ	巨豪薩克	-6.60980192	acg
ㄐㄩˋ-ㄐㄧˊ-ㄓ-ㄓㄨ	巨集蜘蛛	-6.60980192	acg
ㄐㄩˋ-ㄅㄚˋ-ㄇㄛˊ-ㄐㄧㄝˊ	巨霸魔羯	-6.60980192	acg
ㄐㄩˋ-ㄅㄚˋ-ㄇㄛˊ-ㄌㄨㄥˊ	巨霸魔龍	-6.60980192	acg
ㄐㄩˋ-ㄇㄛˊ-ㄒㄧㄤˋ	巨魔像	-7.04116568	acg
ㄐㄩˋ-ㄇㄛˊ-ㄒㄧㄝ	巨魔蠍	-7.04116568	acg
ㄐㄩˋ-ㄇㄛˊ-ㄧ-ㄕㄨˋ-ㄕ	巨魔醫術師	-6.17843815	acg
ㄐㄩˋ-ㄌㄨㄥˊ-ㄐㄩㄝˊ-ㄑㄧˇ	巨龍崛起	-6.60980192	acg
ㄐㄩˋ-ㄌㄨㄥˊ-ㄗㄨㄢ	巨龍鑽	-7.04116568	acg
ㄨ-ㄉㄨˊ-ㄒㄧㄠˇ-ㄨ	巫毒小屋	-6.60980192	acg
ㄔㄚ-ㄅㄨˋ-ㄉㄨㄛ-ㄨㄚˊ-ㄨㄚ˙	差不多娃娃	-6.17843815	acg
ㄅㄚ-ㄅㄛˊ	巴伯	-7.17149945	acg
ㄅㄚ-ㄈㄛˊ	巴佛	-7.17149945	acg
ㄅㄚ-ㄒㄧㄡ	巴修	-7.17149945	acg
ㄅㄚ-ㄎㄜˋ	巴克	-7.17149945	acg
ㄅㄚ-ㄎㄜˋ-ㄊㄨㄛ	巴克托	-7.04116568	acg
ㄅㄚ-ㄑㄧˊ	巴其	-7.17149945	acg
ㄅㄚ-ㄅㄧㄝˊ	巴別	-7.17149945	acg
ㄅㄚ-ㄌㄧˋ-ㄇㄛˊ	巴利摩	-7.04116568	acg
ㄅㄚ-ㄌㄧˋ-ㄉㄨㄣˋ	巴利頓	-7.04116568	acg
ㄅㄚ-ㄌㄧˋ-ㄡ-ㄉㄧˋ-ㄙ	巴力歐帝斯	-6.17843815	acg
ㄅㄚ-ㄎㄚˇ-ㄙ	巴卡斯	-7.04116568	acg
ㄅㄚ-ㄍㄨˇ-ㄌㄚ	巴古拉	-7.04116568	acg
ㄅㄚ-ㄍㄨˇ-ㄌㄚ-ㄐㄩㄣ	巴古拉軍	-6.60980192	acg
ㄅㄚ-ㄍㄨˇ-ㄌㄢˊ-ㄗㄢˋ	巴古蘭贊	-6.60980192	acg
ㄅㄚ-ㄙ-ㄎㄚˇ-ㄨㄚˇ	巴司卡瓦	-6.60980192	acg
ㄅㄚ-ㄐㄧˊ-ㄌㄚ	巴吉拉	-7.04116568	acg
ㄅㄚ-ㄐㄧˊ-ㄦˇ	巴吉爾	-7.04116568	acg
ㄅㄚ-ㄐㄧˊ-ㄋㄚˋ	巴吉納	-7.04116568	acg
ㄅㄚ-ㄐㄧˊ-ㄌㄨˋ	巴吉路	-7.04116568	acg
ㄅㄚ-ㄏㄚ-ㄇㄨˇ-ㄙ	巴哈姆斯	-6.60980192	acg
ㄅㄚ-ㄕˋ-ㄙ-ㄐㄧ	巴士司機	-6.60980192	acg
ㄅㄚ-ㄉㄨㄛ-ㄌㄨㄛˊ-ㄇㄧˋ-ㄡ	巴多羅密歐	-6.17843815	acg
ㄅㄚ-ㄉㄚˋ-ㄉㄧㄝˊ	巴大蝶	-7.04116568	acg
ㄅㄚ-ㄈㄨ-ㄊㄧˊ-ㄧㄚˇ-ㄦˇ	巴夫提亞爾	-6.17843815	acg
ㄅㄚ-ㄑㄧˊ	巴奇	-7.17149945	acg
ㄅㄚ-ㄋㄞˋ-ㄊㄜˋ	巴奈特	-7.04116568	acg
ㄅㄚ-ㄋㄧㄥˊ-ㄍㄜˊ	巴寧格	-7.04116568	acg
ㄅㄚ-ㄋㄧˊ-ㄦˇ	巴尼爾	-7.04116568	acg
ㄅㄚ-ㄅㄚ-ㄌㄧˋ-ㄊㄧˊ-ㄧㄚˇ	巴巴力提亞	-6.17843815	acg
ㄅㄚ-ㄅㄨˋ	巴布	-7.17149945	acg
ㄅㄚ-ㄅㄨˋ-ㄒㄧ-ㄒㄧ	巴布西西	-6.60980192	acg
ㄅㄚ-ㄣ-ㄙ	巴恩斯	-7.04116568	acg
ㄅㄚ-ㄊㄨㄛ	巴托	-7.17149945	acg
ㄅㄚ-ㄌㄚ-ㄉㄧㄥ-ㄅㄠˇ	巴拉丁堡	-6.60980192	acg
ㄅㄚ-ㄌㄚ-ㄞ-ㄋㄚˋ	巴拉埃納	-6.60980192	acg
ㄅㄚ-ㄌㄚ-ㄍㄤ	巴拉岡	-7.04116568	acg
ㄅㄚ-ㄌㄚ-ㄉㄧˋ	巴拉蒂	-7.04116568	acg
ㄅㄚ-ㄌㄚ-ㄇㄥˊ	巴拉蒙	-7.04116568	acg
ㄅㄚ-ㄊㄧˊ	巴提	-7.17149945	acg
ㄅㄚ-ㄙ-ㄌㄜˋ	巴斯勒	-7.04116568	acg
ㄅㄚ-ㄙ-ㄅㄛˊ-ㄕˋ	巴斯博士	-6.60980192	acg
ㄅㄚ-ㄙ-ㄎㄚˇ-ㄎㄜˋ	巴斯卡克	-6.60980192	acg
ㄅㄚ-ㄙ-ㄍㄨˇ	巴斯古	-7.04116568	acg
ㄅㄚ-ㄙ-ㄊㄚˇ-ㄅㄞˋ	巴斯塔拜	-6.60980192	acg
ㄅㄚ-ㄙ-ㄉㄨㄛ-ㄌㄚ	巴斯多拉	-6.60980192	acg
ㄅㄚ-ㄙ-ㄊㄜˋ	巴斯特	-7.04116568	acg
ㄅㄚ-ㄙ-ㄉㄚˊ	巴斯達	-7.04116568	acg
ㄅㄚ-ㄌㄧㄣˊ-ㄋㄧˊ-ㄧㄚˇ	巴林尼亞	-6.60980192	acg
ㄅㄚ-ㄌㄧㄣˊ-ㄆㄛ	巴林波	-7.04116568	acg
ㄅㄚ-ㄍㄜˊ-ㄌㄞˊ-ㄌㄠˇ-ㄒㄧㄢ-ㄕㄥ	巴格萊老先生	-5.74707439	acg
ㄅㄚ-ㄡ-ㄙ-ㄆㄛˊ-ㄆㄛ˙	巴歐絲婆婆	-6.17843815	acg
ㄅㄚ-ㄕˋ-ㄉㄚˋ-ㄌㄡˊ	巴氏大樓	-6.60980192	acg
ㄅㄚ-ㄌㄨㄛˋ	巴洛	-7.17149945	acg
ㄅㄚ-ㄌㄨㄛˋ-ㄎㄜˋ-ㄏㄨㄚˊ-ㄎㄜˋ	巴洛克華克	-6.17843815	acg
ㄅㄚ-ㄌㄨㄛˋ-ㄌㄩˋ-ㄕ	巴洛律師	-6.60980192	acg
ㄅㄚ-ㄦˇ-ㄅㄚ-ㄊㄨㄛ-ㄙ	巴爾巴托斯	-6.17843815	acg
ㄅㄚ-ㄦˇ-ㄉㄜˊ	巴爾德	-7.04116568	acg
ㄅㄚ-ㄦˇ-ㄉㄞˋ-ㄅㄛˊ	巴爾戴伯	-6.60980192	acg
ㄅㄚ-ㄦˇ-ㄊㄨㄛ-ㄌㄨㄛˊ	巴爾托羅	-6.60980192	acg
ㄅㄚ-ㄦˇ-ㄙ-ㄆㄚˋ-ㄌㄨㄛˊ	巴爾斯帕羅	-6.17843815	acg
ㄅㄚ-ㄦˇ-ㄓㄚˊ	巴爾札	-7.04116568	acg
ㄅㄚ-ㄦˇ-ㄓㄚˊ-ㄊㄜˋ	巴爾札特	-6.60980192	acg
ㄅㄚ-ㄦˇ-ㄕㄡˋ	巴爾獸	-7.04116568	acg
ㄅㄚ-ㄦˇ-ㄅㄟˋ-ㄌㄨㄛˊ	巴爾貝羅	-6.60980192	acg
ㄅㄚ-ㄊㄜˋ-ㄙ	巴特斯	-7.04116568	acg
ㄅㄚ-ㄊㄜˋ-ㄌㄨㄛˋ-ㄇㄚˇ	巴特洛馬	-6.60980192	acg
ㄅㄚ-ㄊㄜˋ-ㄕㄡˋ	巴特獸	-7.04116568	acg
ㄅㄚ-ㄙㄨㄛˇ-ㄌㄨㄛˊ-ㄇㄡˊ	巴索羅繆	-6.60980192	acg
ㄅㄚ-ㄌㄨㄛˊ-ㄋㄧㄝˋ	巴羅涅	-7.04116568	acg
ㄅㄚ-ㄌㄨㄛˊ-ㄋㄨㄛˋ-ㄎㄜˋ	巴羅諾克	-6.60980192	acg
ㄅㄚ-ㄉㄧˋ-ㄙ-ㄊㄜˋ	巴蒂斯特	-6.60980192	acg
ㄅㄚ-ㄙㄚˋ-ㄇㄨˇ	巴薩姆	-7.04116568	acg
ㄅㄚ-ㄒㄧ-ㄓˊ-ㄕㄥ-ㄐㄧ-ㄐㄧㄚˋ-ㄕˇ	巴西直升機駕駛	-5.74707439	acg
ㄅㄚ-ㄒㄧㄣ-ㄗㄨˊ	巴辛族	-7.04116568	acg
ㄅㄚ-ㄋㄨㄥˊ	巴農	-7.17149945	acg
ㄅㄚ-ㄉㄧˊ	巴迪	-7.17149945	acg
ㄅㄚ-ㄉㄚˊ-ㄎㄜˋ	巴達克	-7.04116568	acg
ㄅㄚ-ㄉㄚˊ-ㄎㄜˋ-ㄙ	巴達克斯	-6.60980192	acg
ㄅㄚ-ㄌㄧˇ-ㄢ-ㄉㄨㄛ-ㄙ	巴里安多斯	-6.17843815	acg
ㄅㄚ-ㄌㄟˊ-ㄙ	巴雷斯	-7.04116568	acg
ㄅㄚ-ㄌㄟˊ-ㄒㄧ	巴雷西	-7.04116568	acg
ㄅㄚ-ㄏㄨㄛˋ-ㄌㄟˊ-ㄦˇ	巴霍雷爾	-6.60980192	acg
ㄅㄚ-ㄌㄨˇ-ㄉㄨㄛ	巴魯多	-7.04116568	acg
ㄅㄚ-ㄌㄨˇ-ㄊㄨㄛ	巴魯托	-7.04116568	acg
ㄅㄚ-ㄌㄨˇ-ㄊㄜˋ	巴魯特	-7.04116568	acg
ㄅㄚ-ㄇㄚˊ-ㄇㄟˇ	巴麻美	-7.04116568	acg
ㄅㄚ-ㄌㄨㄥˊ	巴龍	-7.17149945	acg
ㄒㄩㄣˋ-ㄒㄧㄥˋ-ㄊㄞˋ-ㄌㄤˊ	巽幸太郎	-6.60980192	acg
ㄕˋ-ㄐㄧㄚ-ㄉㄞˋ	市佳代	-7.04116568	acg
ㄕˋ-ㄩㄢˊ-ㄖㄣˊ-ㄋㄞˋ	市原仁奈	-6.60980192	acg
ㄕˋ-ㄘㄨㄣ-ㄓˋ-ㄈㄢˊ	市村志帆	-6.60980192	acg
ㄕˋ-ㄇㄧㄣˊ-ㄅㄠˇ-ㄢ-ㄉㄨㄟˋ	市民保安隊	-6.17843815	acg
ㄕˋ-ㄇㄧㄣˊ-ㄜˋ-ㄌㄧㄥˊ	市民惡靈	-6.60980192	acg
ㄕˋ-ㄓㄤˇ-ㄒㄧㄢ-ㄕㄥ	市長先生	-6.60980192	acg
ㄕˋ-ㄓㄤˇ-ㄈㄨ-ㄖㄣˊ	市長夫人	-6.60980192	acg
ㄕˋ-ㄓㄤˇ-ㄇㄧˋ-ㄕㄨ	市長祕書	-6.60980192	acg
ㄅㄨˋ-ㄉㄧㄥ-ㄐㄧㄡ-ㄑㄧˋ-ㄜˊ	布丁啾企鵝	-6.17843815	acg
ㄅㄨˋ-ㄡˇ-ㄧㄚ-ㄨㄚ-ㄨㄚ	布偶鴨呱呱	-6.17843815	acg
ㄅㄨˋ-ㄌㄧˋ-ㄧㄚˇ	布利亞	-7.04116568	acg
ㄅㄨˋ-ㄌㄧˋ-ㄍㄨˇ-ㄙ	布利古斯	-6.60980192	acg
ㄅㄨˋ-ㄌㄧˋ-ㄙ	布利絲	-7.04116568	acg
ㄅㄨˋ-ㄌㄜˋ-ㄐㄧ-ㄉㄧˋ	布勒基帝	-6.60980192	acg
ㄅㄨˋ-ㄌㄠˊ-ㄣ-ㄒㄧㄥˊ	布勞恩型	-6.60980192	acg
ㄅㄨˋ-ㄔㄚˊ	布察	-7.17149945	acg
ㄅㄨˋ-ㄅㄨˋ-ㄑㄧㄚˋ-ㄑㄧㄚˋ	布布恰恰	-6.60980192	acg
ㄅㄨˋ-ㄌㄚ	布拉	-7.17149945	acg
ㄅㄨˋ-ㄌㄚ-ㄎㄜˋ-ㄈㄨˋ-ㄍㄨㄢ	布拉克副官	-6.17843815	acg
ㄅㄨˋ-ㄌㄚ-ㄊㄚˇ-ㄋㄨㄛˋ	布拉塔諾	-6.60980192	acg
ㄅㄨˋ-ㄌㄚ-ㄉㄜˊ-ㄌㄟˊ	布拉德雷	-6.60980192	acg
ㄅㄨˋ-ㄌㄚ-ㄊㄜˋ	布拉特	-7.04116568	acg
ㄅㄨˋ-ㄌㄚ-ㄨㄟˊ-ㄎㄣˇ	布拉維肯	-6.60980192	acg
ㄅㄨˋ-ㄙ-ㄅㄛˊ-ㄗ	布斯伯茲	-6.60980192	acg
ㄅㄨˋ-ㄕ-ㄉㄚˋ-ㄏㄨㄟ	布施大輝	-6.60980192	acg
ㄅㄨˋ-ㄌㄤˇ-ㄑㄧˊ	布朗奇	-7.04116568	acg
ㄅㄨˋ-ㄌㄤˇ-ㄙ-ㄐㄧ	布朗斯基	-6.60980192	acg
ㄅㄨˋ-ㄌㄤˇ-ㄏㄞˇ-ㄨㄣˊ	布朗海文	-6.60980192	acg
ㄅㄨˋ-ㄌㄤˇ-ㄗ-ㄉㄚˋ-ㄔㄣˊ	布朗茲大臣	-6.17843815	acg
ㄅㄨˋ-ㄌㄧㄣˊ-ㄍㄜˊ	布林格	-7.04116568	acg
ㄅㄨˋ-ㄅㄧˇ	布比	-7.17149945	acg
ㄅㄨˋ-ㄌㄨㄛˋ-ㄙ	布洛斯	-7.04116568	acg
ㄅㄨˋ-ㄌㄨㄛˋ-ㄨㄚˇ	布洛瓦	-7.04116568	acg
ㄅㄨˋ-ㄦˇ-ㄉㄧˊ-ㄡ	布爾迪歐	-6.60980192	acg
ㄅㄨˋ-ㄌㄧㄣˊ-ㄑㄧˊ	布琳琪	-7.04116568	acg
ㄅㄨˋ-ㄌㄨㄛˊ-ㄌㄧˋ	布羅利	-7.04116568	acg
ㄅㄨˋ-ㄌㄨㄛˊ-ㄉㄧˋ	布羅帝	-7.04116568	acg
ㄅㄨˋ-ㄌㄨㄛˊ-ㄉㄧˋ-ㄐㄩˋ-ㄉㄚˋ-ㄋㄥˊ-ㄌㄧㄤˋ-ㄌㄞˊ-ㄩㄢˊ	布羅帝巨大能量來源	-5.74707439	acg
ㄅㄨˋ-ㄌㄨㄛˊ-ㄉㄧˋ-ㄇㄧˋ-ㄇㄧˋ-ㄉㄜ˙-ㄕˊ-ㄧㄢˋ-ㄕˋ	布羅帝秘密的實驗室	-5.74707439	acg
ㄅㄨˋ-ㄌㄨㄛˊ-ㄉㄧˋ-ㄋㄥˊ-ㄩㄢˊ-ㄕㄥ-ㄔㄢˇ-ㄐㄧ-ㄉㄧˋ	布羅帝能源生產基地	-5.74707439	acg
ㄅㄨˋ-ㄞˋ-ㄌㄨˇ	布艾魯	-7.04116568	acg
ㄅㄨˋ-ㄌㄧˋ-ㄇㄚˇ	布莉瑪	-7.04116568	acg
ㄅㄨˋ-ㄌㄧˋ-ㄌㄟˊ-ㄧㄚˇ	布莉雷亞	-6.60980192	acg
ㄅㄨˋ-ㄌㄞˊ	布萊	-7.17149945	acg
ㄅㄨˋ-ㄌㄞˊ-ㄎㄜˋ-ㄕˇ-ㄉㄨㄥ	布萊克史東	-6.17843815	acg
ㄅㄨˋ-ㄌㄞˊ-ㄦˊ	布萊兒	-7.04116568	acg
ㄅㄨˋ-ㄌㄞˊ-ㄉㄜˊ-ㄌㄧˋ	布萊德利	-6.60980192	acg
ㄅㄨˋ-ㄌㄞˊ-ㄉㄨㄣˋ-ㄒㄧㄢ-ㄕㄥ	布萊頓先生	-6.17843815	acg
ㄅㄨˋ-ㄌㄟˇ-ㄦˇ	布蕾爾	-7.04116568	acg
ㄅㄨˋ-ㄌㄢˊ	布蘭	-7.17149945	acg
ㄅㄨˋ-ㄌㄢˊ-ㄎㄜˋ-ㄊㄨㄛ-ㄕˊ	布蘭克托什	-6.17843815	acg
ㄅㄨˋ-ㄌㄢˊ-ㄎㄚˇ	布蘭卡	-7.04116568	acg
ㄅㄨˋ-ㄌㄞˋ-ㄙ-ㄍㄠ	布賴斯高	-6.60980192	acg
ㄅㄨˋ-ㄉㄧˊ	布迪	-7.17149945	acg
ㄅㄨˋ-ㄌㄧˇ-ㄎㄜˋ	布里克	-7.04116568	acg
ㄅㄨˋ-ㄌㄧˇ-ㄉㄜˊ	布里德	-7.04116568	acg
ㄅㄨˋ-ㄌㄧˇ-ㄧㄝˊ	布里耶	-7.04116568	acg
ㄅㄨˋ-ㄌㄟˊ-ㄎㄜˋ-ㄙ	布雷克斯	-6.60980192	acg
ㄅㄨˋ-ㄌㄟˊ-ㄗ	布雷茲	-7.04116568	acg
ㄅㄨˋ-ㄌㄟˊ-ㄙㄚˋ	布雷薩	-7.04116568	acg
ㄅㄨˋ-ㄌㄟˊ-ㄑㄧㄢ-ㄙ-ㄎㄚˇ	布雷騫絲卡	-6.17843815	acg
ㄅㄨˋ-ㄈㄟ-ㄍㄡˇ	布飛狗	-7.04116568	acg
ㄅㄨˋ-ㄌㄨˇ-ㄨㄟ-ㄊㄜˋ-ㄈㄨ-ㄖㄣˊ	布魯威特夫人	-5.74707439	acg
ㄅㄨˋ-ㄌㄨˇ-ㄉㄜˊ	布魯德	-7.04116568	acg
ㄅㄨˋ-ㄌㄨˇ-ㄊㄨㄛ	布魯托	-7.04116568	acg
ㄅㄨˋ-ㄌㄨˇ-ㄊㄧˊ-ㄎㄚˇ-ㄙ	布魯提卡斯	-6.17843815	acg
ㄅㄨˋ-ㄌㄨˇ-ㄇㄢˋ	布魯曼	-7.04116568	acg
ㄅㄨˋ-ㄌㄨˇ-ㄍㄜˊ	布魯格	-7.04116568	acg
ㄅㄨˋ-ㄌㄨˇ-ㄙㄚˋ	布魯薩	-7.04116568	acg
ㄅㄨˋ-ㄌㄨˇ-ㄙㄚˋ-ㄉㄜˊ	布魯薩德	-6.60980192	acg
ㄅㄨˋ-ㄌㄨˇ-ㄐㄧㄚˇ-ㄇㄨˇ	布魯賈姆	-6.60980192	acg
ㄅㄨˋ-ㄌㄨˇ-ㄊㄨㄥ	布魯通	-7.04116568	acg
ㄅㄨˋ-ㄌㄧˊ	布麗	-7.17149945	acg
ㄅㄨˋ-ㄌㄧˊ-ㄊㄚˇ	布麗塔	-7.04116568	acg
ㄅㄨˋ-ㄌㄧˊ-ㄐㄧ-ㄊㄜˋ	布麗姬特	-6.60980192	acg
ㄒㄧ-ㄧㄚˇ-ㄎㄜˋ-ㄧ-ㄅㄛˊ-ㄕˋ	希亞克伊博士	-5.74707439	acg
ㄒㄧ-ㄌㄧˋ-ㄙ	希利斯	-7.04116568	acg
ㄒㄧ-ㄐㄧㄚ-ㄌㄨˇ	希加魯	-7.04116568	acg
ㄒㄧ-ㄎㄚˇ-ㄌㄧˋ	希卡利	-7.04116568	acg
ㄒㄧ-ㄎㄚˇ-ㄉㄚˊ	希卡達	-7.04116568	acg
ㄒㄧ-ㄉㄚˊ	希妲	-7.17149945	acg
ㄒㄧ-ㄋㄚˋ	希娜	-7.17149945	acg
ㄒㄧ-ㄅㄨˋ-ㄌㄧㄣˊ	希布林	-7.04116568	acg
ㄒㄧ-ㄍㄢ-ㄒㄧ-ㄋㄚˋ	希干希納	-6.60980192	acg
ㄒㄧ-ㄉㄜˊ	希德	-7.17149945	acg
ㄒㄧ-ㄉㄜˊ-ㄙ-ㄊㄜˋ-ㄒㄩㄝˇ-ㄩㄢˊ	希德斯特雪原	-5.74707439	acg
ㄒㄧ-ㄆㄨˇ-ㄌㄟˇ	希普蕾	-7.04116568	acg
ㄒㄧ-ㄨㄤˋ-ㄨㄤˊ-ㄍㄨㄛˊ-ㄍㄨㄛˊ-ㄨㄤˊ	希望王國國王	-5.74707439	acg
ㄒㄧ-ㄨㄤˋ-ㄐㄧㄥ-ㄌㄧㄥˊ	希望精靈	-6.60980192	acg
ㄒㄧ-ㄌㄧㄣˊ-ㄍㄜˊ	希林格	-7.04116568	acg
ㄒㄧ-ㄌㄧㄣˊ-ㄌㄧˇ	希林理	-7.04116568	acg
ㄒㄧ-ㄍㄜˊ-ㄇㄚˇ-ㄒㄧ-ㄙ	希格瑪西斯	-6.17843815	acg
ㄒㄧ-ㄆㄛ-ㄌㄧˋ-ㄊㄚˇ	希波利塔	-6.60980192	acg
ㄒㄧ-ㄌㄨㄛˋ	希洛	-7.17149945	acg
ㄒㄧ-ㄌㄨㄛˋ-ㄨㄣˊ	希洛文	-7.04116568	acg
ㄒㄧ-ㄌㄨㄛˋ-ㄧㄤˊ-ㄎㄜˋ	希洛楊克	-6.60980192	acg
ㄒㄧ-ㄦˇ-ㄎㄜˋ	希爾克	-7.04116568	acg
ㄒㄧ-ㄦˇ-ㄉㄜˊ-ㄎㄚˇ-ㄣ	希爾德卡恩	-6.17843815	acg
ㄒㄧ-ㄦˇ-ㄙ-ㄅㄨˋ-ㄌㄞˊ-ㄉㄜˊ-ㄑㄧㄡ-ㄌㄧㄥˊ-ㄐㄧㄡˋ-ㄓˇ	希爾斯布萊德丘陵舊址	-5.74707439	acg
ㄒㄧ-ㄦˇ-ㄇㄟˊ	希爾梅	-7.04116568	acg
ㄒㄧ-ㄦˇ-ㄉㄚˊ	希爾達	-7.04116568	acg
ㄒㄧ-ㄌㄧㄣˊ	希琳	-7.17149945	acg
ㄒㄧ-ㄨㄚˇ-ㄋㄚˋ-ㄙ	希瓦娜斯	-6.60980192	acg
ㄒㄧ-ㄙ-ㄊㄜˋ-ㄌㄧˋ-ㄧㄚˇ	希絲特莉亞	-6.17843815	acg
ㄒㄧ-ㄨㄟˊ-ㄓˋ-ㄒㄧㄢ-ㄕㄥ	希維治先生	-6.17843815	acg
ㄒㄧ-ㄌㄨㄛˊ-ㄎㄜˋ	希羅克	-7.04116568	acg
ㄒㄧ-ㄈㄨˊ	希芙	-7.17149945	acg
ㄒㄧ-ㄗ	希茲	-7.17149945	acg
ㄒㄧ-ㄗ-ㄎㄜˋ-ㄌㄧˋ-ㄈㄨ	希茲克利夫	-6.17843815	acg
ㄒㄧ-ㄨㄟˊ	希薇	-7.17149945	acg
ㄒㄧ-ㄅㄟˋ-ㄌㄚ	希貝拉	-7.04116568	acg
ㄒㄧ-ㄉㄧˊ-ㄇㄨˇ-ㄉㄜ˙-ㄒㄧㄤ-ㄗ˙	希迪姆的箱子	-5.74707439	acg
ㄒㄧ-ㄚ	希阿	-7.17149945	acg
ㄆㄚˋ-ㄧㄚˇ	帕亞	-7.17149945	acg
ㄆㄚˋ-ㄌㄨㄣˊ-ㄎㄚˇ-ㄐㄧㄝˊ-ㄙ	帕倫卡傑斯	-6.17843815	acg
ㄆㄚˋ-ㄑㄧㄝ	帕切	-7.17149945	acg
ㄆㄚˋ-ㄌㄧˋ-ㄕˋ-ㄊㄨㄥ	帕利士通	-6.60980192	acg
ㄆㄚˋ-ㄎㄚˇ	帕卡	-7.17149945	acg
ㄆㄚˋ-ㄎㄚˇ-ㄉㄨㄛ	帕卡多	-7.04116568	acg
ㄆㄚˋ-ㄎㄚˇ-ㄋㄧˊ-ㄧㄚˇ	帕卡尼亞	-6.60980192	acg
ㄆㄚˋ-ㄍㄨˇ-ㄌㄨㄛˋ	帕古洛	-7.04116568	acg
ㄆㄚˋ-ㄋㄧˊ-ㄋㄧㄤˊ	帕妮孃	-7.04116568	acg
ㄆㄚˋ-ㄋㄚˋ	帕娜	-7.17149945	acg
ㄆㄚˋ-ㄅㄨˋ-ㄐㄧㄣ	帕布津	-7.04116568	acg
ㄆㄚˋ-ㄆㄚˋ-ㄎㄜˋ	帕帕克	-7.04116568	acg
ㄆㄚˋ-ㄌㄚ-ㄉㄨˋ-ㄎㄜˋ-ㄙ	帕拉杜克斯	-6.17843815	acg
ㄆㄚˋ-ㄙ-ㄊㄜˋ	帕斯特	-7.04116568	acg
ㄆㄚˋ-ㄙ-ㄎㄜ	帕斯科	-7.04116568	acg
ㄆㄚˋ-ㄆㄨˇ-ㄊㄧˊ-ㄗ-ㄇㄨˇ	帕普提茲姆	-6.17843815	acg
ㄆㄚˋ-ㄆㄨˇ-ㄉㄨㄣˋ	帕普頓	-7.04116568	acg
ㄆㄚˋ-ㄅㄧˇ	帕比	-7.17149945	acg
ㄆㄚˋ-ㄈㄚˇ-ㄒㄧ	帕法西	-7.04116568	acg
ㄆㄚˋ-ㄌㄨㄛˋ-ㄨ	帕洛烏	-7.04116568	acg
ㄆㄚˋ-ㄦˇ-ㄉㄥ	帕爾登	-7.04116568	acg
ㄆㄚˋ-ㄊㄜˋ-ㄌㄚ-ㄙ	帕特拉斯	-6.60980192	acg
ㄆㄚˋ-ㄊㄜˋ-ㄙㄣ-ㄈㄨ-ㄖㄣˊ	帕特森夫人	-6.17843815	acg
ㄆㄚˋ-ㄑㄧˊ-ㄌㄚ	帕琦拉	-7.04116568	acg
ㄆㄚˋ-ㄨㄚˇ-ㄉㄜˊ	帕瓦德	-7.04116568	acg
ㄆㄚˋ-ㄌㄨˊ-ㄇㄨˇ-ㄓ-ㄕㄨˋ	帕盧姆之樹	-6.17843815	acg
ㄆㄚˋ-ㄎㄜ	帕科	-7.17149945	acg
ㄆㄚˋ-ㄋㄧㄡˇ-ㄦˇ	帕紐爾	-7.04116568	acg
ㄆㄚˋ-ㄨㄟˊ	帕維	-7.17149945	acg
ㄆㄚˋ-ㄨㄟˊ-ㄊㄜˋ	帕維特	-7.04116568	acg
ㄆㄚˋ-ㄨㄟˊ-ㄗ	帕維茲	-7.04116568	acg
ㄆㄚˋ-ㄗ	帕茲	-7.17149945	acg
ㄆㄚˋ-ㄙㄞˋ-ㄦˇ	帕賽爾	-7.04116568	acg
ㄆㄚˋ-ㄌㄨˇ-ㄇㄧˇ-ㄨㄤˊ-ㄍㄨㄛˊ	帕魯米王國	-6.17843815	acg
ㄆㄚˋ-ㄌㄨˇ-ㄋㄚˋ	帕魯納	-7.04116568	acg
ㄊㄧㄝˇ-ㄎㄚˇ	帖卡	-7.17149945	acg
ㄉㄧˋ-ㄈㄢˊ	帝凡	-7.17149945	acg
ㄉㄧˋ-ㄌㄧˋ-ㄇㄛˊ	帝厲魔	-7.04116568	acg
ㄉㄧˋ-ㄍㄨㄛˊ-ㄇㄚˇ-ㄒㄧˋ-ㄊㄨㄢˊ	帝國馬戲團	-6.17843815	acg
ㄉㄧˋ-ㄔㄚˊ-ㄎㄚˇ	帝查卡	-7.04116568	acg
ㄉㄧˋ-ㄔㄚˊ-ㄌㄚ	帝查拉	-7.04116568	acg
ㄉㄧˋ-ㄕ-ㄕㄡˋ	帝獅獸	-7.04116568	acg
ㄉㄧˋ-ㄨㄤˊ-ㄕˋ-ㄐㄧˋ	帝王世紀	-6.60980192	acg
ㄉㄧˋ-ㄨㄤˊ-ㄌㄧㄝˋ-ㄔㄜ	帝王列車	-6.60980192	acg
ㄉㄧˋ-ㄨㄤˊ-ㄅㄚ-ㄌㄨㄥˊ	帝王巴隆	-6.60980192	acg
ㄉㄧˋ-ㄧㄚˇ-ㄇㄢˋ-ㄊㄧㄝˇ	帝雅曼鐵	-6.60980192	acg
ㄕㄨㄞˋ-ㄍㄜ-ㄑㄩㄢˇ	帥哥犬	-7.04116568	acg
ㄒㄧˊ-ㄧㄚˇ	席亞	-7.17149945	acg
ㄒㄧˊ-ㄧㄚˇ-ㄐㄧㄣ-ㄅㄧˋ	席亞金幣	-6.60980192	acg
ㄒㄧˊ-ㄌㄨㄣˊ-ㄉㄧˋ-ㄙ	席倫蒂絲	-6.60980192	acg
ㄒㄧˊ-ㄌㄧˋ	席利	-7.17149945	acg
ㄒㄧˊ-ㄌㄜˋ-ㄈㄨ-ㄖㄣˊ	席勒夫人	-6.60980192	acg
ㄒㄧˊ-ㄉㄨㄛ	席多	-7.17149945	acg
ㄒㄧˊ-ㄋㄚˋ	席娜	-7.17149945	acg
ㄒㄧˊ-ㄣ	席恩	-7.17149945	acg
ㄒㄧˊ-ㄍㄜˊ-ㄉㄠ	席格刀	-7.04116568	acg
ㄒㄧˊ-ㄦˇ-ㄅㄚ-ㄙ	席爾巴斯	-6.60980192	acg
ㄒㄧˊ-ㄦˇ-ㄗ-ㄒㄧㄠˇ-ㄐㄧㄝˇ	席爾茲小姐	-6.17843815	acg
ㄒㄧˊ-ㄦˇ-ㄈㄟ-ㄋㄨˊ	席爾菲奴	-6.60980192	acg
ㄒㄧˊ-ㄋㄚˋ-ㄆㄨˇ-ㄙ	席納普斯	-6.60980192	acg
ㄒㄧˊ-ㄋㄧㄡˇ-ㄌㄜˋ	席紐勒	-7.04116568	acg
ㄒㄧˊ-ㄌㄨㄛˊ-ㄋㄧㄝˋ	席羅涅	-7.04116568	acg
ㄒㄧˊ-ㄧㄝˊ-ㄌㄚ	席耶拉	-7.04116568	acg
ㄒㄧˊ-ㄋㄨㄛˋ	席諾	-7.17149945	acg
ㄒㄧˊ-ㄌㄨˇ-ㄅㄚ	席魯巴	-7.04116568	acg
ㄉㄞˋ-ㄊㄨˇ	帶土	-7.17149945	acg
ㄔㄤˊ-ㄕㄡˇ-ㄓㄨ	常守朱	-7.04116568	acg
ㄔㄤˊ-ㄕㄡˇ-ㄎㄨㄟˊ	常守葵	-7.04116568	acg
ㄔㄤˊ-ㄆㄢˊ-ㄑㄧ-ㄒㄧㄤ	常盤七香	-6.60980192	acg
ㄔㄤˊ-ㄆㄢˊ-ㄒㄧㄣˋ-ㄧㄢˋ	常盤信彥	-6.60980192	acg
ㄔㄤˊ-ㄆㄢˊ-ㄌㄩˋ	常盤綠	-7.04116568	acg
ㄔㄤˊ-ㄆㄢˊ-ㄕˋ	常磐市	-7.04116568	acg
ㄔㄤˊ-ㄆㄢˊ-ㄙㄣ-ㄌㄧㄣˊ	常磐森林	-6.60980192	acg
ㄔㄤˊ-ㄆㄢˊ-ㄇㄟˇ-ㄒㄩˋ	常磐美緒	-6.60980192	acg
ㄇㄠˋ-ㄢ	帽鞍	-7.17149945	acg
ㄈㄢ-ㄓ-ㄍㄨˇ	幡之谷	-7.04116568	acg
ㄈㄢ-ㄓ-ㄍㄨˇ-ㄓㄢˋ-ㄑㄧㄢˊ-ㄉㄧㄢˋ	幡之谷站前店	-5.74707439	acg
ㄆㄧㄥˊ-ㄐㄧㄥˇ-ㄏㄨㄚ-ㄗˇ	平井花子	-6.60980192	acg
ㄆㄧㄥˊ-ㄎㄜˋ-ㄉㄨㄣˋ	平克頓	-7.04116568	acg
ㄆㄧㄥˊ-ㄈㄢˊ-ㄔㄨㄢˊ-ㄑㄧˊ	平凡傳奇	-6.60980192	acg
ㄆㄧㄥˊ-ㄅㄢˇ-ㄉㄠˋ-ㄈㄢˇ	平坂道反	-6.60980192	acg
ㄆㄧㄥˊ-ㄍㄤ-ㄉㄚˋ-ㄈㄨˇ	平岡大輔	-6.60980192	acg
ㄆㄧㄥˊ-ㄗㄜˊ-ㄧ-ㄔㄣˊ	平澤一臣	-6.60980192	acg
ㄆㄧㄥˊ-ㄗㄜˊ-ㄧˋ-ㄔㄣˊ	平澤一臣	-7.10980192	acg
ㄆㄧㄥˊ-ㄏㄜˋ-ㄌㄨㄣˊ-ㄗˇ	平賀倫子	-6.60980192	acg
ㄆㄧㄥˊ-ㄧㄝˇ-ㄐㄧㄢˋ-ㄊㄞˋ	平野健太	-6.60980192	acg
ㄆㄧㄥˊ-ㄇㄧㄢˋ-ㄓㄢˇ	平面斬	-7.04116568	acg
ㄋㄧㄢˊ-ㄑㄧㄥ-ㄔㄠˊ-ㄌㄧㄡˊ-ㄗㄨˇ-ㄏㄜˊ	年輕潮流組合	-5.74707439	acg
ㄒㄧㄥˋ-ㄕˋ	幸市	-7.17149945	acg
ㄒㄧㄥˋ-ㄈㄨˊ-ㄐㄧㄥ-ㄌㄧㄥˊ	幸福精靈	-6.60980192	acg
ㄒㄧㄥˋ-ㄩㄣˋ-ㄋㄩˇ-ㄕㄣˊ	幸運女神	-6.60980192	acg
ㄒㄧㄥˋ-ㄩㄣˋ-ㄅㄠˇ-ㄕˊ	幸運寶石	-6.60980192	acg
ㄒㄧㄥˋ-ㄩㄣˋ-ㄘㄠˇ-ㄓ-ㄑㄧㄤˊ	幸運草之牆	-6.17843815	acg
ㄒㄧㄥˋ-ㄩㄣˋ-ㄘㄠˇ-ㄑㄧˋ-ㄑㄧㄡˊ	幸運草氣球	-6.17843815	acg
ㄒㄧㄥˋ-ㄩㄣˋ-ㄔㄠ-ㄖㄣˊ	幸運超人	-6.60980192	acg
ㄏㄨㄢˋ-ㄒㄧㄥˊ-ㄋㄩˇ-ㄨㄤˊ	幻形女王	-6.60980192	acg
ㄏㄨㄢˋ-ㄒㄧㄥˊ-ㄏㄠˇ-ㄧㄡˇ	幻形好友	-6.60980192	acg
ㄏㄨㄢˋ-ㄒㄧㄥˊ-ㄗㄨˊ-ㄉㄜ˙-ㄈㄢˇ-ㄐㄧˊ	幻形族的反擊	-5.74707439	acg
ㄏㄨㄢˋ-ㄧㄥˇ-ㄧㄚˇ-ㄍㄜˊ	幻影亞格	-6.60980192	acg
ㄏㄨㄢˋ-ㄧㄥˇ-ㄒㄧㄚˊ-ㄉㄠˋ	幻影俠盜	-6.60980192	acg
ㄏㄨㄢˋ-ㄧㄥˇ-ㄍㄨㄤ-ㄓ-ㄇㄟˇ-ㄕㄠˋ-ㄋㄩˇ	幻影光之美少女	-5.74707439	acg
ㄏㄨㄢˋ-ㄧㄥˇ-ㄧㄡ-ㄌㄧㄥˊ-ㄒㄧㄥˊ	幻影幽靈型	-6.17843815	acg
ㄏㄨㄢˋ-ㄧㄥˇ-ㄕㄚ-ㄕㄡˇ	幻影殺手	-6.60980192	acg
ㄏㄨㄢˋ-ㄧㄥˇ-ㄉㄜ˙-ㄓㄨㄟ-ㄓㄨˊ	幻影的追逐	-6.17843815	acg
ㄏㄨㄢˋ-ㄧㄥˇ-ㄗˇ-ㄍㄨㄤ-ㄇㄛˊ-ㄌㄨㄥˊ	幻影紫光魔龍	-5.74707439	acg
ㄏㄨㄢˋ-ㄧㄥˇ-ㄏㄨ-ㄑㄧㄢˊ-ㄌㄩㄝˋ-ㄉㄨㄛˊ-ㄓㄜˇ	幻影虎鉗掠奪者	-5.74707439	acg
ㄏㄨㄢˋ-ㄧㄥˇ-ㄒㄧㄝˇ-ㄇㄞˋ	幻影血脈	-6.60980192	acg
ㄏㄨㄢˋ-ㄧㄥˇ-ㄐㄧㄚ-ㄠˋ-ㄐㄧㄚ-ㄕㄡˋ	幻影迦奧迦獸	-5.74707439	acg
ㄏㄨㄢˋ-ㄧㄥˇ-ㄕㄨㄤ-ㄧˋ	幻影雙翼	-6.60980192	acg
ㄏㄨㄢˋ-ㄒㄧㄤˇ-ㄒㄧㄚˋ-ㄊㄧㄢ	幻想夏天	-6.60980192	acg
ㄏㄨㄢˋ-ㄔㄥˊ-ㄎㄨㄥ	幻成空	-7.04116568	acg
ㄏㄨㄢˋ-ㄓˋ-ㄓ-ㄨˇ	幻智之舞	-6.60980192	acg
ㄏㄨㄢˋ-ㄕㄡˋ-ㄕ	幻獸師	-7.04116568	acg
ㄏㄨㄢˋ-ㄊㄨㄥˋ	幻痛	-7.17149945	acg
ㄏㄨㄢˋ-ㄌㄨㄥˊ-ㄐㄧㄢˋ-ㄓ-ㄏㄨㄟˊ-ㄒㄩㄢˊ-ㄑㄩˇ	幻矓劍之迴旋曲	-5.74707439	acg
ㄏㄨㄢˋ-ㄨˇ	幻舞	-7.17149945	acg
ㄏㄨㄢˋ-ㄇㄥˊ-ㄨㄤˇ-ㄌㄨㄛˋ	幻萌網絡	-6.60980192	acg
ㄏㄨㄢˋ-ㄕˋ-ㄖㄣˋ-ㄨˋ	幻視任務	-6.60980192	acg
ㄏㄨㄢˋ-ㄐㄩㄝˊ-ㄌㄠˇ-ㄕ	幻覺老師	-6.60980192	acg
ㄏㄨㄢˋ-ㄒㄧㄤˋ-ㄏㄨㄚˋ-ㄌㄧˋ-ㄗˇ	幻象化粒子	-6.17843815	acg
ㄏㄨㄢˋ-ㄒㄧㄤˋ-ㄓㄢˋ-ㄕㄣˊ	幻象戰神	-6.60980192	acg
ㄏㄨㄢˋ-ㄒㄧㄤˋ-ㄏㄠˋ	幻象號	-7.04116568	acg
ㄏㄨㄢˋ-ㄇㄛˊ-ㄍㄤ-ㄉㄢˋ	幻魔鋼彈	-6.60980192	acg
ㄧㄡˋ-ㄕ-ㄕㄡˋ	幼獅獸	-7.04116568	acg
ㄧㄡ-ㄇㄧㄥˊ-ㄅㄠˋ-ㄐㄩㄣ	幽冥暴君	-6.60980192	acg
ㄧㄡ-ㄍㄨㄞˋ-ㄖㄨˋ-ㄑㄧㄣ	幽怪入侵	-6.60980192	acg
ㄧㄡ-ㄈㄨˊ-ㄅㄠˇ-ㄅㄟˋ	幽浮寶貝	-6.60980192	acg
ㄧㄡ-ㄋㄥˊ-ㄌㄧˊ-ㄗˇ-ㄑㄧㄤ	幽能離子槍	-6.17843815	acg
ㄧㄡ-ㄗ-ㄏㄞˇ-ㄇㄨˇ	幽茲海姆	-6.60980192	acg
ㄧㄡ-ㄌㄧㄥˊ-ㄓ-ㄌㄟˋ	幽靈之淚	-6.60980192	acg
ㄧㄡ-ㄌㄧㄥˊ-ㄊㄜˋ-ㄨˋ	幽靈特務	-6.60980192	acg
ㄧㄡ-ㄌㄧㄥˊ-ㄊㄜˋ-ㄨˋ-ㄒㄩㄝˊ-ㄩㄢˋ	幽靈特務學院	-5.74707439	acg
ㄧㄡ-ㄌㄧㄥˊ-ㄕㄡˋ	幽靈獸	-7.04116568	acg
ㄐㄧˇ-ㄩㄢˊ-ㄇㄥˋ	幾原夢	-7.04116568	acg
ㄒㄩˋ-ㄌㄧㄝˋ-ㄓㄥ-ㄓㄢˋ	序列爭戰	-6.60980192	acg
ㄉㄨˋ-ㄐㄧㄚˋ-ㄙˋ-ㄐㄧˋ	度假四季	-6.60980192	acg
ㄉㄨˋ-ㄐㄧㄚˋ-ㄊㄧㄢ-ㄊㄤˊ	度假天堂	-6.60980192	acg
ㄗㄨㄛˋ-ㄊㄧㄢ-ㄕˇ-ㄍㄤ-ㄉㄢˋ	座天使鋼彈	-6.17843815	acg
ㄗㄨㄛˋ-ㄊㄧㄢ-ㄕˇ-ㄍㄤ-ㄉㄢˋ-ㄧ-ㄒㄧㄥˊ	座天使鋼彈一型	-5.74707439	acg
ㄗㄨㄛˋ-ㄊㄧㄢ-ㄕˇ-ㄍㄤ-ㄉㄢˋ-ㄧˋ-ㄒㄧㄥˊ	座天使鋼彈一型	-6.24707439	acg
ㄗㄨㄛˋ-ㄊㄧㄢ-ㄕˇ-ㄍㄤ-ㄉㄢˋ-ㄙㄢ-ㄒㄧㄥˊ	座天使鋼彈三型	-5.74707439	acg
ㄗㄨㄛˋ-ㄊㄧㄢ-ㄕˇ-ㄍㄤ-ㄉㄢˋ-ㄦˋ-ㄒㄧㄥˊ	座天使鋼彈二型	-5.74707439	acg
ㄗㄨㄛˋ-ㄊㄧㄢ-ㄕˇ-ㄍㄤ-ㄉㄢˋ-ㄐㄧㄢ-ㄅㄧㄥ	座天使鋼彈尖兵	-5.74707439	acg
ㄗㄨㄛˋ-ㄐㄧㄢ-ㄐㄧㄣˇ	座間堇	-7.04116568	acg
ㄎㄨˋ-ㄌㄨㄣˊ-ㄏㄠˋ	庫倫號	-7.04116568	acg
ㄎㄨˋ-ㄎㄜˋ-ㄌㄨㄛˊ-ㄙ	庫克羅斯	-6.60980192	acg
ㄎㄨˋ-ㄌㄧˋ-ㄎㄞˇ	庫力凱	-7.04116568	acg
ㄎㄨˋ-ㄐㄧㄚ	庫加	-7.17149945	acg
ㄎㄨˋ-ㄎㄚˇ	庫卡	-7.17149945	acg
ㄎㄨˋ-ㄎㄜˇ-ㄨㄟˊ-ㄉㄚˊ	庫可薇達	-6.60980192	acg
ㄎㄨˋ-ㄅㄧˋ	庫嗶	-7.17149945	acg
ㄎㄨˋ-ㄊㄢˇ-ㄘㄢ-ㄒㄧㄥˊ	庫坦參型	-6.60980192	acg
ㄎㄨˋ-ㄊㄢˇ-ㄧ-ㄒㄧㄥˊ	庫坦壹型	-6.60980192	acg
ㄎㄨˋ-ㄙㄞ	庫塞	-7.17149945	acg
ㄎㄨˋ-ㄒㄧㄚˋ-ㄋㄚˋ	庫夏娜	-7.04116568	acg
ㄎㄨˋ-ㄑㄧˋ-ㄦˇ	庫契爾	-7.04116568	acg
ㄎㄨˋ-ㄠˋ-ㄌㄨˇ	庫奧魯	-7.04116568	acg
ㄎㄨˋ-ㄕㄢ	庫山	-7.17149945	acg
ㄎㄨˋ-ㄉㄜˊ-ㄌㄧˋ-ㄧㄚˇ	庫德莉雅	-6.60980192	acg
ㄎㄨˋ-ㄌㄚ	庫拉	-7.17149945	acg
ㄎㄨˋ-ㄌㄚ-ㄉㄨㄛ-ㄋㄧˊ	庫拉多尼	-6.60980192	acg
ㄎㄨˋ-ㄌㄚ-ㄌㄚ	庫拉拉	-7.04116568	acg
ㄎㄨˋ-ㄌㄚ-ㄌㄧˋ-ㄧㄚˇ	庫拉莉亞	-6.60980192	acg
ㄎㄨˋ-ㄅㄛˊ	庫柏	-7.17149945	acg
ㄎㄨˋ-ㄍㄜˊ-ㄦˇ	庫格爾	-7.04116568	acg
ㄎㄨˋ-ㄡ-ㄙ	庫歐斯	-7.04116568	acg
ㄎㄨˋ-ㄌㄨㄛˋ-ㄇㄨˇ	庫洛姆	-7.04116568	acg
ㄎㄨˋ-ㄌㄨㄛˋ-ㄌㄨㄛˋ	庫洛洛	-7.04116568	acg
ㄎㄨˋ-ㄌㄨㄛˋ-ㄊㄜˋ	庫洛特	-7.04116568	acg
ㄎㄨˋ-ㄌㄨㄛˋ-ㄞˋ	庫洛艾	-7.04116568	acg
ㄎㄨˋ-ㄦˇ-ㄎㄜˋ-ㄌㄜˋ	庫爾克勒	-6.60980192	acg
ㄎㄨˋ-ㄦˇ-ㄐㄧˊ-ㄙ	庫爾吉斯	-6.60980192	acg
ㄎㄨˋ-ㄦˇ-ㄐㄧㄚ	庫爾迦	-7.04116568	acg
ㄎㄨˋ-ㄦˇ-ㄉㄧˊ-ㄎㄜˋ	庫爾迪克	-6.60980192	acg
ㄎㄨˋ-ㄊㄜˋ	庫特	-7.17149945	acg
ㄎㄨˋ-ㄊㄜˋ-ㄦˇ	庫特爾	-7.04116568	acg
ㄎㄨˋ-ㄖㄨㄟˋ	庫瑞	-7.17149945	acg
ㄎㄨˋ-ㄨㄚˇ-ㄎㄜˋ	庫瓦克	-7.04116568	acg
ㄎㄨˋ-ㄌㄨㄛˊ-ㄞ	庫羅埃	-7.04116568	acg
ㄎㄨˋ-ㄌㄨㄛˊ-ㄋㄨㄛˋ-ㄎㄜˋ	庫羅諾克	-6.60980192	acg
ㄎㄨˋ-ㄗㄢˋ	庫贊	-7.17149945	acg
ㄎㄨˋ-ㄌㄨˋ-ㄏㄜˋ-ㄦˇ	庫路赫爾	-6.60980192	acg
ㄎㄨˋ-ㄉㄚˊ-ㄦˇ	庫達爾	-7.04116568	acg
ㄎㄨˋ-ㄌㄟˊ-ㄗ	庫雷茲	-7.04116568	acg
ㄎㄨˋ-ㄇㄚˇ-ㄒㄧ	庫馬希	-7.04116568	acg
ㄎㄨˋ-ㄌㄨˇ-ㄍㄜˊ	庫魯格	-7.04116568	acg
ㄎㄤ-ㄇㄨˇ-ㄉㄧˊ-ㄊㄜˋ	康姆迪特	-6.60980192	acg
ㄎㄤ-ㄋㄧㄥˊ-ㄏㄢˋ	康寧漢	-7.04116568	acg
ㄎㄤ-ㄅㄨˋ-ㄈㄟ-ㄦˇ	康布菲爾	-6.60980192	acg
ㄎㄤ-ㄙ-ㄊㄢˇ-ㄙ	康斯坦斯	-6.60980192	acg
ㄎㄤ-ㄇㄢˋ	康曼	-7.17149945	acg
ㄎㄤ-ㄍㄜˊ	康格	-7.17149945	acg
ㄎㄤ-ㄌㄨㄛˋ-ㄧ	康洛依	-7.04116568	acg
ㄎㄤ-ㄋㄧㄝˋ	康涅	-7.17149945	acg
ㄎㄤ-ㄊㄜˋ-ㄣ	康特恩	-7.04116568	acg
ㄎㄤ-ㄋㄚˋ	康納	-7.17149945	acg
ㄎㄤ-ㄉㄧˋ	康蒂	-7.17149945	acg
ㄎㄤ-ㄙㄞˋ-ㄦˇ	康賽爾	-7.04116568	acg
ㄎㄤ-ㄉㄚˊ-ㄇㄨˇ-ㄐㄧ-ㄑㄧˋ-ㄖㄣˊ	康達姆機器人	-5.74707439	acg
ㄩㄥ-ㄗˇ	庸子	-7.17149945	acg
ㄒㄧㄚˋ-ㄇㄣˊ-ㄐㄧˊ-ㄅㄧˇ-ㄊㄜˋ	廈門吉比特	-6.17843815	acg
ㄔㄨˊ-ㄕ-ㄔㄨㄢ-ㄑㄧˊ	廚師川崎	-6.60980192	acg
ㄔㄨˊ-ㄕ-ㄕㄡˋ	廚師獸	-7.04116568	acg
ㄔㄨˊ-ㄩˋ-ㄇㄟˇ-ㄒㄩㄝˊ-ㄗㄨˇ-ㄏㄜˊ	廚浴美學組合	-5.74707439	acg
ㄔㄨˊ-ㄧˋ-ㄉㄚˋ-ㄙㄞˋ	廚藝大賽	-6.60980192	acg
ㄈㄟˋ-ㄆㄧㄣˇ-ㄕㄡˋ	廢品獸	-7.04116568	acg
ㄈㄟˋ-ㄒㄧㄠˋ-ㄉㄨㄟˋ-ㄘㄜˋ-ㄨㄟˇ-ㄩㄢˊ-ㄏㄨㄟˋ	廢校對策委員會	-5.74707439	acg
ㄈㄟˋ-ㄑㄧˋ-ㄍㄨㄥ-ㄔㄤˇ	廢棄工廠	-6.60980192	acg
ㄈㄟˋ-ㄑㄧˋ-ㄎㄨㄤˋ-ㄎㄥ	廢棄礦坑	-6.60980192	acg
ㄈㄟˋ-ㄑㄧˋ-ㄧㄝˇ-ㄉㄧˋ	廢棄野地	-6.60980192	acg
ㄈㄟˋ-ㄨˋ-ㄕㄡˋ	廢物獸	-7.04116568	acg
ㄍㄨㄤˇ-ㄍㄠˋ-ㄇㄧㄥˊ-ㄒㄧㄥ	廣告明星	-6.60980192	acg
ㄍㄨㄤˇ-ㄌㄞˋ-ㄑㄧˇ-ㄧㄡˋ	廣瀨啓祐	-6.60980192	acg
ㄍㄨㄤˇ-ㄊㄧㄢˊ-ㄎㄨㄥ	廣田空	-7.04116568	acg
ㄊㄧㄥˊ-ㄎㄨˋ	廷庫	-7.17149945	acg
ㄐㄧㄢˋ-ㄐㄧ-ㄕㄡˋ	建機獸	-7.04116568	acg
ㄋㄧㄢˋ-ㄌㄧㄡˋ-ㄇㄨˋ-ㄊㄧㄢ-ㄇㄚˇ	廿六木天馬	-6.17843815	acg
ㄅㄧㄢˋ-ㄘㄞˊ-ㄧㄡˇ-ㄘˋ-ㄌㄤˊ	弁財酉次郎	-6.17843815	acg
ㄋㄨㄥˋ-ㄉㄧㄡ-ㄇㄧㄥˊ-ㄆㄞˊ	弄丟名牌	-6.60980192	acg
ㄧˋ-ㄊㄜˋ-ㄌㄨㄛˊ	弋特羅	-7.04116568	acg
ㄕˋ-ㄕㄣˊ-ㄊㄢˊ	弒神彈	-7.04116568	acg
ㄕˋ-ㄕㄣˊ-ㄓㄜˇ	弒神者	-7.04116568	acg
ㄍㄨㄥ-ㄅㄧㄥ-ㄒㄧㄥˊ	弓兵型	-7.04116568	acg
ㄍㄨㄥ-ㄐㄧㄢˋ-ㄕㄡˇ-ㄘㄨㄣ	弓箭手村	-6.60980192	acg
ㄧㄣˇ-ㄇㄥˋ-ㄇㄛˋ-ㄖㄣˊ	引夢貘人	-6.60980192	acg
ㄧㄣˇ-ㄅㄠˋ-ㄅㄛˊ-ㄨˋ-ㄍㄨㄢˇ	引爆博物館	-6.17843815	acg
ㄧㄣˇ-ㄅㄠˋ-ㄓㄣˋ-ㄏㄢˋ	引爆震撼	-6.60980192	acg
ㄈㄨˊ-ㄎㄜˋ-ㄒㄧ	弗克西	-7.04116568	acg
ㄈㄨˊ-ㄌㄧˋ-ㄍㄣ	弗利根	-7.04116568	acg
ㄈㄨˊ-ㄌㄧˋ-ㄡ	弗利歐	-7.04116568	acg
ㄈㄨˊ-ㄌㄧˋ-ㄡ-ㄋㄧˊ-ㄦˇ	弗利歐尼爾	-6.17843815	acg
ㄈㄨˊ-ㄌㄧˋ-ㄕㄚ	弗利沙	-7.04116568	acg
ㄈㄨˊ-ㄌㄧˋ-ㄙㄚˋ	弗利薩	-7.04116568	acg
ㄈㄨˊ-ㄌㄧˋ-ㄅㄟˋ-ㄦˇ	弗力貝爾	-6.60980192	acg
ㄈㄨˊ-ㄌㄜˋ	弗勒	-7.17149945	acg
ㄈㄨˊ-ㄕˇ-ㄊㄚˇ-ㄙ	弗史塔斯	-6.60980192	acg
ㄈㄨˊ-ㄉㄜˊ-ㄓ-ㄌㄧˊ-ㄇㄧㄥˊ	弗德之黎明	-6.17843815	acg
ㄈㄨˊ-ㄌㄚ-ㄉㄜˊ-ㄓ-ㄨㄤˊ	弗拉德之王	-6.17843815	acg
ㄈㄨˊ-ㄌㄚ-ㄊㄜˋ	弗拉特	-7.04116568	acg
ㄈㄨˊ-ㄌㄚ-ㄋㄚˋ-ㄍㄤ	弗拉納岡	-6.60980192	acg
ㄈㄨˊ-ㄌㄚ-ㄋㄚˋ-ㄍㄤ-ㄐㄧ-ㄍㄨㄢ	弗拉納岡機關	-5.74707439	acg
ㄈㄨˊ-ㄌㄚ-ㄉㄧˊ-ㄇㄧˇ-ㄦˇ	弗拉迪米爾	-6.17843815	acg
ㄈㄨˊ-ㄌㄚ-ㄉㄚˊ-ㄌㄧˋ	弗拉達利	-6.60980192	acg
ㄈㄨˊ-ㄌㄤˇ-ㄐㄧ	弗朗基	-7.04116568	acg
ㄈㄨˊ-ㄌㄤˇ-ㄒㄧ-ㄙ-ㄎㄜ	弗朗西斯科	-6.17843815	acg
ㄈㄨˊ-ㄌㄨㄛˋ-ㄧ	弗洛伊	-7.04116568	acg
ㄈㄨˊ-ㄌㄨㄛˋ-ㄎㄜˋ	弗洛克	-7.04116568	acg
ㄈㄨˊ-ㄌㄨㄛˋ-ㄙ-ㄊㄜˋ	弗洛斯特	-6.60980192	acg
ㄈㄨˊ-ㄌㄨㄛˋ-ㄗ	弗洛茲	-7.04116568	acg
ㄈㄨˊ-ㄌㄧㄡˊ	弗琉	-7.17149945	acg
ㄈㄨˊ-ㄖㄨㄟˋ-ㄉㄧˊ	弗瑞迪	-7.04116568	acg
ㄈㄨˊ-ㄌㄨㄛˊ-ㄌㄧˋ-ㄢ	弗羅利安	-6.60980192	acg
ㄈㄨˊ-ㄌㄞˊ-ㄊㄜˋ	弗萊特	-7.04116568	acg
ㄈㄨˊ-ㄌㄟˇ-ㄧㄚˇ	弗蕾亞	-7.04116568	acg
ㄈㄨˊ-ㄌㄢˊ	弗蘭	-7.17149945	acg
ㄈㄨˊ-ㄌㄢˊ-ㄆㄛ-ㄨㄚˇ	弗蘭波瓦	-6.60980192	acg
ㄈㄨˊ-ㄌㄟˊ-ㄔㄚˊ	弗雷查	-7.04116568	acg
ㄈㄨˊ-ㄌㄟˊ-ㄍㄜˊ-ㄦˇ	弗雷格爾	-6.60980192	acg
ㄈㄨˊ-ㄌㄟˊ-ㄦˇ-ㄓㄨㄛˊ-ㄉㄜˊ	弗雷爾卓德	-6.17843815	acg
ㄏㄨˊ-ㄕˇ-ㄧ-ㄑㄧㄝˊ-ㄇㄚˇ-ㄕㄡˋ	弧矢一伽馬獸	-5.74707439	acg
ㄏㄨˊ-ㄕˇ-ㄧˋ-ㄑㄧㄝˊ-ㄇㄚˇ-ㄕㄡˋ	弧矢一伽馬獸	-6.24707439	acg
ㄋㄨˇ-ㄍㄨㄥ-ㄕㄡˇ	弩弓手	-7.04116568	acg
ㄖㄨㄛˋ-ㄐㄧㄠˇ-ㄧㄡˇ-ㄑㄧˊ-ㄊㄨㄥˊ-ㄒㄩㄝˊ	弱角友崎同學	-5.74707439	acg
ㄖㄨㄛˋ-ㄉㄧㄢˇ-ㄓㄣ-ㄘㄜˋ	弱點偵測	-6.60980192	acg
ㄖㄨㄛˋ-ㄉㄧㄢˇ-ㄈㄣ-ㄒㄧ-ㄑㄧˋ	弱點分析器	-6.17843815	acg
ㄓㄤ-ㄖㄨㄟˋ-ㄑㄧㄡ	張瑞秋	-7.04116568	acg
ㄓㄤ-ㄌㄧˊ	張麗	-7.17149945	acg
ㄑㄧㄤˊ-ㄏㄨㄚˋ-ㄖㄣˊ-ㄕˋ	強化人士	-6.60980192	acg
ㄑㄧㄤˊ-ㄏㄨㄚˋ-ㄘㄞˇ-ㄐㄧˊ-ㄉㄠˋ-ㄐㄩˋ	強化採集道具	-5.74707439	acg
ㄑㄧㄤˊ-ㄏㄨㄚˋ-ㄒㄧˋ	強化系	-7.04116568	acg
ㄑㄧㄤˊ-ㄏㄨㄚˋ-ㄐㄧㄠ-ㄋㄤˊ	強化膠囊	-6.60980192	acg
ㄑㄧㄤˊ-ㄏㄨㄚˋ-ㄊㄧˇ-ㄆㄛˋ	強化體魄	-6.60980192	acg
ㄑㄧㄤˊ-ㄉㄚˋ-ㄐㄧㄣ-ㄍㄤ	強大金剛	-6.60980192	acg
ㄑㄧㄤˊ-ㄆㄚˋ-ㄦˇ	強帕爾	-7.04116568	acg
ㄑㄧㄤˊ-ㄆㄨˇ	強普	-7.17149945	acg
ㄑㄧㄤˊ-ㄅㄤˋ-ㄧㄣ-ㄙㄨˋ	強棒音速	-6.60980192	acg
ㄑㄧㄤˊ-ㄋㄚˋ-ㄙㄣ	強納森	-7.04116568	acg
ㄑㄧㄤˊ-ㄒㄧˊ-ㄕㄜˋ-ㄇㄣˊ	強襲射門	-6.60980192	acg
ㄑㄧㄤˊ-ㄒㄧˊ-ㄏㄤˊ-ㄎㄨㄥ-ㄐㄧㄢˋ	強襲航空艦	-6.17843815	acg
ㄑㄧㄤˊ-ㄒㄧˊ-ㄓㄨㄤ-ㄗㄞˋ-ㄩㄣˋ-ㄕㄨ-ㄐㄧ	強襲裝載運輸機	-5.74707439	acg
ㄑㄧㄤˊ-ㄅㄚˋ-ㄅㄛˊ-ㄕˋ-ㄓㄨㄛˊ-ㄑㄧˊ-ㄅㄚˋ	強霸博士卓奇霸	-5.74707439	acg
ㄊㄢˊ-ㄌㄧˋ-ㄋㄩˇ-ㄔㄠ-ㄖㄣˊ	彈力女超人	-6.17843815	acg
ㄊㄢˊ-ㄒㄧㄚˊ-ㄉㄞˋ	彈匣袋	-7.04116568	acg
ㄊㄢˊ-ㄒㄧㄥˋ-ㄐㄧ-ㄈㄣ	彈性積分	-6.60980192	acg
ㄊㄢˊ-ㄓˇ-ㄕˋ-ㄐㄧㄢˋ	彈指事件	-6.60980192	acg
ㄊㄢˊ-ㄓㄥˋ	彈正	-7.17149945	acg
ㄊㄢˊ-ㄐㄩㄝˊ	彈爵	-7.17149945	acg
ㄊㄢˊ-ㄏㄨㄤˊ-ㄍㄡˇ	彈簧狗	-7.04116568	acg
ㄇㄧˊ-ㄊㄨㄛ	彌托	-7.17149945	acg
ㄇㄧˊ-ㄋㄧㄝˋ-ㄦˊ-ㄨㄚˊ	彌涅兒娃	-6.60980192	acg
ㄇㄧˊ-ㄒㄧㄤ	彌香	-7.17149945	acg
ㄇㄧˊ-ㄇㄞˋ-ㄣ	彌麥恩	-7.04116568	acg
ㄏㄨㄟˋ-ㄒㄧㄥ-ㄕㄡˋ	彗星獸	-7.04116568	acg
ㄏㄨㄟˋ-ㄒㄧㄥ-ㄗㄡˇ-ㄈㄚˇ	彗星走法	-6.60980192	acg
ㄘㄞˇ-ㄋㄞˋ-ㄒㄧㄠˇ-ㄅㄧㄢ	彩奈小編	-6.60980192	acg
ㄘㄞˇ-ㄐㄧㄥˇ	彩暻	-7.17149945	acg
ㄘㄞˇ-ㄏㄞˇ	彩海	-7.17149945	acg
ㄘㄞˇ-ㄌㄞˋ-ㄇㄧㄥˊ	彩瀨鳴	-7.04116568	acg
ㄘㄞˇ-ㄏㄨㄥˊ-ㄑㄧˊ-ㄏㄨㄢˋ-ㄍㄨㄥˇ-ㄇㄣˊ	彩虹奇幻拱門	-5.74707439	acg
ㄘㄞˇ-ㄏㄨㄥˊ-ㄒㄧㄠˇ-ㄇㄚˇ-ㄉㄚˋ-ㄉㄧㄢˋ-ㄧㄥˇ	彩虹小馬大電影	-5.74707439	acg
ㄘㄞˇ-ㄏㄨㄥˊ-ㄕˋ	彩虹市	-7.04116568	acg
ㄘㄞˇ-ㄏㄨㄥˊ-ㄧㄠˊ-ㄍㄨㄣˇ	彩虹搖滾	-6.60980192	acg
ㄘㄞˇ-ㄏㄨㄥˊ-ㄏㄨㄥˊ-ㄍㄨㄤ-ㄏㄠˋ	彩虹紅光號	-6.17843815	acg
ㄘㄞˇ-ㄏㄨㄥˊ-ㄨˇ-ㄊㄞˊ	彩虹舞台	-6.60980192	acg
ㄘㄞˇ-ㄏㄨㄥˊ-ㄌㄢˊ-ㄍㄨㄤ-ㄏㄠˋ	彩虹藍光號	-6.17843815	acg
ㄘㄞˇ-ㄏㄨㄥˊ-ㄧㄣ-ㄅㄠˋ	彩虹音爆	-6.60980192	acg
ㄘㄞˇ-ㄩㄣˊ-ㄒㄧㄢ-ㄗˇ	彩雲仙子	-6.60980192	acg
ㄘㄞˇ-ㄇㄧㄢˋ-ㄊㄧㄢ-ㄋㄩˇ	彩面天女	-6.60980192	acg
ㄆㄥˊ-ㄍㄜ-ㄌㄧㄝˋ	彭哥列	-7.04116568	acg
ㄆㄥˊ-ㄉㄜˊ	彭德	-7.17149945	acg
ㄆㄥˊ-ㄉㄜˊ-ㄇㄢˋ	彭德曼	-7.04116568	acg
ㄆㄥˊ-ㄇㄟˊ-ㄒㄧ	彭梅西	-7.04116568	acg
ㄆㄥˊ-ㄙ	彭絲	-7.17149945	acg
ㄧㄥˇ-ㄉㄨㄛ	影多	-7.17149945	acg
ㄧㄥˇ-ㄗ˙-ㄌㄢˊ-ㄑㄧㄡˊ-ㄩㄢˊ	影子籃球員	-6.17843815	acg
ㄧㄥˇ-ㄗ˙-ㄈㄟ-ㄅㄧㄠ	影子飛鏢	-6.60980192	acg
ㄧㄥˇ-ㄆㄧㄥˊ-ㄌㄨˋ-ㄧˋ	影平路易	-6.60980192	acg
ㄧㄥˇ-ㄖㄣˇ	影忍	-7.17149945	acg
ㄧㄥˇ-ㄖㄣˇ-ㄓˋ-ㄗㄨㄣ	影忍至尊	-6.60980192	acg
ㄧㄥˇ-ㄍㄜˊ-ㄌㄩˋ	影格率	-7.04116568	acg
ㄧㄥˇ-ㄙㄣ-ㄑㄧㄢ-ㄉㄨㄥ	影森千冬	-6.60980192	acg
ㄧㄥˇ-ㄙㄣ-ㄇㄢˇ	影森滿	-7.04116568	acg
ㄧㄥˇ-ㄙㄣ-ㄇㄟˇ-ㄑㄧㄥˊ	影森美晴	-6.60980192	acg
ㄧㄥˇ-ㄆㄢ	影潘	-7.17149945	acg
ㄧㄥˇ-ㄆㄢ-ㄓ-ㄒㄧˊ	影潘之襲	-6.60980192	acg
ㄧㄥˇ-ㄆㄢ-ㄙㄥ-ㄩㄢˋ	影潘僧院	-6.60980192	acg
ㄧㄥˇ-ㄨˊ	影無	-7.17149945	acg
ㄧㄥˇ-ㄆㄧㄢˋ-ㄕㄡˋ	影片獸	-7.04116568	acg
ㄧㄥˇ-ㄧㄣ-ㄔㄨㄢˋ-ㄌㄧㄡˊ	影音串流	-6.60980192	acg
ㄧˋ-ㄓ-ㄒㄧㄥˊ-ㄓㄜˇ	役之行者	-6.60980192	acg
ㄅㄧˇ-ㄍㄨˇ-ㄇㄢˋ	彼古曼	-7.04116568	acg
ㄅㄧˇ-ㄍㄨˇ-ㄇㄢˋ-ㄗˇ-ㄐㄩㄝˊ	彼古曼子爵	-6.17843815	acg
ㄅㄧˇ-ㄢˋ-ㄧㄡˊ-ㄐㄧㄥˋ	彼岸遊境	-6.60980192	acg
ㄅㄧˇ-ㄈㄤ-ㄨㄤˊ-ㄗˇ	彼方王子	-6.60980192	acg
ㄅㄧˇ-ㄊㄜˋ	彼特	-7.17149945	acg
ㄓㄥ-ㄈㄨˊ-ㄙˋ-ㄏㄞˇ	征服四海	-6.60980192	acg
ㄓㄥ-ㄈㄨˊ-ㄉㄧˋ-ㄉㄧˇ-ㄔㄥˊ	征服地底城	-6.17843815	acg
ㄓㄥ-ㄈㄨˊ-ㄒㄧㄥ-ㄏㄞˇ	征服星海	-6.60980192	acg
ㄓㄥ-ㄌㄨˋ-ㄓˋ-ㄐㄧˇ	征陸智己	-6.60980192	acg
ㄉㄞˋ-ㄐㄧㄚˋ-ㄒㄧㄣ-ㄋㄧㄤˊ-ㄐㄩㄣ-ㄊㄨㄢˊ	待嫁新娘軍團	-5.74707439	acg
ㄌㄩˋ-ㄕ-ㄋㄩˇ-ㄏㄠˋ-ㄎㄜˋ	律師女浩克	-6.17843815	acg
ㄏㄡˋ-ㄑㄧㄣˊ-ㄐㄩˊ-ㄐㄩˊ-ㄓㄤˇ	後勤局局長	-6.17843815	acg
ㄏㄡˋ-ㄗㄜˊ-ㄖㄨㄟˋ-ㄦˋ	後澤銳二	-6.60980192	acg
ㄏㄡˋ-ㄊㄥˊ-ㄇㄥˋ-ㄧㄤˊ-ㄗˇ	後藤夢洋子	-6.17843815	acg
ㄒㄩˊ-ㄧ-ㄧ	徐依依	-7.04116568	acg
ㄩˋ-ㄩㄢˊ-ㄏㄨㄚ-ㄌㄧㄣˇ	御園花凜	-6.60980192	acg
ㄩˋ-ㄊㄤˊ-ㄐㄧㄤ-ㄍㄤ	御堂將剛	-6.60980192	acg
ㄩˋ-ㄊㄧㄢ-ㄓˋ-ㄗㄨㄣ	御天至尊	-6.60980192	acg
ㄩˋ-ㄗˇ-ㄔㄞˊ-ㄨˇ-ㄕˊ-ㄌㄧㄥˊ	御子柴五十鈴	-5.74707439	acg
ㄩˋ-ㄗˇ-ㄔㄞˊ-ㄐㄧㄢˋ-ㄖㄣˊ	御子柴健人	-6.17843815	acg
ㄩˋ-ㄗˇ-ㄔㄞˊ-ㄑㄧㄥ-ㄕˊ-ㄌㄤˊ	御子柴清十郎	-5.74707439	acg
ㄩˋ-ㄗˇ-ㄔㄞˊ-ㄅㄞˇ-ㄊㄞˋ-ㄌㄤˊ	御子柴百太郎	-5.74707439	acg
ㄩˋ-ㄑㄧˊ-ㄏㄞˇ-ㄒㄧㄤ	御崎海香	-6.60980192	acg
ㄩˋ-ㄧㄥˇ-ㄘㄠˇ-ㄕˊ	御影草時	-6.60980192	acg
ㄩˋ-ㄊㄨˊ-ㄉㄧㄥ	御徒町	-7.04116568	acg
ㄩˋ-ㄐㄧㄥˇ-ㄧㄡˋ-ㄇㄨˋ	御景柚木	-6.60980192	acg
ㄩˋ-ㄓㄨ-ㄧㄣˋ-ㄙㄨ-ㄈㄤ	御朱印蘇芳	-6.17843815	acg
ㄩˋ-ㄐㄧㄣ	御津	-7.17149945	acg
ㄩˋ-ㄅㄞˊ-ㄧㄤˋ	御白樣	-7.04116568	acg
ㄩˋ-ㄕㄣˊ-ㄇㄟˇ-ㄕㄚ-ㄉㄡˇ	御神美沙斗	-6.17843815	acg
ㄩˋ-ㄕㄠˊ-ㄕㄣˊ-ㄗˇ	御芍神紫	-6.60980192	acg
ㄩˋ-ㄌㄧㄥˊ-ㄨㄢˊ	御靈丸	-7.04116568	acg
ㄈㄨˋ-ㄔㄡˊ-ㄓ-ㄓㄢˋ	復仇之戰	-6.60980192	acg
ㄈㄨˋ-ㄔㄡˊ-ㄓㄜˇ-ㄌㄧㄢˊ-ㄇㄥˊ-ㄓ-ㄓㄥˋ-ㄧˋ-ㄔㄨ-ㄐㄧˊ	復仇者聯盟之正義出擊	-5.74707439	acg
ㄈㄨˋ-ㄩㄢˊ-ㄕㄡˋ	復原獸	-7.04116568	acg
ㄈㄨˋ-ㄏㄨㄛˊ-ㄑㄩㄢˋ	復活券	-7.04116568	acg
ㄈㄨˋ-ㄏㄨㄛˊ-ㄉㄜ˙-ㄌㄨˇ-ㄌㄨˋ-ㄒㄧㄡ	復活的魯路修	-5.74707439	acg
ㄈㄨˋ-ㄏㄨㄛˊ-ㄒㄧㄝˊ-ㄕㄣˊ	復活邪神	-6.60980192	acg
ㄈㄨˋ-ㄏㄨㄛˊ-ㄒㄧㄝˊ-ㄕㄣˊ-ㄒㄧˋ-ㄌㄧㄝˋ	復活邪神系列	-5.74707439	acg
ㄈㄨˋ-ㄕㄥ-ㄒㄧㄥˊ-ㄐㄩㄣ-ㄇㄛˊ	復生型君魔	-6.17843815	acg
ㄈㄨˋ-ㄕㄥ-ㄒㄧㄥˊ-ㄐㄩㄣ-ㄇㄛˊ-ㄍㄤ-ㄉㄢˋ	復生型君魔鋼彈	-5.74707439	acg
ㄨㄟˊ-ㄒㄧㄠˇ-ㄕˋ-ㄐㄧㄝˋ-ㄕㄥ-ㄘㄨㄣˊ-ㄓㄢˋ	微小世界生存戰	-5.74707439	acg
ㄨㄟˊ-ㄒㄧㄠˋ-ㄒㄧㄢ-ㄕㄥ	微笑先生	-6.60980192	acg
ㄉㄜˊ-ㄎㄜˋ	德克	-7.17149945	acg
ㄉㄜˊ-ㄎㄜˋ-ㄙ	德克斯	-7.04116568	acg
ㄉㄜˊ-ㄎㄜˋ-ㄙ-ㄊㄜˋ-ㄉㄜ˙-ㄕˊ-ㄧㄢˋ-ㄕˋ	德克斯特的實驗室	-5.74707439	acg
ㄉㄜˊ-ㄎㄞˇ	德凱	-7.17149945	acg
ㄉㄜˊ-ㄌㄧㄝˋ-ㄙ	德列斯	-7.04116568	acg
ㄉㄜˊ-ㄌㄧˋ-ㄢ	德利安	-7.04116568	acg
ㄉㄜˊ-ㄎㄚˇ	德卡	-7.17149945	acg
ㄉㄜˊ-ㄎㄚˇ-ㄑㄧˋ	德卡契	-7.04116568	acg
ㄉㄜˊ-ㄍㄨˇ-ㄌㄚ-ㄐㄧ-ㄑㄧˋ-ㄖㄣˊ	德古拉機器人	-5.74707439	acg
ㄉㄜˊ-ㄏㄚ-ㄎㄚˇ	德哈卡	-7.04116568	acg
ㄉㄜˊ-ㄍㄨㄛˊ-ㄉㄧˋ-ㄐㄧㄡˇ-ㄍㄨㄛˊ-ㄐㄧㄥˋ-ㄈㄤˊ-ㄨㄟˋ-ㄉㄨㄟˋ	德國第九國境防衛隊	-5.74707439	acg
ㄉㄜˊ-ㄍㄨㄛˊ-ㄊㄧㄝˇ-ㄌㄤˊ-ㄉㄨㄟˋ	德國鐵狼隊	-6.17843815	acg
ㄉㄜˊ-ㄐㄧ-ㄇㄨˇ	德基姆	-7.04116568	acg
ㄉㄜˊ-ㄊㄧㄢ-ㄕˇ-ㄍㄤ-ㄉㄢˋ	德天使鋼彈	-6.17843815	acg
ㄉㄜˊ-ㄈㄨ	德夫	-7.17149945	acg
ㄉㄜˊ-ㄇㄨˇ-ㄑㄧˊ-ㄅㄧㄥ	德姆騎兵	-6.60980192	acg
ㄉㄜˊ-ㄗˇ	德子	-7.17149945	acg
ㄉㄜˊ-ㄔㄨㄢ-ㄏㄨˊ-ㄕㄚ	德川湖砂	-6.60980192	acg
ㄉㄜˊ-ㄔㄨㄢ-ㄍㄤ-ㄐㄧˊ	德川綱吉	-6.60980192	acg
ㄉㄜˊ-ㄔㄨㄢ-ㄧㄝˊ-ㄧㄝˊ	德川耶耶	-6.60980192	acg
ㄉㄜˊ-ㄒㄧˊ-ㄦˇ	德席爾	-7.04116568	acg
ㄉㄜˊ-ㄌㄩˋ-ㄚ-ㄉㄜˊ	德律阿得	-6.60980192	acg
ㄉㄜˊ-ㄌㄚ-ㄎㄜˋ-ㄙㄚˋ-ㄌㄨㄥˊ-ㄧㄠˋ-ㄙㄞˋ	德拉克薩隆要塞	-5.74707439	acg
ㄉㄜˊ-ㄌㄚ-ㄎㄨˋ-ㄕㄡˋ	德拉庫獸	-6.60980192	acg
ㄉㄜˊ-ㄌㄚ-ㄋㄨㄛˋ-ㄓ-ㄅㄚˋ	德拉諾之霸	-6.17843815	acg
ㄉㄜˊ-ㄙ	德斯	-7.17149945	acg
ㄉㄜˊ-ㄙ-ㄏㄨㄥˊ	德斯洪	-7.04116568	acg
ㄉㄜˊ-ㄌㄧㄣˊ-ㄐㄧㄝˊ	德林傑	-7.04116568	acg
ㄉㄜˊ-ㄙㄤ	德桑	-7.17149945	acg
ㄉㄜˊ-ㄌㄨㄛˋ-ㄉㄚˊ-ㄈㄨˋ	德洛達傅	-6.60980192	acg
ㄉㄜˊ-ㄦˇ-ㄊㄚˇ-ㄆㄨˇ-ㄌㄚ-ㄙ	德爾塔普拉斯	-5.74707439	acg
ㄉㄜˊ-ㄊㄜˋ-ㄅㄨˋ-ㄌㄚ-ㄙ-ㄌㄞˊ-ㄙㄜˋ	德特布拉斯萊瑟	-5.74707439	acg
ㄉㄜˊ-ㄊㄜˋ-ㄍㄜˊ-ㄌㄧㄣˊ-ㄐㄧ-ㄆㄠˋ	德特格林機砲	-5.74707439	acg
ㄉㄜˊ-ㄊㄜˋ-ㄈㄟ-ㄙㄜˋ	德特菲瑟	-6.60980192	acg
ㄉㄜˊ-ㄊㄜˋ-ㄌㄟˊ-ㄙ	德特雷斯	-6.60980192	acg
ㄉㄜˊ-ㄊㄜˋ-ㄈㄥˋ-ㄏㄨㄤˊ	德特鳳凰	-6.60980192	acg
ㄉㄜˊ-ㄖㄨㄟˋ-ㄎㄜˋ	德瑞克	-7.04116568	acg
ㄉㄜˊ-ㄖㄨㄟˋ-ㄎㄜˋ-ㄉㄜ˙-ㄆㄧㄢˋ-ㄐㄩˊ	德瑞克的騙局	-5.74707439	acg
ㄉㄜˊ-ㄇㄚˇ-ㄒㄧ-ㄧㄚˋ-ㄅㄟ	德瑪西亞盃	-6.17843815	acg
ㄉㄜˊ-ㄨㄚˇ-ㄐㄧ	德瓦基	-7.04116568	acg
ㄉㄜˊ-ㄇㄧˇ-ㄊㄜˋ-ㄌㄩˋ-ㄙ	德米特律斯	-6.17843815	acg
ㄉㄜˊ-ㄨㄟˊ-ㄎㄡˋ	德維寇	-7.04116568	acg
ㄉㄜˊ-ㄗ-ㄦˇ	德茲爾	-7.04116568	acg
ㄉㄜˊ-ㄌㄞˊ-ㄙㄣ	德萊森	-7.04116568	acg
ㄉㄜˊ-ㄍㄜˇ-ㄌㄚ	德葛拉	-7.04116568	acg
ㄉㄜˊ-ㄌㄢˊ-ㄔㄥˊ-ㄅㄠˇ	德蘭城堡	-6.60980192	acg
ㄉㄜˊ-ㄅㄟˋ-ㄦˇ	德貝爾	-7.04116568	acg
ㄉㄜˊ-ㄌㄧㄢˊ	德連	-7.17149945	acg
ㄉㄜˊ-ㄌㄟˊ-ㄎㄜˋ-ㄐㄧˊ	德雷克級	-6.60980192	acg
ㄉㄜˊ-ㄇㄚˇ	德馬	-7.17149945	acg
ㄉㄜˊ-ㄌㄨˇ-ㄉㄜˊ	德魯德	-7.04116568	acg
ㄒㄧㄣ-ㄉㄨㄥˋ-ㄧㄠˊ-ㄅㄞˇ-ㄐㄧㄝˊ-ㄗㄡˋ	心動搖擺節奏	-5.74707439	acg
ㄒㄧㄣ-ㄉㄨㄥˋ-ㄨㄤˇ-ㄌㄨㄛˋ	心動網絡	-6.60980192	acg
ㄒㄧㄣ-ㄉㄨㄥˋ-ㄧㄠˋ-ㄈㄣˇ	心動藥粉	-6.60980192	acg
ㄒㄧㄣ-ㄒㄧㄥˊ-ㄧㄠˋ-ㄘㄠˇ	心形藥草	-6.60980192	acg
ㄒㄧㄣ-ㄋㄧㄢˋ-ㄓ-ㄅㄟˋ	心念之臂	-6.60980192	acg
ㄒㄧㄣ-ㄘㄞˋ	心菜	-7.17149945	acg
ㄒㄧㄣ-ㄌㄧㄥˊ-ㄔㄨㄢˊ-ㄑㄧˊ	心靈傳奇	-6.60980192	acg
ㄒㄧㄣ-ㄌㄧㄥˊ-ㄅㄠˇ-ㄕˊ	心靈寶石	-6.60980192	acg
ㄅㄧˋ-ㄕㄥˋ-ㄏㄨㄤˊ-ㄐㄧㄣ-ㄓ-ㄐㄧㄢˋ	必勝黃金之劍	-5.74707439	acg
ㄖㄣˇ-ㄕㄡˋ	忍獸	-7.17149945	acg
ㄖㄣˇ-ㄓㄜˇ-ㄏㄚ-ㄊㄜˋ-ㄌㄧˋ	忍者哈特利	-6.17843815	acg
ㄖㄣˇ-ㄓㄜˇ-ㄉㄚˋ-ㄕ	忍者大師	-6.60980192	acg
ㄖㄣˇ-ㄓㄜˇ-ㄘㄨㄣ	忍者村	-7.04116568	acg
ㄖㄣˇ-ㄓㄜˇ-ㄕㄡˋ	忍者獸	-7.04116568	acg
ㄖㄣˇ-ㄋㄞˋ-ㄔㄤˊ-ㄇㄠˊ-ㄒㄧㄤˋ	忍耐長毛象	-6.17843815	acg
ㄖㄣˇ-ㄧㄝˇ-ㄖㄣˇ	忍野忍	-7.04116568	acg
ㄖㄣˇ-ㄅㄧㄠ	忍鏢	-7.17149945	acg
ㄊㄜˋ-ㄊㄧˊ-ㄙ-ㄕㄡˋ	忒提斯獸	-6.60980192	acg
ㄓˋ-ㄐㄧㄡˇ-ㄋㄞˋ-ㄋㄞˋ-ㄇㄟˇ	志久奈奈美	-6.17843815	acg
ㄓˋ-ㄐㄧㄡˇ-ㄌㄧㄡˊ-ㄇㄟˇ	志久留美	-6.60980192	acg
ㄓˋ-ㄕㄣ-ㄐㄧㄥ	志伸晶	-7.04116568	acg
ㄓˋ-ㄉㄠˇ-ㄧ-ㄒㄧㄣ	志島一心	-6.60980192	acg
ㄓˋ-ㄉㄠˇ-ㄧˋ-ㄒㄧㄣ	志島一心	-7.10980192	acg
ㄓˋ-ㄊㄧㄢˊ-ㄐㄧㄥ-ㄒㄧㄤ	志田京香	-6.60980192	acg
ㄓˋ-ㄊㄧㄢˊ-ㄓˋ	志田治	-7.04116568	acg
ㄓˋ-ㄇㄧˊ	志糜	-7.17149945	acg
ㄓˋ-ㄌㄧㄥˊ-ㄐㄧㄝˇ-ㄐㄧㄝ˙	志羚姐姐	-6.60980192	acg
ㄓˋ-ㄧㄝˇ-ㄘㄞˇ-ㄒㄧㄤ	志野彩香	-6.60980192	acg
ㄨㄤˋ-ㄑㄩㄝˋ-ㄕㄡˋ	忘卻獸	-7.04116568	acg
ㄨㄤˋ-ㄐㄧˋ-ㄇㄠˋ	忘記帽	-7.04116568	acg
ㄓㄨㄥ-ㄊㄞˋ-ㄌㄤˊ	忠太郎	-7.04116568	acg
ㄓㄨㄥ-ㄑㄩㄢˇ-ㄓㄞˊ-ㄍㄨㄥ	忠犬宅公	-6.60980192	acg
ㄎㄨㄞˋ-ㄒㄧㄚˊ	快俠	-7.17149945	acg
ㄎㄨㄞˋ-ㄉㄚˇ-ㄇㄛˊ-ㄕˋ	快打模式	-6.60980192	acg
ㄎㄨㄞˋ-ㄑㄩㄢˊ-ㄌㄤˊ	快拳郎	-7.04116568	acg
ㄎㄨㄞˋ-ㄌㄜˋ-ㄊㄧㄢ-ㄕˇ-ㄅㄞˇ-ㄏㄜˊ	快樂天使百合	-5.74707439	acg
ㄎㄨㄞˋ-ㄌㄜˋ-ㄧㄡ-ㄌㄧㄥˊ	快樂幽靈	-6.60980192	acg
ㄎㄨㄞˋ-ㄌㄜˋ-ㄔㄨㄥˊ-ㄇㄢˋ-ㄏㄨㄚˋ	快樂蟲漫畫	-6.17843815	acg
ㄎㄨㄞˋ-ㄌㄜˋ-ㄇㄛˊ-ㄋㄩˇ	快樂魔女	-6.60980192	acg
ㄎㄨㄞˋ-ㄌㄨㄥˊ	快龍	-7.17149945	acg
ㄋㄧㄢˋ-ㄐㄧㄡˋ-ㄇㄚ	念舊嬤	-7.04116568	acg
ㄏㄨ-ㄋㄚˋ-ㄏㄞˇ-ㄉㄡˇ	忽那海斗	-6.60980192	acg
ㄋㄨˋ-ㄏㄡˇ-ㄕㄜˋ	怒吼社	-7.04116568	acg
ㄋㄨˋ-ㄋㄨˋ	怒怒	-7.17149945	acg
ㄋㄨˋ-ㄊㄠˊ-ㄕㄨㄤ-ㄩˊ	怒濤雙魚	-6.60980192	acg
ㄋㄨˋ-ㄈㄥ-ㄒㄩㄥ-ㄉㄧ˙	怒風兄弟	-6.60980192	acg
ㄆㄚˋ-ㄆㄚˋ-ㄜˋ-ㄇㄛˊ	怕怕惡魔	-6.60980192	acg
ㄒㄧㄥˋ-ㄍㄢˇ-ㄋㄩˇ-ㄐㄧㄢˋ-ㄕˋ	性感女劍士	-6.17843815	acg
ㄩㄢˋ-ㄉㄨˊ-ㄒㄧ-ㄒㄧㄝˇ-ㄇㄛˊ-ㄕㄡˋ	怨毒吸血魔獸	-5.74707439	acg
ㄍㄨㄞˋ-ㄌㄧˋ-ㄉㄜˊ	怪力德	-7.04116568	acg
ㄍㄨㄞˋ-ㄉㄚˋ-ㄒㄩㄝˊ-ㄕㄥ-ㄏㄨㄟˋ	怪大學生會	-6.17843815	acg
ㄍㄨㄞˋ-ㄕㄨˋ-ㄕㄡˋ	怪樹獸	-7.04116568	acg
ㄍㄨㄞˋ-ㄨˋ-ㄒㄧㄠˇ-ㄨㄤˊ-ㄗˇ	怪物小王子	-6.17843815	acg
ㄍㄨㄞˋ-ㄨˋ-ㄒㄧㄠˇ-ㄍㄨㄟˇ	怪物小鬼	-6.60980192	acg
ㄍㄨㄞˋ-ㄕㄡˋ-ㄌㄨㄢˋ-ㄉㄡˋ-ㄇㄛˊ-ㄕˋ	怪獸亂鬥模式	-5.74707439	acg
ㄍㄨㄞˋ-ㄕㄡˋ-ㄉㄨㄟˋ-ㄉㄚˇ-ㄐㄧ	怪獸對打機	-6.17843815	acg
ㄍㄨㄞˋ-ㄕㄡˋ-ㄆㄛˋ-ㄅㄧㄥ	怪獸破冰	-6.60980192	acg
ㄍㄨㄞˋ-ㄕㄡˋ-ㄓˊ-ㄔㄤˇ-ㄑㄧㄡˊ-ㄕㄥ-ㄐㄧˋ	怪獸職場求生記	-5.74707439	acg
ㄍㄨㄞˋ-ㄕㄡˋ-ㄉㄧㄢˋ-ㄌㄧˋ-ㄍㄨㄥ-ㄙ	怪獸電力公司	-5.74707439	acg
ㄍㄨㄞˋ-ㄉㄠˋ-ㄎㄜˋ-ㄌㄧˇ-ㄙ-ㄉㄨㄛ-ㄈㄨˊ	怪盜克里斯多福	-5.74707439	acg
ㄍㄨㄞˋ-ㄉㄠˋ-ㄑㄧㄠˊ-ㄎㄜˋ	怪盜喬克	-6.60980192	acg
ㄍㄨㄞˋ-ㄉㄠˋ-ㄕㄥˋ-ㄕㄠˋ-ㄋㄩˇ	怪盜聖少女	-6.17843815	acg
ㄍㄨㄞˋ-ㄉㄠˋ-ㄙㄞˋ-ㄌㄨㄣˊ	怪盜賽倫	-6.60980192	acg
ㄍㄨㄞˋ-ㄊㄢˊ-ㄉㄜ˙-ㄨˊ-ㄒㄧㄢˋ-ㄊㄨˊ-ㄕㄨ-ㄍㄨㄢˇ	怪談的無限圖書館	-5.74707439	acg
ㄍㄨㄞˋ-ㄍㄤ	怪鋼	-7.17149945	acg
ㄍㄨㄞˋ-ㄋㄧㄠˇ-ㄧㄚˇ-ㄇㄧˇ-ㄊㄧˊ-ㄇㄨˇ	怪鳥亞米提姆	-5.74707439	acg
ㄏㄥˊ-ㄔㄨㄣ-ㄍㄨˇ	恆春谷	-7.04116568	acg
ㄎㄨㄥˇ-ㄅㄨˋ-ㄙㄢ-ㄨㄟˊ-ㄈㄢˊ-ㄔㄨㄢˊ	恐怖三桅帆船	-5.74707439	acg
ㄎㄨㄥˇ-ㄅㄨˋ-ㄍㄨㄥ	恐怖公	-7.04116568	acg
ㄎㄨㄥˇ-ㄅㄨˋ-ㄐㄧㄣ-ㄍㄤ	恐怖金剛	-6.60980192	acg
ㄎㄨㄥˇ-ㄐㄩˋ-ㄉㄜ˙-ㄌㄤˋ-ㄔㄠˊ	恐懼的浪潮	-6.17843815	acg
ㄎㄨㄥˇ-ㄐㄩˋ-ㄐㄧㄣ-ㄍㄤ	恐懼金剛	-6.60980192	acg
ㄎㄨㄥˇ-ㄌㄨㄥˊ-ㄅㄚ-ㄊㄜˋ	恐龍巴特	-6.60980192	acg
ㄎㄨㄥˇ-ㄌㄨㄥˊ-ㄐㄧㄡˋ-ㄕㄥ-ㄉㄨㄟˋ	恐龍救生隊	-6.17843815	acg
ㄎㄨㄥˇ-ㄌㄨㄥˊ-ㄉㄤ-ㄐㄧㄚ	恐龍當家	-6.60980192	acg
ㄎㄨㄥˇ-ㄌㄨㄥˊ-ㄑㄧˊ-ㄕˋ	恐龍騎士	-6.60980192	acg
ㄧㄤˋ-ㄕㄣˊ-ㄧㄚˊ	恙神涯	-7.04116568	acg
ㄏㄨㄟ-ㄈㄨˋ-ㄋㄩˇ-ㄌㄤˊ	恢復女郎	-6.60980192	acg
ㄣ-ㄎㄜˋ-ㄌㄜˋ-ㄙ-ㄍㄨˇ-ㄐㄧㄚˋ	恩克勒斯骨架	-5.74707439	acg
ㄣ-ㄑㄧㄠˊ-ㄅㄨˋ	恩喬布	-7.04116568	acg
ㄣ-ㄅㄚ-ㄎㄨˋ	恩巴庫	-7.04116568	acg
ㄣ-ㄆㄨˇ-ㄌㄚ-ㄙ	恩普拉斯	-6.60980192	acg
ㄣ-ㄓㄚˊ	恩札	-7.17149945	acg
ㄣ-ㄨㄟˊ	恩維	-7.17149945	acg
ㄣ-ㄖㄨㄛˋ-ㄙ	恩若斯	-7.04116568	acg
ㄣ-ㄌㄧˋ	恩莉	-7.17149945	acg
ㄣ-ㄐㄧㄚˇ-ㄉㄚˊ-ㄎㄚˇ	恩賈達卡	-6.60980192	acg
ㄎㄜˋ-ㄑㄧㄣˊ-ㄕㄡˋ	恪勤獸	-7.04116568	acg
ㄊㄧㄢˊ-ㄋㄚˋ	恬娜	-7.17149945	acg
ㄍㄨㄥ-ㄓˋ	恭志	-7.17149945	acg
ㄑㄧㄚˋ-ㄖㄨˊ-ㄒㄧˋ-ㄩˇ-ㄅㄢ-ㄉㄜ˙-ㄌㄧㄢˋ-ㄍㄜ	恰如細語般的戀歌	-5.74707439	acg
ㄏㄢˋ-ㄨㄟˋ-ㄓㄨˇ-ㄐㄧ	悍衛主機	-6.60980192	acg
ㄙㄨㄥˇ-ㄖㄢˊ-ㄏㄨㄤ-ㄧㄝˇ	悚然荒野	-6.60980192	acg
ㄨˋ-ㄊㄧㄢ-ㄎㄜˋ-ㄙ	悟天克斯	-6.60980192	acg
ㄨˋ-ㄎㄨㄥ	悟空	-7.17149945	acg
ㄨˋ-ㄉㄚˊ-ㄦˇ	悟達爾	-7.04116568	acg
ㄧㄡ-ㄇㄧ	悠咪	-7.17149945	acg
ㄧㄡ-ㄧㄡ-ㄗㄞ-ㄗㄞ-ㄕㄠˋ-ㄋㄩˇ-ㄖˋ-ㄏㄢˋ	悠悠哉哉少女日和	-5.74707439	acg
ㄧㄡ-ㄧㄡˊ-ㄊㄤˊ	悠游糖	-7.04116568	acg
ㄧㄡ-ㄧㄡˊ-ㄇㄛˊ-ㄕˋ	悠遊模式	-6.60980192	acg
ㄋㄧㄣˊ-ㄉㄜ˙-ㄌㄠˇ-ㄕㄨˇ-ㄏㄠˇ-ㄧㄡˇ	您的老鼠好友	-5.74707439	acg
ㄅㄟ-ㄕㄤ-ㄇㄨˋ-ㄋㄞˇ-ㄧ-ㄉㄜ˙-ㄍㄨ-ㄉㄨˊ-ㄗㄨˇ-ㄓㄡˋ	悲傷木乃伊的孤獨詛咒	-5.74707439	acg
ㄅㄟ-ㄕㄤ-ㄉㄜ˙-ㄅㄟˋ-ㄌㄚ-ㄉㄨㄛˇ-ㄋㄚˋ	悲傷的貝拉朵娜	-5.74707439	acg
ㄅㄟ-ㄐㄩˋ-ㄏㄜˊ-ㄆㄧㄥˊ-ㄊㄧㄢ-ㄕˇ	悲劇和平天使	-5.74707439	acg
ㄅㄟ-ㄐㄩˋ-ㄎㄨㄞˋ-ㄌㄜˋ-ㄊㄧㄢ-ㄕˇ	悲劇快樂天使	-5.74707439	acg
ㄅㄟ-ㄐㄩˋ-ㄒㄩㄢˋ-ㄈㄥ-ㄊㄧㄢ-ㄕˇ	悲劇旋風天使	-5.74707439	acg
ㄅㄟ-ㄐㄩˋ-ㄑㄧㄥˊ-ㄌㄤˇ-ㄊㄧㄢ-ㄕˇ	悲劇晴朗天使	-5.74707439	acg
ㄅㄟ-ㄐㄩˋ-ㄇㄟˇ-ㄕㄠˋ-ㄋㄩˇ	悲劇美少女	-6.17843815	acg
ㄅㄟ-ㄐㄩˋ-ㄇㄟˇ-ㄌㄧˋ-ㄊㄧㄢ-ㄕˇ	悲劇美麗天使	-5.74707439	acg
ㄅㄟ-ㄐㄩˋ-ㄋㄥˊ-ㄌㄧㄤˋ	悲劇能量	-6.60980192	acg
ㄅㄟ-ㄍㄨㄢ-ㄨㄣˊ	悲觀蚊	-7.04116568	acg
ㄑㄧㄥˊ-ㄙㄜˋ-ㄇㄢˋ-ㄏㄨㄚˋ-ㄌㄠˇ-ㄕ	情色漫畫老師	-5.74707439	acg
ㄑㄧㄥˊ-ㄇㄚˇ-ㄐㄧㄝˊ	情馬節	-7.04116568	acg
ㄑㄧㄥˊ-ㄇㄛˊ-ㄍㄤ-ㄉㄢˋ	情魔鋼彈	-6.60980192	acg
ㄏㄨㄛˋ-ㄒㄧㄥ-ㄓ-ㄇㄧˊ	惑星之謎	-6.60980192	acg
ㄏㄨㄛˋ-ㄒㄧㄥ-ㄑㄧˊ-ㄏㄤˊ	惑星奇航	-6.60980192	acg
ㄏㄨㄛˋ-ㄩˇ	惑羽	-7.17149945	acg
ㄏㄨㄟˋ-ㄅㄧˇ-ㄙ	惠比斯	-7.04116568	acg
ㄏㄨㄟˋ-ㄌㄧˇ-ㄗˇ	惠理子	-7.04116568	acg
ㄏㄨㄟˋ-ㄇㄥˊ-ㄏㄨㄚ	惠萌花	-7.04116568	acg
ㄜˋ-ㄗㄨㄛˋ-ㄐㄩˋ-ㄉㄜ˙-ㄉㄞˋ-ㄐㄧㄚˋ	惡作劇的代價	-5.74707439	acg
ㄜˋ-ㄇㄧㄥˊ-ㄓㄠ-ㄓㄤ-ㄉㄜ˙-ㄗㄨㄟˋ-ㄈㄢˋ	惡名昭彰的罪犯	-5.74707439	acg
ㄜˋ-ㄇㄥˋ-ㄍㄨㄥ-ㄔㄤˇ	惡夢工廠	-6.60980192	acg
ㄜˋ-ㄇㄥˋ-ㄐㄩㄣ-ㄊㄨㄢˊ	惡夢軍團	-6.60980192	acg
ㄜˋ-ㄏㄞˇ-ㄌㄨㄥˊ-ㄕㄡˋ	惡海龍獸	-6.60980192	acg
ㄜˋ-ㄌㄤˊ	惡狼	-7.17149945	acg
ㄜˋ-ㄉㄢˋ	惡蛋	-7.17149945	acg
ㄜˋ-ㄌㄨˋ-ㄔㄥˊ-ㄕˋ	惡路程式	-6.60980192	acg
ㄜˋ-ㄅㄚˋ-ㄒㄩㄥˊ-ㄗˇ-ㄕㄡˋ	惡霸熊仔獸	-6.17843815	acg
ㄜˋ-ㄌㄧㄥˊ-ㄓㄢˋ-ㄐㄧㄥˇ	惡靈戰警	-6.60980192	acg
ㄜˋ-ㄌㄧㄥˊ-ㄐㄧㄤˋ-ㄕˋ	惡靈降世	-6.60980192	acg
ㄜˋ-ㄌㄧㄥˊ-ㄇㄛˊ-ㄎㄨ	惡靈魔窟	-6.60980192	acg
ㄜˋ-ㄆㄛˋ	惡魄	-7.17149945	acg
ㄜˋ-ㄇㄛˊ-ㄌㄞˊ-ㄈㄨˊ-ㄑㄧㄤ	惡魔來福槍	-6.17843815	acg
ㄜˋ-ㄇㄛˊ-ㄕˊ-ㄗˋ-ㄐㄧㄚˋ	惡魔十字架	-6.17843815	acg
ㄜˋ-ㄇㄛˊ-ㄙˋ-ㄉㄨˋ-ㄎㄨㄥ-ㄐㄧㄢ	惡魔四度空間	-5.74707439	acg
ㄜˋ-ㄇㄛˊ-ㄋㄞˇ-ㄅㄚˋ	惡魔奶爸	-6.60980192	acg
ㄜˋ-ㄇㄛˊ-ㄉㄨㄢˇ-ㄉㄠ	惡魔短刀	-6.60980192	acg
ㄜˋ-ㄇㄛˊ-ㄅㄧㄢ-ㄈㄨˊ-ㄈㄨˇ-ㄔㄨㄥ	惡魔蝙蝠俯衝	-5.74707439	acg
ㄜˋ-ㄇㄛˊ-ㄅㄧㄢ-ㄈㄨˊ-ㄍㄨㄟˇ-ㄧㄥˇ	惡魔蝙蝠鬼影	-5.74707439	acg
ㄜˋ-ㄇㄛˊ-ㄅㄧㄢ-ㄈㄨˊ-ㄌㄨㄥˊ-ㄐㄩㄢˇ-ㄈㄥ	惡魔蝙蝠龍捲風	-5.74707439	acg
ㄜˋ-ㄇㄛˊ-ㄐㄧㄣ-ㄐㄧㄣ	惡魔金金	-6.60980192	acg
ㄜˋ-ㄇㄛˊ-ㄍㄤ-ㄉㄢˋ	惡魔鋼彈	-6.60980192	acg
ㄜˋ-ㄇㄛˊ-ㄌㄟˊ-ㄕㄜˋ-ㄊㄢˊ	惡魔雷射彈	-6.17843815	acg
ㄜˋ-ㄇㄛˊ-ㄉㄧㄢˋ-ㄐㄧˊ-ㄅㄤˋ	惡魔電擊棒	-6.17843815	acg
ㄜˋ-ㄇㄛˊ-ㄌㄧㄥˊ-ㄏㄨㄣˊ	惡魔靈魂	-6.60980192	acg
ㄜˋ-ㄌㄨˇ-ㄇㄛˋ-ㄊㄨㄢˊ	惡魯莫團	-6.60980192	acg
ㄜˋ-ㄌㄨㄥˊ	惡龍	-7.17149945	acg
ㄗㄨㄥˇ-ㄊㄧㄢˊ-ㄌㄞˊ-ㄊㄜˋ	惣田萊特	-6.60980192	acg
ㄋㄠˇ-ㄖㄣˊ-ㄉㄜ˙-ㄍㄜ-ㄑㄩˇ	惱人的歌曲	-6.17843815	acg
ㄒㄧㄤˇ-ㄅㄨˋ-ㄒㄧㄤˇ-ㄧㄠˋ-ㄗㄨㄛˋ-ㄍㄜˋ-ㄒㄩㄝˇ-ㄖㄣˊ	想不想要做個雪人	-5.74707439	acg
ㄒㄧㄤˇ-ㄒㄧㄤˋ-ㄌㄧˋ-ㄒㄧˋ-ㄊㄨㄥˇ	想像力系統	-6.17843815	acg
ㄧˋ-ㄉㄧˋ-ㄜˋ-ㄑㄧㄥ-ㄕㄥˋ	意地惡清盛	-6.17843815	acg
ㄩˊ-ㄖㄣˊ-ㄓㄨㄥˋ	愚人眾	-7.04116568	acg
ㄞˋ-ㄓ-ㄋㄩˇ-ㄕㄣˊ	愛之女神	-6.60980192	acg
ㄞˋ-ㄓ-ㄩˇ	愛之羽	-7.04116568	acg
ㄞˋ-ㄗㄞˋ-ㄩˇ-ㄍㄨㄛˋ-ㄊㄧㄢ-ㄑㄧㄥˊ-ㄕˊ	愛在雨過天晴時	-5.74707439	acg
ㄞˋ-ㄊㄚˇ-ㄋㄧˊ-ㄧㄚˇ	愛塔尼亞	-6.60980192	acg
ㄞˋ-ㄊㄧㄢ-ㄕˇ-ㄔㄨㄢˊ-ㄕㄨㄛ	愛天使傳說	-6.17843815	acg
ㄞˋ-ㄊㄧㄢ-ㄕˇ-ㄊㄠˊ-ㄗ˙	愛天使桃子	-6.17843815	acg
ㄞˋ-ㄠˋ-ㄙ-ㄊㄚˇ	愛奧斯塔	-6.60980192	acg
ㄞˋ-ㄉㄚˊ	愛妲	-7.17149945	acg
ㄞˋ-ㄒㄧ-ㄙ	愛希斯	-7.04116568	acg
ㄞˋ-ㄉㄜˊ-ㄏㄨㄚˊ-ㄒㄩㄝˊ-ㄩㄢˋ	愛德華學院	-6.17843815	acg
ㄞˋ-ㄑㄧㄥˊ-ㄏㄨㄢˋ-ㄧㄥˇ-ㄍㄤ-ㄉㄢˋ	愛情幻影鋼彈	-5.74707439	acg
ㄞˋ-ㄑㄧㄥˊ-ㄐㄧㄥ-ㄌㄧㄥˊ	愛情精靈	-6.60980192	acg
ㄞˋ-ㄌㄚ-ㄎㄨˋ	愛拉酷	-7.04116568	acg
ㄞˋ-ㄒㄩˋ-ㄌㄧˋ	愛旭莉	-7.04116568	acg
ㄞˋ-ㄡ-ㄋㄧˊ-ㄧㄚˇ	愛歐尼亞	-6.60980192	acg
ㄞˋ-ㄖㄨㄥˊ	愛溶	-7.17149945	acg
ㄞˋ-ㄦˇ-ㄈㄥ-ㄙ	愛爾楓斯	-6.60980192	acg
ㄞˋ-ㄦˇ-ㄌㄧㄣˊ	愛爾琳	-7.04116568	acg
ㄞˋ-ㄦˇ-ㄕㄚ	愛爾莎	-7.04116568	acg
ㄞˋ-ㄦˇ-ㄇㄚˇ-ㄌㄨˇ	愛爾馬魯	-6.60980192	acg
ㄞˋ-ㄑㄩㄢˇ-ㄒㄩㄣˋ-ㄏㄠˋ	愛犬訊號	-6.60980192	acg
ㄞˋ-ㄌㄧㄡˊ	愛瑠	-7.17149945	acg
ㄞˋ-ㄕˇ-ㄓㄣˇ	愛矢姫	-7.04116568	acg
ㄞˋ-ㄇㄧˇ-ㄌㄧˋ	愛米莉	-7.04116568	acg
ㄞˋ-ㄕㄚ-ㄗˇ	愛紗子	-7.04116568	acg
ㄞˋ-ㄙ-ㄊㄜˋ	愛絲特	-7.04116568	acg
ㄞˋ-ㄈㄨˊ-ㄌㄨㄛˊ-ㄉㄞˋ-ㄉㄧˋ	愛芙羅黛蒂	-6.17843815	acg
ㄞˋ-ㄌㄧˋ-ㄎㄚˇ	愛莉卡	-7.04116568	acg
ㄞˋ-ㄌㄧˋ-ㄋㄚˋ	愛莉娜	-7.04116568	acg
ㄞˋ-ㄧㄠˋ-ㄕㄨㄛ-ㄔㄨ-ㄎㄡˇ	愛要說出口	-6.17843815	acg
ㄞˋ-ㄎㄨˋ-ㄧ-ㄗㄨˊ	愛酷一族	-6.60980192	acg
ㄞˋ-ㄎㄨˋ-ㄧˋ-ㄗㄨˊ	愛酷一族	-7.10980192	acg
ㄞˋ-ㄧㄝˇ-ㄓㄨˇ	愛野渚	-7.04116568	acg
ㄞˋ-ㄧㄝˇ-ㄇㄟˇ-ㄋㄞˋ-ㄗˇ	愛野美奈子	-6.17843815	acg
ㄞˋ-ㄌㄧˊ-ㄦˊ	愛麗兒	-7.04116568	acg
ㄞˋ-ㄌㄧˋ-ㄙ-ㄇㄥˋ-ㄧㄡˊ-ㄒㄧㄢ-ㄐㄧㄥˋ	愛麗絲夢遊仙境	-5.74707439	acg
ㄞˋ-ㄌㄧˊ-ㄕㄚ	愛麗莎	-7.04116568	acg
ㄞˋ-ㄉㄞˋ-ㄦˊ	愛黛兒	-7.04116568	acg
ㄍㄢˇ-ㄧㄥˋ-ㄆㄠˋ	感應炮	-7.04116568	acg
ㄍㄢˇ-ㄧㄥˋ-ㄓㄜˇ	感應者	-7.04116568	acg
ㄍㄢˇ-ㄖㄢˇ-ㄔㄠˊ	感染巢	-7.04116568	acg
ㄍㄢˇ-ㄖㄢˇ-ㄔㄨㄥˊ	感染蟲	-7.04116568	acg
ㄎㄞˇ-ㄦˊ	愷兒	-7.17149945	acg
ㄎㄞˇ-ㄧㄥ-ㄨㄤˇ-ㄌㄨㄛˋ	愷英網絡	-6.60980192	acg
ㄕㄣˋ-ㄉㄠˇ-ㄓㄨㄛˊ	慎導灼	-7.04116568	acg
ㄇㄨˋ-ㄌㄧㄡˊ-ㄖㄣˊ	慕留人	-7.04116568	acg
ㄇㄢˋ-ㄇㄢˋ-ㄍㄨㄟ	慢慢龜	-7.04116568	acg
ㄏㄨㄟˋ-ㄖㄣˊ	慧仁	-7.17149945	acg
ㄩˋ-ㄨㄤˋ-ㄍㄨㄞˋ	慾望怪	-7.04116568	acg
ㄩˋ-ㄇㄛˊ-ㄍㄤ-ㄉㄢˋ	慾魔鋼彈	-6.60980192	acg
ㄧㄡ-ㄩˋ-ㄊㄧㄢ-ㄍㄡˇ	憂鬱天狗	-6.60980192	acg
ㄗㄥ-ㄏㄣˋ-ㄓㄜˇ	憎恨者	-7.04116568	acg
ㄈㄣˋ-ㄋㄨˋ-ㄇㄛˊ-ㄋㄩˇ	憤怒魔女	-6.60980192	acg
ㄧㄥˋ-ㄓㄥ-ㄖㄨˋ-ㄨˇ	應徵入伍	-6.60980192	acg
ㄔㄥˊ-ㄌㄟˊ	懲雷	-7.17149945	acg
ㄌㄢˇ-ㄇㄧㄠ-ㄍㄜ-ㄌㄨㄣˊ-ㄅㄨˋ	懶喵哥倫布	-6.17843815	acg
ㄌㄢˇ-ㄌㄢˇ-ㄅㄨˋ-ㄉㄠˇ-ㄨㄥ	懶懶不倒翁	-6.17843815	acg
ㄏㄨㄞˊ-ㄗㄨㄥ-ㄧ-ㄕㄥ	懷棕醫生	-6.60980192	acg
ㄏㄨㄞˊ-ㄊㄜˋ-ㄐㄧㄤ-ㄐㄩㄣ	懷特將軍	-6.60980192	acg
ㄏㄨㄞˊ-ㄊㄜˋ-ㄏㄞˇ-ㄉㄜˊ-ㄋㄢˊ-ㄐㄩㄝˊ	懷特海德男爵	-5.74707439	acg
ㄏㄨㄞˊ-ㄊㄜˋ-ㄏㄞˇ-ㄉㄜˊ-ㄋㄢˊ-ㄐㄩㄝˊ-ㄈㄨ-ㄖㄣˊ	懷特海德男爵夫人	-5.74707439	acg
ㄏㄨㄞˊ-ㄐㄧㄡˋ-ㄐㄧㄥ-ㄉㄧㄢˇ	懷舊經典	-6.60980192	acg
ㄏㄨㄞˊ-ㄗ-ㄇㄢˋ	懷茲曼	-7.04116568	acg
ㄒㄩㄢˊ-ㄍㄨㄚˋ-ㄕˋ-ㄍㄠˋ-ㄕˋ-ㄆㄞˊ	懸掛式告示牌	-5.74707439	acg
ㄒㄩㄢˊ-ㄈㄨˊ-ㄓㄣ-ㄔㄚˊ-ㄕㄡˋ	懸浮偵察獸	-6.17843815	acg
ㄐㄩˋ-ㄨˊ-ㄕㄣˊ-ㄍㄨㄤ	懼吾神光	-6.60980192	acg
ㄌㄧㄢˋ-ㄕㄤˋ-ㄏㄨㄢˋ-ㄓㄨㄤ-ㄨㄚˊ-ㄨㄚ˙	戀上換裝娃娃	-5.74707439	acg
ㄌㄧㄢˋ-ㄓ-ㄑㄧㄡ-ㄑㄧㄡ-ㄅㄧˇ-ㄊㄜˋ	戀之丘邱比特	-5.74707439	acg
ㄌㄧㄢˋ-ㄞˋ-ㄓㄨㄥ-ㄉㄜ˙-ㄒㄧㄠˇ-ㄒㄧㄥˊ-ㄒㄧㄥ	戀愛中的小行星	-5.74707439	acg
ㄌㄧㄢˋ-ㄞˋ-ㄓㄣ-ㄖㄣˊ-ㄕˊ-ㄐㄧㄥˋ-ㄒㄧㄡˋ-ㄆㄧㄢ	戀愛真人實境秀篇	-5.74707439	acg
ㄍㄜ-ㄗㄨㄛˇ-ㄌㄚ	戈佐拉	-7.04116568	acg
ㄍㄜ-ㄋㄟˋ-ㄌㄧˇ	戈內里	-7.04116568	acg
ㄍㄜ-ㄉㄜˊ-ㄨㄣ	戈德溫	-7.04116568	acg
ㄍㄜ-ㄉㄜˊ-ㄋㄚˋ	戈德納	-7.04116568	acg
ㄍㄜ-ㄦˇ-ㄎㄨㄥˇ-ㄊㄜˋ	戈爾孔特	-6.60980192	acg
ㄍㄜ-ㄦˇ-ㄅㄟˋ-ㄓㄚˊ	戈爾貝札	-6.60980192	acg
ㄍㄜ-ㄊㄜˋ	戈特	-7.17149945	acg
ㄍㄜ-ㄌㄨˇ-ㄦˇ-ㄓ-ㄔㄠˊ	戈魯爾之巢	-6.17843815	acg
ㄖㄨㄥˊ-ㄍㄜˊ-ㄌㄜˋ	戎格勒	-7.04116568	acg
ㄔㄥˊ-ㄍㄨㄥ-ㄧㄡˊ-ㄞˋ	成宮由愛	-6.60980192	acg
ㄔㄥˊ-ㄓㄣˋ-ㄩˇ	成振宇	-7.04116568	acg
ㄔㄥˊ-ㄗㄜˊ-ㄨㄣˊ-ㄦˋ-ㄌㄤˊ	成澤文二郎	-6.17843815	acg
ㄔㄥˊ-ㄨㄟˊ-ㄒㄧㄥ-ㄒㄧㄥ-ㄉㄜ˙-ㄕㄠˋ-ㄋㄩˇ	成為星星的少女	-5.74707439	acg
ㄔㄥˊ-ㄓㄣ-ㄧㄚˇ	成珍雅	-7.04116568	acg
ㄔㄥˊ-ㄕㄣˊ	成神	-7.17149945	acg
ㄔㄥˊ-ㄐㄧㄢˋ-ㄧㄚˇ-ㄌㄧˇ-ㄕㄚ	成見亞里紗	-6.17843815	acg
ㄔㄥˊ-ㄧˋ-ㄏㄨㄢˋ	成鎰奐	-7.04116568	acg
ㄨㄛˇ-ㄅㄨˋ-ㄒㄧㄤˇ-ㄙˇ	我不想死	-6.60980192	acg
ㄨㄛˇ-ㄅㄨˊ-ㄕˋ-ㄕㄨㄟˇ-ㄐㄧㄥ-ㄓ-ㄏㄣˊ	我不是水晶之痕	-5.74707439	acg
ㄨㄛˇ-ㄅㄨˋ-ㄕˋ-ㄕㄨㄟˇ-ㄐㄧㄥ-ㄓ-ㄏㄣˊ	我不是水晶之痕	-6.24707439	acg
ㄨㄛˇ-ㄅㄨˊ-ㄧㄠˋ-ㄙˇ	我不要死	-6.60980192	acg
ㄨㄛˇ-ㄅㄨˋ-ㄧㄠˋ-ㄙˇ	我不要死	-7.10980192	acg
ㄨㄛˇ-ㄇㄣ˙-ㄌㄞˊ-ㄅㄚˋ-ㄍㄨㄥ	我們來罷工	-6.17843815	acg
ㄨㄛˇ-ㄇㄣˊ-ㄉㄜ˙-ㄒㄧㄠˇ-ㄅㄠˇ-ㄅㄟˋ	我們的小寶貝	-5.74707439	acg
ㄨㄛˇ-ㄇㄣ˙-ㄒㄩㄢˇ-ㄗㄜˊ-ㄉㄜ˙-ㄗㄨㄟˋ-ㄐㄧㄚ-ㄇㄠˋ-ㄒㄧㄢˇ	我們選擇的最佳冒險	-5.74707439	acg
ㄨㄛˇ-ㄋㄟˋ-ㄒㄧㄣ-ㄉㄜ˙-ㄗㄠ-ㄍㄠ-ㄋㄧㄢˋ-ㄊㄡ˙	我內心的糟糕念頭	-5.74707439	acg
ㄨㄛˇ-ㄏㄢˋ-ㄔㄠ-ㄖㄣˊ-ㄉㄜ˙-ㄐㄧㄥ-ㄑㄧˊ-ㄇㄠˋ-ㄒㄧㄢˇ	我和超人的驚奇冒險	-5.74707439	acg
ㄨㄛˇ-ㄙㄨㄣ-ㄗˇ-ㄩㄥˇ-ㄓˋ	我孫子勇治	-6.17843815	acg
ㄨㄛˇ-ㄐㄧㄚ-ㄧㄡˇ-ㄍㄜ˙-ㄩˊ-ㄍㄢ-ㄇㄟˋ	我家有個魚乾妹	-5.74707439	acg
ㄨㄛˇ-ㄆㄚˋ-ㄜˋ-ㄅㄚˋ	我怕惡霸	-6.60980192	acg
ㄨㄛˇ-ㄆㄚˋ-ㄐㄧ-ㄑㄧˋ-ㄖㄣˊ	我怕機器人	-6.17843815	acg
ㄨㄛˇ-ㄆㄚˋ-ㄏㄟ	我怕黑	-7.04116568	acg
ㄨㄛˇ-ㄞˋ-ㄗㄨㄛˋ-ㄌㄠˊ	我愛坐牢	-6.60980192	acg
ㄨㄛˇ-ㄞˋ-ㄒㄧㄝˋ-ㄅㄠˇ	我愛蟹堡	-6.60980192	acg
ㄨㄛˇ-ㄕˋ-ㄉㄚˋ-ㄌㄠˇ-ㄅㄢˇ	我是大老闆	-6.17843815	acg
ㄨㄛˇ-ㄅㄧˇ-ㄋㄧˇ-ㄧㄡ	我比你優	-6.60980192	acg
ㄨㄛˇ-ㄉㄜ˙-ㄅㄠˇ-ㄅㄧㄠ	我的保鑣	-6.60980192	acg
ㄨㄛˇ-ㄉㄜ˙-ㄇㄥˋ-ㄏㄨㄢˋ-ㄊㄨㄥˊ-ㄏㄨㄚˋ-ㄒㄧㄚˋ-ㄨˇ-ㄔㄚˊ	我的夢幻童話下午茶	-5.74707439	acg
ㄨㄛˇ-ㄉㄜ˙-ㄏㄠˇ-ㄇㄚˊ-ㄐㄧˊ	我的好麻吉	-6.17843815	acg
ㄨㄛˇ-ㄉㄜ˙-ㄑㄧ-ㄗ˙-ㄅㄨˊ-ㄐㄩˋ-ㄍㄢˇ-ㄑㄧㄥˊ	我的妻子不具感情	-5.74707439	acg
ㄨㄛˇ-ㄉㄜ˙-ㄑㄧ-ㄗ˙-ㄅㄨˋ-ㄐㄩˋ-ㄍㄢˇ-ㄑㄧㄥˊ	我的妻子不具感情	-6.24707439	acg
ㄨㄛˇ-ㄉㄜ˙-ㄒㄧㄥˋ-ㄈㄨˊ-ㄏㄨㄣ-ㄩㄝ	我的幸福婚約	-5.74707439	acg
ㄨㄛˇ-ㄉㄜ˙-ㄊㄨㄥˊ-ㄏㄨㄚˋ-ㄇㄥˋ-ㄏㄨㄢˋ-ㄔㄥˊ-ㄕˋ	我的童話夢幻城市	-5.74707439	acg
ㄨㄛˇ-ㄉㄜ˙-ㄊㄢ-ㄒㄧㄣ-ㄇㄧˋ-ㄇㄧˋ	我的貪心秘密	-5.74707439	acg
ㄨㄛˇ-ㄉㄜ˙-ㄑㄧㄥ-ㄇㄟˊ-ㄓㄨˊ-ㄇㄚˇ-ㄕˋ-ㄉㄚˋ-ㄗㄨㄥˇ-ㄊㄨㄥˇ	我的青梅竹馬是大總統	-5.74707439	acg
ㄨㄛˇ-ㄌㄩˋ-ㄧㄚˊ	我綠涯	-7.04116568	acg
ㄨㄛˇ-ㄇㄟˇ-ㄌㄧˋ-ㄉㄜ˙-ㄏㄞˇ-ㄇㄚˇ	我美麗的海馬	-5.74707439	acg
ㄨㄛˇ-ㄧㄠˋ-ㄉㄤ-ㄐㄧㄡˋ-ㄕㄥ-ㄩㄢˊ	我要當救生員	-5.74707439	acg
ㄨㄛˇ-ㄧㄠˋ-ㄉㄤ-ㄇㄥˇ-ㄋㄢˊ	我要當猛男	-6.17843815	acg
ㄨㄛˇ-ㄧㄠˋ-ㄍㄣ-ㄋㄧˇ-ㄏㄨㄢˋ	我要跟你換	-6.17843815	acg
ㄨㄛˇ-ㄐㄧㄣˋ-ㄍㄨㄥ-ㄏㄨㄟˋ	我進公會	-6.60980192	acg
ㄐㄧㄝˋ-ㄕㄥˋ-ㄎㄨㄥˇ-ㄐㄩˋ	戒聖恐懼	-6.60980192	acg
ㄐㄧㄝˊ-ㄑㄧˋ-ㄕㄣˊ-ㄍㄨㄥ	截氣神功	-6.60980192	acg
ㄐㄧㄝˊ-ㄑㄧˋ-ㄕㄣˊ-ㄊㄨㄥ	截氣神通	-6.60980192	acg
ㄐㄧㄝˊ-ㄕㄨㄟˇ-ㄕㄣˊ-ㄍㄨㄥ	截水神功	-6.60980192	acg
ㄐㄧㄝˊ-ㄕㄨㄟˇ-ㄕㄣˊ-ㄊㄨㄥ	截水神通	-6.60980192	acg
ㄓㄢˋ-ㄍㄨㄛˊ-ㄑㄧˊ-ㄊㄢˊ-ㄧㄠ-ㄉㄠ-ㄔㄨㄢˊ	戰國奇譚妖刀傳	-5.74707439	acg
ㄓㄢˋ-ㄍㄨㄛˊ-ㄧˋ-ㄉㄨㄢ-ㄨㄢˊ-ㄉㄨㄛˋ-ㄨˊ	戰國異端頑駄無	-5.74707439	acg
ㄓㄢˋ-ㄍㄨㄛˊ-ㄧㄥ-ㄒㄩㄥˊ	戰國英雄	-6.60980192	acg
ㄓㄢˋ-ㄉㄧˋ-ㄧ-ㄏㄨˋ-ㄍㄨㄢ	戰地醫護官	-6.17843815	acg
ㄓㄢˋ-ㄉㄧˋ-ㄈㄥ-ㄩㄣˊ	戰地風雲	-6.60980192	acg
ㄓㄢˋ-ㄔㄤˇ-ㄩㄢˊ-ㄏㄟ-ㄧˊ	戰場原黑儀	-6.17843815	acg
ㄓㄢˋ-ㄕˋ-ㄔㄠ-ㄖㄣˊ	戰士超人	-6.60980192	acg
ㄓㄢˋ-ㄒㄩㄣˊ-ㄐㄧㄢˋ	戰巡艦	-7.04116568	acg
ㄓㄢˋ-ㄌㄧˋ-ㄐㄧㄚ-ㄋㄨㄥˊ-ㄆㄠˋ	戰慄加農砲	-6.17843815	acg
ㄓㄢˋ-ㄌㄧˋ-ㄕㄣ-ㄙㄨㄟˋ	戰慄深隧	-6.60980192	acg
ㄓㄢˋ-ㄌㄧˋ-ㄊㄨˊ-ㄐㄧˊ	戰慄突擊	-6.60980192	acg
ㄓㄢˋ-ㄐㄧˇ	戰戟	-7.17149945	acg
ㄓㄢˋ-ㄍㄜ-ㄐㄧㄣˋ-ㄍㄨㄥ-ㄅㄨˋ-ㄉㄨㄟˋ	戰歌進攻部隊	-5.74707439	acg
ㄓㄢˋ-ㄓㄥ-ㄕˊ-ㄈㄣ	戰爭時分	-6.60980192	acg
ㄓㄢˋ-ㄓㄥ-ㄐㄧ-ㄑㄧˋ	戰爭機器	-6.60980192	acg
ㄓㄢˋ-ㄋㄧㄡˊ-ㄗㄨˊ	戰牛族	-7.04116568	acg
ㄓㄢˋ-ㄋㄧㄡˊ-ㄑㄧㄡˊ-ㄓㄤˇ	戰牛酋長	-6.60980192	acg
ㄓㄢˋ-ㄕㄣˊ-ㄓ-ㄓㄤ	戰神之章	-6.60980192	acg
ㄓㄢˋ-ㄕㄣˊ-ㄐㄧㄚ-ㄋㄨㄥˊ-ㄆㄠˋ	戰神加農砲	-6.17843815	acg
ㄓㄢˋ-ㄕㄣˊ-ㄕㄨㄤ-ㄉㄧㄥ	戰神雙釘	-6.60980192	acg
ㄓㄢˋ-ㄕㄨˋ-ㄆㄧㄢ	戰術篇	-7.04116568	acg
ㄓㄢˋ-ㄕㄨˋ-ㄅㄨˋ-ㄉㄨㄟˋ	戰術部隊	-6.60980192	acg
ㄓㄢˋ-ㄔㄜ-ㄕˋ-ㄐㄧㄝˋ	戰車世界	-6.60980192	acg
ㄓㄢˋ-ㄔㄜ-ㄋㄩˇ-ㄕㄣˊ-ㄍㄤ-ㄉㄢˋ	戰車女神鋼彈	-5.74707439	acg
ㄓㄢˋ-ㄑㄧㄠ	戰鍬	-7.17149945	acg
ㄓㄢˋ-ㄔㄨㄟˊ	戰鎚	-7.17149945	acg
ㄓㄢˋ-ㄇㄚˇ-ㄕㄡˋ	戰馬獸	-7.04116568	acg
ㄓㄢˋ-ㄉㄡˋ-ㄅㄧㄥ-ㄎㄚˇ-ㄦˇ	戰鬥兵卡爾	-6.17843815	acg
ㄓㄢˋ-ㄉㄡˋ-ㄊㄧㄢ-ㄕˇ-ㄙㄞˋ-ㄌㄚ	戰鬥天使賽拉	-5.74707439	acg
ㄓㄢˋ-ㄉㄡˋ-ㄐㄩˋ-ㄑㄧㄢˊ	戰鬥巨鉗	-6.60980192	acg
ㄓㄢˋ-ㄉㄡˋ-ㄈㄨˇ	戰鬥斧	-7.04116568	acg
ㄓㄢˋ-ㄉㄡˋ-ㄅㄠˋ-ㄌㄨㄥˊ	戰鬥暴龍	-6.60980192	acg
ㄓㄢˋ-ㄉㄡˋ-ㄐㄧ-ㄑㄧˋ-ㄖㄣˊ	戰鬥機器人	-6.17843815	acg
ㄓㄢˋ-ㄉㄡˋ-ㄐㄧ-ㄐㄧㄠˇ-ㄌㄨㄥˊ	戰鬥犄角龍	-6.17843815	acg
ㄓㄢˋ-ㄉㄡˋ-ㄧˋ-ㄊㄜˋ-ㄌㄨㄥˊ	戰鬥異特龍	-6.17843815	acg
ㄓㄢˋ-ㄉㄡˋ-ㄧˋ-ㄌㄨㄥˊ	戰鬥翼龍	-6.60980192	acg
ㄓㄢˋ-ㄉㄡˋ-ㄐㄧㄣ-ㄍㄤ	戰鬥金剛	-6.60980192	acg
ㄓㄢˋ-ㄉㄡˋ-ㄔㄤˊ-ㄇㄠˊ-ㄒㄧㄤˋ	戰鬥長毛象	-6.17843815	acg
ㄓㄢˋ-ㄉㄡˋ-ㄓㄤˇ-ㄧㄚˊ-ㄏㄨ	戰鬥長牙虎	-6.17843815	acg
ㄓㄢˋ-ㄉㄡˋ-ㄊㄨㄛˊ-ㄌㄨㄛˊ	戰鬥陀螺	-6.60980192	acg
ㄓㄢˋ-ㄉㄡˋ-ㄒㄩㄝ	戰鬥靴	-7.04116568	acg
ㄓㄢˋ-ㄏㄨㄣˊ	戰魂	-7.17149945	acg
ㄓㄢˋ-ㄍㄨˇ-ㄆㄚ-ㄉㄚˇ-ㄆㄥˋ	戰鼓啪打碰	-6.17843815	acg
ㄉㄞˋ-ㄋㄞˇ-ㄓㄠ	戴乃昭	-7.04116568	acg
ㄉㄞˋ-ㄉㄜˊ-ㄌㄚ-ㄙ	戴得拉斯	-6.60980192	acg
ㄉㄞˋ-ㄣ-ㄈㄨ-ㄈㄨˋ	戴恩夫婦	-6.60980192	acg
ㄉㄞˋ-ㄨㄣˊ	戴文	-7.17149945	acg
ㄉㄞˋ-ㄙ-ㄊㄜˋ-ㄌㄚ	戴斯特拉	-6.60980192	acg
ㄉㄞˋ-ㄙ-ㄇㄚˇ-ㄙ-ㄊㄜˋ	戴斯瑪斯特	-6.17843815	acg
ㄉㄞˋ-ㄎㄨㄣ	戴昆	-7.17149945	acg
ㄉㄞˋ-ㄌㄧㄣˊ-ㄍㄜˊ	戴林格	-7.04116568	acg
ㄉㄞˋ-ㄙㄣ	戴森	-7.17149945	acg
ㄉㄞˋ-ㄦˇ-ㄊㄚˇ	戴爾塔	-7.04116568	acg
ㄉㄞˋ-ㄖㄨㄟˋ	戴瑞	-7.17149945	acg
ㄉㄞˋ-ㄖㄨㄟˋ-ㄦˇ	戴瑞爾	-7.04116568	acg
ㄉㄞˋ-ㄖㄨㄟˋ-ㄦˇ-ㄒㄧㄠˇ-ㄉㄨㄟˋ	戴瑞爾小隊	-6.17843815	acg
ㄉㄞˋ-ㄇㄚˇ	戴瑪	-7.17149945	acg
ㄉㄞˋ-ㄌㄧˋ-ㄧㄚˋ	戴莉婭	-7.04116568	acg
ㄉㄞˋ-ㄇㄥˊ	戴蒙	-7.17149945	acg
ㄉㄞˋ-ㄇㄚˇ-ㄨㄣ	戴馬溫	-7.04116568	acg
ㄉㄞˋ-ㄌㄨˇ-ㄙ-ㄊㄨㄥ	戴魯斯通	-6.60980192	acg
ㄏㄨˋ-ㄓㄤ-ㄌㄧㄢˊ	戶張蓮	-7.04116568	acg
ㄏㄨˋ-ㄍㄠ	戶高	-7.17149945	acg
ㄈㄤˊ-ㄗ˙-ㄕㄡˋ	房子獸	-7.04116568	acg
ㄙㄨㄛˇ-ㄧㄡˇ-ㄑㄧˊ-ㄐㄧ-ㄉㄜ˙-ㄑㄧˇ-ㄉㄧㄢˇ	所有奇蹟的起點	-5.74707439	acg
ㄕㄢˋ-ㄒㄧˇ-ㄅㄧˋ	扇喜碧	-7.04116568	acg
ㄕㄢˋ-ㄍㄨˇ-ㄓㄨㄥ-ㄊㄢˊ-ㄓㄥˋ	扇谷柊彈正	-6.17843815	acg
ㄕㄡˇ-ㄌㄧㄡˊ-ㄉㄢˋ-ㄐㄧ-ㄉㄡˋ-ㄇㄛˊ-ㄕˋ	手榴彈激鬥模式	-5.74707439	acg
ㄕㄡˇ-ㄑㄧㄤ-ㄕㄜˋ-ㄐㄧˋ-ㄊㄨˊ	手槍設計圖	-6.17843815	acg
ㄕㄡˇ-ㄑㄧㄤ-ㄌㄟˋ	手槍類	-7.04116568	acg
ㄕㄡˇ-ㄏㄨㄚˋ-ㄐㄧㄣ	手畫津	-7.04116568	acg
ㄕㄡˇ-ㄅㄧㄠˇ-ㄕㄡˋ	手錶獸	-7.04116568	acg
ㄘㄞˊ-ㄩˇ-ㄊㄠˊ-ㄐㄧㄥˇ	才羽桃井	-6.60980192	acg
ㄓㄚ-ㄋㄚˋ-ㄎㄜˋ	扎納克	-7.04116568	acg
ㄓㄚ-ㄐㄧㄚ-ㄌㄚ	扎迦拉	-7.04116568	acg
ㄉㄚˇ-ㄉㄠˇ-ㄇㄟˋ-ㄇㄛˊ-ㄉㄜ˙	打倒魅魔的	-6.17843815	acg
ㄊㄨㄛ-ㄌㄧˋ-ㄌㄧˇ-ㄢ-ㄊㄜˋ	托利里安特	-6.17843815	acg
ㄊㄨㄛ-ㄊㄚˇ-ㄕㄡˋ	托塔獸	-7.04116568	acg
ㄊㄨㄛ-ㄣ	托恩	-7.17149945	acg
ㄊㄨㄛ-ㄊㄨㄛ	托托	-7.17149945	acg
ㄊㄨㄛ-ㄊㄨㄛ-ㄈㄤ-ㄅㄧˋ-ㄊㄢˇ-ㄨㄤˊ-ㄍㄨㄛˊ	托托方畢坦王國	-5.74707439	acg
ㄊㄨㄛ-ㄌㄚ-ㄈㄚˇ-ㄦˇ-ㄐㄧㄚ	托拉法爾加	-6.17843815	acg
ㄊㄨㄛ-ㄙ	托斯	-7.17149945	acg
ㄊㄨㄛ-ㄌㄧㄣˊ-ㄎㄚˇ-ㄇㄨˇ	托林卡姆	-6.60980192	acg
ㄊㄨㄛ-ㄅㄧˇ	托比	-7.17149945	acg
ㄊㄨㄛ-ㄅㄧˇ-ㄧㄚˇ	托比亞	-7.04116568	acg
ㄊㄨㄛ-ㄅㄧˇ-ㄧㄚˇ-ㄙ	托比亞斯	-6.60980192	acg
ㄊㄨㄛ-ㄅㄧˇ-ㄡ	托比歐	-7.04116568	acg
ㄊㄨㄛ-ㄆㄛ	托波	-7.17149945	acg
ㄊㄨㄛ-ㄌㄨㄛˋ-ㄙ	托洛斯	-7.04116568	acg
ㄊㄨㄛ-ㄦˇ	托爾	-7.17149945	acg
ㄊㄨㄛ-ㄦˇ-ㄐㄧˊ-ㄙ	托爾吉斯	-6.60980192	acg
ㄊㄨㄛ-ㄇㄚˇ	托瑪	-7.17149945	acg
ㄊㄨㄛ-ㄨㄚˇ-ㄋㄚˋ	托瓦那	-7.04116568	acg
ㄊㄨㄛ-ㄇㄧˇ	托米	-7.17149945	acg
ㄊㄨㄛ-ㄇㄧˇ-ㄋㄨㄛˋ	托米諾	-7.04116568	acg
ㄊㄨㄛ-ㄨㄟˊ-ㄦˇ-ㄉㄜ˙-ㄕ-ㄌㄨㄛˋ-ㄓ-ㄔㄥˊ	托維爾的失落之城	-5.74707439	acg
ㄊㄨㄛ-ㄌㄧˋ	托莉	-7.17149945	acg
ㄊㄨㄛ-ㄌㄧˋ-ㄕㄚ	托莉莎	-7.04116568	acg
ㄊㄨㄛ-ㄌㄞˊ-ㄣ	托萊恩	-7.04116568	acg
ㄊㄨㄛ-ㄌㄧˇ-ㄅㄚ-ㄋㄨㄛˋ	托裡巴諾	-6.60980192	acg
ㄊㄨㄛ-ㄌㄧˇ-ㄊㄨㄛ	托里托	-7.04116568	acg
ㄊㄨㄛ-ㄌㄟˊ-ㄙ	托雷斯	-7.04116568	acg
ㄊㄨㄛ-ㄌㄟˊ-ㄅㄛ-ㄦˇ	托雷波爾	-6.60980192	acg
ㄊㄨㄛ-ㄇㄚˇ-ㄊㄨㄛ	托馬托	-7.04116568	acg
ㄊㄨㄛ-ㄌㄨˇ	托魯	-7.17149945	acg
ㄋㄧㄡˇ-ㄑㄩ-ㄘㄨㄥˊ-ㄌㄧㄣˊ	扭曲叢林	-6.60980192	acg
ㄋㄧㄡˇ-ㄑㄩ-ㄙㄣ-ㄌㄧㄣˊ	扭曲森林	-6.60980192	acg
ㄋㄧㄡˇ-ㄑㄩ-ㄕㄨˋ-ㄖㄣˊ	扭曲樹人	-6.60980192	acg
ㄅㄢ-ㄕㄡˇ-ㄔㄨㄟˊ-ㄇㄠˊ	扳手鎚矛	-6.60980192	acg
ㄅㄚˇ-ㄆㄨ	把噗	-7.17149945	acg
ㄓㄨㄚ-ㄎㄨㄤˊ-ㄧ-ㄗㄨˊ	抓狂一族	-6.60980192	acg
ㄓㄨㄚ-ㄎㄨㄤˊ-ㄧˋ-ㄗㄨˊ	抓狂一族	-7.10980192	acg
ㄓㄨㄚ-ㄑㄧㄢˊ-ㄏㄨㄛˊ-ㄉㄨㄥˋ	抓錢活動	-6.60980192	acg
ㄓㄨㄚ-ㄍㄨㄟˇ-ㄊㄧㄢ-ㄍㄡˇ-ㄅㄤ	抓鬼天狗幫	-6.17843815	acg
ㄎㄤˋ-ㄅㄚˋ-ㄌㄧㄢˊ-ㄇㄥˊ	抗霸聯盟	-6.60980192	acg
ㄆㄧ-ㄈㄥ-ㄓㄢˋ-ㄕˋ-ㄍㄨㄟ-ㄌㄞˊ	披風戰士歸來	-5.74707439	acg
ㄊㄞˊ-ㄊㄡˊ-ㄒㄧㄢˇ-ㄕˋ-ㄑㄧˋ	抬頭顯示器	-6.17843815	acg
ㄇㄛˇ-ㄒㄧㄠ-ㄧㄥ-ㄒㄩㄥˊ	抹消英雄	-6.60980192	acg
ㄧㄚ-ㄕㄨㄟˇ-ㄐㄧㄚ-ㄉㄞˋ-ㄗˇ	押水佳代子	-6.17843815	acg
ㄧㄚ-ㄕㄨㄟˇ-ㄓˋ-ㄧㄝˇ	押水智也	-6.60980192	acg
ㄧㄚ-ㄕㄨㄟˇ-ㄘㄞˋ-ㄗˇ	押水菜子	-6.60980192	acg
ㄧㄚ-ㄕㄨㄟˇ-ㄩˋ-ㄇㄧㄥˊ	押水裕明	-6.60980192	acg
ㄧㄚ-ㄕㄨㄟˇ-ㄇㄚˊ-ㄋㄞˋ	押水麻奈	-6.60980192	acg
ㄧㄚ-ㄊㄧㄢˊ-ㄌㄧㄡˊ-ㄍㄜ	押田流歌	-6.60980192	acg
ㄔㄞ-ㄔㄨˊ-ㄓㄚˋ-ㄉㄢˋ	拆除炸彈	-6.60980192	acg
ㄌㄚ-ㄅㄛˊ-ㄖㄨㄟˋ-ㄙ	拉伯瑞斯	-6.60980192	acg
ㄌㄚ-ㄒㄧㄡ-ㄅㄚ-ㄌㄟˊ	拉修巴雷	-6.60980192	acg
ㄌㄚ-ㄎㄜˋ-ㄊㄨㄛ	拉克托	-7.04116568	acg
ㄌㄚ-ㄎㄜˋ-ㄦˇ	拉克爾	-7.04116568	acg
ㄌㄚ-ㄎㄜˋ-ㄙ	拉克絲	-7.04116568	acg
ㄌㄚ-ㄎㄞˇ-ㄦˇ	拉凱爾	-7.04116568	acg
ㄌㄚ-ㄎㄚˇ-ㄙ	拉卡斯	-7.04116568	acg
ㄌㄚ-ㄍㄨˇ-ㄋㄚˋ	拉古納	-7.04116568	acg
ㄌㄚ-ㄍㄨˇ-ㄋㄚˋ-ㄒㄧㄥˊ	拉古那型	-6.60980192	acg
ㄌㄚ-ㄒㄧㄚˋ	拉夏	-7.17149945	acg
ㄌㄚ-ㄉㄨㄛ-ㄋㄧˊ	拉多尼	-7.04116568	acg
ㄌㄚ-ㄈㄨ-ㄇㄞˋ-ㄉㄧˊ	拉夫邁迪	-6.60980192	acg
ㄌㄚ-ㄑㄧˊ-ㄧㄚˇ	拉奇亞	-7.04116568	acg
ㄌㄚ-ㄇㄨˇ	拉姆	-7.17149945	acg
ㄌㄚ-ㄇㄨˇ-ㄙ	拉姆斯	-7.04116568	acg
ㄌㄚ-ㄇㄨˇ-ㄒㄧ-ㄙ-ㄦˋ-ㄕˋ	拉姆西斯二世	-5.74707439	acg
ㄌㄚ-ㄇㄨˇ-ㄉㄚˊ-ㄙ	拉姆達斯	-6.60980192	acg
ㄌㄚ-ㄋㄚˋ-ㄕㄡˋ	拉娜獸	-7.04116568	acg
ㄌㄚ-ㄎㄡˋ	拉寇	-7.17149945	acg
ㄌㄚ-ㄋㄧˊ-ㄣ	拉尼恩	-7.04116568	acg
ㄌㄚ-ㄅㄚ-ㄅㄛˊ	拉巴伯	-7.04116568	acg
ㄌㄚ-ㄅㄨˋ-ㄌㄚ	拉布拉	-7.04116568	acg
ㄌㄚ-ㄅㄨˋ-ㄎㄜ-ㄈㄨˊ	拉布科芙	-6.60980192	acg
ㄌㄚ-ㄆㄚˋ-ㄆㄚˋ-ㄇㄨˇ-ㄕㄣˊ	拉帕帕母神	-6.17843815	acg
ㄌㄚ-ㄉㄧˋ-ㄗ	拉帝茲	-7.04116568	acg
ㄌㄚ-ㄈㄨˊ-ㄌㄟˊ-ㄒㄧ-ㄧㄚˋ	拉弗雷西亞	-6.17843815	acg
ㄌㄚ-ㄐㄧㄝˊ-ㄊㄜˋ-ㄩˇ-ㄎㄜˋ-ㄌㄚ-ㄎㄜˋ	拉捷特與克拉克	-5.74707439	acg
ㄌㄚ-ㄊㄧˊ-ㄋㄨˇ-ㄙ	拉提努斯	-6.60980192	acg
ㄌㄚ-ㄙ-ㄉㄨㄛ	拉斯多	-7.04116568	acg
ㄌㄚ-ㄙ-ㄆㄨˇ-ㄊㄧㄥˊ	拉斯普廷	-6.60980192	acg
ㄌㄚ-ㄙ-ㄋㄚˋ-ㄌㄧˋ-ㄡ	拉斯納利歐	-6.17843815	acg
ㄌㄚ-ㄙ-ㄈㄟ-ㄇㄚˇ	拉斯飛馬	-6.60980192	acg
ㄌㄚ-ㄎㄨㄣ-ㄕˋ	拉昆市	-7.04116568	acg
ㄌㄚ-ㄍㄜˊ-ㄋㄚˋ	拉格那	-7.04116568	acg
ㄌㄚ-ㄡ-ㄈㄣ	拉歐芬	-7.04116568	acg
ㄌㄚ-ㄅㄧˇ-ㄋㄧㄝˋ	拉比涅	-7.04116568	acg
ㄌㄚ-ㄨㄣ-ㄉㄜˊ	拉溫德	-7.04116568	acg
ㄌㄚ-ㄦˇ-ㄒㄧㄢ-ㄕㄥ	拉爾先生	-6.60980192	acg
ㄌㄚ-ㄊㄜˋ-ㄨㄟˊ-ㄗ	拉特維茲	-6.60980192	acg
ㄌㄚ-ㄊㄜˋ-ㄨㄟˊ-ㄌㄧˇ-ㄧㄚˇ	拉特維里亞	-6.17843815	acg
ㄌㄚ-ㄙㄜˋ-ㄦˇ	拉瑟爾	-7.04116568	acg
ㄌㄚ-ㄇㄚˇ-ㄙ	拉瑪斯	-7.04116568	acg
ㄌㄚ-ㄇㄚˇ-ㄉㄚˊ	拉瑪達	-7.04116568	acg
ㄌㄚ-ㄆㄧˊ-ㄋㄨˇ	拉皮努	-7.04116568	acg
ㄌㄚ-ㄐㄧㄝˊ-ㄦˇ-ㄕㄡˋ	拉結爾獸	-6.60980192	acg
ㄌㄚ-ㄙ-ㄉㄞˋ-ㄦˊ	拉絲黛兒	-6.60980192	acg
ㄌㄚ-ㄓㄜˇ-ㄐㄩㄝˊ-ㄑㄧˇ	拉者崛起	-6.60980192	acg
ㄌㄚ-ㄈㄨˊ-ㄊㄚˇ-ㄌㄧˋ-ㄧㄚˇ	拉芙塔莉雅	-6.17843815	acg
ㄌㄚ-ㄈㄨˊ-ㄊㄜˋ	拉芙特	-7.04116568	acg
ㄌㄚ-ㄈㄨˊ-ㄌㄧㄥˊ	拉芙鈴	-7.04116568	acg
ㄌㄚ-ㄖㄨˊ-ㄍㄨㄛˇ	拉茹果	-7.04116568	acg
ㄌㄚ-ㄇㄛˋ-ㄦˇ-ㄕㄡˋ	拉莫爾獸	-6.60980192	acg
ㄌㄚ-ㄈㄟ	拉菲	-7.17149945	acg
ㄌㄚ-ㄇㄥˊ	拉蒙	-7.17149945	acg
ㄌㄚ-ㄙㄚˋ-ㄊㄜˋ	拉薩特	-7.04116568	acg
ㄌㄚ-ㄓㄢ	拉詹	-7.17149945	acg
ㄌㄚ-ㄅㄟˋ-ㄧㄡ	拉貝優	-7.04116568	acg
ㄌㄚ-ㄍㄨㄟˋ-ㄦˇ-ㄕㄡˋ	拉貴爾獸	-6.60980192	acg
ㄌㄚ-ㄈㄟˋ-ㄦˇ	拉費爾	-7.04116568	acg
ㄌㄚ-ㄌㄨˋ-ㄎㄜˇ	拉路可	-7.04116568	acg
ㄌㄚ-ㄉㄧˊ-ㄙ	拉迪斯	-7.04116568	acg
ㄌㄚ-ㄉㄠˋ-ㄦˇ	拉道爾	-7.04116568	acg
ㄌㄚ-ㄉㄚˊ-ㄇㄟˊ-ㄙ	拉達梅斯	-6.60980192	acg
ㄌㄚ-ㄧㄚˇ	拉雅	-7.17149945	acg
ㄌㄚ-ㄇㄚˇ-ㄋㄚˋ-ㄙㄣ	拉馬納森	-6.60980192	acg
ㄌㄚ-ㄇㄧㄢˋ-ㄍㄨㄞˋ	拉麵怪	-7.04116568	acg
ㄐㄩˋ-ㄐㄩㄝˊ-ㄔㄥˊ	拒絕城	-7.04116568	acg
ㄊㄨㄛ-ㄒㄧㄢˋ	拖線	-7.17149945	acg
ㄊㄨㄛ-ㄒㄧㄢˋ-ㄎㄨㄤˊ-ㄒㄧㄤˇ-ㄑㄩˇ	拖線狂想曲	-6.17843815	acg
ㄊㄨㄛ-ㄒㄧㄢˋ-ㄩˋ-ㄕㄤˋ-ㄍㄨㄟˇ-ㄏㄨㄛˇ	拖線遇上鬼火	-5.74707439	acg
ㄓㄠ-ㄒㄩㄝˋ-ㄓㄜˇ	招穴者	-7.04116568	acg
ㄅㄞˋ-ㄧㄚˇ-ㄌㄢˊ	拜亞藍	-7.04116568	acg
ㄅㄞˋ-ㄧㄣ-ㄅㄟˋ-ㄌㄨˇ-ㄎㄜˋ	拜因貝魯克	-6.17843815	acg
ㄅㄞˋ-ㄧㄝˋ-ㄊㄜˋ	拜葉特	-7.04116568	acg
ㄓㄥˇ-ㄧㄝˋ-ㄏㄠˋ	拯夜號	-7.04116568	acg
ㄓㄥˇ-ㄐㄧㄡˋ-ㄉㄨㄟˋ	拯救隊	-7.04116568	acg
ㄑㄩㄢˊ-ㄏㄨㄤˊ	拳蝗	-7.17149945	acg
ㄎㄠˇ-ㄅㄟˋ-ㄖㄣˇ-ㄓㄜˇ	拷貝忍者	-6.60980192	acg
ㄆㄧㄣ-ㄇㄧㄥˋ-ㄌㄤˊ-ㄩㄝ-ㄏㄢˋ-ㄋㄧˊ	拼命郎約翰尼	-5.74707439	acg
ㄋㄚˊ-ㄏㄚ-ㄋㄚˋ	拿哈那	-7.04116568	acg
ㄋㄚˊ-ㄉㄨㄛ-ㄌㄧˋ	拿多利	-7.04116568	acg
ㄋㄚˊ-ㄉㄨㄛ-ㄌㄨˋ	拿多露	-7.04116568	acg
ㄋㄚˊ-ㄨㄟ-ㄍㄜˊ-ㄌㄚ-ㄉㄜˊ	拿威格拉德	-6.17843815	acg
ㄋㄚˊ-ㄋㄧˊ-ㄐㄧㄚ	拿尼加	-7.04116568	acg
ㄋㄚˊ-ㄨㄛˋ-ㄋㄚˋ	拿沃納	-7.04116568	acg
ㄋㄚˊ-ㄗ	拿茲	-7.17149945	acg
ㄋㄚˊ-ㄎㄨˋ-ㄌㄨˋ	拿酷戮	-7.04116568	acg
ㄔˊ-ㄊㄧㄢˊ-ㄧㄚˇ-ㄌㄧˇ-ㄕㄚ	持田亞里沙	-6.17843815	acg
ㄔˊ-ㄒㄩˋ-ㄋㄨㄢˇ-ㄐㄧ	持續暖機	-6.60980192	acg
ㄓˇ-ㄋㄢˊ-ㄓㄣ-ㄕㄡˋ	指南針獸	-6.60980192	acg
ㄓˇ-ㄏㄨㄟ-ㄍㄨㄢ-ㄒㄧㄥˊ-ㄓˋ-ㄉㄧㄥˋ-ㄕˋ	指揮官型制定式	-5.74707439	acg
ㄓˇ-ㄏㄨㄟ-ㄍㄨㄢ-ㄍㄤ-ㄉㄢˋ	指揮官鋼彈	-6.17843815	acg
ㄓˇ-ㄌㄨˋ-ㄍㄨㄟˇ	指路鬼	-7.04116568	acg
ㄊㄧㄠ-ㄊㄧ-ㄋㄩˇ-ㄨㄤˊ	挑剔女王	-6.60980192	acg
ㄊㄧㄠˇ-ㄓㄢˋ-ㄇㄛˊ-ㄕˋ	挑戰模式	-6.60980192	acg
ㄘㄨㄛˋ-ㄓㄜˊ-ㄧㄠ	挫折妖	-7.04116568	acg
ㄓㄣˋ-ㄧㄤˊ-ㄗˋ-ㄧㄡˊ	振揚自由	-6.60980192	acg
ㄓㄣˋ-ㄏㄨㄛˇ-ㄕㄣˊ-ㄍㄨㄥ	振火神功	-6.60980192	acg
ㄓㄣˋ-ㄏㄨㄛˇ-ㄕㄣˊ-ㄊㄨㄥ	振火神通	-6.60980192	acg
ㄏㄢˋ-ㄨㄟˋ-ㄓㄜˇ-ㄔㄥˊ-ㄩㄢˊ	捍衛者成員	-6.17843815	acg
ㄅㄨˇ-ㄕㄨˇ	捕鼠	-7.17149945	acg
ㄐㄩㄢˇ-ㄌㄧㄢˊ-ㄐㄧㄤ-ㄐㄩㄣ	捲簾將軍	-6.60980192	acg
ㄐㄧㄝˊ-ㄎㄜˋ-ㄌㄨㄛˊ-ㄇㄨˇ	捷克羅姆	-6.60980192	acg
ㄐㄧㄝˊ-ㄌㄚ-ㄠˋ-ㄌㄚ	捷拉奧拉	-6.60980192	acg
ㄐㄧㄝˊ-ㄈㄥ	捷風	-7.17149945	acg
ㄙㄠˇ-ㄒㄧㄥˋ-ㄉㄜ˙-ㄕ-ㄐㄧㄡˋ-ㄕㄡˋ	掃興的獅鷲獸	-5.74707439	acg
ㄌㄩㄝˋ-ㄕˊ-ㄨㄤˊ	掠食王	-7.04116568	acg
ㄌㄩㄝˋ-ㄕˊ-ㄐㄧㄣ-ㄍㄤ	掠食金剛	-6.60980192	acg
ㄌㄩㄝˋ-ㄌㄨㄥˊ-ㄕㄡˋ	掠龍獸	-7.04116568	acg
ㄘㄞˇ-ㄎㄨㄤˋ-ㄉㄚˋ-ㄕ	採礦大師	-6.60980192	acg
ㄊㄢˋ-ㄓ-ㄓㄨㄤ	探之裝	-7.04116568	acg
ㄊㄢˋ-ㄘㄜˋ-ㄐㄧ	探測機	-7.04116568	acg
ㄊㄢˋ-ㄙㄨㄛˇ-ㄐㄧㄥ-ㄌㄧㄥˊ	探索精靈	-6.60980192	acg
ㄊㄢˋ-ㄙㄨㄛˇ-ㄓㄜˇ	探索者	-7.04116568	acg
ㄊㄢˋ-ㄧㄡˊ-ㄎㄜ-ㄐㄧˋ	探遊科技	-6.60980192	acg
ㄐㄧㄝ-ㄓㄜ˙-ㄇㄞˋ-ㄒㄧㄤˋ-ㄔㄨㄢˊ-ㄕㄨㄛ	接著邁向傳說	-5.74707439	acg
ㄐㄧㄝ-ㄍㄨㄢ-ㄑㄩㄢˋ	接關券	-7.04116568	acg
ㄎㄨㄥˋ-ㄙㄨˋ-ㄓㄜˇ	控訴者	-7.04116568	acg
ㄊㄨㄟ-ㄋㄧˊ-ㄋㄞˋ	推尼奈	-7.04116568	acg
ㄊㄨㄟ-ㄋㄧˊ-ㄙ-ㄌㄧˇ	推尼斯里	-6.60980192	acg
ㄊㄨㄟ-ㄋㄧˊ-ㄗ	推尼滋	-7.04116568	acg
ㄊㄨㄟ-ㄋㄧˊ-ㄧㄝˊ-ㄊㄜˋ	推尼耶特	-6.60980192	acg
ㄊㄨㄟ-ㄋㄧˊ-ㄙㄞˋ-ㄇㄣˊ	推尼賽門	-6.60980192	acg
ㄊㄨㄟ-ㄊㄜˋ-ㄕㄡˋ	推特獸	-7.04116568	acg
ㄊㄨㄟ-ㄊㄨㄛ-ㄒㄧㄢ-ㄖㄣˊ	推託仙人	-6.60980192	acg
ㄊㄨㄟ-ㄌㄨˇ-ㄈㄨˊ	推魯弗	-7.04116568	acg
ㄐㄧㄢ-ㄙㄢ-ㄗㄤˋ	揃三藏	-7.04116568	acg
ㄗㄡˋ-ㄉㄧˊ-ㄎㄜˋ	揍敵客	-7.04116568	acg
ㄊㄧˊ-ㄧㄚˇ-ㄅㄛ-ㄌㄨㄛˊ	提亞波羅	-6.60980192	acg
ㄊㄧˊ-ㄧㄚˇ-ㄌㄨˋ-ㄉㄜˊ-ㄕㄡˋ	提亞路德獸	-6.17843815	acg
ㄊㄧˊ-ㄅㄛˊ-ㄦˇ-ㄊㄜˋ	提伯爾特	-6.60980192	acg
ㄊㄧˊ-ㄌㄜˋ	提勒	-7.17149945	acg
ㄊㄧˊ-ㄊㄨˊ-ㄙ	提圖斯	-7.04116568	acg
ㄊㄧˊ-ㄑㄧˊ	提奇	-7.17149945	acg
ㄊㄧˊ-ㄌㄚ-ㄇㄧˇ-ㄙㄨ-ㄓㄤˇ-ㄌㄠˇ	提拉米蘇長老	-5.74707439	acg
ㄊㄧˊ-ㄌㄚ-ㄋㄨㄛˋ-ㄧ-ㄉㄜˊ	提拉諾伊德	-6.17843815	acg
ㄊㄧˊ-ㄊㄧˊ-ㄋㄧˊ-ㄙ	提提妮絲	-6.60980192	acg
ㄊㄧˊ-ㄇㄛˊ	提摩	-7.17149945	acg
ㄊㄧˊ-ㄍㄜ	提歌	-7.17149945	acg
ㄊㄧˊ-ㄍㄜ-ㄅㄢ-ㄉㄨㄣˋ	提歌班頓	-6.60980192	acg
ㄊㄧˊ-ㄉㄥ-ㄍㄨㄞˋ	提燈怪	-7.04116568	acg
ㄊㄧˊ-ㄦˇ-ㄇㄧˋ-ㄊㄜˋ	提爾密特	-6.60980192	acg
ㄊㄧˊ-ㄧㄝˊ-ㄌㄧˋ-ㄧㄚˇ	提耶利亞	-6.60980192	acg
ㄊㄧˊ-ㄞˋ-ㄦˇ-ㄈㄚˇ	提艾爾法	-6.60980192	acg
ㄊㄧˊ-ㄊㄡˋ-ㄏㄚ-ㄕㄢ	提透哈山	-6.60980192	acg
ㄊㄧˊ-ㄌㄧˇ-ㄙ-ㄈㄚˇ	提里斯法	-6.60980192	acg
ㄧㄤˊ-ㄎㄜˋ-ㄙ	揚克斯	-7.04116568	acg
ㄧㄤˊ-ㄍㄨˇ	揚古	-7.17149945	acg
ㄏㄨㄟ-ㄐㄧˊ-ㄇㄛˊ-ㄕˋ	揮擊模式	-6.60980192	acg
ㄙㄨㄣˇ-ㄏㄞˋ-ㄎㄨㄥˋ-ㄓˋ-ㄅㄨˋ	損害控制部	-6.17843815	acg
ㄧㄠˊ-ㄅㄞˇ-ㄉㄨㄥ-ㄑㄧˊ-ㄍㄤ	搖擺咚奇剛	-6.17843815	acg
ㄧㄠˊ-ㄧˋ-ㄓㄨㄤ-ㄉㄜ˙-ㄧㄡ-ㄋㄞˋ-ㄒㄧㄠˇ-ㄐㄧㄝˇ	搖曳莊的幽奈小姐	-5.74707439	acg
ㄧㄠˊ-ㄍㄨㄣˇ-ㄓ-ㄕㄣˊ	搖滾之神	-6.60980192	acg
ㄧㄠˊ-ㄍㄨㄣˇ-ㄩㄝˋ-ㄕˋ-ㄕㄨˊ-ㄋㄩˇ-ㄉㄜ˙-ㄕˋ-ㄏㄠˋ	搖滾樂是淑女的嗜好	-5.74707439	acg
ㄧㄠˊ-ㄍㄨㄣˇ-ㄅㄟˋ-ㄙ	搖滾貝斯	-6.60980192	acg
ㄉㄠˇ-ㄉㄢˋ-ㄐㄧㄥ	搗蛋精	-7.04116568	acg
ㄙㄡ-ㄔㄚˊ-ㄧ-ㄎㄜˋ	搜查一課	-6.60980192	acg
ㄙㄡ-ㄔㄚˊ-ㄧˊ-ㄎㄜˋ	搜查一課	-7.10980192	acg
ㄙㄡ-ㄙㄨㄛˇ-ㄕㄡˋ	搜索獸	-7.04116568	acg
ㄙㄡ-ㄇㄛˊ-ㄏㄨˋ-ㄉㄨㄣˋ	搜魔護盾	-6.60980192	acg
ㄙㄡ-ㄇㄛˊ-ㄐㄩㄣ-ㄉㄠ	搜魔軍刀	-6.60980192	acg
ㄙㄡ-ㄇㄛˊ-ㄍㄤ-ㄉㄢˋ	搜魔鋼彈	-6.60980192	acg
ㄑㄧㄤˇ-ㄉㄨㄛˊ-ㄋㄧㄠˇ	搶奪鳥	-7.04116568	acg
ㄑㄧㄤˇ-ㄐㄧㄡˋ-ㄊㄨㄢˊ-ㄉㄨㄟˋ	搶救團隊	-6.60980192	acg
ㄑㄧㄤˇ-ㄐㄧㄡˋ-ㄌㄠˇ-ㄇㄚ-ㄉㄚˋ-ㄗㄨㄛˋ-ㄓㄢˋ	搶救老媽大作戰	-5.74707439	acg
ㄇㄛˊ-ㄖㄣˊ-ㄌㄨㄛˊ-ㄕㄡˋ	摩仁羅獸	-6.60980192	acg
ㄇㄛˊ-ㄌㄧˋ-ㄙ	摩利斯	-7.04116568	acg
ㄇㄛˊ-ㄊㄨㄛ-ㄈㄥ-ㄅㄠˋ	摩托風暴	-6.60980192	acg
ㄇㄛˊ-ㄌㄚ-ㄌㄧˋ-ㄧㄚˇ	摩拉利亞	-6.60980192	acg
ㄇㄛˊ-ㄌㄚ-ㄙ	摩拉斯	-7.04116568	acg
ㄇㄛˊ-ㄍㄣ-ㄌㄜˋ-ㄈㄟ	摩根勒菲	-6.60980192	acg
ㄇㄛˊ-ㄍㄣ-ㄊㄜˋ	摩根特	-7.04116568	acg
ㄇㄛˊ-ㄍㄣ-ㄌㄟˊ-ㄊㄧˊ-ㄕㄜˋ	摩根雷堤社	-6.17843815	acg
ㄇㄛˊ-ㄍㄣ-ㄉㄨㄣˋ	摩根頓	-7.04116568	acg
ㄇㄛˊ-ㄅㄧˇ	摩比	-7.17149945	acg
ㄇㄛˊ-ㄖㄨㄟˋ-ㄌㄚ	摩瑞拉	-7.04116568	acg
ㄇㄛˊ-ㄉㄥ-ㄉㄚˋ-ㄕㄥˋ	摩登大聖	-6.60980192	acg
ㄇㄛˊ-ㄗ	摩茲	-7.17149945	acg
ㄇㄛˊ-ㄐㄧㄣ	摩金	-7.17149945	acg
ㄇㄛˊ-ㄌㄨˇ-ㄊㄜˋ	摩魯特	-7.04116568	acg
ㄇㄛˊ-ㄌㄨˇ-ㄜˊ	摩魯蛾	-7.04116568	acg
ㄔㄢ-ㄗㄚˊ-ㄊㄧˇ	摻雜體	-7.04116568	acg
ㄙㄚ-ㄅㄨˋ-ㄨㄢˊ-ㄉㄜ˙-ㄏㄨㄤˇ	撒不完的謊	-6.17843815	acg
ㄙㄚ-ㄎㄚˇ-ㄌㄢˊ-ㄇㄨˇ	撒卡蘭姆	-6.60980192	acg
ㄙㄚ-ㄎㄚˇ-ㄌㄢˊ-ㄇㄨˇ-ㄉㄜ˙-ㄕㄥˋ-ㄐㄧㄠˋ-ㄐㄩㄣ	撒卡蘭姆的聖教軍	-5.74707439	acg
ㄙㄚ-ㄊㄚˇ-ㄙ-ㄔㄥˊ	撒塔斯城	-6.60980192	acg
ㄙㄚ-ㄉㄨㄛ-ㄍㄜˊ-ㄉㄨˋ-ㄕㄡˋ	撒多格杜獸	-6.17843815	acg
ㄙㄚ-ㄐㄧㄠ-ㄧㄠ-ㄑㄧㄡˊ	撒嬌要求	-6.60980192	acg
ㄙㄚ-ㄌㄨˋ-ㄉㄜˊ	撒路德	-7.04116568	acg
ㄆㄨ-ㄎㄨㄥ-ㄕㄡˋ	撲空獸	-7.04116568	acg
ㄕㄢˋ-ㄔㄤˊ-ㄓㄨㄛ-ㄋㄨㄥˋ-ㄖㄣˊ-ㄉㄜ˙-ㄍㄠ-ㄇㄨˋ-ㄊㄨㄥˊ-ㄒㄩㄝˊ	擅長捉弄人的高木同學	-5.74707439	acg
ㄕㄢˋ-ㄔㄤˊ-ㄗ-ㄊㄨㄥ-ㄐㄧˋ-ㄕㄨˋ	擅長資通技術	-5.74707439	acg
ㄕㄢˋ-ㄔㄤˊ-ㄊㄧ-ㄗㄨˊ-ㄑㄧㄡˊ	擅長踢足球	-6.17843815	acg
ㄘㄠ-ㄗㄨㄛˋ-ㄍㄢˇ	操作桿	-7.04116568	acg
ㄘㄠ-ㄗㄨㄛˋ-ㄒㄧˋ	操作系	-7.04116568	acg
ㄘㄠ-ㄇㄧㄥˊ-ㄕˇ-ㄊㄨˊ	操冥使徒	-6.60980192	acg
ㄘㄠ-ㄓㄜ˙-ㄧ-ㄎㄡˇ-ㄇㄧㄥˊ-ㄍㄨˇ-ㄨ-ㄑㄧㄤ	操著一口名古屋腔	-5.74707439	acg
ㄘㄠ-ㄓㄜ˙-ㄧˋ-ㄎㄡˇ-ㄇㄧㄥˊ-ㄍㄨˇ-ㄨ-ㄑㄧㄤ	操著一口名古屋腔	-6.24707439	acg
ㄘㄠ-ㄒㄧㄝˇ	操血	-7.17149945	acg
ㄑㄧㄥˊ-ㄊㄧㄢ-ㄕㄣˊ-ㄍㄤ-ㄉㄢˋ	擎天神鋼彈	-6.17843815	acg
ㄐㄩˋ-ㄉㄧㄢˇ-ㄍㄨㄥ-ㄌㄩㄝˋ-ㄓㄢˋ	據點攻略戰	-6.17843815	acg
ㄐㄧˇ-ㄆㄨˇ-ㄙㄞ	擠普塞	-7.04116568	acg
ㄋㄧˇ-ㄊㄞˋ-ㄕㄡˋ	擬態獸	-7.04116568	acg
ㄋㄧˇ-ㄚ-ㄎㄚˇ-ㄇㄚˇ	擬阿卡馬	-6.60980192	acg
ㄎㄨㄛˋ-ㄓㄤ-ㄕㄨˋ-ㄕˋ	擴張術式	-6.60980192	acg
ㄎㄨㄛˋ-ㄧㄣ-ㄆㄛˊ	擴音婆	-7.04116568	acg
ㄌㄢˊ-ㄐㄧㄝˊ-ㄐㄧˋ-ㄧˋ-ㄇㄚˇ	攔截記憶碼	-6.17843815	acg
ㄌㄢˊ-ㄌㄨˋ-ㄏㄜˊ-ㄊㄨㄣˊ	攔路河豚	-6.60980192	acg
ㄕㄜˋ-ㄧㄥˇ-ㄕㄡˋ	攝影獸	-7.04116568	acg
ㄕㄜˋ-ㄧㄥˇ-ㄐㄧˊ	攝影集	-7.04116568	acg
ㄐㄧㄠˇ-ㄅㄢˋ-ㄉㄚˋ-ㄕ	攪拌大師	-6.60980192	acg
ㄓ-ㄩㄢˊ-ㄐㄧㄢˋ	支援箭	-7.04116568	acg
ㄕㄡ-ㄓㄞˋ-ㄖㄣˊ	收債人	-7.04116568	acg
ㄕㄡ-ㄒㄩㄣˋ-ㄊㄚˇ	收訊塔	-7.04116568	acg
ㄕㄡ-ㄏㄨㄛˋ-ㄈㄨˋ-ㄗㄜˊ-ㄖㄣˊ	收貨負責人	-6.17843815	acg
ㄍㄞˇ-ㄗㄠˋ-ㄅㄢ-ㄕㄡˇ	改造扳手	-6.60980192	acg
ㄍㄨㄥ-ㄐㄧˊ-ㄖㄣˋ	攻擊刃	-7.04116568	acg
ㄍㄨㄥ-ㄐㄧˊ-ㄓㄜˇ-ㄅㄟ-ㄅㄠ	攻擊者背包	-6.17843815	acg
ㄍㄨㄥ-ㄐㄧˊ-ㄓㄜˇ-ㄓㄨㄤ-ㄅㄟˋ-ㄅㄟ-ㄅㄠ	攻擊者裝備背包	-5.74707439	acg
ㄍㄨㄥ-ㄐㄧˊ-ㄗˋ-ㄧㄡˊ	攻擊自由	-6.60980192	acg
ㄍㄨㄥ-ㄐㄧˊ-ㄓㄨㄤ-ㄅㄟˋ-ㄅㄟ-ㄅㄠ	攻擊裝備背包	-5.74707439	acg
ㄍㄨㄥ-ㄐㄧˊ-ㄓㄨㄤ-ㄅㄟˋ-ㄅㄟ-ㄅㄠ-ㄒㄧˋ-ㄊㄨㄥˇ	攻擊裝備背包系統	-5.74707439	acg
ㄍㄨㄥ-ㄐㄧˊ-ㄍㄤ-ㄉㄢˋ	攻擊鋼彈	-6.60980192	acg
ㄍㄨㄥ-ㄒㄧㄢˋ-ㄓ-ㄕㄣˊ	攻陷之神	-6.60980192	acg
ㄈㄤˋ-ㄔㄨ-ㄒㄧˋ	放出系	-7.04116568	acg
ㄈㄤˋ-ㄒㄩㄝˊ-ㄏㄡˋ-ㄉㄜ˙-ㄊㄧㄢˊ-ㄉㄧㄢˇ-ㄍㄨˋ-ㄕˋ	放學後的甜點故事	-5.74707439	acg
ㄈㄤˋ-ㄒㄩㄝˊ-ㄏㄡˋ-ㄉㄜ˙-ㄊㄧㄢˊ-ㄉㄧㄢˇ-ㄅㄨˋ	放學後的甜點部	-5.74707439	acg
ㄈㄤˋ-ㄆㄧˋ-ㄍㄨㄟˇ-ㄕㄣˊ	放屁鬼神	-6.60980192	acg
ㄈㄤˋ-ㄑㄧˋ-ㄙㄥ	放棄僧	-7.04116568	acg
ㄍㄨˋ-ㄕˋ-ㄍㄤ-ㄉㄢˋ	故事鋼彈	-6.60980192	acg
ㄇㄧㄣˇ-ㄒㄩㄥˊ	敏雄	-7.17149945	acg
ㄐㄧㄡˋ-ㄕˋ-ㄧㄥ-ㄏㄠˊ	救世英豪	-6.60980192	acg
ㄐㄧㄡˋ-ㄩㄢˊ-ㄖㄣˊ-ㄓˋ	救援人質	-6.60980192	acg
ㄐㄧㄡˋ-ㄒㄧㄥ-ㄍㄤ-ㄉㄢˋ	救星鋼彈	-6.60980192	acg
ㄐㄧㄡˋ-ㄋㄢˋ-ㄒㄧㄠˇ-ㄧㄥ-ㄒㄩㄥˊ-ㄠˋ-ㄓㄡ-ㄌㄧˋ-ㄒㄧㄢˇ-ㄐㄧˋ	救難小英雄澳洲歷險記	-5.74707439	acg
ㄠˊ-ㄉㄜˊ-ㄙㄚˋ	敖得薩	-7.04116568	acg
ㄅㄞˋ-ㄅㄟˇ-ㄋㄩˇ-ㄐㄧㄠˇ-ㄊㄞˋ-ㄉㄨㄛ-ㄌㄜ˙	敗北女角太多了	-5.74707439	acg
ㄐㄧㄠˋ-ㄊㄤˊ-ㄉㄜ˙-ㄕㄥˋ-ㄉㄢˋ-ㄓㄨˋ-ㄈㄨˊ	教堂的聖誕祝福	-5.74707439	acg
ㄐㄧㄠˋ-ㄒㄩㄝˊ-ㄇㄛˊ-ㄕˋ	教學模式	-6.60980192	acg
ㄐㄧㄠˋ-ㄌㄧㄢˋ-ㄕㄡˋ	教練獸	-7.04116568	acg
ㄙㄢˋ-ㄅㄠˋ-ㄨㄤˇ-ㄌㄨㄛˋ	散爆網絡	-6.60980192	acg
ㄉㄨㄣ-ㄙ-ㄊㄜˋ	敦斯特	-7.04116568	acg
ㄐㄧㄥˋ-ㄕㄣˊ-ㄇㄛˊ-ㄗㄨˇ	敬神模組	-6.60980192	acg
ㄓㄥˇ-ㄅㄟˋ-ㄕ	整備師	-7.04116568	acg
ㄓㄥˇ-ㄊㄡˊ-ㄓㄥˇ-ㄋㄠˇ	整頭整腦	-6.60980192	acg
ㄉㄧˊ-ㄕˋ-ㄊㄢˊ	敵視彈	-7.04116568	acg
ㄕㄨˋ-ㄨㄟˋ-ㄒㄧㄚˋ-ㄗㄞˇ	數位下載	-6.60980192	acg
ㄕㄨˋ-ㄨㄟˋ-ㄔㄨ-ㄅㄢˇ	數位出版	-6.60980192	acg
ㄕㄨˋ-ㄨㄟˋ-ㄈㄣ-ㄈㄚ	數位分發	-6.60980192	acg
ㄕㄨˋ-ㄨㄟˋ-ㄩˊ-ㄌㄜˋ	數位娛樂	-6.60980192	acg
ㄕㄨˋ-ㄨㄟˋ-ㄇㄟˊ-ㄊㄧˇ	數位媒體	-6.60980192	acg
ㄕㄨˋ-ㄨㄟˋ-ㄜˋ-ㄇㄛˊ-ㄨˋ-ㄩˇ	數位惡魔物語	-5.74707439	acg
ㄕㄨˋ-ㄨㄟˋ-ㄧㄡˇ-ㄒㄧㄢˋ-ㄍㄨㄥ-ㄙ	數位有限公司	-5.74707439	acg
ㄕㄨˋ-ㄨㄟˋ-ㄈㄚ-ㄒㄧㄥˊ	數位發行	-6.60980192	acg
ㄕㄨˋ-ㄨㄟˋ-ㄎㄜ-ㄐㄧˋ	數位科技	-6.60980192	acg
ㄕㄨˋ-ㄨㄟˋ-ㄎㄜ-ㄐㄧˋ-ㄍㄨˇ-ㄈㄣˋ-ㄧㄡˇ-ㄒㄧㄢˋ-ㄍㄨㄥ-ㄙ	數位科技股份有限公司	-5.74707439	acg
ㄕㄨˋ-ㄨㄟˋ-ㄏㄨㄥˊ	數位紅	-7.04116568	acg
ㄕㄨˋ-ㄨㄟˋ-ㄍㄨˇ-ㄈㄣˋ-ㄧㄡˇ-ㄒㄧㄢˋ-ㄍㄨㄥ-ㄙ	數位股份有限公司	-5.74707439	acg
ㄕㄨˋ-ㄨㄟˋ-ㄗ-ㄔㄢˇ	數位資產	-6.60980192	acg
ㄕㄨˋ-ㄨㄟˋ-ㄒㄧㄠ-ㄕㄡˋ	數位銷售	-6.60980192	acg
ㄕㄨˋ-ㄗˋ-ㄒㄧㄥ-ㄎㄨㄥ	數字星空	-6.60980192	acg
ㄕㄨˋ-ㄗˋ-ㄓㄜˇ	數字者	-7.04116568	acg
ㄕㄨˋ-ㄒㄩㄝˊ-ㄐㄧㄠˋ-ㄕ	數學教師	-6.60980192	acg
ㄕㄨˋ-ㄇㄚˇ-ㄎㄚˇ-ㄆㄞˊ	數碼卡牌	-6.60980192	acg
ㄕㄨˋ-ㄇㄚˇ-ㄎㄚˇ-ㄆㄞˊ-ㄍㄜˊ-ㄉㄡˋ	數碼卡牌格鬥	-5.74707439	acg
ㄕㄨˋ-ㄇㄚˇ-ㄗ˙	數碼子	-7.04116568	acg
ㄕㄨˋ-ㄇㄚˇ-ㄅㄠˇ-ㄅㄟˋ-ㄎㄚˇ-ㄆㄞˊ	數碼寶貝卡牌	-5.74707439	acg
ㄕㄨˋ-ㄇㄚˇ-ㄅㄠˇ-ㄅㄟˋ-ㄍㄜˊ-ㄉㄡˋ	數碼寶貝格鬥	-5.74707439	acg
ㄕㄨˋ-ㄇㄚˇ-ㄅㄠˇ-ㄅㄟˋ-ㄨˊ-ㄒㄧㄢˋ-ㄉㄧˋ-ㄉㄞˋ	數碼寶貝無限地帶	-5.74707439	acg
ㄕㄨˋ-ㄇㄚˇ-ㄅㄠˇ-ㄅㄟˋ-ㄒㄧㄡˋ-ㄓㄣ	數碼寶貝袖珍	-5.74707439	acg
ㄕㄨˋ-ㄇㄚˇ-ㄅㄠˇ-ㄅㄟˋ-ㄒㄩㄣˊ-ㄕㄡˋ-ㄕ-ㄓ-ㄨㄤˊ	數碼寶貝馴獸師之王	-5.74707439	acg
ㄕㄨˋ-ㄇㄚˇ-ㄒㄧˋ-ㄅㄠ	數碼戲胞	-6.60980192	acg
ㄕㄨˋ-ㄇㄚˇ-ㄕㄡˋ	數碼獸	-7.04116568	acg
ㄕㄨˋ-ㄇㄚˇ-ㄐㄧㄥ-ㄌㄧㄥˊ	數碼精靈	-6.60980192	acg
ㄕㄨˋ-ㄇㄚˇ-ㄉㄢˋ-ㄕㄡˋ	數碼蛋獸	-6.60980192	acg
ㄕㄨˋ-ㄊㄥˊ-ㄌㄨㄥˊ-ㄔㄣˊ	數藤隆臣	-6.60980192	acg
ㄨㄣˊ-ㄕˋ-ㄉㄚˊ	文士達	-7.04116568	acg
ㄨㄣˊ-ㄏㄨㄟˋ	文惠	-7.17149945	acg
ㄨㄣˊ-ㄧˋ-ㄕㄜˋ	文藝社	-7.04116568	acg
ㄨㄣˊ-ㄧˋ-ㄕㄜˋ-ㄕㄜˋ-ㄓㄤˇ	文藝社社長	-6.17843815	acg
ㄈㄟˇ-ㄦˇ-ㄌㄨㄛˋ-ㄎㄜˋ	斐爾洛克	-6.60980192	acg
ㄅㄢ-ㄨㄣˊ-ㄉㄨˊ-ㄐㄧㄠˇ-ㄕㄡˋ	斑紋獨角獸	-6.17843815	acg
ㄌㄧㄠˋ-ㄌㄧˇ-ㄕㄨˇ-ㄨㄤˊ	料理鼠王	-6.60980192	acg
ㄒㄧㄝˊ-ㄦˋ-ㄅㄛˊ-ㄕˋ	斜二博士	-6.60980192	acg
ㄈㄨˇ-ㄒㄧㄥˊ-ㄘˋ-ㄉㄠ	斧型刺刀	-6.60980192	acg
ㄈㄨˇ-ㄨㄤˊ-ㄇㄛˊ-ㄕˋ	斧王模式	-6.60980192	acg
ㄈㄨˇ-ㄇㄠˊ	斧矛	-7.17149945	acg
ㄓㄢˇ-ㄈㄚˊ-ㄕㄡˋ	斬伐獸	-7.04116568	acg
ㄓㄢˇ-ㄉㄠ-ㄆㄛˋ-ㄏㄨㄞˋ-ㄑㄧㄤ	斬刀破壞槍	-6.17843815	acg
ㄓㄢˇ-ㄊㄧㄢ-ㄕˇ-ㄕㄡˋ	斬天使獸	-6.60980192	acg
ㄓㄢˇ-ㄐㄧˊ-ㄒㄧㄥˊ-ㄙㄚˋ-ㄎㄜˋ-ㄧㄡ-ㄌㄧㄥˊ	斬擊型薩克幽靈	-5.74707439	acg
ㄓㄢˇ-ㄐㄧˊ-ㄒㄧㄥˊ-ㄙㄚˋ-ㄎㄜˋ-ㄓㄢˋ-ㄕˋ	斬擊型薩克戰士	-5.74707439	acg
ㄓㄢˇ-ㄐㄧˊ-ㄒㄧㄥˊ-ㄈㄨˇ-ㄓㄨˋ-ㄓㄨㄤ-ㄅㄟˋ	斬擊型輔助裝備	-5.74707439	acg
ㄓㄢˇ-ㄐㄧˊ-ㄊㄧㄢ-ㄕˇ-ㄕㄡˋ	斬擊天使獸	-6.17843815	acg
ㄓㄢˇ-ㄏㄨㄣˊ-ㄉㄠ	斬魂刀	-7.04116568	acg
ㄓㄢˇ-ㄆㄛˋ-ㄉㄠ	斬魄刀	-7.04116568	acg
ㄙ-ㄎㄞˇ-ㄧ	斯凱依	-7.04116568	acg
ㄙ-ㄎㄚˇ-ㄇㄥˊ	斯卡蒙	-7.04116568	acg
ㄙ-ㄎㄚˇ-ㄇㄥˊ-ㄩㄝˋ-ㄑㄧㄡˊ	斯卡蒙月球	-6.17843815	acg
ㄙ-ㄐㄧˊ-ㄆㄨˇ	斯吉普	-7.04116568	acg
ㄙ-ㄊㄢˇ-ㄙㄨㄛˇ-ㄇㄨˇ-ㄉㄜ˙-ㄐㄩㄝˊ-ㄗㄜˊ	斯坦索姆的抉擇	-5.74707439	acg
ㄙ-ㄊㄚˇ-ㄈㄟ	斯塔飛	-7.04116568	acg
ㄙ-ㄉㄨㄛ-ㄇㄢˋ-ㄉㄡ	斯多曼都	-6.60980192	acg
ㄙ-ㄑㄧˊ-ㄐㄧㄚ	斯奇嘉	-7.04116568	acg
ㄙ-ㄋㄞˋ-ㄉㄜˊ-ㄦˇ	斯奈德爾	-6.60980192	acg
ㄙ-ㄎㄨㄟˊ-ㄚ	斯奎阿	-7.04116568	acg
ㄙ-ㄎㄡˋ-ㄈㄚˊ-ㄙ	斯寇伐斯	-6.60980192	acg
ㄙ-ㄅㄚ-ㄦˇ-ㄉㄚˊ	斯巴爾達	-6.60980192	acg
ㄙ-ㄆㄚˋ-ㄋㄚˋ	斯帕納	-7.04116568	acg
ㄙ-ㄆㄚˋ-ㄉㄚˊ-ㄇㄨˇ	斯帕達姆	-6.60980192	acg
ㄙ-ㄎㄨˋ-ㄗㄜˊ	斯庫澤	-7.04116568	acg
ㄙ-ㄊㄨㄛ-ㄆㄨˇ	斯托普	-7.04116568	acg
ㄙ-ㄊㄨㄛ-ㄌㄨㄛˋ-ㄅㄟˋ-ㄌㄧˇ	斯托洛貝里	-6.17843815	acg
ㄙ-ㄊㄨㄛ-ㄌㄧˋ-ㄧㄚˇ	斯托莉亞	-6.60980192	acg
ㄙ-ㄇㄛˊ-ㄍㄜˊ	斯摩格	-7.04116568	acg
ㄙ-ㄎㄨㄣ-ㄊㄧˊ-ㄧㄚˇ	斯昆提亞	-6.60980192	acg
ㄙ-ㄆㄨˇ-ㄖㄨㄢˇ-ㄐㄧㄢˋ	斯普軟件	-6.60980192	acg
ㄙ-ㄍㄜˊ-ㄌㄧˋ-ㄐㄧㄚ	斯格利加	-6.60980192	acg
ㄙ-ㄆㄛ-ㄧ-ㄌㄨˇ	斯波依魯	-6.60980192	acg
ㄙ-ㄌㄨㄛˋ-ㄙ	斯洛思	-7.04116568	acg
ㄙ-ㄌㄨㄛˋ-ㄨ-ㄙ	斯洛烏斯	-6.60980192	acg
ㄙ-ㄨㄣ	斯溫	-7.17149945	acg
ㄙ-ㄆㄢ-ㄉㄚˊ-ㄧㄣ	斯潘達因	-6.60980192	acg
ㄙ-ㄊㄜˋ-ㄌㄧㄡˊ-ㄙ	斯特琉斯	-6.60980192	acg
ㄙ-ㄊㄜˋ-ㄌㄟˊ-ㄐㄧㄚ	斯特雷加	-6.60980192	acg
ㄙ-ㄨㄚˇ-ㄌㄨˇ-ㄗ	斯瓦魯茲	-6.60980192	acg
ㄙ-ㄆㄧˊ-ㄌㄜˋ	斯皮勒	-7.04116568	acg
ㄙ-ㄎㄜ-ㄙ-ㄍㄜˊ-ㄌㄨㄣˊ	斯科斯格倫	-6.17843815	acg
ㄙ-ㄇㄧˇ-ㄦˇ-ㄋㄨㄛˋ-ㄈㄨ	斯米爾諾夫	-6.17843815	acg
ㄙ-ㄨㄟˊ-ㄦˇ	斯維爾	-7.04116568	acg
ㄙ-ㄇㄞˋ-ㄌㄞˊ-ㄙ	斯邁萊斯	-6.60980192	acg
ㄒㄧㄣ-ㄕˋ-ㄐㄧˋ-ㄈㄨˊ-ㄧㄣ-ㄓㄢˋ-ㄕˋ	新世紀福音戰士	-5.74707439	acg
ㄒㄧㄣ-ㄕˋ-ㄐㄧˋ-ㄈㄨˊ-ㄧㄣ-ㄓㄢˋ-ㄕˋ-ㄐㄩˋ-ㄔㄤˇ-ㄅㄢˇ	新世紀福音戰士劇場版	-5.74707439	acg
ㄒㄧㄣ-ㄐㄧㄡˇ-ㄌㄤˊ	新九郎	-7.04116568	acg
ㄒㄧㄣ-ㄑㄩㄢˊ-ㄇㄧㄣˊ-ㄍㄨㄥ-ㄉㄧˊ	新全民公敵	-6.17843815	acg
ㄒㄧㄣ-ㄇㄠˋ-ㄒㄧㄢˇ-ㄓ-ㄇㄣˊ	新冒險之門	-6.17843815	acg
ㄒㄧㄣ-ㄐㄧㄚ-ㄆㄛ-ㄒㄧㄥ-ㄍㄨㄤ-ㄅㄨˋ-ㄉㄨㄟˋ	新加坡星光部隊	-5.74707439	acg
ㄒㄧㄣ-ㄩㄥˇ-ㄓㄜˇ-ㄌㄞˊ-ㄊㄧㄥ	新勇者萊汀	-6.17843815	acg
ㄒㄧㄣ-ㄊㄤˊ-ㄐㄧㄣˇ	新堂堇	-7.04116568	acg
ㄒㄧㄣ-ㄑㄧ-ㄏㄨㄟˋ-ㄧ-ㄦˊ	新妻惠一兒	-6.17843815	acg
ㄒㄧㄣ-ㄑㄧ-ㄏㄨㄟˋ-ㄧˋ-ㄦˊ	新妻惠一兒	-6.67843815	acg
ㄒㄧㄣ-ㄗˇ-ㄩˇ-ㄑㄧㄢ-ㄋㄧㄢˊ-ㄇㄛˊ-ㄈㄚˇ	新子與千年魔法	-5.74707439	acg
ㄒㄧㄣ-ㄢ-ㄓㄡ	新安州	-7.04116568	acg
ㄒㄧㄣ-ㄔㄨㄢ-ㄋㄞˋ-ㄒㄩˋ	新川奈緒	-6.60980192	acg
ㄒㄧㄣ-ㄍㄢˋ-ㄒㄧㄢˋ-ㄅㄧㄢˋ-ㄒㄧㄥˊ-ㄐㄧ-ㄑㄧˋ-ㄖㄣˊ	新幹線變形機器人	-5.74707439	acg
ㄒㄧㄣ-ㄓㄨㄤ-ㄍㄨㄥ	新庄功	-7.04116568	acg
ㄒㄧㄣ-ㄕㄡˇ-ㄔㄨㄥˊ-ㄕㄥ-ㄑㄩ	新手重生區	-6.17843815	acg
ㄒㄧㄣ-ㄇㄨˋ-ㄌㄢˊ-ㄏㄠˋ	新木蘭號	-6.60980192	acg
ㄒㄧㄣ-ㄈㄥ-ㄓ-ㄍㄨˇ	新楓之谷	-6.60980192	acg
ㄒㄧㄣ-ㄡ-ㄓㄡ-ㄍㄨㄥˋ-ㄊㄨㄥˊ-ㄊㄧˇ	新歐洲共同體	-5.74707439	acg
ㄒㄧㄣ-ㄏㄞˇ-ㄐㄩㄣ	新海軍	-7.04116568	acg
ㄒㄧㄣ-ㄏㄞˇ-ㄧㄠˊ	新海遙	-7.04116568	acg
ㄒㄧㄣ-ㄊㄤ-ㄇㄨˇ-ㄩˇ-ㄐㄧㄝˊ-ㄌㄧˋ	新湯姆與傑利	-5.74707439	acg
ㄒㄧㄣ-ㄕㄥ-ㄞˋ-ㄠˋ-ㄐㄧㄝˊ-ㄧㄚˇ	新生艾奧傑亞	-5.74707439	acg
ㄒㄧㄣ-ㄕㄥ-ㄞˋ-ㄣ-ㄍㄜˇ-ㄌㄤˇ-ㄊㄜˋ	新生艾恩葛朗特	-5.74707439	acg
ㄒㄧㄣ-ㄊㄧㄢˊ-ㄇㄟˇ-ㄆㄛ	新田美波	-6.60980192	acg
ㄒㄧㄣ-ㄎㄜ-ㄒㄩㄝˊ-ㄖㄣˊ	新科學人	-6.60980192	acg
ㄒㄧㄣ-ㄓㄨㄥˇ-ㄜˋ-ㄇㄛˊ-ㄕㄡˋ	新種惡魔獸	-6.17843815	acg
ㄒㄧㄣ-ㄐㄧㄢˋ-ㄐㄧㄝˊ-ㄗˇ	新見節子	-6.60980192	acg
ㄒㄧㄣ-ㄐㄧㄢˋ-ㄑㄧㄢ-ㄐㄧㄝˋ	新見謙介	-6.60980192	acg
ㄒㄧㄣ-ㄉㄧˊ-ㄒㄧ-ㄙ	新迪西斯	-6.60980192	acg
ㄒㄧㄣ-ㄐㄧㄣ-ㄍㄤ-ㄓㄢˋ-ㄕˋ	新金剛戰士	-6.17843815	acg
ㄒㄧㄣ-ㄌㄨˇ-ㄅㄧㄣ-ㄒㄩㄣˋ-ㄆㄧㄠ-ㄌㄧㄡˊ-ㄐㄧˋ	新魯賓遜漂流記	-5.74707439	acg
ㄒㄧㄣ-ㄒㄧㄢ-ㄘㄞˇ-ㄓㄞ-ㄧㄥ-ㄒㄩㄥˊ	新鮮採摘英雄	-5.74707439	acg
ㄉㄨㄢˋ-ㄓㄢˇ-ㄐㄧㄢˇ-ㄉㄠ	斷斬剪刀	-6.60980192	acg
ㄉㄨㄢˋ-ㄍㄤ-ㄕㄣˊ-ㄐㄧㄢˋ	斷鋼神劍	-6.60980192	acg
ㄉㄨㄢˋ-ㄍㄤ-ㄕㄣˊ-ㄐㄧㄢˋ-ㄆㄧㄢ	斷鋼神劍篇	-6.17843815	acg
ㄈㄤ-ㄔㄥˊ-ㄕˋ	方城市	-7.04116568	acg
ㄈㄤ-ㄔㄥˊ-ㄕˋ-ㄇㄛˊ-ㄕˋ	方程式模式	-6.17843815	acg
ㄈㄤ-ㄊㄤˊ-ㄐㄧㄠˇ-ㄌㄨㄛˋ	方糖角落	-6.60980192	acg
ㄈㄤ-ㄓㄡ-ㄅㄧˋ-ㄅㄛˊ-ㄕˋ	方舟畢博士	-6.17843815	acg
ㄈㄤ-ㄓㄡ-ㄅㄧˋ-ㄧㄢˊ-ㄐㄧㄡˋ-ㄙㄨㄛˇ	方舟畢研究所	-5.74707439	acg
ㄈㄤ-ㄍㄨˇ	方谷	-7.17149945	acg
ㄈㄤ-ㄊㄡˊ-ㄐㄧㄣ	方頭巾	-7.04116568	acg
ㄕ-ㄊㄜˋ-ㄍㄜˊ-ㄇㄞˋ-ㄦˇ	施特格邁爾	-6.17843815	acg
ㄆㄤˊ-ㄍㄨㄢ-ㄓㄜˇ-ㄇㄛˊ-ㄕˋ	旁觀者模式	-6.17843815	acg
ㄌㄩˇ-ㄕㄣˊ-ㄏㄠˋ	旅神號	-7.04116568	acg
ㄌㄩˇ-ㄒㄧㄥˊ-ㄏㄜˊ-ㄊㄨㄥˊ	旅行河童	-6.60980192	acg
ㄌㄩˇ-ㄒㄧㄥˊ-ㄕㄡˋ	旅行獸	-7.04116568	acg
ㄒㄩㄢˊ-ㄖㄠˋ-ㄩˊ-ㄒㄧㄣ-ㄉㄜ˙-ㄒㄧㄤˇ-ㄈㄚˇ	旋繞於心的想法	-5.74707439	acg
ㄒㄩㄢˊ-ㄊㄤˊ-ㄐㄧㄚ-ㄋㄨㄥˊ-ㄆㄠˋ	旋膛加農砲	-6.17843815	acg
ㄒㄩㄢˊ-ㄓㄨㄢˇ-ㄇㄨˋ-ㄇㄚˇ-ㄐㄧㄥ-ㄆㄧㄣˇ-ㄨ	旋轉木馬精品屋	-5.74707439	acg
ㄒㄩㄢˋ-ㄈㄥ-ㄕˇ-ㄓㄜˇ	旋風使者	-6.60980192	acg
ㄒㄩㄢˋ-ㄈㄥ-ㄒㄧㄠˇ-ㄈㄟ-ㄒㄧㄚˊ	旋風小飛俠	-6.17843815	acg
ㄒㄩㄢˋ-ㄈㄥ-ㄅㄞˇ-ㄌㄧㄢˊ-ㄊㄨㄟˇ	旋風擺蓮腿	-6.17843815	acg
ㄒㄩㄢˋ-ㄈㄥ-ㄓㄢˇ-ㄐㄧㄢ	旋風斬奸	-6.60980192	acg
ㄒㄩㄢˋ-ㄈㄥ-ㄍㄢˇ	旋風桿	-7.04116568	acg
ㄒㄩㄢˋ-ㄈㄥ-ㄐㄧㄢˋ	旋風箭	-7.04116568	acg
ㄒㄩㄢˋ-ㄈㄥ-ㄔㄨㄥ-ㄈㄥ	旋風衝鋒	-6.60980192	acg
ㄑㄧˊ-ㄈㄤ	旗坊	-7.17149945	acg
ㄑㄧˊ-ㄓˋ-ㄕˋ	旗幟式	-7.04116568	acg
ㄑㄧˊ-ㄓˋ-ㄕˋ-ㄍㄞˇ	旗幟式改	-6.60980192	acg
ㄑㄧˊ-ㄓˋ-ㄓㄢˋ-ㄉㄡˋ-ㄩㄢˊ	旗幟戰鬥員	-6.17843815	acg
ㄑㄧˊ-ㄇㄨˋ	旗木	-7.17149945	acg
ㄖˋ-ㄒㄧㄚˋ-ㄍㄨㄤˇ-ㄔㄥˊ	日下廣成	-6.60980192	acg
ㄖˋ-ㄒㄧㄚˋ-ㄅㄨˋ-ㄓㄣ-ㄌㄧˇ	日下部真理	-6.17843815	acg
ㄖˋ-ㄒㄧㄚˋ-ㄅㄨˋ-ㄖㄨㄛˋ-ㄧㄝˋ	日下部若葉	-6.17843815	acg
ㄖˋ-ㄒㄧㄚˋ-ㄅㄨˋ-ㄔㄥˊ	日下部誠	-6.60980192	acg
ㄖˋ-ㄒㄧㄚˋ-ㄅㄨˋ-ㄔㄨˊ	日下部雛	-6.60980192	acg
ㄖˋ-ㄍㄨㄤ-ㄍㄢˇ-ㄘㄜˋ-ㄑㄧˋ	日光感測器	-6.17843815	acg
ㄖˋ-ㄇㄧㄢˇ-ㄅㄞˊ-ㄆㄠˊ-ㄕㄡˋ	日冕白袍獸	-6.17843815	acg
ㄖˋ-ㄐㄧˊ-ㄎㄨㄟˊ	日吉葵	-7.04116568	acg
ㄖˋ-ㄒㄧㄤˋ-ㄑㄧㄢ-ㄙㄨㄟˋ	日向千穗	-6.60980192	acg
ㄖˋ-ㄒㄧㄤˋ-ㄋㄧㄥˊ-ㄘˋ	日向寧次	-6.60980192	acg
ㄖˋ-ㄒㄧㄤˋ-ㄒㄧㄥˋ	日向幸	-7.04116568	acg
ㄖˋ-ㄒㄧㄤˋ-ㄓㄣ-ㄌㄧˇ-ㄗˇ	日向真理子	-6.17843815	acg
ㄖˋ-ㄒㄧㄤˋ-ㄇㄛˋ-ㄌㄧˋ	日向茉莉	-6.60980192	acg
ㄖˋ-ㄔㄤˊ-ㄧㄣ-ㄉㄧˋ-ㄎㄜˋ-ㄙ	日常茵蒂克絲	-5.74707439	acg
ㄖˋ-ㄧㄥˇ-ㄓㄣ-ㄕㄥ	日影真生	-6.60980192	acg
ㄖˋ-ㄇㄨˋ-ㄩㄥˇ-ㄩㄢˇ	日暮永遠	-6.60980192	acg
ㄖˋ-ㄇㄨˋ-ㄉㄡˋ-ㄗˇ	日暮竇子	-6.60980192	acg
ㄖˋ-ㄇㄨˋ-ㄌㄧˊ	日暮籬	-7.04116568	acg
ㄖˋ-ㄇㄨˋ-ㄧㄚˊ-ㄧ	日暮芽衣	-6.60980192	acg
ㄖˋ-ㄇㄨˋ-ㄑㄧㄢˋ	日暮茜	-7.04116568	acg
ㄖˋ-ㄇㄨˋ-ㄘㄠˇ-ㄊㄞˋ	日暮草太	-6.60980192	acg
ㄖˋ-ㄇㄨˋ-ㄇㄥˊ	日暮萌	-7.04116568	acg
ㄖˋ-ㄅㄠˋ	日暴	-7.17149945	acg
ㄖˋ-ㄌㄧˋ-ㄕㄡˋ	日曆獸	-7.04116568	acg
ㄖˋ-ㄅㄣˇ-ㄏㄜˊ-ㄓㄨㄥˋ-ㄍㄨㄛˊ	日本合眾國	-6.17843815	acg
ㄖˋ-ㄅㄣˇ-ㄊㄜˋ-ㄕㄨ-ㄐㄧˊ-ㄒㄧˊ-ㄅㄨˋ-ㄉㄨㄟˋ	日本特殊急襲部隊	-5.74707439	acg
ㄖˋ-ㄅㄣˇ-ㄔˋ-ㄐㄩㄣ	日本赤軍	-6.60980192	acg
ㄖˋ-ㄅㄣˇ-ㄙㄨㄛˇ-ㄍㄨㄛˊ	日本鎖國	-6.60980192	acg
ㄖˋ-ㄅㄨˋ-ㄇㄟˇ	日步美	-7.04116568	acg
ㄖˋ-ㄉㄨˋ-ㄧㄤˊ-ㄈㄨˇ	日渡洋輔	-6.60980192	acg
ㄖˋ-ㄉㄨˋ-ㄐㄧˋ	日渡薺	-7.04116568	acg
ㄖˋ-ㄉㄨˋ-ㄑㄧㄢ-ㄓˋ	日渡謙治	-6.60980192	acg
ㄖˋ-ㄓˋ-ㄕㄨㄣˋ-ㄗˇ	日置順子	-6.60980192	acg
ㄖˋ-ㄌㄨㄣˊ-ㄧㄚ	日輪呀	-7.04116568	acg
ㄖˋ-ㄧㄝˇ-ㄩㄢˊ-ㄑㄧˋ	日野元氣	-6.60980192	acg
ㄖˋ-ㄧㄝˇ-ㄑㄧㄢˋ	日野茜	-7.04116568	acg
ㄖˋ-ㄍㄠ-ㄒㄧㄠˇ	日高曉	-7.04116568	acg
ㄖˋ-ㄍㄠ-ㄌㄧㄡˊ-ㄇㄟˇ	日高留美	-6.60980192	acg
ㄗㄠˇ-ㄧˇ-ㄋㄩˇ-ㄇㄢˇ	早乙女滿	-6.60980192	acg
ㄗㄠˇ-ㄅㄢˇ-ㄇㄟˇ-ㄌㄧㄥˊ	早坂美玲	-6.60980192	acg
ㄗㄠˇ-ㄔㄨㄢ-ㄧㄡˇ-ㄌㄧˊ	早川友梨	-6.60980192	acg
ㄗㄠˇ-ㄔㄨㄢˊ-ㄌㄨㄛˊ-ㄇㄧˋ-ㄡ	早船羅密歐	-6.17843815	acg
ㄒㄩˋ-ㄕㄥˋ-ㄧˋ	旭勝義	-7.04116568	acg
ㄒㄩˋ-ㄖˋ-ㄓ-ㄐㄧㄢˋ	旭日之箭	-6.60980192	acg
ㄒㄩˋ-ㄖˋ-ㄍㄤ-ㄉㄢˋ	旭日鋼彈	-6.60980192	acg
ㄎㄨㄣ-ㄋㄞˋ-ㄦˇ	昆奈爾	-7.04116568	acg
ㄎㄨㄣ-ㄅㄨˋ-ㄍㄜ	昆布哥	-7.04116568	acg
ㄎㄨㄣ-ㄕˋ-ㄓㄢˋ-ㄐㄧ	昆式戰機	-6.60980192	acg
ㄎㄨㄣ-ㄣ-ㄈㄨˊ-ㄓㄡˋ	昆恩符咒	-6.60980192	acg
ㄎㄨㄣ-ㄇㄢˋ-ㄕㄚ	昆曼沙	-7.04116568	acg
ㄎㄨㄣ-ㄔㄨㄥˊ-ㄐㄧㄣ-ㄍㄤ	昆蟲金剛	-6.60980192	acg
ㄇㄧㄥˊ-ㄎㄜˇ	明可	-7.17149945	acg
ㄇㄧㄥˊ-ㄊㄤˊ-ㄩㄢˋ-ㄧㄢˊ-ㄊㄞˋ-ㄌㄤˊ	明堂院嚴太郎	-5.74707439	acg
ㄇㄧㄥˊ-ㄊㄤˊ-ㄩㄢˋ-ㄔㄨㄣ	明堂院椿	-6.60980192	acg
ㄇㄧㄥˊ-ㄊㄤˊ-ㄩㄢˋ-ㄍㄠ	明堂院皋	-6.60980192	acg
ㄇㄧㄥˊ-ㄊㄧㄢ-ㄐㄧㄚ-ㄧㄡˊ-ㄋㄩˇ-ㄏㄞˊ	明天加油女孩	-5.74707439	acg
ㄇㄧㄥˊ-ㄙ-ㄌㄧˇ	明斯理	-7.04116568	acg
ㄇㄧㄥˊ-ㄖˋ-ㄓ-ㄑㄧㄤ	明日之槍	-6.60980192	acg
ㄇㄧㄥˊ-ㄖˋ-ㄧㄝˇ	明日野	-7.04116568	acg
ㄇㄧㄥˊ-ㄒㄧㄥ-ㄏㄨㄚ-ㄌㄧㄥˊ	明星花鈴	-6.60980192	acg
ㄇㄧㄥˊ-ㄩㄝˋ-ㄓ-ㄔㄥˊ	明月之城	-6.60980192	acg
ㄇㄧㄥˊ-ㄩㄝˋ-ㄍㄢ-ㄐㄩˊ	明月柑橘	-6.60980192	acg
ㄇㄧㄥˊ-ㄕˊ-ㄒㄧㄠˇ-ㄐㄧㄣˋ	明石小進	-6.60980192	acg
ㄇㄧㄥˊ-ㄌㄧˇ	明里	-7.17149945	acg
ㄇㄧㄥˊ-ㄐㄧㄥˋ-ㄍㄤ-ㄉㄢˋ	明鏡鋼彈	-6.60980192	acg
ㄧˋ-ㄋㄨˋ-ㄆㄟˊ-ㄍㄣ	易怒培根	-6.60980192	acg
ㄒㄧㄥ-ㄓ-ㄎㄚˇ-ㄅㄧˇ	星之卡比	-6.60980192	acg
ㄒㄧㄥ-ㄓ-ㄕㄥ	星之聲	-7.04116568	acg
ㄒㄧㄥ-ㄍㄨㄤ-ㄋㄩˇ-ㄨㄤˊ	星光女王	-6.60980192	acg
ㄒㄧㄥ-ㄍㄨㄤ-ㄕㄠˋ-ㄋㄩˇ	星光少女	-6.60980192	acg
ㄒㄧㄥ-ㄍㄨㄤ-ㄓㄢˋ-ㄕˋ	星光戰士	-6.60980192	acg
ㄒㄧㄥ-ㄍㄨㄤ-ㄕˊ-ㄕㄤˋ-ㄒㄧㄡˋ	星光時尚秀	-6.17843815	acg
ㄒㄧㄥ-ㄍㄨㄤ-ㄌㄧㄡˊ-ㄒㄧㄥ-ㄩˇ	星光流星雨	-6.17843815	acg
ㄒㄧㄥ-ㄍㄨㄤ-ㄧㄢˇ-ㄔㄤˋ-ㄏㄨㄟˋ	星光演唱會	-6.17843815	acg
ㄒㄧㄥ-ㄍㄨㄤ-ㄨㄤˊ-ㄆㄞˊ	星光王牌	-6.60980192	acg
ㄒㄧㄥ-ㄍㄨㄤ-ㄉㄜ˙-ㄧㄡˇ-ㄧˊ-ㄍㄨㄥ-ㄎㄜˋ	星光的友誼功課	-5.74707439	acg
ㄒㄧㄥ-ㄍㄨㄤ-ㄉㄜ˙-ㄈㄨˋ-ㄔㄡˊ	星光的復仇	-6.17843815	acg
ㄒㄧㄥ-ㄍㄨㄤ-ㄕㄢˇ-ㄧㄠˋ	星光閃耀	-6.60980192	acg
ㄒㄧㄥ-ㄔㄣˊ-ㄏㄨㄟˊ-ㄧˋ	星塵回憶	-6.60980192	acg
ㄒㄧㄥ-ㄊㄧㄢ-ㄕˇ	星天使	-7.04116568	acg
ㄒㄧㄥ-ㄋㄞˋ	星奈	-7.17149945	acg
ㄒㄧㄥ-ㄔㄨㄢ-ㄌㄧˋ-ㄌㄧˋ	星川莉莉	-6.60980192	acg
ㄒㄧㄥ-ㄘㄞˇ-ㄨ-ㄩㄣˊ	星彩烏雲	-6.60980192	acg
ㄒㄧㄥ-ㄉㄨㄛˇ-ㄌㄚ	星朵拉	-7.04116568	acg
ㄒㄧㄥ-ㄏㄜˊ	星核	-7.17149945	acg
ㄒㄧㄥ-ㄕㄨㄟˇ-ㄋㄩˇ-ㄕㄣˊ-ㄍㄤ-ㄉㄢˋ	星水女神鋼彈	-5.74707439	acg
ㄒㄧㄥ-ㄒㄩㄢˋ-ㄈㄥ	星炫風	-7.04116568	acg
ㄒㄧㄥ-ㄑㄧㄡˊ-ㄏㄠˋ-ㄎㄜˋ	星球浩克	-6.60980192	acg
ㄒㄧㄥ-ㄒㄩㄢˊ-ㄅㄞˊ-ㄏㄨˊ-ㄓˋ-ㄓㄜˇ	星璇白鬍智者	-5.74707439	acg
ㄒㄧㄥ-ㄎㄨㄥ-ㄇㄧㄠˋ	星空妙	-7.04116568	acg
ㄒㄧㄥ-ㄎㄨㄥ-ㄉㄜ˙-ㄒㄧㄝˋ-ㄏㄡˋ	星空的邂逅	-6.17843815	acg
ㄒㄧㄥ-ㄐㄧㄢˋ-ㄑㄧˊ-ㄏㄤˊ-ㄐㄧˋ	星艦奇航記	-6.17843815	acg
ㄒㄧㄥ-ㄐㄧㄢˋ-ㄇㄧˊ-ㄏㄤˊ-ㄐㄧˋ	星艦迷航記	-6.17843815	acg
ㄒㄧㄥ-ㄐㄧㄢˋ-ㄉㄚˋ-ㄖㄣˊ	星見大人	-6.60980192	acg
ㄒㄧㄥ-ㄍㄨㄟˇ-ㄓˇ-ㄏㄨㄟ-ㄗㄨㄥˇ-ㄅㄨˋ	星軌指揮總部	-5.74707439	acg
ㄒㄧㄥ-ㄏㄨㄟ-ㄗˇ	星輝子	-7.04116568	acg
ㄒㄧㄥ-ㄔㄣˊ-ㄓㄨㄟˋ-ㄌㄨㄛˋ-ㄓ-ㄍㄨㄛˊ-ㄉㄜ˙-ㄋㄧˊ-ㄋㄚˋ	星辰墜落之國的妮娜	-5.74707439	acg
ㄒㄧㄥ-ㄔㄣˊ-ㄍㄨˇ-ㄉㄨㄥˋ-ㄓ-ㄞˋ	星辰鼓動之愛	-5.74707439	acg
ㄒㄧㄥ-ㄧㄝˇ-ㄑㄧㄥˋ-ㄗˇ	星野慶子	-6.60980192	acg
ㄒㄧㄥ-ㄧㄝˇ-ㄌㄧㄤˊ	星野涼	-7.04116568	acg
ㄒㄧㄥ-ㄧㄝˇ-ㄐㄧㄣˇ	星野瑾	-7.04116568	acg
ㄒㄧㄥ-ㄧㄝˇ-ㄏㄨㄟ-ㄇㄟˇ	星野輝美	-6.60980192	acg
ㄒㄧㄥ-ㄧㄣˊ-ㄉㄠˇ	星銀島	-7.04116568	acg
ㄒㄧㄥ-ㄗㄨㄢ-ㄘㄞˇ-ㄆㄠˋ	星鑽彩砲	-6.60980192	acg
ㄒㄧㄥ-ㄐㄧˋ-ㄍㄨㄤ-ㄕㄨˋ-ㄐㄧㄚ-ㄋㄨㄥˊ-ㄆㄠˋ	星際光束加農砲	-5.74707439	acg
ㄒㄧㄥ-ㄐㄧˋ-ㄍㄨㄤ-ㄕㄨˋ-ㄅㄨˋ-ㄑㄧㄤ	星際光束步槍	-5.74707439	acg
ㄒㄧㄥ-ㄐㄧˋ-ㄅㄠˇ-ㄅㄟˋ	星際寶貝	-6.60980192	acg
ㄒㄧㄥ-ㄐㄧˋ-ㄅㄠˇ-ㄅㄟˋ-ㄕˇ-ㄉㄧˊ-ㄑㄧˊ	星際寶貝史迪奇	-5.74707439	acg
ㄒㄧㄥ-ㄐㄧˋ-ㄍㄤˇ	星際港	-7.04116568	acg
ㄒㄧㄥ-ㄐㄧˋ-ㄋㄧㄡˊ-ㄗㄞˇ	星際牛仔	-6.60980192	acg
ㄒㄧㄥ-ㄐㄧˋ-ㄧˋ-ㄍㄨㄥ-ㄉㄨㄟˋ	星際異攻隊	-6.17843815	acg
ㄒㄧㄥ-ㄐㄧˋ-ㄓˋ-ㄗㄨㄛˋ-ㄍㄨㄥ-ㄐㄧˊ	星際製作攻擊	-5.74707439	acg
ㄒㄧㄥ-ㄐㄧˋ-ㄐㄩㄣ-ㄉㄠ	星際軍刀	-6.60980192	acg
ㄒㄧㄥ-ㄩㄢˋ	星願	-7.17149945	acg
ㄒㄧㄥ-ㄏㄨㄤˊ-ㄑㄩㄢˊ	星黃泉	-7.04116568	acg
ㄔㄨㄣ-ㄩㄢˊ-ㄒㄩㄣˊ	春原旬	-7.04116568	acg
ㄔㄨㄣ-ㄇㄧㄥˊ-ㄇㄨˋ-ㄕˊ	春名木實	-6.60980192	acg
ㄔㄨㄣ-ㄐㄧˋ-ㄙㄞˋ	春季賽	-7.04116568	acg
ㄔㄨㄣ-ㄌㄢˊ	春嵐	-7.17149945	acg
ㄔㄨㄣ-ㄔㄨㄢ-ㄈㄥ-ㄒㄧ	春川風希	-6.60980192	acg
ㄔㄨㄣ-ㄖˋ-ㄑㄧㄥˊ-ㄋㄢˊ	春日晴男	-6.60980192	acg
ㄔㄨㄣ-ㄖˋ-ㄇㄟˇ-ㄈㄢˊ	春日美帆	-6.60980192	acg
ㄔㄨㄣ-ㄖˋ-ㄅㄨˋ-ㄧㄝˇ-ㄕㄥ-ㄨㄤˊ-ㄍㄨㄛˊ	春日部野生王國	-5.74707439	acg
ㄔㄨㄣ-ㄖˋ-ㄅㄨˋ-ㄉㄧㄢˋ-ㄧㄥˇ-ㄩㄢˋ	春日部電影院	-5.74707439	acg
ㄔㄨㄣ-ㄖˋ-ㄧㄝˇ-ㄌㄧˊ	春日野麗	-6.60980192	acg
ㄔㄨㄣ-ㄧㄥ-ㄓ-ㄍㄜ	春櫻之歌	-6.60980192	acg
ㄔㄨㄣ-ㄌㄧˋ	春粒	-7.17149945	acg
ㄔㄨㄣ-ㄧㄝˇ-ㄧ-ㄔㄨㄟ	春野伊吹	-6.60980192	acg
ㄔㄨㄣ-ㄧㄝˇ-ㄊㄠˊ-ㄒㄧㄤ	春野桃香	-6.60980192	acg
ㄔㄨㄣ-ㄧㄝˇ-ㄇㄥˊ	春野萌	-7.04116568	acg
ㄔㄨㄣ-ㄈㄥ-ㄆㄠˋ-ㄆㄠˋ	春風泡泡	-6.60980192	acg
ㄔㄨㄣ-ㄈㄥ-ㄏㄨㄚˊ-ㄇㄧˇ	春風華米	-6.60980192	acg
ㄕˋ-ㄧㄥ-ㄒㄩㄥˊ-ㄉㄥ-ㄔㄤˇ-ㄉㄜ˙-ㄕˊ-ㄏㄡˋ-ㄌㄜ˙	是英雄登場的時候了	-5.74707439	acg
ㄕˋ-ㄌㄨˋ	是露	-7.17149945	acg
ㄕˊ-ㄍㄨㄤ-ㄅㄨˋ	時光布	-7.04116568	acg
ㄕˊ-ㄕㄤˋ-ㄕㄥ-ㄏㄨㄛˊ-ㄗㄨˇ-ㄏㄜˊ	時尚生活組合	-5.74707439	acg
ㄕˊ-ㄎㄨㄥ-ㄉㄚˋ-ㄇㄠˋ-ㄒㄧㄢˇ	時空大冒險	-6.17843815	acg
ㄕˊ-ㄎㄨㄥ-ㄏㄨㄢˋ-ㄐㄧㄥˋ	時空幻境	-6.60980192	acg
ㄕˊ-ㄎㄨㄥ-ㄏㄢˋ-ㄐㄧㄤˋ	時空悍將	-6.60980192	acg
ㄕˊ-ㄌㄨㄥˊ-ㄅㄞˇ-ㄏㄜˊ	時籠百合	-6.60980192	acg
ㄕˊ-ㄓㄨㄥ-ㄕㄡˋ	時鐘獸	-7.04116568	acg
ㄕˊ-ㄐㄧㄢ-ㄎㄨㄣˋ-ㄐㄧㄥˋ	時間困境	-6.60980192	acg
ㄕˊ-ㄐㄧㄢ-ㄅㄠˇ-ㄕˊ	時間寶石	-6.60980192	acg
ㄕˊ-ㄐㄧㄢ-ㄕㄡˋ	時間獸	-7.04116568	acg
ㄕˊ-ㄐㄧㄢ-ㄕㄣˊ-ㄉㄧㄢˋ	時間神殿	-6.60980192	acg
ㄆㄨˇ-ㄧㄚˇ-ㄌㄨˋ	普亞路	-7.04116568	acg
ㄆㄨˇ-ㄅㄨˋ-ㄌㄧˋ-ㄠˋ	普布利奧	-6.60980192	acg
ㄆㄨˇ-ㄌㄚ-ㄏㄚ-ㄎㄚˇ	普拉哈卡	-6.60980192	acg
ㄆㄨˇ-ㄆㄨˇ	普普	-7.17149945	acg
ㄆㄨˇ-ㄙㄣ	普森	-7.17149945	acg
ㄆㄨˇ-ㄌㄨㄛˋ-ㄊㄜˋ	普洛特	-7.04116568	acg
ㄆㄨˇ-ㄨ	普烏	-7.17149945	acg
ㄆㄨˇ-ㄌㄧㄣˊ	普琳	-7.17149945	acg
ㄆㄨˇ-ㄌㄧㄣˊ-ㄉㄚˊ	普琳達	-7.04116568	acg
ㄆㄨˇ-ㄨㄚˇ-ㄕㄡˋ	普瓦獸	-7.04116568	acg
ㄆㄨˇ-ㄌㄨㄛˊ-ㄒㄧㄡ	普羅修	-7.04116568	acg
ㄆㄨˇ-ㄌㄨㄛˊ-ㄉㄨㄛ-ㄌㄨㄛˋ-ㄙ	普羅多洛斯	-6.17843815	acg
ㄆㄨˇ-ㄌㄨㄛˊ-ㄣ-ㄆㄨˇ-ㄊㄜˋ	普羅恩普特	-6.17843815	acg
ㄆㄨˇ-ㄌㄨㄛˊ-ㄋㄧㄝˋ	普羅涅	-7.04116568	acg
ㄆㄨˇ-ㄌㄨㄛˊ-ㄊㄜˋ-ㄕㄡˋ	普羅特獸	-6.60980192	acg
ㄆㄨˇ-ㄌㄨㄛˊ-ㄨㄤˊ-ㄔㄨㄢˊ-ㄕㄨㄛ	普羅王傳說	-6.17843815	acg
ㄆㄨˇ-ㄌㄧˋ	普莉	-7.17149945	acg
ㄆㄨˇ-ㄌㄧˋ-ㄧㄚˇ	普莉亞	-7.04116568	acg
ㄆㄨˇ-ㄌㄞˊ-ㄇㄨˇ-ㄕㄣˊ-ㄉㄧㄢˋ	普萊姆神殿	-6.17843815	acg
ㄆㄨˇ-ㄌㄞˊ-ㄋㄚˋ	普萊娜	-7.04116568	acg
ㄆㄨˇ-ㄌㄞˊ-ㄉㄜˊ	普萊德	-7.04116568	acg
ㄆㄨˇ-ㄌㄞˊ-ㄗㄜˊ-ㄊㄜˋ	普萊澤特	-6.60980192	acg
ㄆㄨˇ-ㄌㄞˊ-ㄇㄚˇ-ㄙ	普萊瑪斯	-6.60980192	acg
ㄆㄨˇ-ㄌㄨˋ-ㄌㄨˋ-ㄕㄡˋ	普路路獸	-6.60980192	acg
ㄆㄨˇ-ㄊㄨㄥ-ㄐㄧㄤ-ㄕ	普通殭屍	-6.60980192	acg
ㄆㄨˇ-ㄌㄟˊ-ㄐㄧㄝˊ	普雷傑	-7.04116568	acg
ㄆㄨˇ-ㄌㄟˊ-ㄉㄚˊ	普雷達	-7.04116568	acg
ㄆㄨˇ-ㄌㄨˋ	普露	-7.17149945	acg
ㄆㄨˇ-ㄌㄨˋ-ㄗ	普露茲	-7.04116568	acg
ㄆㄨˇ-ㄌㄨˇ-ㄊㄚˇ-ㄎㄜˋ	普魯塔克	-6.60980192	acg
ㄆㄨˇ-ㄌㄨˇ-ㄊㄨㄛ	普魯托	-7.04116568	acg
ㄆㄨˇ-ㄌㄨˇ-ㄆㄨˇ-ㄌㄨˇ	普魯普魯	-6.60980192	acg
ㄆㄨˇ-ㄌㄨˇ-ㄨㄟˊ-ㄦˇ	普魯維爾	-6.60980192	acg
ㄑㄧㄥˊ-ㄊㄧㄢ-ㄩˊ-ㄎㄨㄞˋ	晴天愉快	-6.60980192	acg
ㄑㄧㄥˊ-ㄇㄧㄥˊ	晴明	-7.17149945	acg
ㄑㄧㄥˊ-ㄩㄝˋ-ㄍㄨㄤ-ㄊㄞˋ-ㄌㄤˊ	晴月光太郎	-6.17843815	acg
ㄑㄧㄥˊ-ㄎㄨㄥ-ㄊㄧㄢ-ㄕˇ	晴空天使	-6.60980192	acg
ㄐㄧㄥ-ㄐㄧㄝˋ-ㄕㄡˋ	晶界獸	-7.04116568	acg
ㄐㄧㄥ-ㄏㄨㄥˊ-ㄕㄥˋ-ㄙㄨㄛˇ	晶紅聖所	-6.60980192	acg
ㄓˋ-ㄖㄣˊ-ㄆㄞ-ㄉㄤˇ	智人拍檔	-6.60980192	acg
ㄓˋ-ㄒㄧˇ	智喜	-7.17149945	acg
ㄓˋ-ㄊㄧㄢ-ㄕˇ-ㄍㄤ-ㄉㄢˋ	智天使鋼彈	-6.17843815	acg
ㄓˋ-ㄋㄚˋ	智娜	-7.17149945	acg
ㄓˋ-ㄏㄨㄟˋ-ㄉㄜ˙-ㄗㄞˋ-ㄒㄧㄢˋ	智慧的再現	-6.17843815	acg
ㄓˋ-ㄏㄨㄟˋ-ㄐㄧㄥ-ㄌㄧㄥˊ	智慧精靈	-6.60980192	acg
ㄓˋ-ㄓㄨ-ㄌㄢˊ-ㄏㄨㄚˊ	智珠蘭華	-6.60980192	acg
ㄓˋ-ㄇㄛˊ-ㄓ-ㄈㄨˇ	智魔之斧	-6.60980192	acg
ㄓˋ-ㄇㄛˊ-ㄓ-ㄔㄨㄟˊ	智魔之鎚	-6.60980192	acg
ㄓˋ-ㄇㄛˊ-ㄍㄤ-ㄉㄢˋ	智魔鋼彈	-6.60980192	acg
ㄩㄣ-ㄒㄩㄢˋ-ㄌㄧˋ-ㄗˇ	暈眩粒子	-6.60980192	acg
ㄋㄨㄢˇ-ㄒㄧㄣ-ㄧㄝˋ	暖心夜	-7.04116568	acg
ㄋㄨㄢˇ-ㄒㄧㄣ-ㄐㄧㄝˊ	暖心節	-7.04116568	acg
ㄋㄨㄢˇ-ㄋㄨㄢˇ-ㄧㄠ	暖暖妖	-7.04116568	acg
ㄋㄨㄢˇ-ㄌㄨˊ-ㄐㄧㄝˊ-ㄔㄨㄢˊ-ㄕㄨㄛ	暖爐節傳說	-6.17843815	acg
ㄢˋ-ㄧㄝˋ-ㄜˋ-ㄊㄨˊ	暗夜惡徒	-6.60980192	acg
ㄢˋ-ㄧㄝˋ-ㄌㄤˊ-ㄖㄣˊ	暗夜狼人	-6.60980192	acg
ㄢˋ-ㄧㄝˋ-ㄋㄢˊ-ㄐㄩㄝˊ	暗夜男爵	-6.60980192	acg
ㄢˋ-ㄧㄝˋ-ㄒㄧㄥˊ-ㄓㄜˇ	暗夜行者	-6.60980192	acg
ㄢˋ-ㄒㄧㄤˋ-ㄔㄨㄥ-ㄊㄨˊ	暗巷衝突	-6.60980192	acg
ㄢˋ-ㄧㄥˇ-ㄕˋ-ㄐㄧㄝˋ	暗影世界	-6.60980192	acg
ㄢˋ-ㄧㄥˇ-ㄓ-ㄐㄧㄥˋ	暗影之境	-6.60980192	acg
ㄢˋ-ㄧㄥˇ-ㄌㄧㄝˋ-ㄖㄣˊ	暗影獵人	-6.60980192	acg
ㄢˋ-ㄧㄥˇ-ㄕㄣˊ-ㄊㄡ	暗影神偷	-6.60980192	acg
ㄢˋ-ㄧㄥˇ-ㄌㄠˇ-ㄕ	暗影老師	-6.60980192	acg
ㄢˋ-ㄉㄜˊ-ㄍㄨˇ	暗德谷	-7.04116568	acg
ㄢˋ-ㄙㄣ	暗森	-7.17149945	acg
ㄢˋ-ㄏㄟ-ㄓㄢˋ-ㄌㄤˊ	暗黑戰狼	-6.60980192	acg
ㄢˋ-ㄏㄟ-ㄅㄠˋ-ㄨㄢˊ	暗黑爆丸	-6.60980192	acg
ㄢˋ-ㄏㄟ-ㄅㄠˋ-ㄨㄢˊ-ㄏㄨㄟˇ-ㄇㄧㄝˋ-ㄕㄣˊ	暗黑爆丸毀滅神	-5.74707439	acg
ㄢˋ-ㄏㄟ-ㄕㄡˋ	暗黑獸	-7.04116568	acg
ㄢˋ-ㄏㄟ-ㄆㄛˋ-ㄏㄨㄞˋ-ㄕㄣˊ	暗黑破壞神	-6.17843815	acg
ㄢˋ-ㄏㄟ-ㄕㄥˋ-ㄓㄢˋ	暗黑聖戰	-6.60980192	acg
ㄢˋ-ㄏㄟ-ㄨˋ-ㄉㄡ	暗黑霧都	-6.60980192	acg
ㄢˋ-ㄏㄟ-ㄑㄧˊ-ㄕˋ-ㄕㄡˋ	暗黑騎士獸	-6.17843815	acg
ㄇㄨˋ-ㄍㄨㄤ-ㄓ-ㄓㄢˋ	暮光之戰	-6.60980192	acg
ㄇㄨˋ-ㄍㄨㄤ-ㄓ-ㄕˊ	暮光之時	-6.60980192	acg
ㄇㄨˋ-ㄍㄨㄤ-ㄓ-ㄔㄨㄟˊ-ㄉㄜ˙-ㄑㄧㄡˊ-ㄓㄤˇ	暮光之鎚的酋長	-5.74707439	acg
ㄇㄨˋ-ㄍㄨㄤ-ㄧˋ-ㄏㄨㄟˋ	暮光議會	-6.60980192	acg
ㄅㄠˋ-ㄖㄣˋ	暴刃	-7.17149945	acg
ㄅㄠˋ-ㄈㄤ-ㄅㄛˊ-ㄐㄩㄝˊ	暴坊伯爵	-6.60980192	acg
ㄅㄠˋ-ㄊㄨˊ-ㄕˋ	暴徒式	-7.04116568	acg
ㄅㄠˋ-ㄅㄠˋ-ㄌㄨㄥˊ-ㄉㄚˋ-ㄧㄥ-ㄒㄩㄥˊ	暴暴龍大英雄	-5.74707439	acg
ㄅㄠˋ-ㄔㄨㄥ-ㄍㄨˇ-ㄅㄨˋ	暴衝古布	-6.60980192	acg
ㄅㄠˋ-ㄗㄡˇ-ㄋㄢˊ-ㄍㄨㄚ-ㄔㄜ	暴走南瓜車	-6.17843815	acg
ㄅㄠˋ-ㄗㄡˇ-ㄊㄜˋ-ㄐㄧˊ	暴走特急	-6.60980192	acg
ㄅㄠˋ-ㄗㄡˇ-ㄓㄨㄥˋ-ㄆㄠˋ	暴走重砲	-6.60980192	acg
ㄅㄠˋ-ㄗㄠˋ-ㄔㄨㄥˊ	暴躁蟲	-7.04116568	acg
ㄅㄠˋ-ㄒㄩㄝˇ-ㄐㄧ-ㄉㄧˋ	暴雪基地	-6.60980192	acg
ㄅㄠˋ-ㄌㄟˊ-ㄕㄨㄤ-ㄧˋ	暴雷雙翼	-6.60980192	acg
ㄅㄠˋ-ㄈㄥ-ㄔㄨㄢˊ-ㄑㄧˊ	暴風傳奇	-6.60980192	acg
ㄅㄠˋ-ㄈㄥ-ㄖㄣˋ	暴風刃	-7.04116568	acg
ㄅㄠˋ-ㄈㄥ-ㄑㄧㄢˊ-ㄒㄧˋ	暴風前夕	-6.60980192	acg
ㄅㄠˋ-ㄈㄥ-ㄐㄧㄢˋ	暴風劍	-7.04116568	acg
ㄅㄠˋ-ㄈㄥ-ㄊㄧㄢ-ㄇㄚˇ	暴風天馬	-6.60980192	acg
ㄅㄠˋ-ㄈㄥ-ㄌㄧㄝˋ-ㄧㄥ	暴風獵鷹	-6.60980192	acg
ㄅㄠˋ-ㄈㄥ-ㄇㄛˊ-ㄐㄧㄝˊ	暴風魔羯	-6.60980192	acg
ㄅㄠˋ-ㄌㄧˇ-ㄌㄨㄥˊ	暴鯉龍	-7.04116568	acg
ㄅㄠˋ-ㄌㄨㄥˊ-ㄐㄧㄣ-ㄍㄤ	暴龍金剛	-6.60980192	acg
ㄅㄠˋ-ㄌㄨㄥˊ-ㄇㄛˊ-ㄓㄠˇ	暴龍魔爪	-6.60980192	acg
ㄒㄧㄠˇ-ㄕㄨˋ-ㄇㄚˇ	曉數碼	-7.04116568	acg
ㄒㄧㄠˇ-ㄇㄟˇ-ㄧㄢˋ	曉美焰	-7.04116568	acg
ㄒㄧㄠˇ-ㄍㄤ-ㄉㄢˋ	曉鋼彈	-7.04116568	acg
ㄕㄨˋ-ㄍㄨㄤ-ㄍㄨㄥ-ㄓㄨˇ	曙光公主	-6.60980192	acg
ㄍㄥˋ-ㄕㄚ-ㄈㄢˊ-ㄋㄞˋ	更紗帆奈	-6.60980192	acg
ㄕㄨ-ㄓ-ㄇㄣˊ	書之門	-7.04116568	acg
ㄕㄨ-ㄏㄢˋ-ㄩˇ-ㄇㄠˊ-ㄅㄧˇ	書和羽毛筆	-6.17843815	acg
ㄇㄢˋ-ㄗㄨㄛˇ	曼佐	-7.17149945	acg
ㄇㄢˋ-ㄋㄧˊ	曼尼	-7.17149945	acg
ㄇㄢˋ-ㄈㄨˊ-ㄌㄟˊ-ㄉㄧˊ	曼弗雷迪	-6.60980192	acg
ㄇㄢˋ-ㄉㄜˊ-ㄌㄟˊ	曼德雷	-7.04116568	acg
ㄇㄢˋ-ㄉㄜˊ-ㄌㄟˊ-ㄎㄜˋ	曼德雷克	-6.60980192	acg
ㄇㄢˋ-ㄍㄜˊ-ㄙ-ㄊㄚˇ	曼格斯塔	-6.60980192	acg
ㄇㄢˋ-ㄊㄜˋ	曼特	-7.17149945	acg
ㄇㄢˋ-ㄋㄧㄡˇ-ㄦˇ	曼紐爾	-7.04116568	acg
ㄇㄢˋ-ㄋㄨㄛˋ-ㄌㄨㄛˋ-ㄙ	曼諾洛斯	-6.60980192	acg
ㄇㄢˋ-ㄊㄨㄛˊ-ㄌㄨㄛˊ-ㄕㄡˋ	曼陀羅獸	-6.60980192	acg
ㄇㄢˋ-ㄇㄚˇ-ㄧㄡˊ-ㄊㄜˋ-ㄉㄨㄟˋ-ㄕㄡˇ-ㄌㄧㄥˇ	曼馬由特隊首領	-5.74707439	acg
ㄘㄥˊ-ㄍㄣ-ㄐㄧㄡˇ-ㄋㄢˊ	曾根久男	-6.60980192	acg
ㄘㄥˊ-ㄍㄣ-ㄧㄡ-ㄔㄣˊ	曾根悠臣	-6.60980192	acg
ㄗㄨㄟˋ-ㄕㄤˋ-ㄌㄨㄥˊ-ㄇㄚˇ	最上龍馬	-6.60980192	acg
ㄗㄨㄟˋ-ㄐㄧㄚ-ㄇㄠˋ-ㄒㄧㄢˇ	最佳冒險	-6.60980192	acg
ㄗㄨㄟˋ-ㄐㄧㄚ-ㄧㄝˋ-ㄨㄢˇ	最佳夜晚	-6.60980192	acg
ㄗㄨㄟˋ-ㄐㄧㄚ-ㄋㄧㄡˊ-ㄗㄞˇ-ㄎㄨˋ-ㄕˊ-ㄕㄤˋ-ㄇㄧㄥˊ-ㄖㄣˊ	最佳牛仔褲時尚名人	-5.74707439	acg
ㄗㄨㄟˋ-ㄐㄧㄚ-ㄋㄧㄡˊ-ㄗㄞˇ-ㄎㄨˋ-ㄕˊ-ㄕㄤˋ-ㄇㄧㄥˊ-ㄖㄣˊ-ㄐㄧㄤˇ	最佳牛仔褲時尚名人獎	-5.74707439	acg
ㄗㄨㄟˋ-ㄍㄜ	最哥	-7.17149945	acg
ㄗㄨㄟˋ-ㄑㄧㄤˊ-ㄒㄩㄝˊ-ㄕㄥ-ㄏㄨㄟˋ-ㄓㄤˇ	最強學生會長	-5.74707439	acg
ㄗㄨㄟˋ-ㄏㄡˋ-ㄧ-ㄓㄢˋ	最後一戰	-6.60980192	acg
ㄗㄨㄟˋ-ㄏㄡˋ-ㄧˊ-ㄓㄢˋ	最後一戰	-7.10980192	acg
ㄗㄨㄟˋ-ㄏㄡˋ-ㄧ-ㄐㄧˊ	最後一擊	-6.60980192	acg
ㄗㄨㄟˋ-ㄏㄡˋ-ㄧˋ-ㄐㄧˊ	最後一擊	-7.10980192	acg
ㄗㄨㄟˋ-ㄏㄡˋ-ㄌㄧㄡˊ-ㄨㄤˊ	最後流亡	-6.60980192	acg
ㄗㄨㄟˋ-ㄏㄡˋ-ㄉㄜ˙-ㄧˊ-ㄐㄧ	最後的遺跡	-6.17843815	acg
ㄗㄨㄟˋ-ㄏㄡˋ-ㄉㄜ˙-ㄩㄢˋ-ㄨㄤˋ	最後的願望	-6.17843815	acg
ㄗㄨㄟˋ-ㄏㄡˋ-ㄔㄨㄥ-ㄐㄧˊ	最後衝擊	-6.60980192	acg
ㄗㄨㄟˋ-ㄗㄠˇ-ㄔㄥˊ-ㄌㄧˋ-ㄨˇ-ㄍㄜ˙-ㄒㄧㄠˇ-ㄉㄨㄟˋ-ㄓ-ㄧ	最早成立五個小隊之一	-5.74707439	acg
ㄗㄨㄟˋ-ㄓㄨㄥ-ㄏㄨㄢˋ-ㄒㄧㄤˇ	最終幻想	-6.60980192	acg
ㄗㄨㄟˋ-ㄓㄨㄥ-ㄉㄜ˙-ㄐㄩㄝˊ-ㄨㄤˋ	最終的絕望	-6.17843815	acg
ㄗㄨㄟˋ-ㄓㄨㄥ-ㄉㄜ˙-ㄒㄧㄢˋ-ㄙㄨㄛˇ	最終的線索	-6.17843815	acg
ㄗㄨㄟˋ-ㄓㄨㄥ-ㄑㄧˊ-ㄕˋ	最終騎士	-6.60980192	acg
ㄩㄝˋ-ㄅㄨˊ-ㄌㄨㄛˋ-ㄔㄥˊ	月不落城	-6.60980192	acg
ㄩㄝˋ-ㄅㄨˋ-ㄌㄨㄛˋ-ㄔㄥˊ	月不落城	-7.10980192	acg
ㄩㄝˋ-ㄓ-ㄋㄩˇ-ㄕㄣˊ-ㄍㄤ-ㄉㄢˋ	月之女神鋼彈	-5.74707439	acg
ㄩㄝˋ-ㄓ-ㄑㄧㄠˊ	月之橋	-7.04116568	acg
ㄩㄝˋ-ㄓ-ㄐㄧˋ-ㄙ	月之祭司	-6.60980192	acg
ㄩㄝˋ-ㄌㄧㄤˋ-ㄍㄨㄥ-ㄓㄨˇ	月亮公主	-6.60980192	acg
ㄩㄝˋ-ㄍㄨㄤ-ㄋㄩˇ-ㄒㄧㄚˊ	月光女俠	-6.60980192	acg
ㄩㄝˋ-ㄍㄨㄤ-ㄨㄟˋ-ㄨㄢˊ-ㄔㄥˊ-ㄉㄚˋ-ㄌㄡˊ	月光未完成大樓	-5.74707439	acg
ㄩㄝˋ-ㄍㄨㄤ-ㄕㄨㄟˇ-ㄔㄥˊ	月光水城	-6.60980192	acg
ㄩㄝˋ-ㄍㄨㄤ-ㄊㄧㄝˇ-ㄌㄨˋ	月光鐵路	-6.60980192	acg
ㄩㄝˋ-ㄍㄨㄤ-ㄙㄨㄟˋ-ㄉㄠˋ	月光隧道	-6.60980192	acg
ㄩㄝˋ-ㄧㄝˋ-ㄨㄢˊ	月夜丸	-7.04116568	acg
ㄩㄝˋ-ㄧㄝˋ-ㄧㄝˇ-ㄌㄧㄡˊ-ㄌㄧˊ	月夜野瑠璃	-6.17843815	acg
ㄩㄝˋ-ㄍㄨㄥ-ㄧㄚˇ	月宮雅	-7.04116568	acg
ㄩㄝˋ-ㄉㄠˇ-ㄚ-ㄦˇ-ㄍㄜ	月島阿爾戈	-6.17843815	acg
ㄩㄝˋ-ㄧㄥˇ-ㄔㄨㄣ-ㄘㄞˋ	月影春菜	-6.60980192	acg
ㄩㄝˋ-ㄧㄥˇ-ㄧㄥ-ㄇㄧㄥˊ	月影英明	-6.60980192	acg
ㄩㄝˋ-ㄘㄨㄣ-ㄐㄩㄣˋ	月村俊	-7.04116568	acg
ㄩㄝˋ-ㄘㄨㄣ-ㄔㄨㄣ-ㄘㄞˋ	月村春菜	-6.60980192	acg
ㄩㄝˋ-ㄐㄧㄣ	月津	-7.17149945	acg
ㄩㄝˋ-ㄌㄤˊ-ㄙㄚˋ-ㄎㄜˋ	月狼薩克	-6.60980192	acg
ㄩㄝˋ-ㄑㄧㄡˊ-ㄊㄢˋ-ㄘㄜˋ-ㄐㄧˋ	月球探測記	-6.17843815	acg
ㄩㄝˋ-ㄕㄣ	月申	-7.17149945	acg
ㄩㄝˋ-ㄅㄞˊ-ㄒㄧㄢˊ	月白弦	-7.04116568	acg
ㄩㄝˋ-ㄅㄞˊ-ㄧㄡˋ-ㄧㄝˋ	月白柚葉	-6.60980192	acg
ㄩㄝˋ-ㄅㄞˊ-ㄏㄨˇ-ㄆㄛˋ	月白琥珀	-6.60980192	acg
ㄩㄝˋ-ㄅㄞˊ-ㄌㄧㄡˊ-ㄌㄧˊ	月白瑠璃	-6.60980192	acg
ㄩㄝˋ-ㄅㄞˊ-ㄊㄨㄥˊ-ㄇㄟˇ	月白瞳美	-6.60980192	acg
ㄩㄝˋ-ㄕㄣˊ-ㄉㄜ˙-ㄘㄞˇ-ㄏㄨㄥˊ-ㄊㄧㄢ-ㄊㄤˊ-ㄓ-ㄌㄩˇ	月神的彩虹天堂之旅	-5.74707439	acg
ㄩㄝˋ-ㄙㄜˋ-ㄓㄣ-ㄇㄟˇ	月色真美	-6.60980192	acg
ㄩㄝˋ-ㄕˊ-ㄉㄡˇ-ㄆㄥˊ-ㄕㄡˋ	月蝕斗篷獸	-6.17843815	acg
ㄩㄝˋ-ㄐㄧㄢˋ-ㄅㄚ-ㄑㄧㄢ-ㄉㄞˋ	月見八千代	-6.17843815	acg
ㄩㄝˋ-ㄐㄧㄢˋ-ㄕㄢ	月見山	-7.04116568	acg
ㄩㄝˋ-ㄩㄥˇ	月詠	-7.17149945	acg
ㄩㄝˋ-ㄌㄧㄥˊ-ㄙㄨㄟˇ-ㄧˋ	月靈髓液	-6.60980192	acg
ㄩㄝˋ-ㄅㄧㄥˇ-ㄕㄡˇ-ㄌㄧㄡˊ-ㄉㄢˋ	月餅手榴彈	-6.17843815	acg
ㄩㄝˋ-ㄏㄨㄤˊ-ㄑㄩㄢˊ	月黃泉	-7.04116568	acg
ㄧㄡˇ-ㄍㄡˋ-ㄒㄧㄥ-ㄈㄣˋ-ㄉㄧㄝˊ	有夠興奮蝶	-6.17843815	acg
ㄧㄡˇ-ㄑㄧ-ㄔㄨㄢ	有栖川	-7.04116568	acg
ㄧㄡˇ-ㄑㄧ-ㄔㄨㄢ-ㄕㄨˋ-ㄌㄧˊ	有栖川樹璃	-6.17843815	acg
ㄧㄡˇ-ㄆㄨˇ-ㄍㄢ-ㄋㄞˋ	有浦柑奈	-6.60980192	acg
ㄧㄡˇ-ㄊㄧㄢˊ-ㄇㄚˊ-ㄧㄡˇ	有田麻友	-6.60980192	acg
ㄧㄡˇ-ㄐㄧˋ	有紀	-7.17149945	acg
ㄧㄡˇ-ㄧˋ-ㄓㄜˇ-ㄉㄜ˙-ㄍㄨㄟ-ㄌㄞˊ	有翼者的歸來	-5.74707439	acg
ㄆㄥˊ-ㄧㄡˇ-ㄕˋ-ㄐㄧㄝˋ	朋友世界	-6.60980192	acg
ㄆㄥˊ-ㄧㄡˇ-ㄕㄡ-ㄘㄤˊ-ㄐㄧˊ	朋友收藏集	-6.17843815	acg
ㄈㄨˊ-ㄨˋ-ㄖㄣˊ-ㄩㄢˊ	服務人員	-6.60980192	acg
ㄈㄨˊ-ㄓㄨㄤ-ㄕㄡˋ	服裝獸	-7.04116568	acg
ㄈㄨˊ-ㄅㄨˋ-ㄦˋ-ㄌㄤˊ	服部二郎	-6.60980192	acg
ㄈㄨˊ-ㄅㄨˋ-ㄊㄨㄥˊ-ㄗˇ	服部瞳子	-6.60980192	acg
ㄈㄨˊ-ㄅㄨˋ-ㄓㄨㄤ-ㄆㄧㄥˊ	服部莊平	-6.60980192	acg
ㄕㄨㄛˋ-ㄩㄝˋ-ㄧㄣˊ-ㄧㄚˊ	朔月銀牙	-6.60980192	acg
ㄌㄤˇ-ㄇㄨˇ-ㄌㄨㄛˋ	朗姆洛	-7.04116568	acg
ㄨㄤˋ-ㄩㄝˋ-ㄐㄧㄠˋ-ㄕㄡˋ	望月教授	-6.60980192	acg
ㄨㄤˋ-ㄩㄝˋ-ㄕㄥˋ	望月聖	-7.04116568	acg
ㄨㄤˋ-ㄩㄝˋ-ㄧㄚˊ-ㄒㄧㄣ	望月芽心	-6.60980192	acg
ㄔㄠˊ-ㄘㄤ-ㄧㄡ-ㄧ-ㄌㄤˊ	朝倉優一郎	-6.17843815	acg
ㄔㄠˊ-ㄘㄤ-ㄧㄡ-ㄧˋ-ㄌㄤˊ	朝倉優一郎	-6.67843815	acg
ㄔㄠˊ-ㄘㄤ-ㄌㄧㄤˊ-ㄗˇ	朝倉涼子	-6.60980192	acg
ㄔㄠˊ-ㄔㄨㄢ-ㄕㄚ-ㄆㄛ	朝川砂波	-6.60980192	acg
ㄓㄠ-ㄖˋ-ㄍㄨㄤ	朝日光	-7.04116568	acg
ㄓㄠ-ㄖˋ-ㄖˋ-ㄒㄧㄤˋ	朝日日向	-6.60980192	acg
ㄔㄠˊ-ㄅㄧˇ-ㄋㄞˋ-ㄕˊ-ㄑㄧㄢ-ㄌㄧㄡˊ	朝比奈實千瑠	-5.74707439	acg
ㄔㄠˊ-ㄊㄧㄢˊ-ㄕ-ㄋㄞˇ	朝田詩乃	-6.60980192	acg
ㄔㄠˊ-ㄨˋ-ㄕˇ-ㄓ	朝霧史織	-6.60980192	acg
ㄑㄧˊ-ㄓㄨㄥ-ㄙㄞˋ	期中賽	-7.04116568	acg
ㄌㄨㄥˊ-ㄏㄨㄣˊ-ㄕㄡˋ	朧魂獸	-7.04116568	acg
ㄇㄨˋ-ㄒㄧㄚˋ-ㄔㄥˊ-ㄧ	木下誠一	-6.60980192	acg
ㄇㄨˋ-ㄋㄞˇ-ㄧ-ㄅㄛˊ-ㄕˋ	木乃伊博士	-6.17843815	acg
ㄇㄨˋ-ㄋㄞˇ-ㄒㄧㄤ	木乃香	-7.04116568	acg
ㄇㄨˋ-ㄗㄨㄛˇ-ㄍㄨㄤ-ㄒㄧㄡˋ	木佐光秀	-6.60980192	acg
ㄇㄨˋ-ㄡˇ-ㄕㄡˋ	木偶獸	-7.04116568	acg
ㄇㄨˋ-ㄕㄢ-ㄉㄨㄥˋ-ㄨˋ-ㄩㄢˊ	木刪動物園	-6.17843815	acg
ㄇㄨˋ-ㄇㄠˇ	木卯	-7.17149945	acg
ㄇㄨˋ-ㄩㄢˊ-ㄩㄥˇ	木原勇	-7.04116568	acg
ㄇㄨˋ-ㄩㄢˊ-ㄈㄤˇ	木原紡	-7.04116568	acg
ㄇㄨˋ-ㄔㄤˇ-ㄓㄣ-ㄋㄞˋ-ㄇㄟˇ	木場真奈美	-6.17843815	acg
ㄇㄨˋ-ㄑㄧˊ-ㄒㄧㄢ-ㄊㄞˋ-ㄌㄤˊ	木崎仙太郎	-6.17843815	acg
ㄇㄨˋ-ㄑㄧˊ-ㄧ-ㄇㄟˇ-ㄌㄧˇ	木崎衣美里	-6.17843815	acg
ㄇㄨˋ-ㄒㄧ	木希	-7.17149945	acg
ㄇㄨˋ-ㄒㄧㄥ-ㄨˇ-ㄕˋ	木星五式	-6.60980192	acg
ㄇㄨˋ-ㄍㄥˋ-ㄇㄨˋ-ㄒㄧˋ-ㄗˇ	木更木夕子	-6.17843815	acg
ㄇㄨˋ-ㄘㄨㄣ-ㄒㄧㄚˋ-ㄕㄨˋ	木村夏樹	-6.60980192	acg
ㄇㄨˋ-ㄘㄨㄣ-ㄘㄨㄥ	木村聰	-7.04116568	acg
ㄇㄨˋ-ㄘㄨㄣ-ㄏㄨㄟ-ㄧ	木村輝一	-6.60980192	acg
ㄇㄨˋ-ㄍㄣ-ㄎㄨㄢ-ㄗˇ	木根寬子	-6.60980192	acg
ㄇㄨˋ-ㄋㄢˊ	木男	-7.17149945	acg
ㄇㄨˋ-ㄧㄝˋ-ㄨㄢˊ	木葉丸	-7.04116568	acg
ㄇㄨˋ-ㄌㄢˊ-ㄦˋ-ㄏㄠˋ	木蘭二號	-6.60980192	acg
ㄇㄨˋ-ㄌㄢˊ-ㄏㄠˋ	木蘭號	-7.04116568	acg
ㄇㄨˋ-ㄌㄢˊ-ㄈㄟ-ㄉㄢˋ	木蘭飛彈	-6.60980192	acg
ㄇㄨˋ-ㄌㄢˊ-ㄈㄟ-ㄧˋ	木蘭飛翼	-6.60980192	acg
ㄇㄨˋ-ㄍㄨˇ-ㄧㄡˇ-ㄇㄟˇ	木谷友美	-6.60980192	acg
ㄇㄨˋ-ㄧㄡˇ	木酉	-7.17149945	acg
ㄇㄨˋ-ㄧㄝˇ-ㄓㄣ-ㄑㄧㄣˊ	木野真琴	-6.60980192	acg
ㄇㄨˋ-ㄌㄟˊ-ㄆㄨˇ	木雷普	-7.04116568	acg
ㄇㄨˋ-ㄌㄧㄥˊ-ㄨㄣˊ-ㄏㄨㄚ	木靈文花	-6.60980192	acg
ㄇㄨˋ-ㄋㄧㄠˇ-ㄍㄠ-ㄈㄨ	木鳥高夫	-6.60980192	acg
ㄨㄟˋ-ㄌㄞˊ-ㄆㄛˊ-ㄆㄛ˙	未來婆婆	-6.60980192	acg
ㄨㄟˋ-ㄌㄞˊ-ㄒㄧㄠˇ-ㄗˇ	未來小子	-6.60980192	acg
ㄨㄟˋ-ㄌㄞˊ-ㄕㄨˋ-ㄨㄟˋ	未來數位	-6.60980192	acg
ㄨㄟˋ-ㄌㄞˊ-ㄉㄜ˙-ㄨㄟˋ-ㄌㄞˊ	未來的未來	-6.17843815	acg
ㄨㄟˋ-ㄨㄢˊ-ㄉㄜ˙-ㄕˋ-ㄑㄧㄥˊ	未完的事情	-6.17843815	acg
ㄨㄟˋ-ㄎㄨㄥ-ㄉㄠˋ-ㄙㄨㄟˋ	未空稻穗	-6.60980192	acg
ㄇㄛˋ-ㄕˋ-ㄕㄥˋ-ㄉㄠ	末世聖刀	-6.60980192	acg
ㄇㄛˋ-ㄕˋ-ㄑㄧˊ-ㄕˋ	末世騎士	-6.60980192	acg
ㄇㄛˋ-ㄓㄣˇ	末姫	-7.17149945	acg
ㄇㄛˋ-ㄖˋ-ㄓ-ㄓㄢˋ	末日之戰	-6.60980192	acg
ㄇㄛˋ-ㄖˋ-ㄅㄛˊ-ㄕˋ	末日博士	-6.60980192	acg
ㄇㄛˋ-ㄖˋ-ㄨㄟˊ-ㄔㄥˊ	末日危城	-6.60980192	acg
ㄇㄛˋ-ㄖˋ-ㄈㄢˇ-ㄎㄤˋ-ㄐㄩㄣ	末日反抗軍	-6.17843815	acg
ㄇㄛˋ-ㄖˋ-ㄓㄢˋ-ㄓㄥ	末日戰爭	-6.60980192	acg
ㄇㄛˋ-ㄖˋ-ㄐㄧ-ㄅㄧㄥ	末日機兵	-6.60980192	acg
ㄇㄛˋ-ㄖˋ-ㄕㄥˋ-ㄉㄧˋ	末日聖地	-6.60980192	acg
ㄇㄛˋ-ㄖˋ-ㄏㄠˋ-ㄐㄧㄠˇ	末日號角	-6.60980192	acg
ㄇㄛˋ-ㄖˋ-ㄐㄧㄤˋ-ㄌㄧㄣˊ-ㄍㄠ-ㄊㄢˊ-ㄕˋ	末日降臨高譚市	-5.74707439	acg
ㄅㄣˇ-ㄕㄤˋ-ㄏㄢˋ-ㄕㄨˋ	本上和樹	-6.60980192	acg
ㄅㄣˇ-ㄕㄤˋ-ㄘㄞˋ-ㄘㄞˋ-ㄗˇ	本上菜菜子	-6.17843815	acg
ㄅㄣˇ-ㄗㄨㄛˋ-ㄉㄧㄢˋ-ㄧㄥˇ-ㄅㄢˇ-ㄕˋ	本作電影版是	-5.74707439	acg
ㄅㄣˇ-ㄌㄧˋ	本力	-7.17149945	acg
ㄅㄣˇ-ㄉㄚˋ-ㄧㄝˊ-ㄍㄨㄥ-ㄈㄤ	本大爺工坊	-6.17843815	acg
ㄅㄣˇ-ㄉㄚˋ-ㄧㄝˊ-ㄓˋ-ㄗㄠˋ	本大爺製造	-6.17843815	acg
ㄅㄣˇ-ㄆㄨˇ-ㄍㄨㄟ-ㄧ-ㄌㄤˊ	本浦圭一郎	-6.17843815	acg
ㄅㄣˇ-ㄆㄨˇ-ㄍㄨㄟ-ㄧˋ-ㄌㄤˊ	本浦圭一郎	-6.67843815	acg
ㄅㄣˇ-ㄆㄨˇ-ㄓ-ㄕˇ	本浦知史	-6.60980192	acg
ㄅㄣˇ-ㄊㄧㄢˊ-ㄨㄟˋ-ㄧㄤ	本田未央	-6.60980192	acg
ㄅㄣˇ-ㄊㄧㄢˊ-ㄨˇ-ㄕˇ	本田武史	-6.60980192	acg
ㄅㄣˇ-ㄊㄧㄢˊ-ㄈㄥ	本田豐	-7.04116568	acg
ㄅㄣˇ-ㄒㄧㄤ-ㄇㄥˇ	本鄉猛	-7.04116568	acg
ㄅㄣˇ-ㄐㄧㄢ-ㄧ-ㄌㄨㄣˊ	本間伊倫	-6.60980192	acg
ㄅㄣˇ-ㄐㄧㄢ-ㄒㄩㄝˊ	本間學	-7.04116568	acg
ㄅㄣˇ-ㄐㄧㄢ-ㄘㄨㄥ-ㄓˋ	本間聰志	-6.60980192	acg
ㄅㄣˇ-ㄐㄧㄢ-ㄧㄚˊ-ㄧ-ㄗˇ	本間芽衣子	-6.17843815	acg
ㄓㄚˊ-ㄎㄜˋ-ㄒㄧˊ-ㄗ	札克席茲	-6.60980192	acg
ㄓㄚˊ-ㄎㄜˋ-ㄙ	札克斯	-7.04116568	acg
ㄓㄚˊ-ㄍㄨˇ-ㄌㄚ	札古拉	-7.04116568	acg
ㄓㄚˊ-ㄈㄨ-ㄊㄜˋ	札夫特	-7.04116568	acg
ㄓㄚˊ-ㄇㄨˇ-ㄉㄨㄛ-ㄌㄚ-ㄍㄜˊ	札姆多拉格	-6.17843815	acg
ㄓㄚˊ-ㄅㄚ-ㄨㄛˋ-ㄎㄜˋ	札巴沃克	-6.60980192	acg
ㄓㄚˊ-ㄇㄟˊ-ㄦˇ	札梅爾	-7.04116568	acg
ㄓㄚˊ-ㄌㄧˋ-ㄧㄚˇ	札莉雅	-7.04116568	acg
ㄓㄚˊ-ㄌㄞˊ-ㄇㄧˋ	札萊密	-7.04116568	acg
ㄓㄨ-ㄌㄧˋ-ㄡ	朱利歐	-7.04116568	acg
ㄓㄨ-ㄌㄧˋ-ㄧㄝˋ-ㄙ	朱利葉斯	-6.60980192	acg
ㄓㄨ-ㄋㄧˊ	朱妮	-7.17149945	acg
ㄓㄨ-ㄒㄧㄝˊ-ㄏㄥˊ	朱斜橫	-7.04116568	acg
ㄓㄨ-ㄋㄧㄝˋ	朱涅	-7.17149945	acg
ㄓㄨ-ㄏㄨㄥˊ-ㄕㄡˋ	朱紅獸	-7.04116568	acg
ㄓㄨ-ㄌㄧㄢˊ	朱蓮	-7.17149945	acg
ㄓㄨ-ㄑㄩㄝˋ-ㄦˋ-ㄌㄤˊ	朱雀二郎	-6.60980192	acg
ㄓㄨ-ㄑㄩㄝˋ-ㄒㄧㄢ-ㄖㄣˊ-ㄓㄤˇ	朱雀仙人掌	-6.17843815	acg
ㄓㄨ-ㄑㄩㄝˋ-ㄉㄨㄥ-ㄅㄟˋ-ㄌㄧˋ	朱雀冬貝利	-6.17843815	acg
ㄓㄨ-ㄧㄣ-ㄌㄨㄛˋ-ㄩˇ	朱音落語	-6.60980192	acg
ㄓㄨ-ㄌㄨˋ-ㄏㄨˋ-ㄕㄚ-ㄧㄝˊ	朱鷺戶沙耶	-6.17843815	acg
ㄆㄨˊ-ㄐㄧㄥ-ㄏㄨㄟˋ	朴京慧	-7.04116568	acg
ㄆㄨˊ-ㄒㄧ-ㄓㄣ	朴熙臻	-7.04116568	acg
ㄆㄨˊ-ㄓㄨㄥ-ㄒㄧㄡˋ	朴鐘秀	-7.04116568	acg
ㄉㄨㄛˇ-ㄎㄞˇ-ㄋㄧˊ-ㄒㄧ-ㄧㄚˋ	朵凱妮西亞	-6.17843815	acg
ㄉㄨㄛˇ-ㄌㄧˋ	朵利	-7.17149945	acg
ㄉㄨㄛˇ-ㄋㄚˋ	朵娜	-7.17149945	acg
ㄉㄨㄛˇ-ㄧˋ-ㄎㄜˋ	朵意克	-7.04116568	acg
ㄉㄨㄛˇ-ㄞˋ-ㄊㄜˋ	朵愛特	-7.04116568	acg
ㄉㄨㄛˇ-ㄌㄚ-ㄑㄧㄣ-ㄨㄟˋ-ㄉㄨㄟˋ	朵拉親衛隊	-6.17843815	acg
ㄉㄨㄛˇ-ㄌㄜˋ	朵樂	-7.17149945	acg
ㄉㄨㄛˇ-ㄌㄧˋ-ㄒㄧㄚˋ	朵莉夏	-7.04116568	acg
ㄉㄨㄛˇ-ㄌㄧˋ-ㄡ	朵莉歐	-7.04116568	acg
ㄉㄨㄛˇ-ㄌㄧˊ-ㄙ	朵麗絲	-7.04116568	acg
ㄒㄧㄡˇ-ㄇㄨˋ-ㄕㄡˋ	朽木獸	-7.04116568	acg
ㄒㄧㄡˇ-ㄇㄨˋ-ㄒㄧㄤˇ-ㄏㄜˊ	朽木響河	-6.60980192	acg
ㄕㄢ-ㄅㄧㄥˋ-ㄇㄨˋ-ㄕˊ	杉並睦實	-6.60980192	acg
ㄕㄢ-ㄒㄧㄠˋ-ㄇㄟˇ-ㄧㄡ	杉咲美優	-6.60980192	acg
ㄕㄢ-ㄅㄢˇ-ㄏㄞˇ	杉坂海	-7.04116568	acg
ㄕㄢ-ㄕㄢ-ㄍㄤ	杉山剛	-7.04116568	acg
ㄕㄢ-ㄕㄢ-ㄑㄧㄥ-ㄇㄟˇ	杉山清美	-6.60980192	acg
ㄕㄢ-ㄕㄢ-ㄈㄥ-ㄏㄢˋ	杉山豐和	-6.60980192	acg
ㄕㄢ-ㄅㄣˇ-ㄕㄢ-ㄏㄨˊ	杉本珊瑚	-6.60980192	acg
ㄕㄢ-ㄐㄧㄤ-ㄇㄠˋ	杉江茂	-7.04116568	acg
ㄕㄢ-ㄆㄨˇ-ㄅㄧˋ	杉浦碧	-7.04116568	acg
ㄌㄧˇ-ㄙˋ-ㄊㄜˋ	李四特	-7.04116568	acg
ㄌㄧˇ-ㄠˋ	李奧	-7.17149945	acg
ㄌㄧˇ-ㄐㄧㄢˋ-ㄌㄧㄤˊ	李建良	-7.04116568	acg
ㄌㄧˇ-ㄔㄥˊ-ㄐㄧˊ	李承吉	-7.04116568	acg
ㄌㄧˇ-ㄊㄠ	李掏	-7.17149945	acg
ㄌㄧˇ-ㄇㄧㄣˇ-ㄔㄥˊ	李敏晟	-7.04116568	acg
ㄌㄧˇ-ㄙ-ㄨㄢˋ	李斯萬	-7.04116568	acg
ㄌㄧˇ-ㄇㄧㄥˊ	李明	-7.17149945	acg
ㄌㄧˇ-ㄒㄧㄥ	李星	-7.17149945	acg
ㄌㄧˇ-ㄅㄛˊ-ㄇㄢˋ	李柏曼	-7.04116568	acg
ㄌㄧˇ-ㄇㄟˊ-ㄊㄚˇ	李梅塔	-7.04116568	acg
ㄌㄧˇ-ㄓㄨ-ㄒㄧ	李珠熙	-7.04116568	acg
ㄌㄧˇ-ㄧㄢˇ-ㄓㄜˊ-ㄅㄛˊ-ㄕˋ	李眼摺博士	-6.17843815	acg
ㄌㄧˇ-ㄌㄨㄛˊ	李羅	-7.17149945	acg
ㄌㄧˇ-ㄇㄟˇ-ㄌㄧㄥˊ	李美玲	-7.04116568	acg
ㄌㄧˇ-ㄐㄧㄣˇ	李錦	-7.17149945	acg
ㄌㄧˇ-ㄌㄨㄥˊ	李龍	-7.17149945	acg
ㄒㄧㄥˋ-ㄌㄧㄣˊ-ㄧㄝˇ-ㄈㄥ-ㄎㄨㄤˊ	杏林也瘋狂	-6.17843815	acg
ㄘㄨㄣ-ㄕㄤˋ-ㄓㄤˋ	村上丈	-7.04116568	acg
ㄘㄨㄣ-ㄕㄤˋ-ㄅㄚ	村上巴	-7.04116568	acg
ㄘㄨㄣ-ㄓㄨㄥ-ㄋㄨˇ	村中努	-7.04116568	acg
ㄘㄨㄣ-ㄐㄧㄡˇ	村久	-7.17149945	acg
ㄘㄨㄣ-ㄙㄨㄥ-ㄧㄥ	村松櫻	-7.04116568	acg
ㄓㄤˋ-ㄨㄤˊ-ㄇㄛˊ-ㄕˋ	杖王模式	-6.60980192	acg
ㄉㄨˋ-ㄎㄜˋ-ㄦˇ	杜克爾	-7.04116568	acg
ㄉㄨˋ-ㄦˊ	杜兒	-7.17149945	acg
ㄉㄨˋ-ㄌㄧˋ-ㄒㄧㄝˊ-ㄏㄨㄟˋ	杜利協會	-6.60980192	acg
ㄉㄨˋ-ㄐㄧㄚ-ㄉㄜˊ-ㄕㄜˋ-ㄑㄩ	杜加德社區	-6.17843815	acg
ㄉㄨˋ-ㄑㄧˊ-ㄊㄚˋ	杜崎拓	-7.04116568	acg
ㄉㄨˋ-ㄅㄚ-ㄉㄨㄣˋ	杜巴頓	-7.04116568	acg
ㄉㄨˋ-ㄌㄚ-ㄎㄜˇ-ㄌㄨˇ-ㄌㄨˇ-ㄓㄤˇ-ㄍㄨㄢ	杜拉可魯魯長官	-5.74707439	acg
ㄉㄨˋ-ㄙ-ㄊㄧㄢ-ㄕˇ	杜斯天使	-6.60980192	acg
ㄉㄨˋ-ㄆㄨˇ-ㄌㄟˊ	杜普雷	-7.04116568	acg
ㄉㄨˋ-ㄙㄤ	杜桑	-7.17149945	acg
ㄉㄨˋ-ㄅㄧˇ-ㄕㄨˋ-ㄨㄟˋ	杜比數位	-6.60980192	acg
ㄉㄨˋ-ㄌㄨㄛˋ-ㄊㄚˇ	杜洛塔	-7.04116568	acg
ㄉㄨˋ-ㄦˇ	杜爾	-7.17149945	acg
ㄉㄨˋ-ㄋㄚˋ-ㄙ-ㄕㄡˋ	杜納斯獸	-6.60980192	acg
ㄉㄨˋ-ㄌㄢˊ	杜藍	-7.17149945	acg
ㄉㄨˋ-ㄌㄢˊ-ㄒㄧㄢ-ㄕㄥ	杜蘭先生	-6.60980192	acg
ㄉㄨˋ-ㄋㄨㄛˋ-ㄎㄜˋ	杜諾克	-7.04116568	acg
ㄉㄨˋ-ㄚ-ㄌㄨㄛˋ	杜阿洛	-7.04116568	acg
ㄕㄨˋ-ㄎㄡˇ-ㄉㄞˋ	束口袋	-7.04116568	acg
ㄐㄧㄝˊ-ㄎㄜˇ-ㄌㄨㄛˊ-ㄌㄚ	杰可羅拉	-6.60980192	acg
ㄐㄧㄝˊ-ㄦˇ-ㄇㄚˇ	杰爾馬	-7.04116568	acg
ㄐㄧㄝˊ-ㄊㄜˋ-ㄎㄜˋ	杰特克	-7.04116568	acg
ㄉㄨㄥ-ㄓ-ㄧ-ㄉㄧㄢˋ	東之伊甸	-6.60980192	acg
ㄉㄨㄥ-ㄐㄧㄥ-ㄇㄧㄠ-ㄇㄧㄠ	東京喵喵	-6.60980192	acg
ㄉㄨㄥ-ㄐㄧㄥ-ㄐㄧㄠˋ-ㄈㄨˋ	東京教父	-6.60980192	acg
ㄉㄨㄥ-ㄐㄧㄥ-ㄘㄢˊ-ㄒㄧㄤˇ	東京殘響	-6.60980192	acg
ㄉㄨㄥ-ㄍㄜ-ㄌㄨㄛˊ-ㄙ	東哥羅斯	-6.60980192	acg
ㄉㄨㄥ-ㄑㄧㄠˊ-ㄓˋ	東喬治	-7.04116568	acg
ㄉㄨㄥ-ㄋㄧˊ-ㄠˋ	東尼奧	-7.04116568	acg
ㄉㄨㄥ-ㄒㄧㄥˋ-ㄦˋ	東幸二	-7.04116568	acg
ㄉㄨㄥ-ㄩˋ-ㄕㄡˇ-ㄒㄧˇ-ㄑㄧㄥ-ㄙ-ㄌㄤˊ	東御手洗清司郎	-5.74707439	acg
ㄉㄨㄥ-ㄈㄤ-ㄉㄚˋ-ㄇㄣˊ	東方大門	-6.60980192	acg
ㄉㄨㄥ-ㄈㄤ-ㄨㄤˊ-ㄔㄠˊ	東方王朝	-6.60980192	acg
ㄉㄨㄥ-ㄈㄤ-ㄌㄢˊ	東方藍	-7.04116568	acg
ㄉㄨㄥ-ㄒㄧㄥ-ㄌㄨㄛˊ	東星羅	-7.04116568	acg
ㄉㄨㄥ-ㄡ-ㄈㄥˋ-ㄏㄨㄤˊ-ㄎㄨㄥˇ-ㄅㄨˋ-ㄗㄨˇ-ㄓ	東歐鳳凰恐怖組織	-5.74707439	acg
ㄉㄨㄥ-ㄑㄧㄥ-ㄓㄨˋ	東清助	-7.04116568	acg
ㄉㄨㄥ-ㄒㄧㄤ-ㄞˋ	東鄉愛	-7.04116568	acg
ㄉㄨㄥ-ㄐㄧㄣ-ㄕㄨㄛˋ-ㄧㄝˋ	東金朔夜	-6.60980192	acg
ㄉㄨㄥ-ㄌㄨㄥˊ-ㄙ	東龍司	-7.04116568	acg
ㄔㄨˇ-ㄑㄧˊ-ㄑㄧㄢˋ	杵崎茜	-7.04116568	acg
ㄔㄨˇ-ㄑㄧˊ-ㄩˋ	杵崎譽	-7.04116568	acg
ㄙㄨㄥ-ㄌㄞˊ-ㄌㄨㄛˊ-ㄉㄧˊ-ㄣ	松來羅迪恩	-6.17843815	acg
ㄙㄨㄥ-ㄑㄧㄢˊ-ㄍㄠ-ㄩㄝˋ	松前皋月	-6.60980192	acg
ㄙㄨㄥ-ㄑㄧㄢˊ-ㄒㄩˋ-ㄏㄨㄚ	松前緒花	-6.60980192	acg
ㄙㄨㄥ-ㄩㄢˊ-ㄉㄚˋ	松原大	-7.04116568	acg
ㄙㄨㄥ-ㄩㄢˊ-ㄗㄠˇ-ㄧㄝˊ	松原早耶	-6.60980192	acg
ㄙㄨㄥ-ㄩㄢˊ-ㄕˊ-ㄈㄨ	松原時夫	-6.60980192	acg
ㄙㄨㄥ-ㄩㄢˊ-ㄇㄢˇ	松原滿	-7.04116568	acg
ㄙㄨㄥ-ㄩㄢˊ-ㄒㄧㄤˊ	松原翔	-7.04116568	acg
ㄙㄨㄥ-ㄨㄟˇ-ㄑㄧㄢ-ㄏㄜˋ	松尾千鶴	-6.60980192	acg
ㄙㄨㄥ-ㄕㄢ-ㄐㄧㄡˇ-ㄇㄟˇ-ㄗˇ	松山久美子	-6.17843815	acg
ㄙㄨㄥ-ㄍㄤ-ㄌㄧㄣˇ	松岡凜	-7.04116568	acg
ㄙㄨㄥ-ㄍㄤ-ㄐㄧㄤ	松岡江	-7.04116568	acg
ㄙㄨㄥ-ㄑㄧˊ-ㄒㄧㄥˋ-ㄙ	松崎幸司	-6.60980192	acg
ㄙㄨㄥ-ㄅㄣˇ-ㄍㄨㄤ-ㄘˋ	松本光次	-6.60980192	acg
ㄙㄨㄥ-ㄅㄣˇ-ㄒㄧㄠˇ-ㄅㄞˇ-ㄏㄜˊ	松本小百合	-6.17843815	acg
ㄙㄨㄥ-ㄅㄣˇ-ㄕㄚ-ㄌㄧˇ-ㄋㄞˋ	松本沙理奈	-6.17843815	acg
ㄙㄨㄥ-ㄅㄣˇ-ㄌㄧˇ-ㄗˇ	松本里子	-6.60980192	acg
ㄙㄨㄥ-ㄅㄣˇ-ㄓㄨㄥˋ-ㄈㄨ	松本重夫	-6.60980192	acg
ㄙㄨㄥ-ㄩㄥˇ-ㄌㄧㄤˊ	松永涼	-7.04116568	acg
ㄙㄨㄥ-ㄩㄥˇ-ㄌㄧˇ-ㄉㄡ-ㄗˇ	松永理都子	-6.17843815	acg
ㄙㄨㄥ-ㄊㄧㄢˊ-ㄗㄨㄛˇ-ㄨㄣˊ-ㄗˋ	松田左文字	-6.17843815	acg
ㄙㄨㄥ-ㄧㄝˇ-ㄧ-ㄙㄨㄥ	松野一松	-6.60980192	acg
ㄙㄨㄥ-ㄧㄝˇ-ㄧˋ-ㄙㄨㄥ	松野一松	-7.10980192	acg
ㄙㄨㄥ-ㄧㄝˇ-ㄕˊ-ㄙˋ-ㄙㄨㄥ	松野十四松	-6.17843815	acg
ㄙㄨㄥ-ㄧㄝˇ-ㄈㄥ	松野豐	-7.04116568	acg
ㄙㄨㄥ-ㄒㄩㄝˇ-ㄐㄧˊ	松雪集	-7.04116568	acg
ㄅㄢˇ-ㄐㄧㄣ-ㄈㄥ	板津豐	-7.04116568	acg
ㄆㄧˊ-ㄆㄧˊ-ㄇㄨˋ-ㄒㄩㄣˊ	枇枇木巡	-6.60980192	acg
ㄓㄣˇ-ㄊㄡ˙-ㄕㄡˋ	枕頭獸	-7.04116568	acg
ㄌㄧㄣˊ-ㄐㄧㄚ-ㄑㄧˊ	林佳淇	-7.04116568	acg
ㄌㄧㄣˊ-ㄑㄧˇ-ㄊㄞˋ	林啟太	-7.04116568	acg
ㄌㄧㄣˊ-ㄧㄡˊ-ㄐㄧㄣ	林尤金	-7.04116568	acg
ㄌㄧㄣˊ-ㄓˋ-ㄗˇ	林智子	-7.04116568	acg
ㄌㄧㄣˊ-ㄧㄡˇ-ㄓㄣ	林有珍	-7.04116568	acg
ㄌㄧㄣˊ-ㄊㄞˋ-ㄍㄨㄟ	林泰圭	-7.04116568	acg
ㄌㄧㄣˊ-ㄌㄧㄤˊ-ㄊㄤˊ	林涼堂	-7.04116568	acg
ㄌㄧㄣˊ-ㄊㄜˋ	林特	-7.17149945	acg
ㄌㄧㄣˊ-ㄐㄧㄥ	林精	-7.17149945	acg
ㄇㄟˊ-ㄅㄣˇ-ㄨㄟˋ-ㄌㄞˊ-ㄗˇ	枚本未來子	-6.17843815	acg
ㄍㄨㄛˇ-ㄉㄨㄥˋ-ㄕㄡˋ	果凍獸	-7.04116568	acg
ㄍㄨㄛˇ-ㄌㄧㄝˋ-ㄋㄨˊ	果列奴	-7.04116568	acg
ㄍㄨㄛˇ-ㄓ-ㄐㄧˋ	果汁季	-7.04116568	acg
ㄍㄨㄛˇ-ㄖㄢˊ-ㄑㄩㄢˊ-ㄐㄧˊ-ㄕㄡˇ	果然拳擊手	-6.17843815	acg
ㄓ-ㄘㄨㄣ-ㄓㄣ-ㄖㄣˊ	枝村真人	-6.60980192	acg
ㄎㄨ-ㄇㄨˋ-ㄕㄡˋ	枯木獸	-7.04116568	acg
ㄎㄨ-ㄧㄝˋ-ㄕˋ	枯葉市	-7.04116568	acg
ㄓㄨㄥ-ㄒㄧㄡ-ㄗㄠˋ	柊修造	-7.04116568	acg
ㄓㄨㄥ-ㄓˋ-ㄋㄞˇ	柊志乃	-7.04116568	acg
ㄓㄨㄥ-ㄧㄡˋ-ㄗ˙	柊柚子	-7.04116568	acg
ㄅㄛˊ-ㄌㄧˋ-ㄕˇ-ㄉㄨㄥ	柏利史東	-6.60980192	acg
ㄅㄛˊ-ㄍㄨˇ-ㄕㄡˋ	柏古獸	-7.04116568	acg
ㄅㄛˊ-ㄌㄚ-ㄢ	柏拉庵	-7.04116568	acg
ㄅㄛˊ-ㄇㄨˋ-ㄇㄟˇ-ㄐㄧㄚ	柏木美佳	-6.60980192	acg
ㄅㄛˊ-ㄇㄨˋ-ㄒㄩㄝˇ-ㄘㄞˋ	柏木雪菜	-6.60980192	acg
ㄅㄛˊ-ㄍㄜˊ	柏格	-7.17149945	acg
ㄅㄛˊ-ㄨㄚˇ-ㄗ	柏瓦茲	-7.04116568	acg
ㄅㄛˊ-ㄊㄧㄢˊ-ㄓㄣ-ㄧㄡˊ	柏田真由	-6.60980192	acg
ㄅㄛˊ-ㄌㄧˋ-ㄋㄨˊ-ㄌㄧˋ	柏莉奴莉	-6.60980192	acg
ㄅㄛˊ-ㄍㄨ-ㄐㄩㄣ	柏菇君	-7.04116568	acg
ㄅㄛˊ-ㄌㄧˇ-ㄤˊ	柏里昂	-7.04116568	acg
ㄖㄢˇ-ㄙㄜˋ-ㄇㄧㄠ	染色喵	-7.04116568	acg
ㄖㄡˊ-ㄖㄡˊ-ㄕˋ-ㄉㄚˋ-ㄐㄧㄝˇ-ㄐㄧㄝˇ	柔柔是大姊姊	-5.74707439	acg
ㄖㄡˊ-ㄉㄠˋ-ㄧㄥ-ㄘ	柔道英雌	-6.60980192	acg
ㄧㄡˋ-ㄐㄧˋ	柚季	-7.17149945	acg
ㄧㄡˋ-ㄒㄧ-ㄅㄨˋ-ㄋㄧㄠˇ	柚希步鳥	-6.60980192	acg
ㄧㄡˋ-ㄒㄧ-ㄌㄧˇ-ㄧㄣ	柚希理音	-6.60980192	acg
ㄔㄚˊ-ㄎㄜˋ-ㄌㄨㄛˋ	查克洛	-7.04116568	acg
ㄔㄚˊ-ㄆㄨˇ	查普	-7.17149945	acg
ㄔㄚˊ-ㄆㄨˇ-ㄇㄢˋ-ㄕㄡˇ-ㄒㄧㄤˋ	查普曼首相	-6.17843815	acg
ㄔㄚˊ-ㄆㄞˋ-ㄎㄜˋ	查派克	-7.04116568	acg
ㄔㄚˊ-ㄦˇ-ㄌㄨㄛˊ-ㄙ	查爾羅斯	-6.60980192	acg
ㄔㄚˊ-ㄌㄧˇ-ㄑㄧ-ㄕˋ	查理七世	-6.60980192	acg
ㄔㄚˊ-ㄇㄧˇ	查米	-7.17149945	acg
ㄔㄚˊ-ㄇㄧˇ-ㄕㄢ-ㄊㄧㄢˊ	查米山田	-6.60980192	acg
ㄎㄜ-ㄒㄧㄡ-ㄅㄚ	柯修巴	-7.04116568	acg
ㄎㄜ-ㄌㄨㄣˊ	柯倫	-7.17149945	acg
ㄎㄜ-ㄎㄜˋ-ㄈㄨ-ㄖㄣˊ	柯克夫人	-6.60980192	acg
ㄎㄜ-ㄋㄟˋ-ㄈㄨˊ	柯內弗	-7.04116568	acg
ㄎㄜ-ㄌㄧㄝˋ-ㄈㄛˊ	柯列佛	-7.04116568	acg
ㄎㄜ-ㄐㄧㄣˋ-ㄒㄧㄤ	柯勁香	-7.04116568	acg
ㄎㄜ-ㄅㄛˊ-ㄕˋ	柯博士	-7.04116568	acg
ㄎㄜ-ㄅㄛˊ-ㄨㄣˊ	柯博文	-7.04116568	acg
ㄎㄜ-ㄋㄞˋ-ㄌㄨㄛˋ	柯奈洛	-7.04116568	acg
ㄎㄜ-ㄋㄧˊ-ㄙ	柯妮絲	-7.04116568	acg
ㄎㄜ-ㄅㄚ-ㄗ	柯巴茲	-7.04116568	acg
ㄎㄜ-ㄣ	柯恩	-7.17149945	acg
ㄎㄜ-ㄌㄚ-ㄔㄨㄢˊ-ㄑㄧˊ	柯拉傳奇	-6.60980192	acg
ㄎㄜ-ㄌㄚ-ㄒㄩㄣˋ	柯拉遜	-7.04116568	acg
ㄎㄜ-ㄌㄨㄛˋ-ㄣ	柯洛恩	-7.04116568	acg
ㄎㄜ-ㄖㄨㄟˋ-ㄦˇ	柯瑞爾	-7.04116568	acg
ㄎㄜ-ㄩㄝ-ㄉㄞˋ	柯約代	-7.04116568	acg
ㄎㄜ-ㄨㄟˊ-ㄊㄜˋ	柯維特	-7.04116568	acg
ㄎㄜ-ㄌㄨㄛˊ-ㄋㄨㄛˋ-ㄕㄡˋ	柯羅諾獸	-6.60980192	acg
ㄎㄜ-ㄌㄠˇ-ㄕㄨˇ	柯老鼠	-7.04116568	acg
ㄎㄜ-ㄉㄧˋ-ㄙ	柯蒂斯	-7.04116568	acg
ㄎㄜ-ㄉㄧˋ-ㄌㄧˊ-ㄧㄚˇ	柯蒂麗亞	-6.60980192	acg
ㄎㄜ-ㄅㄟˋ-ㄦˇ	柯貝爾	-7.04116568	acg
ㄎㄜ-ㄚ-ㄙㄢ	柯阿三	-7.04116568	acg
ㄎㄜ-ㄌㄨˇ-ㄉㄨㄛ	柯魯多	-7.04116568	acg
ㄎㄜ-ㄌㄨˇ-ㄑㄧㄚˋ-ㄎㄜˋ	柯魯恰克	-6.60980192	acg
ㄌㄧㄡˇ-ㄉㄧㄥ-ㄍㄜ-ㄌㄞˊ-ㄌㄨㄢˋ	柳丁擱來亂	-6.17843815	acg
ㄌㄧㄡˇ-ㄧㄝˇ	柳也	-7.17149945	acg
ㄌㄧㄡˇ-ㄩㄢˊ-ㄇㄚˊ-ㄌㄨㄣˊ	柳原麻侖	-6.60980192	acg
ㄌㄧㄡˇ-ㄇㄧㄥˊ-ㄏㄢˋ	柳明翰	-7.04116568	acg
ㄌㄧㄡˇ-ㄏㄞˇ-ㄋㄚˋ	柳海娜	-7.04116568	acg
ㄌㄧㄡˇ-ㄑㄧㄥ-ㄌㄧㄤˊ	柳清良	-7.04116568	acg
ㄌㄧㄡˇ-ㄌㄞˋ-ㄇㄟˇ-ㄧㄡˊ-ㄐㄧˋ	柳瀨美由紀	-6.17843815	acg
ㄌㄧㄡˇ-ㄒㄧㄡˋ-ㄒㄧㄢˊ	柳秀賢	-7.04116568	acg
ㄌㄧㄡˇ-ㄓㄣˇ-ㄐㄧㄢˋ-ㄕㄜˋ	柳軫建設	-6.60980192	acg
ㄌㄧㄡˇ-ㄓㄣˇ-ㄒㄧㄥ	柳軫星	-7.04116568	acg
ㄌㄧㄡˇ-ㄓㄣˇ-ㄏㄠˋ	柳軫皓	-7.04116568	acg
ㄔㄞˊ-ㄉㄞˋ-ㄦˇ	柴代爾	-7.04116568	acg
ㄔㄞˊ-ㄎㄜˋ	柴克	-7.17149945	acg
ㄔㄞˊ-ㄩㄢˊ-ㄐㄧㄢˋ-ㄐㄧㄝˋ	柴垣健介	-6.60980192	acg
ㄔㄞˊ-ㄑㄧˋ-ㄦˇ	柴契爾	-7.04116568	acg
ㄔㄞˊ-ㄕㄢ-ㄔㄨㄣˊ-ㄆㄧㄥˊ	柴山純平	-6.60980192	acg
ㄔㄞˊ-ㄑㄧˊ-ㄐㄧㄢˋ-ㄘˋ-ㄌㄤˊ	柴崎健次郎	-6.17843815	acg
ㄔㄞˊ-ㄊㄧㄢˊ-ㄌㄧˇ-ㄕㄚ	柴田里莎	-6.60980192	acg
ㄔㄞˊ-ㄊㄧㄢˊ-ㄉㄨㄥ	柴田鶇	-7.04116568	acg
ㄔㄞˊ-ㄉㄚˊ-ㄒㄧㄥ	柴達星	-7.04116568	acg
ㄕˋ-ㄏㄨㄚ-ㄧㄥ-ㄦˋ	柿花英二	-6.60980192	acg
ㄌㄧˋ-ㄩㄢˊ-ㄋㄧㄥˊ-ㄋㄧㄥˊ	栗原寧寧	-6.60980192	acg
ㄌㄧˋ-ㄗ˙-ㄅㄧˋ-ㄕㄚ-ㄐㄧˋ	栗子必殺技	-6.17843815	acg
ㄒㄧㄠˋ-ㄩㄢˊ-ㄎㄜˋ-ㄒㄧㄥ	校園剋星	-6.60980192	acg
ㄒㄧㄠˋ-ㄩㄢˊ-ㄐㄧㄠ-ㄨㄚˊ	校園嬌娃	-6.60980192	acg
ㄒㄧㄠˋ-ㄩㄢˊ-ㄇㄧˊ-ㄏㄨˊ-ㄉㄚˋ-ㄨㄤˊ	校園迷糊大王	-5.74707439	acg
ㄒㄧㄠˋ-ㄊㄧㄠˊ-ㄐㄧˋ	校條祭	-7.04116568	acg
ㄒㄧㄠˋ-ㄓㄤˇ-ㄒㄧㄢ-ㄕㄥ	校長先生	-6.60980192	acg
ㄏㄜˊ-ㄗˇ-ㄉㄠˇ-ㄉㄢˋ	核子導彈	-6.60980192	acg
ㄏㄜˊ-ㄒㄧㄣ-ㄔㄠ-ㄗㄞˋ	核心超載	-6.60980192	acg
ㄏㄜˊ-ㄒㄧㄣ-ㄍㄤ-ㄉㄢˋ	核心鋼彈	-6.60980192	acg
ㄏㄜˊ-ㄒㄧㄣ-ㄈㄟ-ㄙㄨㄛ	核心飛梭	-6.60980192	acg
ㄏㄜˊ-ㄓㄢˋ-ㄐㄧ	核戰機	-7.04116568	acg
ㄏㄜˊ-ㄨˇ-ㄏㄠˋ-ㄐㄧㄝˊ	核武浩劫	-6.60980192	acg
ㄏㄜˊ-ㄨˇ-ㄈㄥ-ㄅㄠˋ	核武風暴	-6.60980192	acg
ㄏㄜˊ-ㄐㄩˋ-ㄅㄧㄢˋ-ㄏㄜˊ-ㄒㄧㄣ	核聚變核心	-6.17843815	acg
ㄏㄜˊ-ㄌㄨㄥˊ-ㄕㄡˋ	核龍獸	-7.04116568	acg
ㄍㄜˊ-ㄌㄧㄝˋ-ㄈㄛˊ	格列佛	-7.04116568	acg
ㄍㄜˊ-ㄌㄧˋ-ㄅㄨˋ-ㄙ	格利布斯	-6.60980192	acg
ㄍㄜˊ-ㄌㄧˋ-ㄇㄛˊ-ㄧㄚˇ	格利摩亞	-6.60980192	acg
ㄍㄜˊ-ㄨㄟ-ㄌㄨㄥˊ	格威隆	-7.04116568	acg
ㄍㄜˊ-ㄌㄚ-ㄎㄜˋ-ㄙ	格拉克斯	-6.60980192	acg
ㄍㄜˊ-ㄌㄚ-ㄋㄧˊ-ㄊㄜˋ	格拉尼特	-6.60980192	acg
ㄍㄜˊ-ㄌㄚ-ㄏㄢˋ	格拉漢	-7.04116568	acg
ㄍㄜˊ-ㄌㄚ-ㄨ-ㄎㄚˇ-ㄐㄧㄤ-ㄐㄩㄣ	格拉烏卡將軍	-5.74707439	acg
ㄍㄜˊ-ㄌㄚ-ㄇㄧˇ-ㄙ	格拉米斯	-6.60980192	acg
ㄍㄜˊ-ㄌㄚ-ㄋㄚˋ-ㄊㄜˋ	格拉納特	-6.60980192	acg
ㄍㄜˊ-ㄌㄚ-ㄋㄧㄡˇ-ㄊㄜˋ	格拉紐特	-6.60980192	acg
ㄍㄜˊ-ㄌㄚ-ㄉㄧˊ-ㄡ-ㄌㄢˊ-ㄙ	格拉迪歐藍斯	-5.74707439	acg
ㄍㄜˊ-ㄌㄤˇ-ㄋㄧㄥˊ	格朗寧	-7.04116568	acg
ㄍㄜˊ-ㄌㄤˇ-ㄙㄚˋ-ㄇㄨˇ	格朗薩姆	-6.60980192	acg
ㄍㄜˊ-ㄌㄧㄣˊ-ㄧ-ㄐㄧㄚ-ㄐㄧㄣˋ-ㄔㄥˊ-ㄑㄩˋ	格林一家進城趣	-5.74707439	acg
ㄍㄜˊ-ㄌㄧㄣˊ-ㄧˋ-ㄐㄧㄚ-ㄐㄧㄣˋ-ㄔㄥˊ-ㄑㄩˋ	格林一家進城趣	-6.24707439	acg
ㄍㄜˊ-ㄌㄧㄣˊ-ㄇㄧㄥˊ-ㄗㄨㄛˋ-ㄐㄩˋ-ㄔㄤˇ	格林名作劇場	-5.74707439	acg
ㄍㄜˊ-ㄌㄧㄣˊ-ㄉㄞˋ-ㄦˇ-ㄏㄨㄚˊ-ㄉㄜˊ-ㄅㄛˊ-ㄐㄩㄝˊ-ㄈㄨ-ㄖㄣˊ	格林戴爾華德伯爵夫人	-5.74707439	acg
ㄍㄜˊ-ㄌㄧㄣˊ-ㄍㄜˊ-ㄌㄚ-ㄙ	格林格拉斯	-6.17843815	acg
ㄍㄜˊ-ㄌㄧㄣˊ-ㄊㄞˋ-ㄌㄜˋ	格林泰勒	-6.60980192	acg
ㄍㄜˊ-ㄦˇ-ㄐㄧㄝˊ-ㄠˋ	格爾傑奧	-6.60980192	acg
ㄍㄜˊ-ㄦˇ-ㄉㄜˊ-ㄌㄧㄣˊ	格爾德林	-6.60980192	acg
ㄍㄜˊ-ㄨㄚˇ-ㄐㄧㄣ	格瓦金	-7.04116568	acg
ㄍㄜˊ-ㄌㄧˋ-ㄋㄚˋ	格莉娜	-7.04116568	acg
ㄍㄜˊ-ㄌㄢˊ-ㄕˋ	格蘭士	-7.04116568	acg
ㄍㄜˊ-ㄌㄢˊ-ㄊㄞˋ-ㄦˇ	格蘭泰爾	-6.60980192	acg
ㄍㄜˊ-ㄌㄢˊ-ㄗ	格蘭茲	-7.04116568	acg
ㄍㄜˊ-ㄌㄧㄢˊ-ㄒㄧㄡ-ㄊㄧˊ-ㄇㄨˇ	格連修提姆	-6.17843815	acg
ㄍㄜˊ-ㄌㄧˇ-ㄍㄜ-ㄌㄧˋ	格里哥利	-6.60980192	acg
ㄍㄜˊ-ㄌㄧˇ-ㄅㄨˋ-ㄙ	格里布斯	-6.60980192	acg
ㄍㄜˊ-ㄌㄧˇ-ㄙ-ㄅㄟˋ-ㄣ	格里斯貝恩	-6.17843815	acg
ㄍㄜˊ-ㄌㄧˇ-ㄤˊ	格里昂	-7.04116568	acg
ㄍㄜˊ-ㄌㄧˇ-ㄆㄨˇ-ㄙ	格里普斯	-6.60980192	acg
ㄍㄜˊ-ㄌㄧˇ-ㄈㄣ	格里芬	-7.04116568	acg
ㄍㄜˊ-ㄌㄟˊ-ㄦˇ	格雷爾	-7.04116568	acg
ㄍㄜˊ-ㄌㄟˊ-ㄗ	格雷茲	-7.04116568	acg
ㄍㄜˊ-ㄉㄡˋ-ㄓ-ㄏㄨㄣˊ	格鬥之魂	-6.60980192	acg
ㄍㄜˊ-ㄉㄡˋ-ㄎㄡˇ	格鬥口	-7.04116568	acg
ㄍㄜˊ-ㄉㄡˋ-ㄐㄧㄚ-ㄑㄧㄠˊ	格鬥家喬	-6.60980192	acg
ㄍㄜˊ-ㄉㄡˋ-ㄐㄧ	格鬥機	-7.04116568	acg
ㄍㄜˊ-ㄉㄡˋ-ㄅㄢˇ	格鬥版	-7.04116568	acg
ㄍㄜˊ-ㄉㄡˋ-ㄓㄨㄥ-ㄉㄨㄢ	格鬥終端	-6.60980192	acg
ㄍㄜˊ-ㄉㄡˋ-ㄐㄧㄣˋ-ㄏㄨㄚˋ	格鬥進化	-6.60980192	acg
ㄍㄜˊ-ㄉㄡˋ-ㄧㄡˊ-ㄒㄧˋ	格鬥遊戲	-6.60980192	acg
ㄍㄜˊ-ㄌㄨˇ-ㄙ-ㄢ	格魯斯安	-6.60980192	acg
ㄍㄜˊ-ㄌㄨˇ-ㄊㄜˋ	格魯特	-7.04116568	acg
ㄍㄜˊ-ㄏㄟ-ㄋㄚˋ	格黑娜	-7.04116568	acg
ㄗㄞ-ㄆㄟˊ-ㄖㄣˊ	栽培人	-7.04116568	acg
ㄍㄨㄟˋ-ㄔㄨ	桂初	-7.17149945	acg
ㄍㄨㄟˋ-ㄋㄧˊ-ㄌㄚ	桂妮拉	-7.04116568	acg
ㄍㄨㄟˋ-ㄋㄧˊ-ㄨㄟˊ-ㄦˊ	桂妮薇兒	-6.60980192	acg
ㄍㄨㄟˋ-ㄌㄧˊ	桂黎	-7.17149945	acg
ㄊㄠˊ-ㄐㄧㄥˇ-ㄒㄧㄠˇ-ㄉㄡˋ	桃井小豆	-6.60980192	acg
ㄊㄠˊ-ㄐㄧㄥˇ-ㄏㄨㄟˋ-ㄗˇ	桃井惠子	-6.60980192	acg
ㄊㄠˊ-ㄩㄢˊ-ㄍㄨㄟ-ㄊㄞˋ-ㄌㄤˊ	桃園圭太郎	-6.17843815	acg
ㄊㄠˊ-ㄩㄢˊ-ㄅㄨˋ-ㄇㄟˇ	桃園步美	-6.60980192	acg
ㄊㄠˊ-ㄩㄢˊ-ㄩㄢˊ-ㄐㄧˊ	桃園源吉	-6.60980192	acg
ㄊㄠˊ-ㄊㄞˋ-ㄌㄨㄛˋ-ㄙ	桃太洛斯	-6.60980192	acg
ㄊㄠˊ-ㄊㄞˋ-ㄌㄤˊ-ㄓ-ㄍㄨㄟˇ	桃太郎之鬼	-6.17843815	acg
ㄊㄠˊ-ㄕㄢ-ㄆㄧㄥˊ-ㄊㄞˋ	桃山平太	-6.60980192	acg
ㄊㄠˊ-ㄍㄨㄛˇ-ㄖㄣˊ	桃果人	-7.04116568	acg
ㄊㄠˊ-ㄏㄨㄚ-ㄒㄧㄢ-ㄐㄧㄥˋ	桃花仙境	-6.60980192	acg
ㄓㄨㄛ-ㄧㄡˊ-ㄌㄧˋ-ㄒㄧㄢˇ	桌遊歷險	-6.60980192	acg
ㄊㄨㄥˊ-ㄉㄠˇ-ㄒㄧㄚˋ-ㄧㄝˇ	桐嶋夏也	-6.60980192	acg
ㄊㄨㄥˊ-ㄉㄠˇ-ㄩˋ-ㄇㄧˊ	桐嶋郁彌	-6.60980192	acg
ㄊㄨㄥˊ-ㄕㄥ-ㄑㄧ-ㄕˊ	桐生七實	-6.60980192	acg
ㄊㄨㄥˊ-ㄕㄥ-ㄉㄨㄥ-ㄧㄚˊ	桐生冬芽	-6.60980192	acg
ㄊㄨㄥˊ-ㄕㄥ-ㄙ	桐生司	-7.04116568	acg
ㄊㄨㄥˊ-ㄍㄨˇ-ㄋㄢˊ	桐谷南	-7.04116568	acg
ㄊㄨㄥˊ-ㄍㄨˇ-ㄈㄥ-ㄙㄨㄥ	桐谷峰嵩	-6.60980192	acg
ㄊㄨㄥˊ-ㄍㄨˇ-ㄘㄨㄟˋ	桐谷翠	-7.04116568	acg
ㄊㄨㄥˊ-ㄧㄝˇ-ㄌㄧㄥˊ	桐野綾	-7.04116568	acg
ㄙㄤ-ㄋㄞˇ-ㄕˊ-ㄒㄧㄤ-ㄩㄝˋ	桑乃實香月	-6.17843815	acg
ㄙㄤ-ㄐㄧˊ-ㄅㄚ-ㄦˇ	桑吉巴爾	-6.60980192	acg
ㄙㄤ-ㄐㄧˊ-ㄅㄚ-ㄦˇ-ㄐㄧˊ	桑吉巴爾級	-6.17843815	acg
ㄙㄤ-ㄊㄚˇ-ㄙㄨㄛˇ-ㄋㄧˊ-ㄧㄚˇ	桑塔索妮雅	-6.17843815	acg
ㄙㄤ-ㄉㄨㄛ-ㄨㄚˇ	桑多瓦	-7.04116568	acg
ㄙㄤ-ㄉㄠˇ-ㄏㄠˋ-ㄧ	桑島浩一	-6.60980192	acg
ㄙㄤ-ㄅㄚ-ㄋㄨㄛˋ	桑巴諾	-7.04116568	acg
ㄙㄤ-ㄉㄨˋ-ㄖㄨㄟˋ-ㄌㄚ	桑度瑞拉	-6.60980192	acg
ㄙㄤ-ㄉㄜˊ	桑德	-7.17149945	acg
ㄙㄤ-ㄉㄜˊ-ㄌㄚ	桑德拉	-7.04116568	acg
ㄙㄤ-ㄆㄨˇ-ㄙㄣ	桑普森	-7.04116568	acg
ㄙㄤ-ㄆㄨˇ-ㄉㄨㄣˋ-ㄒㄧㄢ-ㄕㄥ	桑普頓先生	-6.17843815	acg
ㄙㄤ-ㄕㄨㄟˇ-ㄑㄧㄥ-ㄐㄧㄚ	桑水清佳	-6.60980192	acg
ㄙㄤ-ㄆㄛ	桑波	-7.17149945	acg
ㄙㄤ-ㄇㄚˇ-ㄙ	桑瑪斯	-7.04116568	acg
ㄙㄤ-ㄧㄚˇ	桑雅	-7.17149945	acg
ㄐㄧㄝˊ-ㄍㄥˇ-ㄨ-ㄌㄧˋ-ㄅㄧㄥ-ㄨㄟˋ	桔梗屋利兵衛	-5.74707439	acg
ㄐㄧㄝˊ-ㄍㄥˇ-ㄨ-ㄇㄧˊ-ㄕㄥ	桔梗屋彌生	-6.17843815	acg
ㄌㄧㄤˊ-ㄑㄧˊ	梁琪	-7.17149945	acg
ㄇㄟˊ-ㄧㄚˇ	梅亞	-7.17149945	acg
ㄇㄟˊ-ㄖㄣˊ-ㄞˋ	梅仁愛	-7.04116568	acg
ㄇㄟˊ-ㄗ-ㄆㄧㄥˊ-ㄩㄢˊ	梅兹平原	-6.60980192	acg
ㄇㄟˊ-ㄌㄧˋ-ㄦˇ	梅利爾	-7.04116568	acg
ㄇㄟˊ-ㄌㄧˋ-ㄉㄚˊ	梅利達	-7.04116568	acg
ㄇㄟˊ-ㄎㄚˇ-ㄌㄨㄛˋ	梅卡洛	-7.04116568	acg
ㄇㄟˊ-ㄎㄚˇ-ㄌㄨㄛˊ-ㄎㄤ-ㄅㄛˊ	梅卡羅康柏	-6.17843815	acg
ㄇㄟˊ-ㄏㄚ-ㄉㄨㄣˋ-ㄉㄧˋ-ㄊㄨˊ	梅哈頓地圖	-6.17843815	acg
ㄇㄟˊ-ㄐㄧ-ㄉㄨㄛ	梅基多	-7.04116568	acg
ㄇㄟˊ-ㄊㄚˇ-ㄙ	梅塔斯	-7.04116568	acg
ㄇㄟˊ-ㄇㄨˇ	梅姆	-7.17149945	acg
ㄇㄟˊ-ㄅㄠˇ	梅寶	-7.17149945	acg
ㄇㄟˊ-ㄉㄨˋ	梅度	-7.17149945	acg
ㄇㄟˊ-ㄉㄜˊ	梅德	-7.17149945	acg
ㄇㄟˊ-ㄇㄨˋ-ㄧㄣ-ㄧㄝˋ	梅木音葉	-6.60980192	acg
ㄇㄟˊ-ㄍㄜˊ-ㄋㄞˋ-ㄙ	梅格耐斯	-6.60980192	acg
ㄇㄟˊ-ㄅㄧˇ-ㄨ-ㄙ	梅比烏斯	-6.60980192	acg
ㄇㄟˊ-ㄌㄨㄛˋ-ㄖㄨㄟˋ	梅洛瑞	-7.04116568	acg
ㄇㄟˊ-ㄌㄨㄛˋ-ㄖㄨㄟˋ-ㄐㄩㄣ-ㄏㄨㄛˇ	梅洛瑞軍火	-6.17843815	acg
ㄇㄟˊ-ㄦˇ-ㄙ	梅爾斯	-7.04116568	acg
ㄇㄟˊ-ㄦˇ-ㄈㄨˊ-ㄌㄧˋ-ㄢ-ㄉㄜ˙-ㄏㄨㄢˋ-ㄒㄧㄤˋ	梅爾福力安的幻像	-5.74707439	acg
ㄇㄟˊ-ㄦˇ-ㄉㄧˋ	梅爾蒂	-7.04116568	acg
ㄇㄟˊ-ㄊㄜˋ-ㄉㄞˋ	梅特戴	-7.04116568	acg
ㄇㄟˊ-ㄌㄧㄣˊ	梅琳	-7.17149945	acg
ㄇㄟˊ-ㄌㄨㄛˊ-ㄋㄧˊ	梅羅尼	-7.04116568	acg
ㄇㄟˊ-ㄧㄝˊ	梅耶	-7.17149945	acg
ㄇㄟˊ-ㄩˇ-ㄒㄧㄠˇ-ㄇㄠ-ㄅㄚ-ㄕˋ	梅與小貓巴士	-5.74707439	acg
ㄇㄟˊ-ㄗ	梅茲	-7.17149945	acg
ㄇㄟˊ-ㄌㄧˋ-ㄍㄜ-ㄉㄜˊ	梅莉戈德	-6.60980192	acg
ㄇㄟˊ-ㄌㄧˋ-ㄅㄧˇ-ㄊㄜˋ	梅莉比特	-6.60980192	acg
ㄇㄟˊ-ㄕㄚ-ㄦˇ	梅莎爾	-7.04116568	acg
ㄇㄟˊ-ㄈㄟ-ㄙ-ㄊㄜˋ	梅菲斯特	-6.60980192	acg
ㄇㄟˊ-ㄍㄜˇ	梅葛	-7.17149945	acg
ㄇㄟˊ-ㄉㄧˋ-ㄢ-ㄋㄧˊ	梅蒂安尼	-6.60980192	acg
ㄇㄟˊ-ㄙㄚˋ-ㄌㄚ	梅薩拉	-7.04116568	acg
ㄇㄟˊ-ㄙㄨ-ㄧㄚˇ	梅蘇亞	-7.04116568	acg
ㄇㄟˊ-ㄌㄨㄛˊ-ㄌㄧˋ-ㄋㄚˋ	梅蘿莉娜	-6.60980192	acg
ㄇㄟˊ-ㄒㄧ	梅西	-7.17149945	acg
ㄇㄟˊ-ㄅㄟˋ-ㄦˊ	梅貝兒	-7.04116568	acg
ㄇㄟˊ-ㄉㄚˊ-ㄇㄨˇ	梅達姆	-7.04116568	acg
ㄇㄟˊ-ㄉㄚˊ-ㄇㄚˇ-ㄐㄧㄚ	梅達瑪加	-6.60980192	acg
ㄇㄟˊ-ㄧㄝˇ-ㄐㄧㄥˋ-ㄐㄧㄤ	梅野靜江	-6.60980192	acg
ㄇㄟˊ-ㄧㄚˇ-ㄌㄧˋ	梅雅利	-7.04116568	acg
ㄇㄟˊ-ㄌㄟˊ-ㄨㄥ	梅雷翁	-7.04116568	acg
ㄇㄟˊ-ㄌㄟˊ-ㄉㄧˊ-ㄙ-ㄈㄨ-ㄖㄣˊ	梅雷迪斯夫人	-5.74707439	acg
ㄇㄟˊ-ㄌㄨˋ-ㄌㄨˋ	梅露露	-7.04116568	acg
ㄇㄟˊ-ㄌㄧˊ-ㄙ	梅麗絲	-7.04116568	acg
ㄇㄟˊ-ㄌㄧˊ-ㄕㄚ	梅麗莎	-7.04116568	acg
ㄇㄟˊ-ㄉㄞˋ	梅黛	-7.17149945	acg
ㄒㄧㄠ-ㄧㄚˇ-ㄆㄨˇ-ㄈㄨ	梟亞普夫	-6.60980192	acg
ㄕㄠ-ㄇㄚˊ-ㄧㄡˇ	梢麻友	-7.04116568	acg
ㄒㄧㄝˋ-ㄉㄡˋ-ㄐㄧㄤˋ	械鬥匠	-7.04116568	acg
ㄈㄢˋ-ㄊㄚˇ-ㄌㄟˊ	梵塔雷	-7.04116568	acg
ㄈㄢˋ-ㄊㄧㄢ-ㄧㄚ	梵天呀	-7.04116568	acg
ㄈㄢˋ-ㄧㄝˊ	梵爺	-7.17149945	acg
ㄈㄢˋ-ㄌㄨㄛˊ-ㄉㄚˊ-ㄋㄧˊ-ㄉㄜ˙-ㄨˇ-ㄙㄥ	梵羅達尼的武僧	-5.74707439	acg
ㄑㄧˊ-ㄌㄧㄥˊ-ㄕㄠˋ-ㄋㄩˇ	棋靈少女	-6.60980192	acg
ㄅㄤˋ-ㄔㄨㄟˊ-ㄒㄩㄥˊ	棒槌熊	-7.04116568	acg
ㄅㄤˋ-ㄑㄧㄡˊ-ㄐㄧㄥ-ㄉㄧㄢˇ-ㄙㄞˋ	棒球經典賽	-6.17843815	acg
ㄗㄠˇ-ㄍㄨㄥ-ㄐㄧㄝˋ	棗恭介	-7.04116568	acg
ㄗㄠˇ-ㄌㄧㄥˊ	棗鈴	-7.17149945	acg
ㄐㄧˊ-ㄕㄡˇ-ㄆㄞ-ㄉㄤˇ	棘手拍檔	-6.60980192	acg
ㄐㄧˊ-ㄌㄢˊ	棘蘭	-7.17149945	acg
ㄐㄧˊ-ㄔˇ-ㄔㄥˊ-ㄉㄜ˙-ㄌㄠˇ-ㄉㄚˋ	棘齒城的老大	-5.74707439	acg
ㄉㄨㄥˋ-ㄈㄤ-ㄞˋ-ㄏㄞˇ	棟方愛海	-6.60980192	acg
ㄙㄣ-ㄐㄧㄡˇ-ㄅㄠˇ-ㄋㄞˇ-ㄋㄞˇ	森久保乃乃	-6.17843815	acg
ㄙㄣ-ㄐㄧㄥ-ㄗˇ	森京子	-7.04116568	acg
ㄙㄣ-ㄩㄢˊ-ㄕㄥ	森園生	-7.04116568	acg
ㄙㄣ-ㄕㄢ-ㄖㄣˊ	森山仁	-7.04116568	acg
ㄙㄣ-ㄍㄤ-ㄨㄟˇ	森岡唯	-7.04116568	acg
ㄙㄣ-ㄑㄧˊ-ㄌㄧˇ-ㄕㄚ	森崎理紗	-6.60980192	acg
ㄙㄣ-ㄑㄧˊ-ㄌㄨㄥˊ-ㄙ	森崎龍司	-6.60980192	acg
ㄙㄣ-ㄉㄠˇ-ㄈㄢˊ-ㄍㄠ	森嶋帆高	-6.60980192	acg
ㄙㄣ-ㄔㄨㄢ-ㄒㄧㄣ-ㄩˇ	森川心羽	-6.60980192	acg
ㄙㄣ-ㄔㄨㄢ-ㄊㄠˊ-ㄊㄞˋ-ㄌㄤˊ	森川桃太郎	-6.17843815	acg
ㄙㄣ-ㄔㄨㄢ-ㄩˋ-ㄇㄟˇ	森川郁美	-6.60980192	acg
ㄙㄣ-ㄅㄨˋ-ㄌㄚ-ㄉㄚˋ-ㄨㄤˊ	森布拉大王	-6.17843815	acg
ㄙㄣ-ㄖㄣˇ	森忍	-7.17149945	acg
ㄙㄣ-ㄔㄨㄣ-ㄋㄞˋ	森春奈	-7.04116568	acg
ㄙㄣ-ㄅㄣˇ-ㄞˋ-ㄌㄨˋ	森本艾露	-6.60980192	acg
ㄙㄣ-ㄌㄧㄣˊ-ㄓ-ㄨㄤˊ	森林之王	-6.60980192	acg
ㄙㄣ-ㄌㄧㄣˊ-ㄏㄠˇ-ㄒㄧㄠˇ-ㄗ˙	森林好小子	-6.17843815	acg
ㄙㄣ-ㄌㄧㄣˊ-ㄨㄤˊ-ㄗˇ	森林王子	-6.60980192	acg
ㄙㄣ-ㄌㄧㄣˊ-ㄨㄟˋ-ㄕˋ	森林衛士	-6.60980192	acg
ㄙㄣ-ㄌㄧㄣˊ-ㄅㄟˋ-ㄎㄜˊ-ㄕㄡˋ	森林貝殼獸	-6.17843815	acg
ㄙㄣ-ㄌㄧㄣˊ-ㄈㄚˇ-ㄐㄧㄚˊ-ㄨㄢ	森林髮夾彎	-6.17843815	acg
ㄙㄣ-ㄊㄜˋ	森特	-7.17149945	acg
ㄙㄣ-ㄊㄧㄢˊ-ㄐㄧㄚ-ㄇㄟˇ	森田佳美	-6.60980192	acg
ㄙㄣ-ㄇㄟˇ-ㄒㄧㄠˋ	森美咲	-7.04116568	acg
ㄙㄣ-ㄇㄟˇ-ㄔㄠˊ-ㄗˇ	森美朝子	-6.60980192	acg
ㄙㄣ-ㄇㄟˇ-ㄌㄧㄤˊ-ㄐㄧㄝˋ	森美良介	-6.60980192	acg
ㄙㄣ-ㄖㄢˊ-ㄗㄨㄛˇ-ㄌㄨㄣˊ	森蚺左輪	-6.60980192	acg
ㄙㄣ-ㄍㄨˇ-ㄉㄧˋ-ㄦˋ	森谷帝二	-6.60980192	acg
ㄓˊ-ㄧㄝˇ-ㄓˊ-ㄏㄨㄚ	植野直花	-6.60980192	acg
ㄓㄨㄟ-ㄇㄧㄥˊ-ㄒㄩˋ	椎名旭	-7.04116568	acg
ㄓㄨㄟ-ㄇㄧㄥˊ-ㄈㄚˊ-ㄗ˙	椎名法子	-6.60980192	acg
ㄧㄝˊ-ㄉㄢˋ-ㄕㄨˋ	椰蛋樹	-7.04116568	acg
ㄧㄤˊ-ㄇㄧㄝ-ㄇㄧㄝ	楊咩咩	-7.04116568	acg
ㄧㄤˊ-ㄇㄧㄝ-ㄇㄧㄝ-ㄈㄨˋ-ㄕˋ-ㄓㄤˇ	楊咩咩副市長	-5.74707439	acg
ㄧㄤˊ-ㄈㄟ-ㄈㄟ	楊菲菲	-7.04116568	acg
ㄈㄥ-ㄓ-ㄉㄠˇ	楓之島	-7.04116568	acg
ㄈㄥ-ㄓ-ㄍㄤˇ	楓之港	-7.04116568	acg
ㄈㄥ-ㄅㄧˋ	楓幣	-7.17149945	acg
ㄈㄥ-ㄧㄝˋ-ㄘㄨㄣ	楓葉村	-7.04116568	acg
ㄈㄥ-ㄧㄝˋ-ㄓㄣˋ-ㄨˋ-ㄩˇ	楓葉鎮物語	-6.17843815	acg
ㄔㄨˇ-ㄔㄨˇ-ㄎㄜˇ-ㄌㄧㄢˊ-ㄔㄠ-ㄋㄥˊ-ㄕㄠˋ-ㄋㄩˇ-ㄗㄨˇ	楚楚可憐超能少女組	-5.74707439	acg
ㄋㄢˊ-ㄩㄢˊ-ㄍㄤ	楠原剛	-7.04116568	acg
ㄋㄢˊ-ㄓˇ-ㄏㄨㄟ-ㄔㄤˊ	楠指揮長	-6.60980192	acg
ㄧㄡˊ-ㄕㄢ-ㄒㄩㄥˊ-ㄊㄞˋ	楢山雄太	-6.60980192	acg
ㄉㄧㄝˊ-ㄑㄧˊ	楪祈	-7.17149945	acg
ㄉㄧㄝˊ-ㄨˇ-ㄨˇ	楪舞舞	-7.04116568	acg
ㄕㄨㄣˇ-ㄧㄡˋ-ㄧ	楯祐一	-7.04116568	acg
ㄐㄧˊ-ㄍㄨㄤ-ㄓ-ㄇㄥˋ	極光之夢	-6.60980192	acg
ㄐㄧˊ-ㄍㄨㄤ-ㄊㄥˊ-ㄩㄝˋ	極光騰躍	-6.60980192	acg
ㄐㄧˊ-ㄍㄨㄤ-ㄊㄥˊ-ㄩㄝˋ-ㄨㄢˊ-ㄔㄥˊ-ㄕˋ	極光騰躍完成式	-5.74707439	acg
ㄐㄧˊ-ㄍㄨㄤ-ㄊㄥˊ-ㄩㄝˋ-ㄇㄟˇ-ㄇㄥˋ-ㄔㄥˊ-ㄓㄣ	極光騰躍美夢成真	-5.74707439	acg
ㄐㄧˊ-ㄒㄧㄥˊ-ㄨㄤˊ	極刑王	-7.04116568	acg
ㄐㄧˊ-ㄉㄧˋ-ㄑㄩ	極地區	-7.04116568	acg
ㄐㄧˊ-ㄉㄧˋ-ㄓㄢˋ-ㄏㄠˊ	極地戰嚎	-6.60980192	acg
ㄐㄧˊ-ㄉㄧˋ-ㄙˇ-ㄉㄡˋ	極地死鬥	-6.60980192	acg
ㄐㄧˊ-ㄌㄜˋ-ㄉㄚˋ-ㄗㄨㄛˋ-ㄓㄢˋ	極樂大作戰	-6.17843815	acg
ㄐㄧˊ-ㄒㄩㄣˋ-ㄩˋ-ㄕ	極訓育師	-6.60980192	acg
ㄐㄧˊ-ㄙㄨˋ-ㄅㄧㄠ-ㄈㄥ	極速飆風	-6.60980192	acg
ㄐㄧˊ-ㄉㄠˋ-ㄎㄨㄤˊ-ㄊㄨˊ	極道狂徒	-6.60980192	acg
ㄐㄧˊ-ㄉㄠˋ-ㄕㄨㄤ-ㄖㄣˋ	極道雙刃	-6.60980192	acg
ㄐㄧˊ-ㄒㄧㄢˋ-ㄍㄨㄥˋ-ㄏㄜˊ-ㄍㄨㄛˊ	極限共和國	-6.17843815	acg
ㄐㄧˊ-ㄒㄧㄢˋ-ㄉㄨㄥˋ-ㄨˋ	極限動物	-6.60980192	acg
ㄐㄧˊ-ㄒㄧㄢˋ-ㄓㄢˋ-ㄕˋ	極限戰士	-6.60980192	acg
ㄐㄧˊ-ㄒㄧㄢˋ-ㄕㄥ-ㄙˇ-ㄓㄢˋ	極限生死戰	-6.17843815	acg
ㄐㄧˊ-ㄒㄧㄢˋ-ㄔㄠ-ㄗㄞˋ	極限超載	-6.60980192	acg
ㄐㄧˊ-ㄌㄧㄥˊ	極靈	-7.17149945	acg
ㄍㄞˋ-ㄧㄥˇ	概影	-7.17149945	acg
ㄕㄣˊ-ㄅㄧㄥ-ㄅㄨˋ	榊兵部	-7.04116568	acg
ㄕㄣˊ-ㄩㄢˊ-ㄌㄧˇ-ㄇㄟˇ	榊原里美	-6.60980192	acg
ㄕㄣˊ-ㄑㄧㄥˊ-ㄖㄣˊ	榊晴人	-7.04116568	acg
ㄕㄣˊ-ㄧㄤˊ-ㄗˇ	榊洋子	-7.04116568	acg
ㄕㄣˊ-ㄌㄧㄤˊ-ㄈㄨˇ	榊良輔	-7.04116568	acg
ㄕㄣˊ-ㄧㄡˊ-ㄕㄥˋ	榊遊勝	-7.04116568	acg
ㄕㄣˊ-ㄧㄡˊ-ㄕˇ	榊遊矢	-7.04116568	acg
ㄐㄧㄚˇ-ㄅㄣˇ-ㄌㄨㄥˊ-ㄗㄞ	榎本龍哉	-6.60980192	acg
ㄌㄤˊ-ㄊㄡ˙-ㄓㄨㄥ-ㄕˋ	榔頭中士	-6.60980192	acg
ㄒㄧㄝˋ-ㄇㄚˇ-ㄙ	榭瑪斯	-7.04116568	acg
ㄒㄧㄝˋ-ㄙ-ㄎㄚˇ	榭絲卡	-7.04116568	acg
ㄒㄧㄝˋ-ㄌㄨㄛˊ-ㄉㄧˊ	榭羅笛	-7.04116568	acg
ㄖㄨㄥˊ-ㄧㄠˋ-ㄐㄧㄚ-ㄗㄨˊ	榮耀家族	-6.60980192	acg
ㄖㄨㄥˊ-ㄧㄠˋ-ㄓㄢˋ-ㄔㄤˇ	榮耀戰場	-6.60980192	acg
ㄖㄨㄥˊ-ㄧㄠˋ-ㄏㄨˋ-ㄨㄟˋ-ㄐㄧ	榮耀護衛機	-6.17843815	acg
ㄑㄧㄤ-ㄉㄢˋ-ㄅㄧㄢˋ-ㄅㄛˊ	槍彈辯駁	-6.60980192	acg
ㄑㄧㄤ-ㄨㄤˊ-ㄓ-ㄨㄤˊ	槍王之王	-6.60980192	acg
ㄑㄧㄤ-ㄨㄤˊ-ㄇㄛˊ-ㄕˋ	槍王模式	-6.60980192	acg
ㄑㄧㄤ-ㄊㄧㄢˊ-ㄩˋ-ㄇㄟˇ	槍田郁美	-6.60980192	acg
ㄉㄧㄢ-ㄩㄢˊ-ㄓˋ-ㄅㄠˇ	槙原志保	-6.60980192	acg
ㄉㄧㄢ-ㄉㄠˇ-ㄕㄥˋ-ㄏㄨˋ	槙島聖護	-6.60980192	acg
ㄐㄧㄤˇ-ㄓㄨㄥ-ㄓㄥˋ	槳中政	-7.04116568	acg
ㄐㄧㄤˇ-ㄍㄨㄥ	槳公	-7.17149945	acg
ㄌㄜˋ-ㄩㄢˊ-ㄉㄚˋ-ㄨㄤˊ	樂園大王	-6.60980192	acg
ㄌㄜˋ-ㄩㄢˊ-ㄉㄜ˙-ㄧˋ-ㄒㄧㄤ-ㄖㄣˊ	樂園的異鄉人	-5.74707439	acg
ㄌㄜˋ-ㄊㄧㄢ-ㄊㄨㄥˊ	樂天童	-7.04116568	acg
ㄌㄜˋ-ㄉㄡˋ-ㄉㄧㄢˇ	樂豆點	-7.04116568	acg
ㄌㄜˋ-ㄧㄡˊ-ㄎㄜ-ㄐㄧˋ	樂遊科技	-6.60980192	acg
ㄌㄜˋ-ㄍㄠ-ㄨㄢˊ-ㄉㄧㄢˋ-ㄧㄥˇ	樂高玩電影	-6.17843815	acg
ㄌㄜˋ-ㄍㄠ-ㄅㄧㄢ-ㄈㄨˊ-ㄒㄧㄚˊ-ㄉㄧㄢˋ-ㄧㄥˇ	樂高蝙蝠俠電影	-5.74707439	acg
ㄌㄜˋ-ㄉㄡˋ-ㄇㄛˊ-ㄕˋ	樂鬥模式	-6.60980192	acg
ㄊㄨㄥ-ㄎㄡˇ-ㄓㄣ-ㄇㄨˋ	樋口真木	-6.60980192	acg
ㄅㄧㄠ-ㄓㄨㄣˇ-ㄏㄨㄚˋ-ㄓˊ	標準畫質	-6.60980192	acg
ㄅㄧㄠ-ㄓㄨㄣˇ-ㄧㄥ-ㄒㄩㄥˊ	標準英雄	-6.60980192	acg
ㄅㄧㄠ-ㄓㄨㄣˇ-ㄗㄨˊ-ㄑㄧㄡˊ-ㄔㄤˇ	標準足球場	-6.17843815	acg
ㄇㄛˊ-ㄈㄤˇ-ㄐㄧㄚˇ-ㄖㄣˊ	模仿假人	-6.60980192	acg
ㄇㄛˊ-ㄋㄧˇ-ㄔㄥˊ-ㄕˋ	模擬城市	-6.60980192	acg
ㄇㄛˊ-ㄋㄧˇ-ㄕˋ-ㄇㄧㄣˊ-ㄩˇ	模擬市民語	-6.17843815	acg
ㄇㄛˊ-ㄋㄧˇ-ㄕˋ-ㄇㄧㄣˊ-ㄆㄚ-ㄆㄚ-ㄗㄡˇ	模擬市民趴趴走	-5.74707439	acg
ㄇㄛˊ-ㄋㄧˇ-ㄏㄡˋ-ㄍㄨㄥ-ㄊㄧˇ-ㄧㄢˋ	模擬後宮體驗	-5.74707439	acg
ㄇㄛˊ-ㄋㄧˇ-ㄓㄞ-ㄑㄩˇ	模擬摘取	-6.60980192	acg
ㄇㄛˊ-ㄋㄧˇ-ㄌㄜˋ-ㄩㄢˊ	模擬樂園	-6.60980192	acg
ㄇㄛˊ-ㄋㄧˇ-ㄧㄡˊ-ㄒㄧˋ	模擬遊戲	-6.60980192	acg
ㄐㄧㄢ-ㄘㄨㄣ-ㄓㄨㄥ-ㄅㄧㄣ	樫村忠彬	-6.60980192	acg
ㄕㄨˋ-ㄉㄞˋ-ㄒㄩㄥˊ-ㄕㄡˋ	樹袋熊獸	-6.60980192	acg
ㄕㄨˋ-ㄅㄧˊ-ㄇㄟˋ	樹鼻妹	-7.04116568	acg
ㄏㄨㄚˊ-ㄗㄜˊ-ㄊㄞˋ-ㄧ	樺澤太一	-6.60980192	acg
ㄑㄧㄠˊ-ㄅㄣˇ-ㄇㄧㄠ	橋本喵	-7.04116568	acg
ㄐㄩˊ-ㄙㄢ-ㄒㄧㄠˋ	橘三咲	-7.04116568	acg
ㄐㄩˊ-ㄐㄧㄥ-ㄗˇ	橘京子	-7.04116568	acg
ㄐㄩˊ-ㄐㄧㄥˋ-ㄗˇ	橘境子	-7.04116568	acg
ㄐㄩˊ-ㄇㄥˋ-ㄖˋ-ㄐㄧˋ	橘夢日記	-6.60980192	acg
ㄐㄩˊ-ㄗ˙-ㄑㄩㄣˊ-ㄉㄠˇ	橘子群島	-6.60980192	acg
ㄐㄩˊ-ㄗ˙-ㄐㄧㄤˋ-ㄋㄢˊ-ㄏㄞˊ	橘子醬男孩	-6.17843815	acg
ㄐㄩˊ-ㄒㄧ-ㄨㄤˋ	橘希望	-7.04116568	acg
ㄐㄩˊ-ㄞˋ-ㄌㄧˋ-ㄙ	橘愛麗絲	-6.60980192	acg
ㄐㄩˊ-ㄐㄧㄥˋ-ㄐㄧㄝˋ	橘敬介	-7.04116568	acg
ㄐㄩˊ-ㄏㄜˊ	橘盒	-7.17149945	acg
ㄐㄩˊ-ㄓㄣ-ㄑㄧㄣˊ	橘真琴	-7.04116568	acg
ㄐㄩˊ-ㄓㄣ-ㄧㄡˊ-ㄇㄟˇ	橘真由美	-6.60980192	acg
ㄐㄩˊ-ㄖㄤˋ	橘讓	-7.17149945	acg
ㄔㄥˊ-ㄏㄨㄤˊ-ㄅㄞˊ-ㄏㄠˊ	橙黃白毫	-6.60980192	acg
ㄐㄧ-ㄉㄨㄥˋ-ㄓㄢˋ-ㄕˋ-ㄍㄤ-ㄉㄢˋ	機動戰士鋼彈	-5.74707439	acg
ㄐㄧ-ㄑㄧˋ-ㄖㄣˊ-ㄒㄩㄝˊ-ㄒㄧㄠˋ-ㄑㄧ-ㄉㄚˋ-ㄍㄨㄞˋ-ㄊㄢˊ	機器人學校七大怪談	-5.74707439	acg
ㄐㄧ-ㄑㄧˋ-ㄇㄧㄠ	機器喵	-7.04116568	acg
ㄐㄧ-ㄑㄧˋ-ㄅㄧˋ	機器嗶	-7.04116568	acg
ㄐㄧ-ㄑㄧˋ-ㄊㄞˋ	機器太	-7.04116568	acg
ㄐㄧ-ㄑㄧˋ-ㄎㄨㄥˇ-ㄌㄨㄥˊ	機器恐龍	-6.60980192	acg
ㄐㄧ-ㄑㄧˋ-ㄓㄢˋ-ㄕㄣˊ	機器戰神	-6.60980192	acg
ㄐㄧ-ㄑㄧˋ-ㄇㄟˇ	機器美	-7.04116568	acg
ㄐㄧ-ㄅㄠˇ	機堡	-7.17149945	acg
ㄐㄧ-ㄇㄧˋ-ㄐㄧˋ-ㄘㄤˊ-ㄧㄠˋ	機密寄藏鑰	-6.17843815	acg
ㄐㄧ-ㄓㄢˋ-ㄩㄥ-ㄅㄧㄥ	機戰傭兵	-6.60980192	acg
ㄐㄧ-ㄒㄧㄝˋ-ㄋㄩˇ-ㄕㄣˊ	機械女神	-6.60980192	acg
ㄐㄧ-ㄒㄧㄝˋ-ㄐㄩˋ-ㄕㄣˊ	機械巨神	-6.60980192	acg
ㄐㄧ-ㄒㄧㄝˋ-ㄅㄧㄢˋ-ㄑㄧㄥˋ	機械弁慶	-6.60980192	acg
ㄐㄧ-ㄒㄧㄝˋ-ㄓㄢˋ-ㄓㄥ-ㄉㄜ˙-ㄑㄧㄢˊ-ㄒㄧㄢˋ-ㄓㄢˋ-ㄔㄤˇ	機械戰爭的前線戰場	-5.74707439	acg
ㄐㄧ-ㄒㄧㄝˋ-ㄓㄢˋ-ㄓㄥ-ㄉㄜ˙-ㄕ-ㄌㄨㄛˋ-ㄉㄨ-ㄕˋ	機械戰爭的失落都市	-5.74707439	acg
ㄐㄧ-ㄒㄧㄝˋ-ㄎㄨㄥˋ-ㄓˋ-ㄏㄜˊ-ㄒㄧㄣ	機械控制核心	-5.74707439	acg
ㄐㄧ-ㄒㄧㄝˋ-ㄓㄨㄤ-ㄐㄧㄚˇ-ㄕㄡˋ	機械裝甲獸	-6.17843815	acg
ㄐㄧ-ㄒㄧㄝˋ-ㄓˋ-ㄗㄠˋ-ㄔㄤˇ	機械製造廠	-6.17843815	acg
ㄐㄧ-ㄒㄧㄝˋ-ㄇㄠ-ㄕㄣˊ	機械貓神	-6.60980192	acg
ㄐㄧ-ㄒㄧㄝˋ-ㄗㄞˇ-ㄨˋ-ㄕㄡˋ	機械載物獸	-6.17843815	acg
ㄐㄧ-ㄒㄧㄝˋ-ㄈㄟ-ㄌㄨㄥˊ-ㄕㄡˋ	機械飛龍獸	-6.17843815	acg
ㄐㄧ-ㄑㄧㄤ-ㄕㄜˋ-ㄐㄧˋ-ㄊㄨˊ	機槍設計圖	-6.17843815	acg
ㄐㄧ-ㄑㄧㄤ-ㄌㄟˋ	機槍類	-7.04116568	acg
ㄐㄧ-ㄕㄡˋ-ㄔㄨㄤˋ-ㄕˋ-ㄐㄧˋ	機獸創世紀	-6.17843815	acg
ㄐㄧ-ㄕㄡˋ-ㄔㄠ-ㄕˋ-ㄐㄧˋ	機獸超世紀	-6.17843815	acg
ㄐㄧ-ㄐㄧㄚˇ-ㄎㄨㄟˇ-ㄌㄟˇ	機甲傀儡	-6.60980192	acg
ㄐㄧ-ㄐㄧㄚˇ-ㄍㄨㄥ-ㄔㄤˇ	機甲工廠	-6.60980192	acg
ㄐㄧ-ㄐㄧㄚˇ-ㄓㄢˋ-ㄕㄣˊ	機甲戰神	-6.60980192	acg
ㄐㄧ-ㄐㄧㄚˇ-ㄓㄥ-ㄅㄚˋ	機甲爭霸	-6.60980192	acg
ㄐㄧ-ㄔㄜ-ㄕㄡˋ	機車獸	-7.04116568	acg
ㄐㄧ-ㄌㄟˊ-ㄕㄡˋ	機雷獸	-7.04116568	acg
ㄒㄧㄤˋ-ㄐㄧㄠ-ㄖㄣˊ	橡膠人	-7.04116568	acg
ㄒㄧㄤˋ-ㄐㄧㄠ-ㄌㄧㄡˊ-ㄉㄢˋ	橡膠榴彈	-6.60980192	acg
ㄏㄥˊ-ㄕㄢ-ㄑㄧㄢ-ㄐㄧㄚ	橫山千佳	-6.60980192	acg
ㄏㄥˊ-ㄔㄨㄢ-ㄒㄧㄣˋ-ㄗˇ	橫川信子	-6.60980192	acg
ㄏㄥˊ-ㄔㄨㄢ-ㄌㄨㄥˊ-ㄊㄞˋ	橫川龍太	-6.60980192	acg
ㄉㄤˇ-ㄢˋ-ㄉㄠˇ	檔案島	-7.04116568	acg
ㄎㄨㄞˋ-ㄩㄢˊ-ㄍㄨㄤ	檜原光	-7.04116568	acg
ㄐㄧㄢˇ-ㄉㄧㄥˋ-ㄅㄧˇ-ㄙㄞˋ	檢定比賽	-6.60980192	acg
ㄐㄧㄢˇ-ㄊㄧˇ-ㄅㄧㄢ-ㄏㄠˋ	檢體編號	-6.60980192	acg
ㄋㄧㄥˊ-ㄇㄥˊ-ㄕㄨㄟˇ-ㄋㄢˊ-ㄏㄞˊ	檸檬水男孩	-6.17843815	acg
ㄐㄧㄝˊ-ㄇㄧㄥˊ-ㄢ-ㄋㄚˋ	櫛名安娜	-6.60980192	acg
ㄐㄧㄝˊ-ㄇㄧㄥˊ-ㄙㄨㄟˋ-ㄆㄛ	櫛名穂波	-6.60980192	acg
ㄧㄥ-ㄐㄧㄥˇ-ㄒㄩㄝˊ	櫻井學	-7.04116568	acg
ㄧㄥ-ㄐㄧㄥˇ-ㄊㄠˊ-ㄏㄨㄚˊ	櫻井桃華	-6.60980192	acg
ㄧㄥ-ㄐㄧㄥˇ-ㄨˋ-ㄖㄣˊ	櫻井霧人	-6.60980192	acg
ㄧㄥ-ㄇㄧ-ㄇㄧ-ㄗˇ	櫻咪咪子	-6.60980192	acg
ㄧㄥ-ㄍㄨㄥ-ㄐㄧㄢˋ-ㄊㄞˋ	櫻宮健太	-6.60980192	acg
ㄧㄥ-ㄩㄣ-ㄓㄥˋ	櫻暈症	-7.04116568	acg
ㄧㄥ-ㄇㄨˋ-ㄐㄧㄢˋ-ㄧ	櫻木健一	-6.60980192	acg
ㄧㄥ-ㄓㄥˋ-ㄗㄠˋ	櫻正造	-7.04116568	acg
ㄧㄥ-ㄇㄢˇ-ㄔㄨㄣ-ㄒㄧㄚˋ	櫻滿春夏	-6.60980192	acg
ㄧㄥ-ㄇㄢˇ-ㄒㄩㄢˊ-ㄓㄡ	櫻滿玄周	-6.60980192	acg
ㄧㄥ-ㄇㄢˇ-ㄓㄣ-ㄇㄧㄥˊ	櫻滿真名	-6.60980192	acg
ㄧㄥ-ㄇㄢˇ-ㄐㄧˊ	櫻滿集	-7.04116568	acg
ㄧㄥ-ㄕˊ	櫻石	-7.17149945	acg
ㄧㄥ-ㄏㄨㄚ-ㄕㄥˋ-ㄎㄞ-ㄑㄧㄥˋ-ㄉㄧㄢˇ-ㄉㄚˋ-ㄙㄠ-ㄉㄨㄥˋ	櫻花盛開慶典大騷動	-5.74707439	acg
ㄧㄥ-ㄏㄨㄚ-ㄌㄧˋ-ㄌㄧˋ	櫻花莉莉	-6.60980192	acg
ㄧㄥ-ㄋㄨㄥˊ-ㄔㄤˇ	櫻農場	-7.04116568	acg
ㄑㄩㄢˊ-ㄌㄧˋ-ㄉㄧㄢˇ	權力點	-7.04116568	acg
ㄑㄩㄢˊ-ㄊㄧㄢ-ㄕˇ-ㄍㄤ-ㄉㄢˋ	權天使鋼彈	-6.17843815	acg
ㄑㄩㄢˊ-ㄒㄧㄢˋ-ㄅㄢˇ-ㄕㄥ	權現坂昇	-6.60980192	acg
ㄘˋ-ㄉㄞˋ-ㄍㄤ-ㄉㄢˋ	次代鋼彈	-6.60980192	acg
ㄘˋ-ㄩㄢˊ-ㄐㄧㄢˋ-ㄉㄨㄟˋ	次元艦隊	-6.60980192	acg
ㄘˋ-ㄌㄤˊ-ㄨㄢˊ-ㄊㄞˋ-ㄌㄤˊ	次郎丸太郎	-6.17843815	acg
ㄒㄧㄝ-ㄕˋ-ㄉㄚˊ	歇士達	-7.04116568	acg
ㄒㄧㄝ-ㄙ-ㄐㄧ	歇斯基	-7.04116568	acg
ㄒㄧㄝ-ㄙ-ㄐㄧ	歇絲基	-7.04116568	acg
ㄍㄜ-ㄐㄧ-ㄏㄠˋ	歌姬號	-7.04116568	acg
ㄍㄜ-ㄉㄜˊ-ㄐㄩˋ-ㄍㄨㄞˋ	歌德巨怪	-6.60980192	acg
ㄍㄜ-ㄔㄨˇ-ㄉㄜˊ	歌楚德	-7.04116568	acg
ㄍㄜ-ㄕㄥ-ㄕˋ-ㄈㄚˇ-ㄕˋ-ㄑㄧㄢ-ㄘㄥˊ-ㄙㄨ	歌聲是法式千層酥	-5.74707439	acg
ㄍㄜ-ㄨˇ-ㄐㄧˋ-ㄍㄨㄞˋ-ㄕㄡˋ	歌舞伎怪獸	-6.17843815	acg
ㄍㄜ-ㄨˇ-ㄐㄧˋ-ㄕㄡˋ	歌舞伎獸	-6.60980192	acg
ㄍㄜ-ㄌㄞˊ	歌萊	-7.17149945	acg
ㄡ-ㄉㄡ-ㄇㄞˋ	歐兜賣	-7.04116568	acg
ㄡ-ㄌㄧˋ-ㄈㄢˊ-ㄊㄜˋ	歐利凡特	-6.60980192	acg
ㄡ-ㄌㄧˋ-ㄍㄨㄛˇ	歐利果	-7.04116568	acg
ㄡ-ㄌㄧˋ-ㄙ	歐力司	-7.04116568	acg
ㄡ-ㄌㄧˋ-ㄎㄨˋ	歐力庫	-7.04116568	acg
ㄡ-ㄐㄧㄚ-ㄋㄨㄥˊ-ㄆㄠˋ	歐加農砲	-6.60980192	acg
ㄡ-ㄐㄧㄚ	歐嘉	-7.17149945	acg
ㄡ-ㄊㄚˇ-ㄇㄚˇ-ㄖㄣˊ	歐塔瑪人	-6.60980192	acg
ㄡ-ㄑㄧˊ	歐奇	-7.17149945	acg
ㄡ-ㄋㄧˊ-ㄙ-ㄌㄨㄥˊ	歐尼斯龙	-6.60980192	acg
ㄡ-ㄅㄚ-ㄌㄨㄛˊ	歐巴羅	-7.04116568	acg
ㄡ-ㄅㄨˋ-ㄌㄞˊ-ㄊㄜˋ	歐布萊特	-6.60980192	acg
ㄡ-ㄉㄧˋ-ㄙ	歐帝斯	-7.04116568	acg
ㄡ-ㄎㄨˋ-ㄙ	歐庫斯	-7.04116568	acg
ㄡ-ㄉㄜˊ-ㄕㄚ	歐德沙	-7.04116568	acg
ㄡ-ㄉㄜˊ-ㄇㄟˇ	歐德美	-7.04116568	acg
ㄡ-ㄌㄚ-ㄈㄨ	歐拉夫	-7.04116568	acg
ㄡ-ㄇㄛˊ-ㄌㄨㄛˋ	歐摩洛	-7.04116568	acg
ㄡ-ㄆㄨˇ	歐普	-7.17149945	acg
ㄡ-ㄆㄨˇ-ㄍㄨㄛˊ-ㄐㄧˋ-ㄐㄧㄡˋ-ㄩㄢˊ-ㄉㄨㄟˋ	歐普國際救援隊	-5.74707439	acg
ㄡ-ㄍㄜˊ-ㄌㄧˋ-ㄌㄚ	歐格利拉	-6.60980192	acg
ㄡ-ㄍㄜˊ-ㄌㄟˊ	歐格雷	-7.04116568	acg
ㄡ-ㄅㄧˇ-ㄙ	歐比斯	-7.04116568	acg
ㄡ-ㄆㄛ	歐波	-7.17149945	acg
ㄡ-ㄓㄡ-ㄓˋ-ㄢ-ㄨㄟˊ-ㄔˊ-ㄅㄨˋ-ㄉㄨㄟˋ	歐洲治安維持部隊	-5.74707439	acg
ㄡ-ㄦˇ-ㄐㄧㄚ	歐爾嘉	-7.04116568	acg
ㄡ-ㄦˇ-ㄅㄨˋ-ㄉㄜˊ	歐爾布德	-6.60980192	acg
ㄡ-ㄦˇ-ㄈㄟˇ-ㄋㄨㄛˋ-ㄧㄚˇ	歐爾斐諾亞	-6.17843815	acg
ㄡ-ㄦˇ-ㄅㄧˇ-ㄧㄚˇ	歐爾比雅	-6.60980192	acg
ㄡ-ㄦˇ-ㄈㄟ	歐爾菲	-7.04116568	acg
ㄡ-ㄦˇ-ㄒㄩㄝˇ-ㄈㄨ-ㄙ-ㄐㄧ	歐爾雪夫斯基	-5.74707439	acg
ㄡ-ㄦˇ-ㄇㄞˋ-ㄊㄜˋ	歐爾麥特	-6.60980192	acg
ㄡ-ㄕㄢ	歐珊	-7.17149945	acg
ㄡ-ㄙ-ㄌㄚ	歐絲拉	-7.04116568	acg
ㄡ-ㄌㄨㄛˊ-ㄌㄚ	歐羅拉	-7.04116568	acg
ㄡ-ㄏㄨㄚˊ	歐華	-7.17149945	acg
ㄡ-ㄈㄟ-ㄌㄧˋ-ㄧㄚˇ	歐菲莉亞	-6.60980192	acg
ㄡ-ㄌㄢˊ	歐蘭	-7.17149945	acg
ㄡ-ㄉㄧˊ	歐迪	-7.17149945	acg
ㄡ-ㄉㄚˊ-ㄧㄣ	歐達因	-7.04116568	acg
ㄡ-ㄉㄚˊ-ㄇㄨˇ	歐達姆	-7.04116568	acg
ㄡ-ㄌㄧˇ-ㄅㄚ-ㄕˋ-ㄓㄤˇ	歐里巴市長	-6.17843815	acg
ㄡ-ㄓㄨㄥˋ-ㄔㄨㄟˊ	歐重錘	-7.04116568	acg
ㄡ-ㄆㄧ	歐霹	-7.17149945	acg
ㄡ-ㄌㄨˇ	歐魯	-7.17149945	acg
ㄡ-ㄌㄨˇ-ㄎㄚˇ	歐魯卡	-7.04116568	acg
ㄡ-ㄌㄨˇ-ㄊㄜˋ	歐魯特	-7.04116568	acg
ㄡ-ㄌㄨˇ-ㄊㄜˋ-ㄎㄚˇ	歐魯特卡	-6.60980192	acg
ㄏㄨㄢ-ㄌㄜˋ-ㄐㄧㄚˋ-ㄑㄧˊ	歡樂假期	-6.60980192	acg
ㄏㄨㄢ-ㄌㄜˋ-ㄐㄧㄚ-ㄊㄧㄥˊ-ㄗㄨˇ-ㄏㄜˊ	歡樂家庭組合	-5.74707439	acg
ㄏㄨㄢ-ㄌㄜˋ-ㄨㄟˊ-ㄒㄧㄠˋ-ㄘㄞˇ-ㄧ	歡樂微笑綵衣	-5.74707439	acg
ㄏㄨㄢ-ㄌㄜˋ-ㄒㄧㄣ-ㄉㄨㄥˋ-ㄑㄧㄢˊ-ㄒㄧㄥˊ	歡樂心動潛行	-5.74707439	acg
ㄏㄨㄢ-ㄏㄨㄢ-ㄒㄧㄢ-ㄗˇ	歡歡仙子	-6.60980192	acg
ㄏㄨㄢ-ㄒㄧㄠˋ-ㄊㄨˇ-ㄏㄨˊ	歡笑土壺	-6.60980192	acg
ㄓㄥˋ-ㄧˋ-ㄓ-ㄉㄡ	正義之都	-6.60980192	acg
ㄓㄥˋ-ㄧˋ-ㄊㄧㄢ-ㄆㄧㄥˊ	正義天平	-6.60980192	acg
ㄓㄥˋ-ㄧˋ-ㄋㄩˇ-ㄕㄣˊ-ㄍㄤ-ㄉㄢˋ	正義女神鋼彈	-5.74707439	acg
ㄓㄥˋ-ㄧˋ-ㄓㄢˋ-ㄕˋ	正義戰士	-6.60980192	acg
ㄓㄥˋ-ㄧˋ-ㄏㄞˇ-ㄉㄠˋ-ㄔㄨㄢˊ-ㄔㄤˊ	正義海盜船長	-5.74707439	acg
ㄓㄥˋ-ㄧˋ-ㄌㄧㄢˊ-ㄇㄥˊ	正義聯盟	-6.60980192	acg
ㄓㄥˋ-ㄧˋ-ㄌㄧㄢˊ-ㄇㄥˊ-ㄉㄚˋ-ㄓㄢˋ-ㄕㄠˋ-ㄋㄧㄢˊ-ㄏㄢˋ-ㄐㄧㄤˋ	正義聯盟大戰少年悍將	-5.74707439	acg
ㄓㄥˋ-ㄧˋ-ㄌㄧㄢˊ-ㄇㄥˊ-ㄉㄚˋ-ㄓㄢˋ-ㄇㄛˋ-ㄖˋ-ㄐㄩㄣ-ㄊㄨㄢˊ	正義聯盟大戰末日軍團	-5.74707439	acg
ㄓㄥˋ-ㄧˋ-ㄌㄧㄢˊ-ㄇㄥˊ-ㄏㄨㄛˇ-ㄌㄧˋ-ㄑㄩㄢˊ-ㄎㄞ	正義聯盟火力全開	-5.74707439	acg
ㄓㄥˋ-ㄧˋ-ㄌㄧㄢˊ-ㄇㄥˊ-ㄔㄠ-ㄐㄧˊ-ㄒㄧㄥˊ-ㄉㄨㄥˋ	正義聯盟超級行動	-5.74707439	acg
ㄓㄥˋ-ㄧˋ-ㄑㄧˊ-ㄕˋ-ㄍㄤ-ㄉㄢˋ	正義騎士鋼彈	-5.74707439	acg
ㄓㄥˋ-ㄇㄧㄢˋ-ㄐㄧㄠ-ㄈㄥ	正面交鋒	-6.60980192	acg
ㄓㄥˋ-ㄘㄢ-ㄑㄧㄢˊ-ㄉㄜ˙-ㄎㄞ-ㄨㄟˋ-ㄋㄧㄢˊ-ㄘㄞˋ	正餐前的開胃年菜	-5.74707439	acg
ㄅㄨˋ-ㄑㄧㄤ-ㄕㄜˋ-ㄐㄧˋ-ㄊㄨˊ	步槍設計圖	-6.17843815	acg
ㄅㄨˋ-ㄑㄧㄤ-ㄌㄟˋ	步槍類	-7.04116568	acg
ㄅㄨˋ-ㄅㄨˋ-ㄕㄡˋ	步步獸	-7.04116568	acg
ㄨˇ-ㄐㄧㄥˇ-ㄎㄜˋ-ㄏㄨㄥˊ	武井克弘	-6.60980192	acg
ㄨˇ-ㄑㄧˋ-ㄓㄨㄢ-ㄐㄧㄚ-ㄓˊ-ㄓㄠˋ	武器專家執照	-5.74707439	acg
ㄨˇ-ㄘㄨㄣ	武村	-7.17149945	acg
ㄨˇ-ㄊㄞˋ-ㄉㄡˇ	武泰斗	-7.04116568	acg
ㄨˇ-ㄊㄧㄢˊ-ㄐㄧㄤˋ-ㄕˋ	武田將士	-6.60980192	acg
ㄨˇ-ㄊㄧㄢˊ-ㄇㄟˇ-ㄑㄧㄢ-ㄌㄧㄡˊ	武田美千留	-6.17843815	acg
ㄨˇ-ㄊㄧㄢˊ-ㄊㄧㄝˇ-ㄋㄢˊ	武田鐵男	-6.60980192	acg
ㄨˇ-ㄗㄤˋ-ㄊㄨˇ-ㄇㄨˋ-ㄍㄨㄥ-ㄔㄥˊ-ㄊㄨㄥ-ㄊㄧㄢ	武藏土木工程通天	-5.74707439	acg
ㄨˇ-ㄊㄥˊ-ㄩㄝˋ-ㄧㄢˋ	武藤岳彥	-6.60980192	acg
ㄨˇ-ㄊㄥˊ-ㄌㄧˇ-ㄑㄧㄝˊ-ㄗˇ	武藤里伽子	-6.17843815	acg
ㄨˇ-ㄓㄨㄤ-ㄐㄧ-ㄅㄧㄥ	武裝機兵	-6.60980192	acg
ㄨˇ-ㄓㄨㄤ-ㄏㄨㄢ-ㄕㄡˋ	武裝獾獸	-6.60980192	acg
ㄨˇ-ㄓㄨㄤ-ㄧˋ-ㄉㄨㄢ-ㄕˋ	武裝異端式	-6.17843815	acg
ㄨˇ-ㄓㄨㄤ-ㄐㄧㄣˋ-ㄏㄨㄚˋ	武裝進化	-6.60980192	acg
ㄨˇ-ㄅㄨˋ-ㄕㄚ-ㄓ	武部沙織	-6.60980192	acg
ㄨˇ-ㄌㄧㄥˊ-ㄊㄠˊ-ㄩㄢˊ	武陵桃園	-6.60980192	acg
ㄍㄨㄟ-ㄌㄞˊ-ㄉㄜ˙-ㄔㄠ-ㄖㄣˊ	歸來的超人	-6.17843815	acg
ㄍㄨㄟ-ㄌㄞˊ-ㄉㄜ˙-ㄔㄠ-ㄖㄣˊ-ㄌㄧˋ-ㄅㄚˋ-ㄨㄤˊ	歸來的超人力霸王	-5.74707439	acg
ㄙˇ-ㄨㄤˊ-ㄉㄞˋ-ㄌㄧˇ-ㄖㄣˊ	死亡代理人	-6.17843815	acg
ㄙˇ-ㄨㄤˊ-ㄇㄨˋ-ㄅㄟ	死亡墓碑	-6.60980192	acg
ㄙˇ-ㄨㄤˊ-ㄇㄥˋ-ㄧㄢˇ	死亡夢魘	-6.60980192	acg
ㄙˇ-ㄨㄤˊ-ㄈㄨˋ-ㄙㄨ	死亡復甦	-6.60980192	acg
ㄙˇ-ㄨㄤˊ-ㄅㄠˋ-ㄩˇ	死亡暴雨	-6.60980192	acg
ㄙˇ-ㄨㄤˊ-ㄏㄨㄟˇ-ㄇㄧㄝˋ	死亡毀滅	-6.60980192	acg
ㄙˇ-ㄨㄤˊ-ㄖㄢˊ-ㄕㄠ-ㄕㄡˋ	死亡燃燒獸	-6.17843815	acg
ㄙˇ-ㄨㄤˊ-ㄕㄡˋ	死亡獸	-7.04116568	acg
ㄙˇ-ㄨㄤˊ-ㄎㄨㄤˋ-ㄎㄥ	死亡礦坑	-6.60980192	acg
ㄙˇ-ㄨㄤˊ-ㄩˇ-ㄕㄜˊ	死亡羽蛇	-6.60980192	acg
ㄙˇ-ㄨㄤˊ-ㄏㄨㄚˊ-ㄦˇ-ㄗ-ㄒㄩㄥ-ㄉㄧ˙	死亡華爾茲兄弟	-5.74707439	acg
ㄙˇ-ㄨㄤˊ-ㄧㄡˊ-ㄒㄧㄥˊ	死亡遊行	-6.60980192	acg
ㄙˇ-ㄨㄤˊ-ㄐㄧㄣ-ㄕㄨˇ-ㄉㄚˋ-ㄕㄨˊ	死亡金屬大叔	-5.74707439	acg
ㄙˇ-ㄨㄤˊ-ㄑㄧˊ-ㄕˋ	死亡騎士	-6.60980192	acg
ㄙˇ-ㄨㄤˊ-ㄐㄧㄡˋ-ㄕ	死亡鷲獅	-6.60980192	acg
ㄙˇ-ㄕˋ	死侍	-7.17149945	acg
ㄙˇ-ㄕˋ-ㄍㄡˇ	死侍狗	-7.04116568	acg
ㄙˇ-ㄕˋ-ㄩˇ-ㄐㄧㄣ-ㄍㄤ-ㄌㄤˊ	死侍與金鋼狼	-5.74707439	acg
ㄙˇ-ㄓㄠˋ-ㄆㄠˋ	死兆炮	-7.04116568	acg
ㄙˇ-ㄕㄜˋ	死射	-7.17149945	acg
ㄙˇ-ㄑㄧˋ-ㄊㄢˊ	死氣彈	-7.04116568	acg
ㄙˇ-ㄑㄧˋ-ㄉㄜ˙-ㄏㄨㄛˇ-ㄧㄢˋ	死氣的火焰	-6.17843815	acg
ㄙˇ-ㄑㄧˋ-ㄉㄜ˙-ㄌㄧㄥˊ-ㄉㄧˋ-ㄉㄧㄢˇ-ㄊㄨˊ-ㄆㄛˋ	死氣的零地點突破	-5.74707439	acg
ㄙˇ-ㄏㄨㄟ-ㄑㄩ-ㄇㄛˊ-ㄕ	死灰驅魔師	-6.17843815	acg
ㄙˇ-ㄕㄣˊ-ㄍㄨㄥ-ㄏㄨㄟˋ	死神公會	-6.60980192	acg
ㄙˇ-ㄕㄣˊ-ㄈㄣˋ-ㄋㄨˋ	死神憤怒	-6.60980192	acg
ㄙˇ-ㄕㄣˊ-ㄏㄨㄛˇ-ㄧㄢˋ-ㄕㄡˋ	死神火焰獸	-6.17843815	acg
ㄙˇ-ㄕㄣˊ-ㄕㄡˋ	死神獸	-7.04116568	acg
ㄙˇ-ㄈㄨˊ-ㄓ-ㄓㄨㄤ	死縛之裝	-6.60980192	acg
ㄙˇ-ㄓㄜˇ-ㄉㄜ˙-ㄨㄚ-ㄐㄩㄝˊ	死者的挖掘	-6.17843815	acg
ㄙˇ-ㄌㄧㄥˊ-ㄈㄚˇ-ㄕ	死靈法師	-6.60980192	acg
ㄓˊ-ㄇㄧㄣˊ-ㄉㄧˋ-ㄓㄨㄟˋ-ㄌㄨㄛˋ-ㄓ-ㄉㄧˋ	殖民地墜落之地	-5.74707439	acg
ㄓˊ-ㄇㄧㄣˊ-ㄉㄧˋ-ㄩㄣˋ-ㄕㄨ	殖民地運輸	-6.17843815	acg
ㄘㄢˊ-ㄇㄧㄥˋ	殘命	-7.17149945	acg
ㄘㄢˊ-ㄇㄧㄥˋ-ㄙㄡ-ㄇㄛˊ	殘命搜魔	-6.60980192	acg
ㄘㄢˊ-ㄇㄧㄥˋ-ㄙㄡ-ㄇㄛˊ-ㄍㄤ-ㄉㄢˋ	殘命搜魔鋼彈	-5.74707439	acg
ㄘㄢˊ-ㄇㄧㄥˋ-ㄐㄩㄣ-ㄉㄠ	殘命軍刀	-6.60980192	acg
ㄘㄢˊ-ㄇㄧㄥˋ-ㄍㄤ-ㄉㄢˋ	殘命鋼彈	-6.60980192	acg
ㄘㄢˊ-ㄅㄠˋ-ㄕㄡˇ-ㄌㄧㄡˊ-ㄉㄢˋ	殘暴手榴彈	-6.17843815	acg
ㄘㄢˊ-ㄅㄠˋ-ㄧㄢˊ-ㄇㄛˊ	殘暴炎魔	-6.60980192	acg
ㄘㄢˊ-ㄅㄠˋ-ㄉㄚˊ-ㄕㄨˊ	殘暴達叔	-6.60980192	acg
ㄘㄢˊ-ㄅㄠˋ-ㄌㄟˊ-ㄅㄧˇ-ㄧㄚˇ	殘暴雷比亞	-6.17843815	acg
ㄘㄢˊ-ㄅㄠˋ-ㄇㄛˊ-ㄨㄤˊ	殘暴魔王	-6.60980192	acg
ㄘㄢˊ-ㄆㄛˋ-ㄉㄜ˙-ㄔㄥˊ-ㄓㄣˋ-ㄓㄨㄥ-ㄒㄧㄣ	殘破的城鎮中心	-5.74707439	acg
ㄐㄧㄤ-ㄕ-ㄖㄣˊ	殭屍人	-7.04116568	acg
ㄐㄧㄤ-ㄕ-ㄏㄨㄚˋ-ㄓㄨ-ㄅㄨˋ-ㄌㄧㄣˊ	殭屍化豬布林	-5.74707439	acg
ㄐㄧㄤ-ㄕ-ㄉㄚˋ-ㄊㄠˊ-ㄕㄚ	殭屍大逃殺	-6.17843815	acg
ㄐㄧㄤ-ㄕ-ㄈㄨˋ-ㄏㄨㄛˊ	殭屍復活	-6.60980192	acg
ㄐㄧㄤ-ㄕ-ㄋㄨˋ-ㄑㄧˋ-ㄓˇ-ㄕㄨˋ	殭屍怒氣指數	-5.74707439	acg
ㄐㄧㄤ-ㄕ-ㄇㄛˊ-ㄕˋ	殭屍模式	-6.60980192	acg
ㄐㄧㄤ-ㄕ-ㄧㄤˋ-ㄅㄣˇ	殭屍樣本	-6.60980192	acg
ㄐㄧㄤ-ㄕ-ㄎㄨㄤˊ-ㄅㄠˋ	殭屍狂暴	-6.60980192	acg
ㄐㄧㄤ-ㄕ-ㄨㄤˊ	殭屍王	-7.04116568	acg
ㄐㄧㄤ-ㄕ-ㄧˋ-ㄅㄧㄢˋ-ㄇㄛˊ-ㄕˋ	殭屍異變模式	-5.74707439	acg
ㄐㄧㄤ-ㄕ-ㄐㄧㄥ-ㄉㄧㄢˇ-ㄇㄛˊ-ㄕˋ	殭屍經典模式	-5.74707439	acg
ㄐㄧㄤ-ㄕ-ㄧㄥ-ㄒㄩㄥˊ-ㄇㄛˊ-ㄕˋ	殭屍英雄模式	-5.74707439	acg
ㄐㄧㄤ-ㄕ-ㄓㄨ-ㄖㄣˊ	殭屍豬人	-6.60980192	acg
ㄐㄧㄤ-ㄕ-ㄐㄩㄣ-ㄊㄨㄢˊ-ㄓㄢˋ	殭屍軍團戰	-6.17843815	acg
ㄐㄧㄤ-ㄕ-ㄧㄣˇ-ㄕㄣ	殭屍隱身	-6.60980192	acg
ㄐㄧㄤ-ㄕ-ㄇㄛˊ-ㄨㄤˊ	殭屍魔王	-6.60980192	acg
ㄐㄧㄢ-ㄇㄧㄝˋ-ㄖㄣˋ	殲滅刃	-7.04116568	acg
ㄐㄧㄢ-ㄇㄛˊ-ㄍㄤ-ㄉㄢˋ	殲魔鋼彈	-6.60980192	acg
ㄉㄨㄢˋ-ㄘㄤˊ	段藏	-7.17149945	acg
ㄕㄚ-ㄉㄚˋ-ㄙㄨㄛˇ	殺大索	-7.04116568	acg
ㄕㄚ-ㄌㄨˋ-ㄓㄢˋ-ㄕㄣˊ	殺戮戰神	-6.60980192	acg
ㄕㄚ-ㄌㄨˋ-ㄐㄧㄣˋ-ㄑㄩ	殺戮禁區	-6.60980192	acg
ㄕㄚ-ㄌㄨˋ-ㄏㄨㄛˋ-ㄩㄣˋ-ㄓㄢˋ	殺戮貨運站	-6.17843815	acg
ㄕㄚ-ㄕㄡˇ-ㄐㄧㄚ-ㄋㄨㄥˊ-ㄍㄤ-ㄉㄢˋ	殺手加農鋼彈	-5.74707439	acg
ㄕㄚ-ㄕㄡˇ-ㄅㄣˇ-ㄋㄥˊ	殺手本能	-6.60980192	acg
ㄕㄚ-ㄕㄡˇ-ㄕㄨㄤ-ㄗˇ	殺手雙子	-6.60980192	acg
ㄕㄚ-ㄘㄢˊ	殺殘	-7.17149945	acg
ㄕㄚ-ㄨˊ-ㄕㄜˋ	殺無赦	-7.04116568	acg
ㄕㄚ-ㄆㄛˋ-ㄌㄤˊ	殺破狼	-7.04116568	acg
ㄉㄧㄢˋ-ㄘㄨㄣ	殿村	-7.17149945	acg
ㄏㄨㄟˇ-ㄊㄧㄢ-ㄇㄧㄝˋ-ㄉㄧˋ	毀天滅地	-6.60980192	acg
ㄏㄨㄟˇ-ㄇㄧㄝˋ-ㄓ-ㄧㄥˇ	毀滅之影	-6.60980192	acg
ㄏㄨㄟˇ-ㄇㄧㄝˋ-ㄍㄨㄥ-ㄐㄩㄝˊ	毀滅公爵	-6.60980192	acg
ㄏㄨㄟˇ-ㄇㄧㄝˋ-ㄊㄧㄢ-ㄌㄨㄥˊ	毀滅天龍	-6.60980192	acg
ㄏㄨㄟˇ-ㄇㄧㄝˋ-ㄐㄩˋ-ㄉㄠ	毀滅巨刀	-6.60980192	acg
ㄏㄨㄟˇ-ㄇㄧㄝˋ-ㄕㄡˇ-ㄌㄧㄡˊ-ㄉㄢˋ	毀滅手榴彈	-6.17843815	acg
ㄏㄨㄟˇ-ㄇㄧㄝˋ-ㄕˊ-ㄓㄨㄥ	毀滅時鐘	-6.60980192	acg
ㄏㄨㄟˇ-ㄇㄧㄝˋ-ㄇㄛˊ-ㄕˋ	毀滅模式	-6.60980192	acg
ㄏㄨㄟˇ-ㄇㄛˊ-ㄍㄤ-ㄉㄢˋ	毁魔鋼彈	-6.60980192	acg
ㄇㄨˇ-ㄑㄧㄣ-ㄏㄢˋ-ㄍㄨ-ㄦˊ	母親和孤兒	-6.17843815	acg
ㄇㄟˇ-ㄖˋ-ㄖㄣˋ-ㄨˋ	每日任務	-6.60980192	acg
ㄉㄨˊ-ㄘˋ-ㄕㄨㄟˇ-ㄇㄨˇ	毒刺水母	-6.60980192	acg
ㄉㄨˊ-ㄅㄠˋ-ㄔㄨㄥˊ	毒爆蟲	-7.04116568	acg
ㄉㄨˊ-ㄅㄠˋ-ㄔㄨㄥˊ-ㄔㄠˊ	毒爆蟲巢	-6.60980192	acg
ㄉㄨˊ-ㄕㄜˊ-ㄕㄣˊ-ㄉㄧㄢˋ-ㄉㄨㄥˋ-ㄒㄩㄝˋ	毒蛇神殿洞穴	-5.74707439	acg
ㄉㄨˊ-ㄐㄧㄠ	毒蛟	-7.17149945	acg
ㄉㄨˊ-ㄒㄧㄝ-ㄖㄣˊ	毒蠍人	-7.04116568	acg
ㄉㄨˊ-ㄒㄧㄝ-ㄅㄧˋ-ㄧㄤˊ-ㄑㄧˊ	毒蠍碧洋琪	-6.17843815	acg
ㄉㄨˊ-ㄉㄧㄢˋ-ㄧㄥ	毒電嬰	-7.04116568	acg
ㄅㄧˇ-ㄧㄚˇ-ㄐㄧˊ	比亞吉	-7.04116568	acg
ㄅㄧˇ-ㄎㄜˋ	比克	-7.17149945	acg
ㄅㄧˇ-ㄎㄜˋ-ㄉㄨㄛ-ㄌㄨˇ	比克多魯	-6.60980192	acg
ㄅㄧˇ-ㄌㄧˋ-ㄉㄧˊ-ㄨㄟ-ㄌㄧㄢˊ-ㄙ	比利迪威廉斯	-5.74707439	acg
ㄅㄧˇ-ㄅㄛˊ-ㄌㄧˊ	比博麗	-7.04116568	acg
ㄅㄧˇ-ㄎㄚˇ-ㄋㄧㄝˋ	比卡涅	-7.04116568	acg
ㄅㄧˇ-ㄉㄨㄛ-ㄕㄡˋ	比多獸	-7.04116568	acg
ㄅㄧˇ-ㄑㄧˊ-ㄅㄠˇ	比奇堡	-7.04116568	acg
ㄅㄧˇ-ㄩˇ-ㄓㄡˋ-ㄍㄥˋ-ㄩㄢˇ-ㄉㄜ˙-ㄉㄧˋ-ㄈㄤ	比宇宙更遠的地方	-5.74707439	acg
ㄅㄧˇ-ㄌㄚ-ㄈㄨ	比拉夫	-7.04116568	acg
ㄅㄧˇ-ㄋㄚˊ-ㄎㄜˇ	比拿可	-7.04116568	acg
ㄅㄧˇ-ㄙ-ㄊㄚˇ	比斯塔	-7.04116568	acg
ㄅㄧˋ-ㄅㄧˋ-ㄊㄧˊ	比比提	-7.04116568	acg
ㄅㄧˇ-ㄕㄨㄟˇ-ㄌㄧㄡˊ	比水流	-7.04116568	acg
ㄅㄧˇ-ㄦˇ-ㄐㄧˊ-ㄨㄛˋ-ㄊㄜˋ	比爾吉沃特	-6.17843815	acg
ㄅㄧˇ-ㄦˇ-ㄍㄜ	比爾哥	-7.04116568	acg
ㄅㄧˇ-ㄦˇ-ㄉㄨㄛˇ	比爾朵	-7.04116568	acg
ㄅㄧˇ-ㄑㄧˊ	比琪	-7.17149945	acg
ㄅㄧˇ-ㄌㄨˊ-ㄏㄞˇ-ㄌㄨˇ-ㄇㄨˇ	比盧海魯姆	-6.17843815	acg
ㄅㄧˇ-ㄌㄧㄤˊ-ㄆㄧㄥˊ-ㄑㄧㄢ-ㄒㄧㄠˋ	比良平千咲	-6.17843815	acg
ㄅㄧˇ-ㄌㄧㄤˊ-ㄊㄚˋ-ㄏㄞˇ	比良拓海	-6.60980192	acg
ㄅㄧˇ-ㄗ-ㄕㄡˋ	比茲獸	-7.04116568	acg
ㄅㄧˇ-ㄌㄧˋ	比莉	-7.17149945	acg
ㄅㄧˇ-ㄋㄨㄛˋ	比諾	-7.17149945	acg
ㄅㄧˇ-ㄍㄨˇ	比谷	-7.17149945	acg
ㄅㄧˇ-ㄙㄞˋ-ㄕˊ-ㄎㄨㄤˋ	比賽實況	-6.60980192	acg
ㄅㄧˇ-ㄌㄨˋ-ㄌㄧˇ-ㄧㄚˇ	比路里亞	-6.60980192	acg
ㄅㄧˇ-ㄌㄨˇ-ㄙ	比魯斯	-7.04116568	acg
ㄇㄠˊ-ㄧ	毛伊	-7.17149945	acg
ㄇㄠˊ-ㄖㄨㄥˇ-ㄍㄨㄞˋ-ㄕㄡˋ	毛茸怪獸	-6.60980192	acg
ㄇㄠˊ-ㄕㄚ	毛莎	-7.17149945	acg
ㄇㄠˊ-ㄇㄛˋ-ㄕㄡˋ	毛莫獸	-7.04116568	acg
ㄑㄧㄡˊ-ㄗˇ-ㄘㄞˇ-ㄏㄨㄚ	毬子彩花	-6.60980192	acg
ㄕˋ-ㄐㄧㄚ-ㄇㄨˋ	氏家睦	-7.04116568	acg
ㄇㄧㄣˊ-ㄗㄨˊ-ㄈㄥ-ㄍㄨㄤ-ㄉㄧㄢˇ	民族風光點	-6.17843815	acg
ㄇㄧㄣˊ-ㄧㄥˊ-ㄅㄠˇ-ㄑㄩㄢˊ-ㄍㄨㄥ-ㄙ	民營保全公司	-5.74707439	acg
ㄇㄧㄣˊ-ㄩㄥˋ-ㄧˋ-ㄉㄨㄢ-ㄕˋ	民用異端式	-6.17843815	acg
ㄑㄧˋ-ㄉㄧㄢˋ-ㄒㄧㄥˊ-ㄏㄨㄤˊ-ㄐㄧㄣ-ㄍㄨㄛˊ-ㄇㄥˇ-ㄕㄡˋ	氣墊型黃金國猛獸	-5.74707439	acg
ㄑㄧˋ-ㄒㄧㄤˋ-ㄌㄨㄥˊ-ㄕㄡˋ	氣象龍獸	-6.60980192	acg
ㄑㄧˋ-ㄌㄨㄥˊ-ㄕㄡˋ	氣龍獸	-7.04116568	acg
ㄎㄜˋ-ㄆㄨˇ-ㄊㄨㄛ	氪普托	-7.04116568	acg
ㄕㄨㄟˇ-ㄐㄧㄡˇ-ㄅㄠˇ-ㄖㄣˊ	水久保仁	-6.60980192	acg
ㄕㄨㄟˇ-ㄓ-ㄑㄧ-ㄉㄠˇ	水之七島	-6.60980192	acg
ㄕㄨㄟˇ-ㄎㄡˇ-ㄧㄤˊ-ㄐㄧㄝˋ	水口洋介	-6.60980192	acg
ㄕㄨㄟˇ-ㄏㄢˋ-ㄧㄡˊ-ㄜˋ-ㄌㄧㄥˊ	水和油惡靈	-6.17843815	acg
ㄕㄨㄟˇ-ㄉㄧˋ-ㄌㄧㄥˊ-ㄕˋ	水地零士	-6.60980192	acg
ㄕㄨㄟˇ-ㄨㄟˇ-ㄔㄨㄣ-ㄊㄞˋ-ㄌㄤˊ	水尾春太郎	-6.17843815	acg
ㄕㄨㄟˇ-ㄉㄠˇ-ㄌㄧㄥˊ	水島綾	-7.04116568	acg
ㄕㄨㄟˇ-ㄉㄠˇ-ㄍㄨㄤ-ㄌㄧㄤˊ	水嶌光良	-6.60980192	acg
ㄕㄨㄟˇ-ㄔㄨㄢ-ㄓㄥˋ-ㄏㄨㄟ	水川正輝	-6.60980192	acg
ㄕㄨㄟˇ-ㄆㄧㄥˊ-ㄙˋ-ㄈㄤ-ㄓㄢˇ	水平四方斬	-6.17843815	acg
ㄕㄨㄟˇ-ㄕㄡˇ-ㄏㄠˋ-ㄏㄜˊ-ㄗㄨㄛˋ-ㄕㄜˋ	水手號合作社	-5.74707439	acg
ㄕㄨㄟˇ-ㄕㄡˇ-ㄏㄠˋ-ㄕㄤ-ㄏㄨㄟˋ	水手號商會	-6.17843815	acg
ㄕㄨㄟˇ-ㄕㄡˇ-ㄏㄠˋ-ㄕˋ	水手號市	-6.60980192	acg
ㄕㄨㄟˇ-ㄗㄨˊ-ㄅㄨˋ-ㄌㄨㄛˋ	水族部落	-6.60980192	acg
ㄕㄨㄟˇ-ㄒㄧㄥ-ㄧ-ㄕˋ	水星一式	-6.60980192	acg
ㄕㄨㄟˇ-ㄒㄧㄥ-ㄧˊ-ㄕˋ	水星一式	-7.10980192	acg
ㄕㄨㄟˇ-ㄐㄧㄥ-ㄓ-ㄍㄜ-ㄙㄣ-ㄌㄧㄣˊ	水晶之歌森林	-5.74707439	acg
ㄕㄨㄟˇ-ㄐㄧㄥ-ㄅㄧㄥ-ㄧㄥˊ	水晶兵營	-6.60980192	acg
ㄕㄨㄟˇ-ㄐㄧㄥ-ㄉㄧˋ-ㄍㄨㄛˊ	水晶帝國	-6.60980192	acg
ㄕㄨㄟˇ-ㄐㄧㄥ-ㄒㄧˇ-ㄌㄧˇ	水晶洗禮	-6.60980192	acg
ㄕㄨㄟˇ-ㄐㄧㄥ-ㄧㄥˊ-ㄍㄨㄤ-ㄉㄧㄢˇ-ㄉㄧㄢˇ	水晶螢光點點	-5.74707439	acg
ㄕㄨㄟˇ-ㄇㄨˋ-ㄕㄥˋ-ㄌㄞˊ	水木聖來	-6.60980192	acg
ㄕㄨㄟˇ-ㄅㄣˇ-ㄗˇ	水本紫	-7.04116568	acg
ㄕㄨㄟˇ-ㄕˋ-ㄙ	水柿司	-7.04116568	acg
ㄕㄨㄟˇ-ㄕㄨˋ-ㄌㄟˇ	水樹壘	-7.04116568	acg
ㄕㄨㄟˇ-ㄇㄨˇ-ㄒㄧㄝˋ-ㄅㄠˇ	水母蟹堡	-6.60980192	acg
ㄕㄨㄟˇ-ㄋㄧˊ-ㄖㄣˊ	水泥人	-7.04116568	acg
ㄕㄨㄟˇ-ㄉㄧ-ㄈㄥ-ㄅㄠˋ	水滴風暴	-6.60980192	acg
ㄕㄨㄟˇ-ㄔㄥˊ-ㄈㄥ	水澄楓	-7.04116568	acg
ㄕㄨㄟˇ-ㄗㄜˊ-ㄩㄥˇ-ㄑㄧˋ	水澤勇氣	-6.60980192	acg
ㄕㄨㄟˇ-ㄨˊ-ㄩㄝˋ-ㄒㄧㄠˇ-ㄒㄧㄤ	水無月小香	-6.17843815	acg
ㄕㄨㄟˇ-ㄨˊ-ㄌㄞˋ-ㄐㄧㄚ-ㄓ	水無瀨佳織	-6.17843815	acg
ㄕㄨㄟˇ-ㄋㄧㄡˊ-ㄏㄢˋ-ㄆㄧㄥˊ-ㄍㄨㄛˇ-ㄕㄨˋ	水牛和蘋果樹	-5.74707439	acg
ㄕㄨㄟˇ-ㄊㄧㄢˊ-ㄐㄧㄚ-ㄋㄞˋ	水田加奈	-6.60980192	acg
ㄕㄨㄟˇ-ㄏㄨ-ㄩˊ-ㄕㄡˋ	水虎魚獸	-6.60980192	acg
ㄕㄨㄟˇ-ㄔㄞˋ-ㄕˋ	水蠆式	-7.04116568	acg
ㄕㄨㄟˇ-ㄍㄨˇ-ㄏㄠˋ-ㄐㄧㄝˋ	水谷浩介	-6.60980192	acg
ㄕㄨㄟˇ-ㄔㄣˊ	水辰	-7.17149945	acg
ㄕㄨㄟˇ-ㄧㄝˇ-ㄘㄞˇ-ㄧㄣ	水野彩音	-6.60980192	acg
ㄕㄨㄟˇ-ㄧㄝˇ-ㄞˋ	水野愛	-7.04116568	acg
ㄕㄨㄟˇ-ㄧㄝˇ-ㄓ-ㄌㄧˋ	水野枝莉	-6.60980192	acg
ㄕㄨㄟˇ-ㄧㄝˇ-ㄕㄚ-ㄓ	水野沙織	-6.60980192	acg
ㄕㄨㄟˇ-ㄧㄝˇ-ㄧㄤˊ	水野洋	-7.04116568	acg
ㄕㄨㄟˇ-ㄧㄝˇ-ㄌㄧˇ-ㄐㄧㄚ	水野理佳	-6.60980192	acg
ㄕㄨㄟˇ-ㄧㄝˇ-ㄌㄧˇ-ㄕㄚ	水野理紗	-6.60980192	acg
ㄕㄨㄟˇ-ㄧㄝˇ-ㄘㄨㄟˋ	水野翠	-7.04116568	acg
ㄕㄨㄟˇ-ㄧㄝˇ-ㄑㄧㄢˋ	水野茜	-7.04116568	acg
ㄕㄨㄟˇ-ㄇㄧㄢˋ-ㄓˊ-ㄕㄨˋ	水面直樹	-6.60980192	acg
ㄩㄥˇ-ㄅㄨˋ-ㄐㄧㄝˊ-ㄕㄨˋ-ㄉㄜ˙	永不結束的	-6.17843815	acg
ㄩㄥˇ-ㄐㄧㄥˇ-ㄕㄚ-ㄓ	永井沙織	-6.60980192	acg
ㄩㄥˇ-ㄩㄢˊ-ㄒㄧㄤˊ	永原翔	-7.04116568	acg
ㄩㄥˇ-ㄏㄥˊ-ㄓ-ㄢˋ	永恆之闇	-6.60980192	acg
ㄩㄥˇ-ㄏㄥˊ-ㄔㄨㄢˊ-ㄑㄧˊ	永恆傳奇	-6.60980192	acg
ㄩㄥˇ-ㄏㄥˊ-ㄐㄧㄥ-ㄌㄧㄥˊ	永恆精靈	-6.60980192	acg
ㄩㄥˇ-ㄏㄥˊ-ㄒㄧˋ-ㄊㄨㄥˇ	永恆系統	-6.60980192	acg
ㄩㄥˇ-ㄏㄥˊ-ㄐㄧˋ-ㄩㄢˊ	永恆紀元	-6.60980192	acg
ㄩㄥˇ-ㄕㄨˋ-ㄧㄡˇ-ㄏㄨㄥˊ	永束友宏	-6.60980192	acg
ㄩㄥˇ-ㄗㄜˊ-ㄕㄥˋ-ㄗˇ	永澤勝子	-6.60980192	acg
ㄩㄥˇ-ㄑㄧㄥˋ	永罄	-7.17149945	acg
ㄩㄥˇ-ㄩㄢˇ-ㄉㄜ˙-ㄅㄧㄢ-ㄈㄨˊ-ㄒㄧㄚˊ	永遠的蝙蝠俠	-5.74707439	acg
ㄩㄥˇ-ㄩㄢˇ-ㄗˋ-ㄧㄡˊ-ㄙㄣ-ㄌㄧㄣˊ	永遠自由森林	-5.74707439	acg
ㄊㄧㄥ-ㄎㄜˋ-ㄕㄡˋ	汀克獸	-7.04116568	acg
ㄊㄧㄥ-ㄑㄧˊ	汀奇	-7.17149945	acg
ㄊㄧㄥ-ㄅㄛˊ	汀柏	-7.17149945	acg
ㄈㄢˋ-ㄉㄞˋ-ㄧㄣ	汎戴茵	-7.04116568	acg
ㄈㄢˋ-ㄩㄥˋ-ㄕˋ-ㄐㄩㄝˊ-ㄏㄨㄚˋ-ㄐㄧˋ-ㄧˋ-ㄉㄤˇ-ㄢˋ	汎用視覺化記憶檔案	-5.74707439	acg
ㄒㄧˋ-ㄐㄧㄢˋ-ㄕㄥˋ-ㄧㄢˋ	汐見勝彥	-6.60980192	acg
ㄐㄧㄤ-ㄕㄤˋ-ㄔㄨㄣ	江上椿	-7.04116568	acg
ㄐㄧㄤ-ㄌㄧˋ-ㄞˋ-ㄕˊ	江利愛實	-6.60980192	acg
ㄐㄧㄤ-ㄐㄧㄤ	江姜	-7.17149945	acg
ㄐㄧㄤ-ㄕㄡˇ-ㄓㄜˊ-ㄓ-ㄓㄨˋ	江守哲之助	-6.17843815	acg
ㄐㄧㄤ-ㄕㄡˇ-ㄏㄨㄤˋ	江守晃	-7.04116568	acg
ㄐㄧㄤ-ㄔㄨㄢ-ㄩㄝˋ	江川岳	-7.04116568	acg
ㄐㄧㄤ-ㄏㄨˊ-ㄅㄣˇ-ㄙㄜˋ	江湖本色	-6.60980192	acg
ㄐㄧㄤ-ㄊㄧㄢˊ-ㄧ-ㄧㄢˋ	江田一彥	-6.60980192	acg
ㄐㄧㄤ-ㄊㄧㄢˊ-ㄧˊ-ㄧㄢˋ	江田一彥	-7.10980192	acg
ㄐㄧㄤ-ㄊㄧㄢˊ-ㄉㄠˇ-ㄇㄨˋ-ㄧㄝˋ	江田島木葉	-6.17843815	acg
ㄐㄧㄤ-ㄊㄧㄢˊ-ㄉㄠˇ-ㄖㄣˇ	江田島稔	-6.60980192	acg
ㄐㄧㄤ-ㄊㄥˊ-ㄌㄧㄥˊ	江藤綾	-7.04116568	acg
ㄔˊ-ㄅㄣˇ-ㄍㄢˋ-ㄒㄩㄥˊ	池本幹雄	-6.60980192	acg
ㄔˊ-ㄗㄜˊ-ㄐㄧㄚ-ㄓㄨˇ-ㄇㄚˇ	池澤佳主馬	-6.17843815	acg
ㄔˊ-ㄗㄜˊ-ㄕㄥˋ-ㄇㄟˇ	池澤聖美	-6.60980192	acg
ㄔˊ-ㄊㄧㄢˊ-ㄐㄧㄤ-ㄇㄟˇ	池田江美	-6.60980192	acg
ㄔˊ-ㄉㄞˋ-ㄐㄧㄥ-ㄧㄝˋ	池袋晶葉	-6.60980192	acg
ㄔˊ-ㄍㄨˇ-ㄅㄛˊ-ㄕˇ	池谷博史	-6.60980192	acg
ㄔˊ-ㄅㄨˋ-ㄕㄨˊ-ㄈㄨˋ	池部叔父	-6.60980192	acg
ㄨ-ㄍㄡˋ-ㄉㄚˊ-ㄖㄣˊ	污垢達人	-6.60980192	acg
ㄨ-ㄕㄨㄟˇ-ㄑㄧˋ-ㄧㄝˋ-ㄌㄧㄢˊ-ㄏㄜˊ	污水企業聯合	-5.74707439	acg
ㄨㄤ-ㄕㄨㄟˇ-ㄉㄧˋ	汪水弟	-7.04116568	acg
ㄨㄤ-ㄨㄤ-ㄙㄢ-ㄐㄧㄢˋ-ㄎㄜˋ	汪汪三劍客	-6.17843815	acg
ㄨㄤ-ㄉㄚˊ	汪達	-7.17149945	acg
ㄨㄤ-ㄉㄚˊ-ㄅㄚ	汪達巴	-7.04116568	acg
ㄨㄤ-ㄉㄚˊ-ㄏㄨㄢˋ-ㄕˋ	汪達幻視	-6.60980192	acg
ㄐㄩㄝˊ-ㄕㄥˋ-ㄍㄨˇ-ㄅㄠˇ	決勝古堡	-6.60980192	acg
ㄐㄩㄝˊ-ㄕㄥˋ-ㄑㄧㄥˋ-ㄉㄧㄢˇ	決勝慶典	-6.60980192	acg
ㄐㄩㄝˊ-ㄓㄢˋ-ㄏㄚ-ㄨㄚˇ-ㄋㄚˋ	決戰哈瓦那	-6.17843815	acg
ㄐㄩㄝˊ-ㄓㄢˋ-ㄔㄥˊ-ㄕˋ	決戰城市	-6.60980192	acg
ㄐㄩㄝˊ-ㄓㄢˋ-ㄕㄠˋ-ㄌㄧㄣˊ	決戰少林	-6.60980192	acg
ㄐㄩㄝˊ-ㄓㄢˋ-ㄒㄧㄣ-ㄕˋ-ㄐㄧㄝˋ	決戰新世界	-6.17843815	acg
ㄐㄩㄝˊ-ㄓㄢˋ-ㄨㄟˋ-ㄌㄞˊ	決戰未來	-6.60980192	acg
ㄐㄩㄝˊ-ㄓㄢˋ-ㄧˋ-ㄕˋ-ㄐㄧㄝˋ	決戰異世界	-6.17843815	acg
ㄐㄩㄝˊ-ㄓㄢˋ-ㄇㄚˇ-ㄊㄡ˙	決戰碼頭	-6.60980192	acg
ㄐㄩㄝˊ-ㄓㄢˋ-ㄏㄨㄥˊ-ㄇㄠˋ-ㄏㄨㄛˇ-ㄇㄛˊ	決戰紅帽火魔	-5.74707439	acg
ㄐㄩㄝˊ-ㄓㄢˋ-ㄞˋ-ㄗㄜˊ-ㄌㄚ-ㄙ	決戰艾澤拉斯	-5.74707439	acg
ㄐㄩㄝˊ-ㄉㄡˋ-ㄔㄨㄢˊ-ㄑㄧˊ	決鬥傳奇	-6.60980192	acg
ㄐㄩㄝˊ-ㄉㄡˋ-ㄖㄣˋ	決鬥刃	-7.04116568	acg
ㄐㄩㄝˊ-ㄉㄡˋ-ㄉㄚˋ-ㄕ	決鬥大師	-6.60980192	acg
ㄐㄩㄝˊ-ㄉㄡˋ-ㄉㄧㄢˋ-ㄐㄧˊ	決鬥電擊	-6.60980192	acg
ㄨㄛˋ-ㄎㄜˋ	沃克	-7.17149945	acg
ㄨㄛˋ-ㄌㄧˋ-ㄎㄜˋ	沃利克	-7.04116568	acg
ㄨㄛˋ-ㄈㄨ	沃夫	-7.17149945	acg
ㄨㄛˋ-ㄈㄨ-ㄍㄤ-ㄍㄜˊ	沃夫剛格	-6.60980192	acg
ㄨㄛˋ-ㄨㄛˋ-ㄎㄚˇ	沃沃卡	-7.04116568	acg
ㄨㄛˋ-ㄦˇ-ㄆㄨˇ	沃爾普	-7.04116568	acg
ㄨㄛˋ-ㄎㄜ	沃科	-7.17149945	acg
ㄨㄛˋ-ㄨㄟˊ-ㄎㄜˋ	沃維克	-7.04116568	acg
ㄨㄛˋ-ㄗ	沃茲	-7.17149945	acg
ㄨㄛˋ-ㄒㄧㄣ-ㄉㄨㄣˋ	沃辛頓	-7.04116568	acg
ㄔㄣˊ-ㄇㄛˋ-ㄍㄨˇ-ㄅㄠˇ	沈默古堡	-6.60980192	acg
ㄔㄣˊ-ㄌㄧˋ	沉利	-7.17149945	acg
ㄔㄣˊ-ㄓㄨㄥˋ-ㄨㄤˊ-ㄍㄨㄢ	沉重王冠	-6.60980192	acg
ㄔㄣˊ-ㄇㄛˋ-ㄓ-ㄑㄧㄡ	沉默之丘	-6.60980192	acg
ㄔㄣˊ-ㄇㄛˋ-ㄉㄜ˙-ㄒㄧㄢˋ-ㄐㄧㄥˇ	沉默的陷阱	-6.17843815	acg
ㄊㄚˋ-ㄗ	沓姿	-7.17149945	acg
ㄔㄨㄥ-ㄊㄧㄢˊ-ㄏㄞˇ	沖田海	-7.04116568	acg
ㄔㄨㄥ-ㄊㄧㄢˊ-ㄗㄨㄥˇ-ㄙ	沖田總司	-6.60980192	acg
ㄕㄚ-ㄑㄧㄡ-ㄇㄛˊ-ㄅㄠˇ	沙丘魔堡	-6.60980192	acg
ㄕㄚ-ㄑㄧㄡ-ㄇㄛˊ-ㄨˋ	沙丘魔物	-6.60980192	acg
ㄕㄚ-ㄉㄞˋ	沙代	-7.17149945	acg
ㄕㄚ-ㄌㄜˋ-ㄋㄨㄛˋ	沙勒諾	-7.04116568	acg
ㄕㄚ-ㄍㄨˇ-ㄧㄚˊ-ㄕㄡˋ	沙古牙獸	-6.60980192	acg
ㄕㄚ-ㄐㄧˊ-ㄌㄚ-ㄙ-ㄌㄧㄥˊ-ㄇㄨˋ	沙吉拉斯陵墓	-5.74707439	acg
ㄕㄚ-ㄉㄧˋ-ㄑㄧㄥ-ㄊㄧㄥˊ-ㄕㄡˋ	沙地蜻蜓獸	-6.17843815	acg
ㄕㄚ-ㄉㄧˋ-ㄌㄨㄥˊ-ㄕㄡˋ	沙地龍獸	-6.60980192	acg
ㄕㄚ-ㄎㄢˇ	沙坎	-7.17149945	acg
ㄕㄚ-ㄉㄨㄛ-ㄎㄜˋ-ㄌㄧˇ-ㄈㄨ	沙多克里夫	-6.17843815	acg
ㄕㄚ-ㄉㄜˊ-ㄨㄟ-ㄙ-ㄊㄢˇ	沙德威斯坦	-6.17843815	acg
ㄕㄚ-ㄨˋ-ㄕㄡˋ	沙悟獸	-7.04116568	acg
ㄕㄚ-ㄌㄚ-ㄇㄢˋ-ㄉㄨㄛ-ㄌㄚ	沙拉曼多拉	-6.17843815	acg
ㄕㄚ-ㄇㄢˋ	沙曼	-7.17149945	acg
ㄕㄚ-ㄌㄧㄤˊ	沙梁	-7.17149945	acg
ㄕㄚ-ㄏㄞˇ-ㄙㄨㄟˋ-ㄒㄧㄤ	沙海穗香	-6.60980192	acg
ㄕㄚ-ㄇㄛˋ-ㄑㄩ	沙漠區	-7.04116568	acg
ㄕㄚ-ㄇㄛˋ-ㄑㄧㄤˊ-ㄒㄧˊ	沙漠強襲	-6.60980192	acg
ㄕㄚ-ㄇㄛˋ-ㄜˋ-ㄇㄛˊ	沙漠惡魔	-6.60980192	acg
ㄕㄚ-ㄇㄛˋ-ㄑㄩˊ-ㄉㄠˋ	沙漠渠道	-6.60980192	acg
ㄕㄚ-ㄇㄛˋ-ㄧˋ-ㄒㄧㄥˊ	沙漠異形	-6.60980192	acg
ㄕㄚ-ㄇㄛˋ-ㄧˊ-ㄐㄧ	沙漠遺跡	-6.60980192	acg
ㄕㄚ-ㄊㄜˋ-ㄇㄚˇ-ㄌㄚ-ㄅㄛˊ	沙特馬拉伯	-6.17843815	acg
ㄕㄚ-ㄙㄜˋ-ㄧ	沙瑟伊	-7.04116568	acg
ㄕㄚ-ㄙㄜˋ-ㄙ	沙瑟斯	-7.04116568	acg
ㄕㄚ-ㄨㄟˊ-ㄍㄜˊ	沙維格	-7.04116568	acg
ㄕㄚ-ㄌㄨㄛˊ-ㄇㄢˋ-ㄉㄚˊ-ㄋㄢˊ-ㄐㄩㄝˊ	沙羅曼達男爵	-5.74707439	acg
ㄕㄚ-ㄙㄚˋ	沙薩	-7.17149945	acg
ㄕㄚ-ㄙㄚˋ-ㄅㄧˇ	沙薩比	-7.04116568	acg
ㄕㄚ-ㄙㄚˋ-ㄅㄧˇ-ㄒㄧㄠˇ-ㄐㄧㄝˇ	沙薩比小姐	-6.17843815	acg
ㄕㄚ-ㄒㄧ-ㄎㄞˇ	沙西凱	-7.04116568	acg
ㄕㄚ-ㄅㄟˋ-ㄊㄜˋ	沙貝特	-7.04116568	acg
ㄕㄚ-ㄐㄧㄣ-ㄙ	沙金斯	-7.04116568	acg
ㄕㄚ-ㄌㄨˇ	沙魯	-7.17149945	acg
ㄆㄟˋ-ㄋㄧˊ-ㄉㄚˊ	沛尼達	-7.04116568	acg
ㄆㄟˋ-ㄉㄚˊ	沛達	-7.17149945	acg
ㄏㄜˊ-ㄩㄢˊ-ㄑㄧˊ	河原崎	-7.04116568	acg
ㄏㄜˊ-ㄉㄠˇ-ㄊㄠˊ	河嶋桃	-7.04116568	acg
ㄏㄜˊ-ㄒㄧ-ㄖㄣˇ	河西忍	-7.04116568	acg
ㄏㄜˊ-ㄅㄧㄢ-ㄗㄡˋ-ㄗˇ	河邊奏子	-6.60980192	acg
ㄏㄜˊ-ㄧㄝˇ-ㄒㄧㄥˋ-ㄊㄞˋ	河野幸泰	-6.60980192	acg
ㄏㄜˊ-ㄧㄝˇ-ㄧㄢˋ	河野燕	-7.04116568	acg
ㄧㄡˊ-ㄋㄩˇ-ㄓˋ-ㄋㄞˇ	油女志乃	-6.60980192	acg
ㄧㄡˊ-ㄑㄧ-ㄈㄥ-ㄅㄛ	油漆風波	-6.60980192	acg
ㄓˋ-ㄩˋ-ㄇㄟˇ-ㄐㄧㄡˇ	治癒美酒	-6.60980192	acg
ㄓㄠˇ-ㄉㄨˋ	沼渡	-7.17149945	acg
ㄓㄠˇ-ㄗㄜˊ-ㄧˋ-ㄒㄧㄥˊ	沼澤異形	-6.60980192	acg
ㄓㄠˇ-ㄇㄧㄣˊ	沼珉	-7.17149945	acg
ㄓㄠˇ-ㄏㄞˊ	沼骸	-7.17149945	acg
ㄑㄩㄢˊ-ㄍㄨㄥ-ㄙˋ-ㄈㄥ-ㄐㄧㄡˇ	泉宮寺豐久	-6.17843815	acg
ㄈㄚˇ-ㄉㄢ	法丹	-7.17149945	acg
ㄈㄚˇ-ㄅㄛˊ-ㄙ	法伯斯	-7.04116568	acg
ㄈㄚˋ-ㄍㄨㄛˊ-ㄒㄧㄢˋ-ㄅㄧㄥ-ㄊㄜˋ-ㄑㄧㄣˊ-ㄉㄨㄟˋ	法國憲兵特勤隊	-5.74707439	acg
ㄈㄚˇ-ㄋㄚˋ-ㄊㄧˊ-ㄡ	法娜提歐	-6.60980192	acg
ㄈㄚˇ-ㄉㄜˊ-ㄅㄚ-ㄋㄧˊ	法德巴尼	-6.60980192	acg
ㄈㄚˇ-ㄌㄚ-ㄐㄧˊ	法拉急	-7.04116568	acg
ㄈㄚˇ-ㄍㄜˊ-ㄙ	法格斯	-7.04116568	acg
ㄈㄚˇ-ㄅㄧˇ-ㄡ	法比歐	-7.04116568	acg
ㄈㄚˇ-ㄌㄨㄛˋ-ㄕˋ	法洛士	-7.04116568	acg
ㄈㄚˇ-ㄦˇ-ㄒㄧㄡ	法爾修	-7.04116568	acg
ㄈㄚˇ-ㄦˇ-ㄎㄜˋ	法爾克	-7.04116568	acg
ㄈㄚˇ-ㄦˇ-ㄅㄨˋ-ㄌㄨㄛˊ-ㄙ	法爾布羅斯	-6.17843815	acg
ㄈㄚˇ-ㄦˇ-ㄊㄧㄥ	法爾汀	-7.04116568	acg
ㄈㄚˇ-ㄦˇ-ㄒㄧ-ㄧㄚˋ	法爾西亞	-6.60980192	acg
ㄈㄚˇ-ㄦˇ-ㄙㄞˋ-ㄊㄜˋ	法爾賽特	-6.60980192	acg
ㄈㄚˇ-ㄅㄧˋ-ㄦˇ	法畢爾	-7.04116568	acg
ㄈㄚˇ-ㄇㄨˋ-ㄧㄝˋ	法穆葉	-7.04116568	acg
ㄈㄚˇ-ㄇㄧˇ-ㄌㄧˋ-ㄤˊ	法米利昂	-6.60980192	acg
ㄈㄚˇ-ㄊㄨㄥˇ-ㄕˋ	法統式	-7.04116568	acg
ㄈㄚˇ-ㄌㄠˇ-ㄕㄡˋ	法老獸	-7.04116568	acg
ㄈㄚˇ-ㄌㄢˊ-ㄎㄜˋ-ㄌㄢˊ-ㄉㄥ	法蘭克蘭登	-6.17843815	acg
ㄈㄚˇ-ㄌㄢˊ-ㄙ	法蘭絲	-7.04116568	acg
ㄈㄚˇ-ㄌㄧˇ-ㄉㄜˊ	法里德	-7.04116568	acg
ㄈㄢˋ-ㄩㄥˋ-ㄩˇ	泛用語	-7.04116568	acg
ㄆㄠˋ-ㄆㄠˋ-ㄒㄧㄢ-ㄕㄥ	泡泡先生	-6.60980192	acg
ㄆㄠˋ-ㄈㄨˊ-ㄚ-ㄧˊ	泡芙阿姨	-6.60980192	acg
ㄆㄠˋ-ㄈㄨˊ-ㄚ-ㄧˊ-ㄕ-ㄧㄝˋ-ㄌㄜ˙	泡芙阿姨失業了	-5.74707439	acg
ㄆㄛ-ㄗㄨㄛˇ-ㄐㄧㄢ-ㄍㄨㄤ	波佐間光	-6.60980192	acg
ㄆㄛ-ㄌㄨㄣˊ-ㄐㄧㄚ	波倫加	-7.04116568	acg
ㄆㄛ-ㄐㄧㄝˊ-ㄎㄜˋ	波傑克	-7.04116568	acg
ㄆㄛ-ㄎㄜˋ	波克	-7.17149945	acg
ㄆㄛ-ㄎㄜˋ-ㄅㄧˇ	波克比	-7.04116568	acg
ㄆㄛ-ㄍㄨˇ-ㄉㄢ	波古丹	-7.04116568	acg
ㄆㄛ-ㄎㄜˇ-ㄕㄡˋ	波可獸	-7.04116568	acg
ㄆㄛ-ㄊㄚˇ-ㄋㄧˊ-ㄎㄚˇ	波塔尼卡	-6.60980192	acg
ㄆㄛ-ㄙㄞ-ㄉㄨㄣˋ-ㄕㄡˋ	波塞頓獸	-6.60980192	acg
ㄆㄛ-ㄅㄠˇ	波寶	-7.17149945	acg
ㄆㄛ-ㄋㄧˊ	波尼	-7.17149945	acg
ㄆㄛ-ㄒㄧ-ㄌㄚ	波希拉	-7.04116568	acg
ㄆㄛ-ㄊㄨㄛ-ㄅㄞˋ	波托拜	-7.04116568	acg
ㄆㄛ-ㄆㄨˇ-ㄌㄧˋ	波普莉	-7.04116568	acg
ㄆㄛ-ㄓㄚˊ-ㄉㄜˊ	波札德	-7.04116568	acg
ㄆㄛ-ㄆㄛ-ㄋㄨˇ-ㄣ	波波努恩	-6.60980192	acg
ㄆㄛ-ㄆㄛ-ㄕㄡˋ	波波獸	-7.04116568	acg
ㄆㄛ-ㄆㄛ-ㄌㄚ	波波菈	-7.04116568	acg
ㄅㄛ-ㄌㄤˋ-ㄓㄢˋ-ㄐㄧㄚˇ	波浪戰甲	-6.60980192	acg
ㄅㄛ-ㄌㄤˋ-ㄍㄤ-ㄓㄨㄚˇ	波浪鋼爪	-6.60980192	acg
ㄅㄛ-ㄦˇ-ㄎㄞˇ-ㄋㄧˊ-ㄣ	波爾凱尼恩	-6.17843815	acg
ㄅㄛ-ㄦˇ-ㄙㄚˋ-ㄌㄧˋ-ㄋㄨㄛˋ	波爾薩利諾	-6.17843815	acg
ㄆㄛ-ㄊㄜˋ-ㄎㄚˇ-ㄙ	波特卡斯	-6.60980192	acg
ㄆㄛ-ㄊㄜˋ-ㄌㄚ	波特拉	-7.04116568	acg
ㄆㄛ-ㄑㄧˊ	波琪	-7.17149945	acg
ㄆㄛ-ㄌㄧㄣˊ	波琳	-7.17149945	acg
ㄆㄛ-ㄇㄚˇ	波瑪	-7.17149945	acg
ㄅㄛ-ㄨㄣˊ-ㄊㄢˇ-ㄙㄤ-ㄕˊ	波紋坦桑石	-6.17843815	acg
ㄅㄛ-ㄨㄣˊ-ㄩㄝˋ-ㄍㄨㄤ-ㄕˊ	波紋月光石	-6.17843815	acg
ㄅㄛ-ㄨㄣˊ-ㄍㄢˇ-ㄌㄢˇ-ㄕˊ	波紋橄欖石	-6.17843815	acg
ㄅㄛ-ㄨㄣˊ-ㄏㄞˇ-ㄌㄢˊ-ㄅㄠˇ-ㄕˊ	波紋海藍寶石	-5.74707439	acg
ㄅㄛ-ㄨㄣˊ-ㄕˊ-ㄌㄧㄡˊ-ㄕˊ	波紋石榴石	-6.17843815	acg
ㄅㄛ-ㄨㄣˊ-ㄈㄣˇ-ㄏㄨㄥˊ-ㄉㄧㄢˋ-ㄑㄧˋ-ㄕˊ	波紋粉紅電氣石	-5.74707439	acg
ㄅㄛ-ㄨㄣˊ-ㄗˇ-ㄕㄨㄟˇ-ㄐㄧㄥ	波紋紫水晶	-6.17843815	acg
ㄆㄛ-ㄙ-ㄋㄧˊ	波絲妮	-7.04116568	acg
ㄆㄛ-ㄨㄟˊ-ㄋㄨㄛˋ	波維諾	-7.04116568	acg
ㄅㄛ-ㄌㄨㄛˊ-ㄨˇ-ㄏㄠˋ	波羅五號	-6.60980192	acg
ㄆㄛ-ㄌㄧˋ	波莉	-7.17149945	acg
ㄆㄛ-ㄧㄚˇ	波雅	-7.17149945	acg
ㄆㄛ-ㄌㄧˊ-ㄧˊ-ㄇㄚ	波麗姨媽	-6.60980192	acg
ㄋㄧˊ-ㄖㄣˊ-ㄕㄡˋ	泥人獸	-7.04116568	acg
ㄓㄨˋ-ㄉㄧㄥˋ-ㄇㄛˋ-ㄌㄨㄛˋ-ㄉㄜ˙-ㄍㄨㄟˋ-ㄗㄨˊ	注定沒落的貴族	-5.74707439	acg
ㄊㄞˋ-ㄅㄛˊ-ㄌㄨㄣˊ	泰伯倫	-7.04116568	acg
ㄊㄞˋ-ㄅㄛˊ-ㄌㄨㄣˊ-ㄓㄢˋ-ㄓㄥ	泰伯倫戰爭	-6.17843815	acg
ㄊㄞˋ-ㄅㄛˊ-ㄌㄨㄣˊ-ㄇㄨˋ-ㄍㄨㄤ	泰伯倫暮光	-6.17843815	acg
ㄊㄞˋ-ㄌㄨㄣˊ-ㄗˋ-ㄓˋ-ㄌㄧㄢˊ-ㄇㄥˊ	泰倫自治聯盟	-5.74707439	acg
ㄊㄞˋ-ㄌㄧˋ	泰利	-7.17149945	acg
ㄊㄞˋ-ㄌㄧˋ-ㄊㄜˋ	泰利特	-7.04116568	acg
ㄊㄞˋ-ㄊㄢˇ-ㄐㄩˋ-ㄐㄧㄢˋ	泰坦巨劍	-6.60980192	acg
ㄊㄞˋ-ㄉㄜˊ	泰德	-7.17149945	acg
ㄊㄞˋ-ㄌㄚ	泰拉	-7.17149945	acg
ㄊㄞˋ-ㄨˋ-ㄕˋ-ㄅㄛˊ-ㄐㄩㄝˊ	泰晤士伯爵	-6.17843815	acg
ㄊㄞˋ-ㄍㄜˊ	泰格	-7.17149945	acg
ㄊㄞˋ-ㄌㄨㄛˋ-ㄎㄚˇ-ㄙㄣ-ㄌㄧㄣˊ	泰洛卡森林	-6.17843815	acg
ㄊㄞˋ-ㄋㄧㄝˋ-ㄅㄨˋ-ㄌㄧˋ-ㄙ	泰涅布利斯	-6.17843815	acg
ㄊㄞˋ-ㄖㄨㄟˋ-ㄍㄣ	泰瑞根	-7.04116568	acg
ㄊㄞˋ-ㄖㄨㄟˋ-ㄉㄜ˙-ㄒㄧㄢ-ㄐㄧㄥˋ	泰瑞的仙境	-6.17843815	acg
ㄊㄞˋ-ㄖㄨㄟˋ-ㄕㄚ	泰瑞莎	-7.04116568	acg
ㄊㄞˋ-ㄉㄧˊ-ㄌㄠˇ-ㄉㄧㄝ	泰迪老爹	-6.60980192	acg
ㄩㄥˇ-ㄩˊ-ㄕㄡˋ	泳魚獸	-7.04116568	acg
ㄒㄧˇ-ㄗㄠˇ-ㄌㄨㄛ	洗澡囉	-7.04116568	acg
ㄌㄨㄛˋ-ㄧ	洛伊	-7.17149945	acg
ㄌㄨㄛˋ-ㄎㄜˋ-ㄙ-ㄊㄚˇ	洛克斯塔	-6.60980192	acg
ㄌㄨㄛˋ-ㄎㄜˋ-ㄙ-ㄉㄚˊ	洛克斯達	-6.60980192	acg
ㄌㄨㄛˋ-ㄎㄜˋ-ㄤˊ	洛克昂	-7.04116568	acg
ㄌㄨㄛˋ-ㄎㄜˋ-ㄅㄟˋ-ㄦˇ	洛克貝爾	-6.60980192	acg
ㄌㄨㄛˋ-ㄎㄜˇ	洛可	-7.17149945	acg
ㄌㄨㄛˋ-ㄎㄜˇ-ㄇㄛˋ-ㄈㄨ-ㄙ-ㄌㄧㄥˋ-ㄍㄨㄢ	洛可莫夫司令官	-5.74707439	acg
ㄌㄨㄛˋ-ㄐㄧˊ-ㄊㄚˇ	洛吉塔	-7.04116568	acg
ㄌㄨㄛˋ-ㄑㄧˊ-ㄧㄚˇ-ㄅㄠˋ-ㄉㄢˋ	洛奇亞爆誕	-6.17843815	acg
ㄌㄨㄛˋ-ㄌㄚ-ㄆㄚˋ	洛拉帕	-7.04116568	acg
ㄌㄨㄛˋ-ㄇㄚˇ	洛瑪	-7.17149945	acg
ㄌㄨㄛˋ-ㄨㄚˇ-ㄧ	洛瓦伊	-7.04116568	acg
ㄌㄨㄛˋ-ㄏㄠˋ	洛號	-7.17149945	acg
ㄌㄨㄛˋ-ㄉㄧˊ-ㄨㄣˊ-ㄓˋ-ㄗㄨㄣ	洛迪文至尊	-6.17843815	acg
ㄌㄨㄛˋ-ㄌㄧㄢˊ-ㄗ	洛連茲	-7.04116568	acg
ㄌㄨㄛˋ-ㄇㄚˇ-ㄋㄨㄛˋ-ㄈㄨ	洛馬諾夫	-6.60980192	acg
ㄉㄨㄥˋ-ㄉㄨㄥˋ-ㄆㄛ	洞洞波	-7.04116568	acg
ㄉㄨㄥˋ-ㄎㄨ-ㄕㄡˋ	洞窟獸	-7.04116568	acg
ㄐㄧㄣ-ㄐㄧㄚ	津嘉	-7.17149945	acg
ㄐㄧㄣ-ㄎㄨˋ-ㄌㄨˇ	津庫魯	-7.04116568	acg
ㄐㄧㄣ-ㄊㄧㄢˊ-ㄍㄨㄥ-ㄐㄧㄝˋ	津田功介	-6.60980192	acg
ㄐㄧㄣ-ㄌㄨˋ	津路	-7.17149945	acg
ㄏㄨㄥˊ-ㄕㄨㄟˇ-ㄐㄩˋ-ㄍㄨㄟ	洪水巨龜	-6.60980192	acg
ㄏㄨㄥˊ-ㄕㄨㄟˇ-ㄇㄥˇ-ㄕ	洪水猛獅	-6.60980192	acg
ㄏㄨㄥˊ-ㄐㄧㄣ-ㄅㄠˋ	洪金豹	-7.04116568	acg
ㄏㄨㄥˊ-ㄒㄧㄡˋ-ㄓㄨˋ	洪鏽注	-7.04116568	acg
ㄓㄡ-ㄐㄧˋ-ㄒㄧˋ-ㄌㄧㄝˋ-ㄙㄞˋ	洲際系列賽	-6.17843815	acg
ㄏㄨㄛˊ-ㄉㄨㄥˋ-ㄓㄢˋ-ㄕㄨˋ-ㄗㄨㄥˇ-ㄌㄢˇ	活動戰術總覽	-5.74707439	acg
ㄏㄨㄛˊ-ㄙˇ-ㄖㄣˊ-ㄕ-ㄊㄨㄢˊ	活死人師團	-6.17843815	acg
ㄏㄨㄛˊ-ㄩˊ	活蝓	-7.17149945	acg
ㄆㄞˋ-ㄎㄜˋ-ㄋㄨㄛˋ-ㄉㄚˊ	派克諾妲	-6.60980192	acg
ㄆㄞˋ-ㄉㄨㄟˋ-ㄎㄚ-ㄎㄨㄥˇ-ㄇㄧㄥˊ	派對咖孔明	-6.17843815	acg
ㄆㄞˋ-ㄌㄚ-ㄙ	派拉斯	-7.04116568	acg
ㄆㄞˋ-ㄌㄚ-ㄙ-ㄊㄜˋ	派拉斯特	-6.60980192	acg
ㄆㄞˋ-ㄖㄨㄟˋ-ㄎㄜˋ	派瑞克	-7.04116568	acg
ㄆㄞˋ-ㄍㄜˇ-ㄧㄚˇ	派葛亞	-7.04116568	acg
ㄆㄞˋ-ㄉㄧˋ-ㄏㄢˋ-ㄉㄠˋ-ㄍㄜˊ	派蒂和道格	-6.17843815	acg
ㄌㄧㄡˊ-ㄖㄣˋ-ㄖㄨㄛˋ-ㄏㄨㄛˇ	流刃若火	-6.60980192	acg
ㄌㄧㄡˊ-ㄒㄧㄥ-ㄏㄨㄚ-ㄩㄢˊ	流星花園	-6.60980192	acg
ㄌㄧㄡˊ-ㄇㄤˊ-ㄇㄧㄠ	流氓喵	-7.04116568	acg
ㄌㄧㄡˊ-ㄇㄤˊ-ㄒㄩㄥˊ-ㄇㄠ	流氓熊貓	-6.60980192	acg
ㄌㄧㄡˊ-ㄕㄨㄟˇ-ㄅㄞˇ-ㄗㄨˊ	流水百足	-6.60980192	acg
ㄌㄧㄡˊ-ㄌㄤˋ-ㄓㄜˇ-ㄓ-ㄍㄜ	流浪者之歌	-6.17843815	acg
ㄌㄧㄡˊ-ㄌㄤˋ-ㄧㄝˇ-ㄇㄢˊ-ㄖㄣˊ	流浪野蠻人	-6.17843815	acg
ㄌㄧㄡˊ-ㄒㄧㄥˊ-ㄍㄨㄤ-ㄉㄧㄢˇ	流行光點	-6.60980192	acg
ㄌㄧㄡˊ-ㄉㄨˊ	流髑	-7.17149945	acg
ㄆㄨˇ-ㄊㄞˋ-ㄌㄨㄛˋ-ㄙ	浦太洛斯	-6.60980192	acg
ㄆㄨˇ-ㄙ-ㄑㄧㄥ-ㄌㄢˊ	浦思青蘭	-6.60980192	acg
ㄆㄨˇ-ㄇㄨˋ	浦木	-7.17149945	acg
ㄆㄨˇ-ㄇㄨˋ-ㄏㄨㄥˊ	浦木宏	-7.04116568	acg
ㄆㄨˇ-ㄊㄧㄢ-ㄐㄧㄚ-ㄧ	浦添加伊	-6.60980192	acg
ㄏㄠˋ-ㄎㄜˋ	浩克	-7.17149945	acg
ㄏㄠˋ-ㄐㄧㄝˊ-ㄩˇ-ㄔㄨㄥˊ-ㄕㄥ	浩劫與重生	-6.17843815	acg
ㄏㄠˋ-ㄐㄧㄝˊ-ㄔㄨㄥˊ-ㄕㄥ	浩劫重生	-6.60980192	acg
ㄈㄨˊ-ㄉㄠˇ-ㄐㄧㄢ-ㄩˋ	浮島監獄	-6.60980192	acg
ㄈㄨˊ-ㄧㄡˊ-ㄔㄥˊ	浮游城	-7.04116568	acg
ㄈㄨˊ-ㄑㄧㄡˊ-ㄕㄡˋ	浮球獸	-7.04116568	acg
ㄈㄨˊ-ㄩㄣˊ-ㄕㄡˋ	浮雲獸	-7.04116568	acg
ㄩˋ-ㄒㄧㄝˇ-ㄙㄨㄟˋ-ㄉㄠˋ	浴血隧道	-6.60980192	acg
ㄏㄞˇ-ㄧ-ㄋㄨㄛˋ-ㄌㄨˇ-ㄐㄧ-ㄧㄚˇ-ㄌㄧㄡˊ	海伊諾魯基亞流	-5.74707439	acg
ㄏㄞˇ-ㄅㄛˊ-ㄌㄧˋ-ㄤˊ-ㄏㄠˋ	海伯利昂號	-6.17843815	acg
ㄏㄞˇ-ㄅㄛˊ-ㄦˇ	海伯爾	-7.04116568	acg
ㄏㄞˇ-ㄎㄜˋ-ㄌㄧˋ-ㄕˋ	海克力士	-6.60980192	acg
ㄏㄞˇ-ㄎㄜˋ-ㄙㄜˋ-ㄍㄨˇ-ㄐㄧㄚˋ	海克瑟骨架	-6.17843815	acg
ㄏㄞˇ-ㄌㄧˋ-ㄡ-ㄆㄛ-ㄌㄧˇ-ㄙ	海利歐波里斯	-5.74707439	acg
ㄏㄞˇ-ㄘˋ-ㄌㄨㄥˊ	海刺龍	-7.04116568	acg
ㄏㄞˇ-ㄐㄧㄚ	海加	-7.17149945	acg
ㄏㄞˇ-ㄐㄧㄚ-ㄦˇ-ㄕㄢ	海加爾山	-6.60980192	acg
ㄏㄞˇ-ㄇㄧ	海咪	-7.17149945	acg
ㄏㄞˇ-ㄧㄣ-ㄎㄞˇ-ㄦˇ	海因凱爾	-6.60980192	acg
ㄏㄞˇ-ㄧㄣ-ㄉㄜˊ-ㄌㄧˇ	海因德里	-6.60980192	acg
ㄏㄞˇ-ㄊㄚˇ	海塔	-7.17149945	acg
ㄏㄞˇ-ㄊㄧㄢ-ㄧˋ-ㄏㄠˋ	海天翼號	-6.60980192	acg
ㄏㄞˇ-ㄑㄧˊ-ㄇㄟˇ-ㄌㄚ-ㄕㄡˋ	海奇美拉獸	-6.17843815	acg
ㄏㄞˇ-ㄋㄧˊ-ㄦˇ	海尼爾	-7.04116568	acg
ㄏㄞˇ-ㄉㄧˇ-ㄍㄨㄛˊ	海底國	-7.04116568	acg
ㄏㄞˇ-ㄉㄧˇ-ㄗㄨㄥˇ-ㄉㄨㄥˋ-ㄩㄢˊ	海底總動員	-6.17843815	acg
ㄏㄞˇ-ㄋㄨˋ-ㄙ	海怒斯	-7.04116568	acg
ㄏㄞˇ-ㄣ	海恩	-7.17149945	acg
ㄏㄞˇ-ㄌㄚ	海拉	-7.17149945	acg
ㄏㄞˇ-ㄇㄢˋ	海曼	-7.17149945	acg
ㄏㄞˇ-ㄙㄨㄥ-ㄞˋ-ㄌㄧㄡˊ	海松愛瑠	-6.60980192	acg
ㄏㄞˇ-ㄍㄜˊ-ㄌㄧˋ	海格力	-7.04116568	acg
ㄏㄞˇ-ㄍㄜˊ-ㄌㄚ-ㄙ	海格拉斯	-6.60980192	acg
ㄏㄞˇ-ㄐㄧㄤ-ㄊㄧㄢˊ-ㄊㄥˊ-ㄨˇ	海江田藤伍	-6.17843815	acg
ㄏㄞˇ-ㄧㄤˊ-ㄑㄧˊ-ㄩㄢˊ	海洋奇緣	-6.60980192	acg
ㄏㄞˇ-ㄉㄨˋ	海渡	-7.17149945	acg
ㄏㄞˇ-ㄔㄠˊ-ㄨㄤˊ-ㄗㄨㄛˋ	海潮王座	-6.60980192	acg
ㄏㄞˇ-ㄨㄢ-ㄍㄨㄢ-ㄔㄚˊ-ㄓㄜˇ	海灣觀察者	-6.17843815	acg
ㄏㄞˇ-ㄦˇ-ㄇㄧㄥˊ-ㄐㄧㄝˋ	海爾冥界	-6.60980192	acg
ㄏㄞˇ-ㄦˇ-ㄇㄢˋ	海爾曼	-7.04116568	acg
ㄏㄞˇ-ㄦˇ-ㄇㄢˋ-ㄅㄛˊ-ㄕˋ	海爾曼博士	-6.17843815	acg
ㄏㄞˇ-ㄊㄜˋ	海特	-7.17149945	acg
ㄏㄞˇ-ㄕㄡˋ-ㄓ-ㄗˇ	海獸之子	-6.60980192	acg
ㄏㄞˇ-ㄨㄤˊ-ㄒㄧㄥ-ㄅㄚ-ㄕˋ	海王星八式	-6.17843815	acg
ㄏㄞˇ-ㄨㄤˊ-ㄇㄢˇ	海王滿	-7.04116568	acg
ㄏㄞˇ-ㄨㄚˇ-ㄗ	海瓦茲	-7.04116568	acg
ㄏㄞˇ-ㄉㄠˋ-ㄨㄟˊ-ㄐㄧ-ㄉㄚˋ-ㄊㄠˊ-ㄨㄤˊ	海盜危機大逃亡	-5.74707439	acg
ㄏㄞˇ-ㄉㄠˋ-ㄒㄩㄢˊ-ㄧㄞˊ-ㄕㄤˋ-ㄉㄜ˙-ㄐㄩㄝˊ-ㄉㄡˋ	海盜懸崖上的決鬥	-5.74707439	acg
ㄏㄞˇ-ㄉㄠˋ-ㄓㄢˋ-ㄐㄧˋ	海盜戰記	-6.60980192	acg
ㄏㄞˇ-ㄉㄠˋ-ㄓㄚˋ-ㄉㄢˋ	海盜炸彈	-6.60980192	acg
ㄏㄞˇ-ㄉㄠˋ-ㄐㄧˋ-ㄩㄢˊ	海盜紀元	-6.60980192	acg
ㄏㄞˇ-ㄉㄠˋ-ㄚ-ㄒㄧ	海盜阿西	-6.60980192	acg
ㄏㄞˇ-ㄉㄠˋ-ㄈㄥ-ㄅㄠˋ	海盜風暴	-6.60980192	acg
ㄏㄞˇ-ㄉㄠˋ-ㄕㄡˇ-ㄌㄧㄥˇ	海盜首領	-6.60980192	acg
ㄏㄞˇ-ㄌㄧˋ-ㄕˋ	海立士	-7.04116568	acg
ㄏㄞˇ-ㄇㄧㄢˊ-ㄅㄠˇ-ㄅㄠˇ-ㄈㄟ-ㄒㄧㄤˋ-ㄊㄧㄢ-ㄐㄧˋ	海綿寶寶飛向天際	-5.74707439	acg
ㄏㄞˇ-ㄌㄠˇ-ㄩㄢˊ-ㄘㄞˋ-ㄈㄢˊ	海老原菜帆	-6.17843815	acg
ㄏㄞˇ-ㄎㄣˇ	海肯	-7.17149945	acg
ㄏㄞˇ-ㄉㄢˇ-ㄕㄡˋ-ㄙ-ㄍㄨㄞˋ-ㄕㄡˋ	海膽壽司怪獸	-5.74707439	acg
ㄏㄞˇ-ㄏㄨㄚ	海花	-7.17149945	acg
ㄏㄞˇ-ㄌㄞˊ-ㄧㄣ	海萊因	-7.04116568	acg
ㄏㄞˇ-ㄊㄥˊ-ㄉㄧㄢˇ	海藤典	-7.04116568	acg
ㄏㄞˇ-ㄊㄥˊ-ㄓㄣ-ㄔㄥˊ	海藤真澄	-6.60980192	acg
ㄏㄞˇ-ㄗㄠˇ-ㄇㄟˋ	海藻妹	-7.04116568	acg
ㄏㄞˇ-ㄎㄨㄛˋ-ㄩˊ-ㄕㄡˋ	海蛞蝓獸	-6.60980192	acg
ㄏㄞˇ-ㄊㄨㄣˊ-ㄕㄡˋ	海豚獸	-7.04116568	acg
ㄏㄞˇ-ㄔㄠ-ㄖㄣˊ-ㄩˇ-ㄉㄚˋ-ㄧㄤˊ-ㄧㄡˊ-ㄒㄧㄚˊ	海超人與大洋遊俠	-5.74707439	acg
ㄏㄞˇ-ㄔㄠ-ㄖㄣˊ-ㄩˇ-ㄉㄚˋ-ㄧㄤˊ-ㄧㄡˊ-ㄒㄧㄚˊ-ㄙㄢ	海超人與大洋遊俠三	-5.74707439	acg
ㄏㄞˇ-ㄔㄠ-ㄖㄣˊ-ㄩˇ-ㄉㄚˋ-ㄧㄤˊ-ㄧㄡˊ-ㄒㄧㄚˊ-ㄦˋ	海超人與大洋遊俠二	-5.74707439	acg
ㄏㄞˇ-ㄔㄠ-ㄖㄣˊ-ㄩˇ-ㄉㄚˋ-ㄧㄤˊ-ㄧㄡˊ-ㄒㄧㄚˊ-ㄨˇ	海超人與大洋遊俠五	-5.74707439	acg
ㄏㄞˇ-ㄔㄠ-ㄖㄣˊ-ㄩˇ-ㄉㄚˋ-ㄧㄤˊ-ㄧㄡˊ-ㄒㄧㄚˊ-ㄙˋ	海超人與大洋遊俠四	-5.74707439	acg
ㄏㄞˇ-ㄉㄧˊ-ㄌㄨㄣˊ	海迪倫	-7.04116568	acg
ㄏㄞˇ-ㄅㄨˋ-ㄑㄧㄢ-ㄍㄨㄛˇ	海部千果	-6.60980192	acg
ㄏㄞˇ-ㄌㄟˊ-ㄍㄜˊ	海雷格	-7.04116568	acg
ㄏㄞˇ-ㄇㄚˇ-ㄕㄡˋ	海馬獸	-7.04116568	acg
ㄏㄞˇ-ㄇㄛˊ-ㄙㄚˋ-ㄎㄜˋ	海魔薩克	-6.60980192	acg
ㄋㄧㄝˋ-ㄅㄨˋ-ㄌㄚ	涅布拉	-7.04116568	acg
ㄋㄧㄝˋ-ㄙ-ㄊㄨㄛ-ㄦˇ	涅斯托爾	-6.60980192	acg
ㄋㄧㄝˋ-ㄈㄚˇ-ㄌㄟˊ-ㄇㄨˇ	涅法雷姆	-6.60980192	acg
ㄋㄧㄝˋ-ㄆㄛ-ㄌㄚ	涅波拉	-7.04116568	acg
ㄋㄧㄝˋ-ㄌㄨˊ-ㄌㄚ	涅蘆拉	-7.04116568	acg
ㄋㄧㄝˋ-ㄌㄧˇ-ㄧㄝˊ-ㄦˇ	涅里耶爾	-6.60980192	acg
ㄒㄧㄠ-ㄐㄧ-ㄖㄣˇ-ㄓㄜˇ	消跡忍者	-6.60980192	acg
ㄒㄧㄠ-ㄕˋ-ㄉㄜ˙-ㄌㄩˇ-ㄊㄨˊ	消逝的旅途	-6.17843815	acg
ㄕㄜˋ-ㄍㄨˇ-ㄍㄨㄟˋ-ㄒㄩㄥˊ	涉谷貴雄	-6.60980192	acg
ㄧㄝˋ-ㄊㄞˋ-ㄉㄢˋ-ㄑㄧˋ-ㄊㄨㄥˇ	液態氮氣桶	-6.17843815	acg
ㄧㄝˋ-ㄊㄞˋ-ㄏㄨㄛˇ-ㄧㄠˋ	液態火藥	-6.60980192	acg
ㄧㄝˋ-ㄊㄞˋ-ㄨㄚˇ-ㄙ	液態瓦斯	-6.60980192	acg
ㄌㄧㄤˊ-ㄊㄤˊ	涼堂	-7.17149945	acg
ㄌㄧㄤˊ-ㄍㄨㄥ-ㄒㄧㄥ-ㄏㄨㄚ	涼宮星花	-6.60980192	acg
ㄌㄧㄤˊ-ㄍㄨㄥ-ㄔㄨㄣ-ㄖˋ-ㄉㄜ˙-ㄒㄧㄠ-ㄕ	涼宮春日的消失	-5.74707439	acg
ㄌㄧㄤˊ-ㄍㄨㄥ-ㄔㄨㄣ-ㄖˋ-ㄉㄜ˙-ㄓˊ-ㄐㄩㄝˊ	涼宮春日的直覺	-5.74707439	acg
ㄌㄧㄤˊ-ㄧㄝˇ-ㄇㄧˋ	涼野糸	-7.04116568	acg
ㄊㄠˊ-ㄑㄧˋ-ㄒㄧㄥˊ-ㄐㄧㄥˇ	淘氣刑警	-6.60980192	acg
ㄌㄟˋ-ㄉㄧ-ㄎㄚˇ-ㄎㄚˇ	淚滴卡卡	-6.60980192	acg
ㄉㄢˋ-ㄉㄠˇ-ㄕˋ-ㄌㄧˇ	淡島世理	-6.60980192	acg
ㄋㄧˊ-ㄌㄚ	淣菈	-7.17149945	acg
ㄩ-ㄋㄥˊ-ㄐㄧ-ㄌㄩˇ	淤能碁呂	-6.60980192	acg
ㄐㄧㄥˋ-ㄜˋ-ㄅㄤˋ	淨惡棒	-7.04116568	acg
ㄌㄧㄥˊ-ㄌㄧㄤˊ	淩梁	-7.17149945	acg
ㄘㄨㄟˋ-ㄌㄧㄢˋ-ㄔㄨㄥˊ-ㄕㄥ	淬鍊重生	-6.60980192	acg
ㄕㄣ-ㄘㄥˊ-ㄇㄧˋ-ㄇㄧˋ	深層秘密	-6.60980192	acg
ㄕㄣ-ㄕㄢ-ㄗㄨㄥˇ-ㄧ-ㄌㄤˊ	深山總一郎	-6.17843815	acg
ㄕㄣ-ㄕㄢ-ㄗㄨㄥˇ-ㄧˋ-ㄌㄤˊ	深山總一郎	-6.67843815	acg
ㄕㄣ-ㄧㄡ-ㄋㄧˊ-ㄓㄠˇ	深幽泥沼	-6.60980192	acg
ㄕㄣ-ㄉㄨˋ-ㄉㄨㄥˋ-ㄐㄧㄝˊ	深度凍結	-6.60980192	acg
ㄕㄣ-ㄩㄝˋ-ㄈㄟ-ㄌㄧˋ-ㄒㄧ-ㄧㄚˇ	深月菲莉希亞	-5.74707439	acg
ㄕㄣ-ㄏㄞˇ-ㄐㄩˋ-ㄓㄨㄚˇ	深海巨爪	-6.60980192	acg
ㄕㄣ-ㄏㄞˇ-ㄐㄩˋ-ㄒㄧㄝˋ	深海巨蟹	-6.60980192	acg
ㄕㄣ-ㄏㄞˇ-ㄉㄜ˙-ㄍㄨㄥ-ㄓㄨˇ	深海的公主	-6.17843815	acg
ㄕㄣ-ㄏㄞˇ-ㄇㄛˊ-ㄕㄡˋ	深海魔獸	-6.60980192	acg
ㄕㄣ-ㄩㄢ-ㄔㄨㄢˊ-ㄑㄧˊ	深淵傳奇	-6.60980192	acg
ㄕㄣ-ㄩㄢ-ㄜˋ-ㄇㄛˊ	深淵惡魔	-6.60980192	acg
ㄕㄣ-ㄩㄢ-ㄕㄡˋ	深淵獸	-7.04116568	acg
ㄕㄣ-ㄩㄢ-ㄇㄛˊ	深淵魔	-7.04116568	acg
ㄕㄣ-ㄑㄧㄢˇ-ㄓㄜˇ	深潛者	-7.04116568	acg
ㄕㄣ-ㄗㄜˊ-ㄑㄧㄢ-ㄘㄠˇ	深澤千草	-6.60980192	acg
ㄕㄣ-ㄌㄞˋ-ㄖㄣˇ	深瀬稔	-7.04116568	acg
ㄕㄣ-ㄓㄨㄚˇ-ㄌㄨㄥˊ-ㄗˇ	深爪龍子	-6.60980192	acg
ㄕㄣ-ㄏㄨㄥˊ-ㄕㄨ	深紅書	-7.04116568	acg
ㄕㄣ-ㄏㄨㄥˊ-ㄇㄛˊ-ㄊㄜˋ-ㄦ	深紅模特兒	-6.17843815	acg
ㄏㄨㄣˇ-ㄌㄨㄢˋ-ㄓ-ㄓˋ	混亂之治	-6.60980192	acg
ㄏㄨㄣˋ-ㄉㄨㄣˋ-ㄓ-ㄒㄧㄣ	混沌之心	-6.60980192	acg
ㄏㄨㄣˋ-ㄉㄨㄣˋ-ㄓ-ㄕㄡˇ	混沌之手	-6.60980192	acg
ㄏㄨㄣˋ-ㄉㄨㄣˋ-ㄓ-ㄓˋ	混沌之治	-6.60980192	acg
ㄏㄨㄣˋ-ㄉㄨㄣˋ-ㄓ-ㄊㄧˇ	混沌之體	-6.60980192	acg
ㄏㄨㄣˋ-ㄉㄨㄣˋ-ㄩˋ-ㄨㄤˋ-ㄍㄨㄞˋ	混沌慾望怪	-6.17843815	acg
ㄏㄨㄣˋ-ㄉㄨㄣˋ-ㄨˇ-ㄕˋ	混沌武士	-6.60980192	acg
ㄏㄨㄣˋ-ㄉㄨㄣˋ-ㄔㄠ-ㄖㄣˊ	混沌超人	-6.60980192	acg
ㄏㄨㄣˋ-ㄏㄨㄣˋ-ㄧㄠ	混混妖	-7.04116568	acg
ㄏㄨㄣˋ-ㄩㄢˊ-ㄊㄧˇ	混源體	-7.04116568	acg
ㄑㄧㄢˇ-ㄐㄧㄥˇ-ㄔㄥˊ-ㄕˊ	淺井成實	-6.60980192	acg
ㄑㄧㄢˇ-ㄌㄧˋ-ㄑㄧ-ㄏㄞˇ	淺利七海	-6.60980192	acg
ㄑㄧㄢˇ-ㄍㄨˇ-ㄒㄧㄠˇ-ㄐㄩㄢˇ	淺古小卷	-6.60980192	acg
ㄑㄧㄢˇ-ㄇㄨˋ	淺木	-7.17149945	acg
ㄑㄧㄢˇ-ㄍㄨˇ-ㄒㄧㄣ	淺谷心	-7.04116568	acg
ㄑㄧㄢˇ-ㄧㄝˇ-ㄍㄨㄤ-ㄧㄤˊ	淺野光洋	-6.60980192	acg
ㄑㄧㄢˇ-ㄧㄝˇ-ㄑㄧㄥˊ-ㄧㄢˋ	淺野晴彥	-6.60980192	acg
ㄑㄧㄢˇ-ㄧㄝˇ-ㄈㄥ-ㄒㄧㄤ	淺野風香	-6.60980192	acg
ㄑㄧㄢˇ-ㄐㄧㄢ-ㄧㄥ	淺間櫻	-7.04116568	acg
ㄑㄧㄢˇ-ㄒㄧㄤ-ㄕㄚ-ㄌㄨㄛˊ	淺香沙羅	-6.60980192	acg
ㄑㄧㄥ-ㄕㄨㄟˇ-ㄈㄨˋ-ㄒㄩㄥˊ	清水富雄	-6.60980192	acg
ㄑㄧㄥ-ㄕㄨㄟˇ-ㄒㄧㄥˋ-ㄏㄨㄥˊ	清水幸宏	-6.60980192	acg
ㄑㄧㄥ-ㄕㄨㄟˇ-ㄇㄧㄥˊ-ㄗˇ	清水明子	-6.60980192	acg
ㄑㄧㄥ-ㄕㄨㄟˇ-ㄧㄥ-ㄌㄧˊ	清水瑛梨	-6.60980192	acg
ㄑㄧㄥ-ㄕㄨㄟˇ-ㄌㄧˊ-ㄗˇ	清水麗子	-6.60980192	acg
ㄑㄧㄥ-ㄔㄨㄣˊ-ㄊㄧㄢ-ㄕˇ-ㄉㄜˊ-ㄐㄧ	清純天使德姬	-5.74707439	acg
ㄙㄜˋ-ㄍㄨˇ-ㄒㄧㄥˋ-ㄋㄞˋ	渋谷杏奈	-6.60980192	acg
ㄉㄨˋ-ㄑㄧㄠˊ-ㄊㄞˋ-ㄕㄨㄟˇ	渡橋泰水	-6.60980192	acg
ㄉㄨˋ-ㄌㄞˋ-ㄇㄧㄥˊ-ㄖˋ-ㄘㄞˋ	渡瀨明日菜	-6.17843815	acg
ㄉㄨˋ-ㄌㄞˋ-ㄓㄣ-ㄌㄧˋ	渡瀬真悧	-6.60980192	acg
ㄉㄨˋ-ㄅㄧㄢ-ㄧ-ㄌㄤˊ	渡邊一郎	-6.60980192	acg
ㄉㄨˋ-ㄅㄧㄢ-ㄧˋ-ㄌㄤˊ	渡邊一郎	-7.10980192	acg
ㄉㄨˋ-ㄅㄧㄢ-ㄒㄧㄠˋ-ㄗˇ	渡邊咲子	-6.60980192	acg
ㄉㄨˋ-ㄅㄧㄢ-ㄇㄟˇ-ㄒㄩㄝˇ	渡邊美雪	-6.60980192	acg
ㄉㄨˋ-ㄅㄧㄢ-ㄓㄨㄣˇ	渡邊隼	-7.04116568	acg
ㄉㄨˋ-ㄅㄧㄢ-ㄓㄨㄣˇ-ㄖㄣˊ	渡邊隼人	-6.60980192	acg
ㄉㄨˋ-ㄧㄚ-ㄕㄡˋ	渡鴉獸	-7.04116568	acg
ㄉㄨˋ-ㄧㄚ-ㄕˋ	渡鴨市	-7.04116568	acg
ㄨㄛˋ-ㄦˇ-ㄉㄨㄛ	渥爾多	-7.04116568	acg
ㄨㄛˋ-ㄊㄜˋ-ㄈㄟ-ㄉㄜˊ	渥特菲德	-6.60980192	acg
ㄨㄛˋ-ㄇㄟˇ-ㄩˋ-ㄓˋ	渥美裕治	-6.60980192	acg
ㄨㄛˋ-ㄗ	渥茲	-7.17149945	acg
ㄨㄛˋ-ㄉㄨㄣˋ	渥頓	-7.17149945	acg
ㄨㄛˋ-ㄉㄨㄣˋ-ㄓㄢˋ-ㄊㄧㄥˇ	渥頓戰艇	-6.60980192	acg
ㄨㄛˋ-ㄉㄨㄣˋ-ㄓㄢˋ-ㄊㄧㄥˇ-ㄍㄞˇ	渥頓戰艇改	-6.17843815	acg
ㄨㄛˋ-ㄌㄨˇ-ㄉㄧˋ	渥魯帝	-7.04116568	acg
ㄨㄛ-ㄓ-ㄍㄨㄛˊ	渦之國	-7.04116568	acg
ㄨㄛ-ㄔㄠˊ-ㄖㄣˇ-ㄓㄜˇ-ㄘㄨㄣ	渦潮忍者村	-6.17843815	acg
ㄨㄛ-ㄌㄨㄛˊ	渦羅	-7.17149945	acg
ㄎㄜˇ-ㄕˊ-ㄌㄚ	渴什拉	-7.04116568	acg
ㄧㄡˊ-ㄧㄡˊ-ㄨㄤˇ-ㄌㄨˋ	游遊網路	-6.60980192	acg
ㄏㄨㄣˋ-ㄉㄨㄣˋ-ㄗㄞˋ-ㄑㄧˇ	渾沌再起	-6.60980192	acg
ㄘㄡˋ-ㄑㄧㄡ-ㄖㄣˊ	湊秋人	-7.04116568	acg
ㄘㄡˋ-ㄙㄨˋ-ㄖㄣˊ	湊速人	-7.04116568	acg
ㄏㄨˊ-ㄓ-ㄓㄨˇ	湖之主	-7.04116568	acg
ㄊㄤ-ㄔˊ-ㄅㄛˊ-ㄇㄨˇ-ㄌㄧˋ-ㄒㄧㄢˇ-ㄐㄧˋ	湯匙伯母歷險記	-5.74707439	acg
ㄊㄤ-ㄇㄨˇ-ㄇㄠ-ㄩˇ-ㄐㄧㄝˊ-ㄌㄧˋ-ㄕㄨˇ	湯姆貓與傑利鼠	-5.74707439	acg
ㄊㄤ-ㄇㄨˇ-ㄗㄠˋ-ㄔㄨㄢˊ-ㄍㄨㄥ-ㄙ	湯姆造船公司	-5.74707439	acg
ㄊㄤ-ㄆㄛˊ-ㄆㄛ˙	湯婆婆	-7.04116568	acg
ㄊㄤ-ㄍㄨㄥ-ㄐㄧㄢˋ-ㄊㄞˋ	湯宮健太	-6.60980192	acg
ㄊㄤ-ㄋㄧˊ	湯尼	-7.17149945	acg
ㄊㄤ-ㄋㄧˊ-ㄏㄨㄛˋ-ㄎㄜˋ	湯尼霍克	-6.60980192	acg
ㄊㄤ-ㄨㄣˊ-ㄙ	湯文斯	-7.04116568	acg
ㄊㄤ-ㄅㄣˇ-ㄒㄧㄠˇ-ㄅㄞˇ-ㄏㄜˊ	湯本小百合	-6.17843815	acg
ㄊㄤ-ㄅㄣˇ-ㄊㄧㄝˇ-ㄆㄧㄥˊ	湯本鐵平	-6.60980192	acg
ㄊㄤ-ㄅㄣˇ-ㄔㄤˊ-ㄓˋ	湯本長治	-6.60980192	acg
ㄊㄤ-ㄇㄚˇ-ㄕˋ	湯瑪士	-7.04116568	acg
ㄊㄤ-ㄇㄚˇ-ㄕˋ-ㄒㄧㄠˇ-ㄏㄨㄛˇ-ㄔㄜ	湯瑪士小火車	-5.74707439	acg
ㄩㄢˊ-ㄅㄚ	源八	-7.17149945	acg
ㄩㄢˊ-ㄧㄥ	源櫻	-7.17149945	acg
ㄩㄢˊ-ㄧˋ-ㄐㄧㄥ	源義經	-7.04116568	acg
ㄩㄢˊ-ㄏㄨㄟ-ㄦˋ	源輝二	-7.04116568	acg
ㄩㄢˊ-ㄗㄠˋ	源造	-7.17149945	acg
ㄌㄧㄡ-ㄌㄧㄡ-ㄕㄡˋ	溜溜獸	-7.04116568	acg
ㄍㄡ-ㄊㄨㄥ-ㄧㄥ-ㄒㄩㄥˊ	溝通英雄	-6.60980192	acg
ㄨㄣ-ㄉㄧˋ-ㄉㄨˊ-ㄧㄢˇ-ㄆㄧ-ㄌㄧˋ	溫帝獨眼霹靂	-5.74707439	acg
ㄨㄣ-ㄑㄩㄢˊ-ㄨ-ㄒㄧㄠˇ-ㄋㄩˇ-ㄐㄧㄤ	溫泉屋小女將	-5.74707439	acg
ㄨㄣ-ㄗㄜˊ-ㄦˇ	溫澤爾	-7.04116568	acg
ㄨㄣ-ㄌㄧˋ	溫莉	-7.17149945	acg
ㄨㄣ-ㄉㄧˊ	溫迪	-7.17149945	acg
ㄨㄣ-ㄇㄛˊ-ㄍㄤ-ㄉㄢˋ	溫魔鋼彈	-6.60980192	acg
ㄇㄧㄝˋ-ㄕˋ-ㄌㄧㄝˋ-ㄧㄢˋ	滅世烈焰	-6.60980192	acg
ㄇㄧㄝˋ-ㄨㄤˊ-ㄓ-ㄏㄨㄛˇ	滅亡之火	-6.60980192	acg
ㄇㄧㄝˋ-ㄨㄤˊ-ㄅㄠˇ	滅亡堡	-7.04116568	acg
ㄇㄧㄝˋ-ㄐㄩㄝˊ-ㄓ-ㄋㄧˊ-ㄋㄢˊ	滅絕之呢喃	-6.17843815	acg
ㄗ-ㄅㄟˋ-ㄌㄨˇ-ㄎㄨˋ	滋貝魯庫	-6.60980192	acg
ㄏㄨㄚˊ-ㄍㄨㄟˇ-ㄐㄧㄚ-ㄋㄨㄥˊ	滑軌加農	-6.60980192	acg
ㄏㄨㄚˊ-ㄒㄩㄝˇ-ㄅㄢˇ-ㄒㄧㄠˇ-ㄗˇ	滑雪板小子	-6.17843815	acg
ㄊㄥˊ-ㄒㄧㄡˋ-ㄒㄧㄥ	滕秀星	-7.04116568	acg
ㄍㄨㄣˇ-ㄉㄨㄥˋ-ㄔㄨㄥ-ㄐㄧˊ	滾動衝擊	-6.60980192	acg
ㄍㄨㄣˇ-ㄕˊ-ㄕㄡˋ	滾石獸	-7.04116568	acg
ㄇㄢˇ-ㄉㄧˋ-ㄕ-ㄏㄞˊ	滿地屍骸	-6.60980192	acg
ㄇㄢˇ-ㄘㄨㄣ-ㄨㄣˊ-ㄗˇ	滿村文子	-6.60980192	acg
ㄇㄢˇ-ㄐㄧㄢˋ-ㄕˋ-ㄧㄡˋ-ㄌㄤˊ	滿艦飾又郎	-6.17843815	acg
ㄇㄢˇ-ㄐㄧㄢˋ-ㄕˋ-ㄏㄠˇ-ㄉㄞˋ	滿艦飾好代	-6.17843815	acg
ㄇㄢˇ-ㄐㄧㄢˋ-ㄕˋ-ㄓㄣ-ㄗˇ	滿艦飾真子	-6.17843815	acg
ㄇㄢˇ-ㄐㄧㄢˋ-ㄕˋ-ㄑㄧㄤˊ-ㄨㄟˊ-ㄘㄤˊ	滿艦飾薔薇藏	-5.74707439	acg
ㄩˊ-ㄧㄝˇ-ㄉㄚˋ	漁野大	-7.04116568	acg
ㄆㄧㄠ-ㄅㄛˊ-ㄧㄡˊ-ㄗˇ	漂泊遊子	-6.60980192	acg
ㄑㄩˋ-ㄏㄟ-ㄉㄜ˙-ㄈㄢˇ-ㄆㄢˋ-ㄓㄜˇ	漆黑的反叛者	-5.74707439	acg
ㄏㄢˋ-ㄎㄞˇ-ㄍㄜˊ	漢凱格	-7.04116568	acg
ㄏㄢˋ-ㄋㄧˊ-ㄍㄣ	漢妮根	-7.04116568	acg
ㄏㄢˋ-ㄋㄧˊ-ㄙ	漢尼斯	-7.04116568	acg
ㄏㄢˋ-ㄅㄛˊ-ㄌㄚ-ㄅㄧˇ	漢柏拉比	-6.60980192	acg
ㄏㄢˋ-ㄊㄜˋ-ㄙ-ㄍㄨㄥ-ㄏㄨㄟˋ	漢特斯公會	-6.17843815	acg
ㄏㄢˋ-ㄇㄧˇ-ㄦˇ-ㄉㄨㄣˋ	漢米爾頓	-6.60980192	acg
ㄏㄢˋ-ㄎㄣˇ	漢肯	-7.17149945	acg
ㄏㄢˋ-ㄗ-ㄨㄛˋ-ㄙ	漢茲沃斯	-6.60980192	acg
ㄏㄢˋ-ㄙㄞˋ-ㄦˇ	漢賽爾	-7.04116568	acg
ㄏㄢˋ-ㄇㄛˋ-ㄉㄧㄥ-ㄍㄜˊ	漢默丁格	-6.60980192	acg
ㄒㄩㄢˊ-ㄓㄢˋ-ㄅㄤ	漩戰幫	-7.04116568	acg
ㄒㄩㄢˊ-ㄨㄛ-ㄐㄧㄢ-ㄊㄚˇ	漩渦尖塔	-6.60980192	acg
ㄒㄩㄢˊ-ㄨㄛ-ㄏㄞˇ-ㄌㄨㄥˊ	漩渦海龍	-6.60980192	acg
ㄇㄢˋ-ㄊㄧㄢ-ㄈㄟ-ㄨˇ-ㄉㄜ˙-ㄌㄧㄢˋ-ㄞˋ-ㄏㄨㄚ-ㄅㄢˋ	漫天飛舞的戀愛花瓣	-5.74707439	acg
ㄇㄢˋ-ㄨㄟ-ㄧ-ㄐㄧˊ	漫威一擊	-6.60980192	acg
ㄇㄢˋ-ㄨㄟ-ㄧˋ-ㄐㄧˊ	漫威一擊	-7.10980192	acg
ㄇㄢˋ-ㄨㄟ-ㄙㄤ-ㄕ	漫威喪屍	-6.60980192	acg
ㄇㄢˋ-ㄨㄟ-ㄧㄥˇ-ㄧㄝˋ	漫威影業	-6.60980192	acg
ㄇㄢˋ-ㄨㄟ-ㄧㄥˇ-ㄧㄝˋ-ㄊㄜˋ-ㄅㄧㄝˊ-ㄐㄧㄝˊ-ㄇㄨˋ	漫威影業特別節目	-5.74707439	acg
ㄇㄢˋ-ㄨㄟ-ㄨˊ-ㄒㄧㄢˋ-ㄔㄨㄢˊ-ㄑㄧˊ	漫威無限傳奇	-5.74707439	acg
ㄇㄢˋ-ㄔㄤˊ-ㄨㄢˋ-ㄕㄥˋ-ㄐㄧㄝˊ	漫長萬聖節	-6.17843815	acg
ㄐㄧㄝˊ-ㄊㄚˇ	潔塔	-7.17149945	acg
ㄐㄧㄝˊ-ㄋㄧˊ	潔妮	-7.17149945	acg
ㄐㄧㄝˊ-ㄌㄚ	潔拉	-7.17149945	acg
ㄐㄧㄝˊ-ㄕㄚ	潔紗	-7.17149945	acg
ㄐㄧㄝˊ-ㄌㄧˋ	潔莉	-7.17149945	acg
ㄐㄧㄝˊ-ㄌㄧˋ-ㄢ	潔莉安	-7.04116568	acg
ㄐㄧㄝˊ-ㄌㄧˋ-ㄕㄡˋ	潔莉獸	-7.04116568	acg
ㄐㄧㄝˊ-ㄌㄧˋ-ㄙ-ㄎㄚˇ	潔莉絲卡	-6.60980192	acg
ㄐㄧㄝˊ-ㄌㄧˋ-ㄋㄨㄛˋ	潔莉諾	-7.04116568	acg
ㄆㄢ-ㄋㄧˊ	潘妮	-7.17149945	acg
ㄆㄢ-ㄋㄚˋ-ㄌㄨㄛˋ-ㄆㄨˇ	潘娜洛普	-6.60980192	acg
ㄆㄢ-ㄏㄨㄞˊ-ㄗㄨㄥ	潘懷棕	-7.04116568	acg
ㄆㄢ-ㄉㄨㄛˇ-ㄦˊ	潘朵兒	-7.04116568	acg
ㄆㄢ-ㄅㄛˊ	潘柏	-7.17149945	acg
ㄆㄢ-ㄊㄜˋ-ㄦˇ-ㄒㄩㄥ-ㄉㄧ˙	潘特爾兄弟	-6.17843815	acg
ㄆㄢ-ㄓˇ	潘芷	-7.17149945	acg
ㄆㄢ-ㄌㄢˊ-ㄑㄧˇ	潘蘭杞	-7.04116568	acg
ㄆㄢ-ㄙㄞˋ-ㄇㄣˊ	潘賽門	-7.04116568	acg
ㄆㄢ-ㄉㄚˊ-ㄌㄧˋ-ㄧㄚˇ-ㄓ-ㄇㄧˊ	潘達利亞之謎	-5.74707439	acg
ㄑㄧㄢˊ-ㄕㄨㄟˇ-ㄉㄚˋ-ㄆㄠˋ	潛水大砲	-6.60980192	acg
ㄑㄧㄢˇ-ㄨㄤˇ-ㄓㄜˇ	潛網者	-7.04116568	acg
ㄑㄧㄢˊ-ㄊㄧㄥˇ-ㄕㄡˋ	潛艇獸	-7.04116568	acg
ㄑㄧㄢˇ-ㄅㄚˋ-ㄊㄨㄢˊ	潛霸團	-7.04116568	acg
ㄑㄧㄢˇ-ㄕㄚ-ㄕㄡˋ	潛鯊獸	-7.04116568	acg
ㄑㄧㄢˇ-ㄌㄨㄥˊ-ㄉㄧㄝˊ-ㄧㄥˇ	潛龍諜影	-6.60980192	acg
ㄔㄠˊ-ㄒㄧˋ-ㄉㄨ-ㄕˋ	潮汐都市	-6.60980192	acg
ㄔㄠˊ-ㄌㄧㄡˊ-ㄏㄨㄤˋ	潮留晃	-7.04116568	acg
ㄔㄠˊ-ㄌㄧㄡˊ-ㄇㄟˇ-ㄏㄞˇ	潮留美海	-6.60980192	acg
ㄔㄠˊ-ㄌㄧㄡˊ-ㄇㄟˇ-ㄓ	潮留美織	-6.60980192	acg
ㄔㄠˊ-ㄌㄧㄡˊ-ㄓˋ	潮留至	-7.04116568	acg
ㄙㄜˋ-ㄍㄨˇ-ㄌㄧㄣˇ	澀谷凜	-7.04116568	acg
ㄙㄜˋ-ㄍㄨˇ-ㄍㄨㄟ-ㄧ-ㄌㄤˊ	澀谷圭一郎	-6.17843815	acg
ㄙㄜˋ-ㄍㄨˇ-ㄍㄨㄟ-ㄧˋ-ㄌㄤˊ	澀谷圭一郎	-6.67843815	acg
ㄙㄜˋ-ㄍㄨˇ-ㄍㄨㄟ-ㄐㄧㄝˋ	澀谷圭介	-6.60980192	acg
ㄔㄥˊ-ㄌㄧㄥˊ	澄玲	-7.17149945	acg
ㄔㄥˊ-ㄊㄧㄢˊ-ㄏㄨㄚ-ㄇㄧㄠˊ	澄田花苗	-6.60980192	acg
ㄔㄜˋ-ㄉㄧˇ-ㄉㄨㄟˋ-ㄋㄧˇ-ㄔㄥˊ-ㄧㄣˇ	澈底對你成癮	-5.74707439	acg
ㄗㄜˊ-ㄐㄧㄥˇ-ㄕㄨˋ-ㄌㄧˇ	澤井樹里	-6.60980192	acg
ㄗㄜˊ-ㄐㄧㄥˇ-ㄓˊ-ㄇㄟˇ	澤井直美	-6.60980192	acg
ㄗㄜˊ-ㄎㄡˇ-ㄓ-ㄋㄞˋ-ㄇㄟˇ	澤口知奈美	-6.17843815	acg
ㄗㄜˊ-ㄔㄥˊ-ㄐㄧㄥ	澤城京	-7.04116568	acg
ㄗㄜˊ-ㄑㄧˊ-ㄔㄨㄣˊ	澤崎淳	-7.04116568	acg
ㄗㄜˊ-ㄌㄚ	澤拉	-7.17149945	acg
ㄗㄜˊ-ㄇㄨˋ-ㄒㄧㄡ-ㄧ-ㄌㄤˊ	澤木修一郎	-6.17843815	acg
ㄗㄜˊ-ㄇㄨˋ-ㄒㄧㄡ-ㄧˋ-ㄌㄤˊ	澤木修一郎	-6.67843815	acg
ㄗㄜˊ-ㄇㄨˋ-ㄍㄨㄥ-ㄆㄧㄥˊ	澤木公平	-6.60980192	acg
ㄗㄜˊ-ㄇㄨˋ-ㄊㄠˊ-ㄏㄨㄟˋ	澤木桃惠	-6.60980192	acg
ㄗㄜˊ-ㄘㄨㄣ-ㄐㄩㄣˋ	澤村俊	-7.04116568	acg
ㄗㄜˊ-ㄘㄨㄣ-ㄑㄧˇ-ㄊㄞˋ	澤村啟太	-6.60980192	acg
ㄗㄜˊ-ㄗˇ	澤梓	-7.17149945	acg
ㄗㄜˊ-ㄩㄥˇ	澤永	-7.17149945	acg
ㄗㄜˊ-ㄉㄨˋ	澤渡	-7.17149945	acg
ㄗㄜˊ-ㄉㄨˋ-ㄗㄨㄛˇ-ㄧㄡˊ-ㄌㄧˇ	澤渡佐由理	-6.17843815	acg
ㄗㄜˊ-ㄉㄨˋ-ㄓㄣ-ㄨˊ	澤渡真吾	-6.60980192	acg
ㄗㄜˊ-ㄊㄧㄢˊ-ㄏㄨㄥˊ-ㄕㄨˋ	澤田弘樹	-6.60980192	acg
ㄗㄜˊ-ㄊㄧㄢˊ-ㄇㄚˊ-ㄌㄧˇ-ㄘㄞˋ	澤田麻理菜	-6.17843815	acg
ㄗㄜˊ-ㄩˋ-ㄒㄧˇ	澤裕喜	-7.04116568	acg
ㄗㄜˊ-ㄅㄨˋ-ㄘㄤˊ-ㄓ-ㄓㄨˋ	澤部藏之助	-6.17843815	acg
ㄌㄧㄥˊ-ㄕㄚ	澪紗	-7.17149945	acg
ㄐㄧ-ㄧㄢˊ-ㄒㄧㄥˊ-ㄕㄨㄤ-ㄊㄡˊ-ㄌㄨㄥˊ-ㄍㄤ-ㄉㄢˋ	激炎型雙頭龍鋼彈	-5.74707439	acg
ㄐㄧ-ㄙㄨˋ-ㄕㄣˊ-ㄧㄥ	激速神鷹	-6.60980192	acg
ㄐㄧ-ㄉㄡˋ-ㄒㄧㄚˊ-ㄍㄨˇ	激鬥峽谷	-6.60980192	acg
ㄐㄧ-ㄉㄡˋ-ㄇㄛˊ-ㄕˋ	激鬥模式	-6.60980192	acg
ㄓㄨㄛˊ-ㄢ	濁庵	-7.17149945	acg
ㄅㄧㄣ-ㄎㄡˇ-ㄔㄤ-ㄆㄨˊ	濱口菖蒲	-6.60980192	acg
ㄅㄧㄣ-ㄔㄨㄢ-ㄞˋ-ㄐㄧㄝˊ-ㄋㄞˋ	濱川愛結奈	-6.17843815	acg
ㄅㄧㄣ-ㄊㄧㄢˊ-ㄍㄨㄤˇ	濱田廣	-7.04116568	acg
ㄅㄧㄣ-ㄊㄧㄢˊ-ㄓㄥˋ	濱田正	-7.04116568	acg
ㄅㄧㄣ-ㄊㄧㄢˊ-ㄇㄧˋ-ㄗˇ	濱田糸子	-6.60980192	acg
ㄅㄧㄣ-ㄊㄧㄢˊ-ㄐㄧˋ-ㄉㄞˋ	濱田紀代	-6.60980192	acg
ㄌㄨㄥˊ-ㄏㄨˊ-ㄌㄧˇ-ㄏㄡˋ	瀧壺理后	-6.60980192	acg
ㄌㄨㄥˊ-ㄔㄨㄢ-ㄎㄜˋ-ㄌㄧˇ-ㄙ-ㄊㄜˋ-ㄦˇ	瀧川克里斯特爾	-5.74707439	acg
ㄌㄨㄥˊ-ㄔㄨㄢ-ㄌㄨˋ-ㄌㄨˋ	瀧川露露	-6.60980192	acg
ㄌㄨㄥˊ-ㄗㄜˊ-ㄌㄤˇ	瀧澤朗	-7.04116568	acg
ㄌㄨㄥˊ-ㄗㄜˊ-ㄎㄨㄟˊ	瀧澤葵	-7.04116568	acg
ㄌㄨㄥˊ-ㄗㄜˊ-ㄐㄧㄣˋ-ㄧㄝˇ	瀧澤進也	-6.60980192	acg
ㄌㄨㄥˊ-ㄒㄧㄤˇ-ㄗˇ	瀧響子	-7.04116568	acg
ㄌㄞˋ-ㄇㄧㄥˊ-ㄕ-ㄓ	瀨名詩織	-6.60980192	acg
ㄌㄞˋ-ㄋㄞˋ	瀨奈	-7.17149945	acg
ㄌㄞˋ-ㄔㄨㄢ-ㄊㄨㄥˊ	瀨川瞳	-7.04116568	acg
ㄌㄞˋ-ㄔㄨㄢ-ㄇㄟˇ-ㄌㄧˇ	瀨川美里	-6.60980192	acg
ㄌㄞˋ-ㄋㄥˊ-ㄎㄨㄟˊ	瀬能葵	-7.04116568	acg
ㄍㄨㄢˋ-ㄌㄢˊ-ㄍㄠ-ㄕㄡˇ	灌籃高手	-6.60980192	acg
ㄨㄢ-ㄢˋ	灣岸	-7.17149945	acg
ㄏㄨㄛˇ-ㄔㄡˇ	火丑	-7.17149945	acg
ㄏㄨㄛˇ-ㄖㄣˊ	火人	-7.17149945	acg
ㄏㄨㄛˇ-ㄌㄧˋ-ㄑㄧㄤˊ-ㄏㄨㄚˋ-ㄐㄧㄣˋ-ㄧㄠˋ	火力強化禁藥	-5.74707439	acg
ㄏㄨㄛˇ-ㄌㄧˋ-ㄑㄧㄤˊ-ㄏㄨㄚˋ-ㄐㄧㄣˋ-ㄧㄠˋ-ㄉㄜ˙-ㄧㄤˋ-ㄅㄣˇ	火力強化禁藥的樣本	-5.74707439	acg
ㄏㄨㄛˇ-ㄊㄧㄢ-ㄕˇ	火天使	-7.04116568	acg
ㄏㄨㄛˇ-ㄒㄧㄠˇ-ㄧㄢˊ	火小炎	-7.04116568	acg
ㄏㄨㄛˇ-ㄕㄢ-ㄉㄞˋ-ㄉㄞˋ-ㄗˇ	火山代代子	-6.17843815	acg
ㄏㄨㄛˇ-ㄕㄢ-ㄕㄡˇ	火山守	-7.04116568	acg
ㄏㄨㄛˇ-ㄕㄢ-ㄌㄧㄢˋ-ㄑㄩˇ	火山戀曲	-6.60980192	acg
ㄏㄨㄛˇ-ㄕㄢ-ㄕㄡˋ	火山獸	-7.04116568	acg
ㄏㄨㄛˇ-ㄕㄢ-ㄌㄧㄤˊ-ㄌㄧㄤˊ-ㄗˇ	火山良良子	-6.17843815	acg
ㄏㄨㄛˇ-ㄕㄢ-ㄌㄨㄥˊ-ㄕㄡˋ	火山龍獸	-6.60980192	acg
ㄏㄨㄛˇ-ㄓㄡ	火州	-7.17149945	acg
ㄏㄨㄛˇ-ㄧㄥˇ-ㄖㄣˇ-ㄓㄜˇ-ㄐㄧˊ-ㄈㄥ-ㄔㄨㄢˊ	火影忍者疾風傳	-5.74707439	acg
ㄏㄨㄛˇ-ㄧㄥˇ-ㄧㄢˊ-ㄧㄢˊ	火影顏岩	-6.60980192	acg
ㄏㄨㄛˇ-ㄒㄧㄥ-ㄙˋ-ㄕˋ	火星四式	-6.60980192	acg
ㄏㄨㄛˇ-ㄘㄨㄣ	火村	-7.17149945	acg
ㄏㄨㄛˇ-ㄆㄨˇ-ㄩㄢˊ	火浦元	-7.04116568	acg
ㄏㄨㄛˇ-ㄩㄢˊ-ㄓ-ㄐㄧㄝˋ	火源之界	-6.60980192	acg
ㄏㄨㄛˇ-ㄩㄢˊ-ㄉㄜ˙-ㄋㄨˋ-ㄧㄢˋ	火源的怒焰	-6.17843815	acg
ㄏㄨㄛˇ-ㄧㄢˋ-ㄒㄩㄥ-ㄉㄧ˙	火焰兄弟	-6.60980192	acg
ㄏㄨㄛˇ-ㄧㄢˋ-ㄕㄡˋ	火焰獸	-7.04116568	acg
ㄏㄨㄛˇ-ㄧㄢˋ-ㄧㄥ-ㄒㄩㄥˊ	火焰英雄	-6.60980192	acg
ㄏㄨㄛˇ-ㄧㄢˋ-ㄇㄛˊ-ㄐㄩㄣ	火焰魔君	-6.60980192	acg
ㄏㄨㄛˇ-ㄧㄢˋ-ㄋㄧㄠˇ	火焰鳥	-7.04116568	acg
ㄏㄨㄛˇ-ㄧㄢˋ-ㄈㄥˋ-ㄏㄨㄤˊ	火焰鳳凰	-6.60980192	acg
ㄏㄨㄛˇ-ㄅㄠˋ-ㄕˇ-ㄅㄚ-ㄎㄜˋ	火爆史巴克	-6.17843815	acg
ㄏㄨㄛˇ-ㄑㄧㄡˊ-ㄍㄨㄥ-ㄓㄨˇ	火球公主	-6.60980192	acg
ㄏㄨㄛˇ-ㄑㄧㄡˊ-ㄕㄨˋ	火球術	-7.04116568	acg
ㄏㄨㄛˇ-ㄕㄣˊ-ㄐㄧ-ㄑㄧㄤ	火神機槍	-6.60980192	acg
ㄏㄨㄛˇ-ㄓㄨㄥˇ-ㄩㄢˊ	火種源	-7.04116568	acg
ㄏㄨㄛˇ-ㄐㄧㄢˋ-ㄈㄚ-ㄕㄜˋ-ㄑㄧˋ	火箭發射器	-6.17843815	acg
ㄏㄨㄛˇ-ㄒㄧㄢˋ-ㄐㄧㄠ-ㄈㄥ	火線交鋒	-6.60980192	acg
ㄏㄨㄛˇ-ㄒㄧㄢˋ-ㄒㄧㄢ-ㄈㄥ-ㄉㄚˋ-ㄨˊ	火線先鋒大吾	-5.74707439	acg
ㄏㄨㄛˇ-ㄒㄧㄢˋ-ㄉㄨㄟˋ-ㄐㄩㄝˊ	火線對決	-6.60980192	acg
ㄏㄨㄛˇ-ㄒㄧㄢˋ-ㄕㄚ-ㄐㄧ	火線殺機	-6.60980192	acg
ㄏㄨㄛˇ-ㄒㄧㄢˋ-ㄌㄧㄝˋ-ㄕㄚ	火線獵殺	-6.60980192	acg
ㄏㄨㄛˇ-ㄒㄧㄢˋ-ㄉㄥ-ㄌㄨˋ	火線登陸	-6.60980192	acg
ㄏㄨㄛˇ-ㄇㄟˇ	火美	-7.17149945	acg
ㄏㄨㄛˇ-ㄔㄜ-ㄔㄜ-ㄎㄨˋ	火車車庫	-6.60980192	acg
ㄏㄨㄛˇ-ㄧㄝˇ-ㄌㄧˊ	火野麗	-7.04116568	acg
ㄏㄨㄟ-ㄖㄣˋ-ㄈㄤ	灰刃坊	-7.04116568	acg
ㄏㄨㄟ-ㄔㄣˊ-ㄐㄧㄥ-ㄌㄧㄥˊ	灰塵精靈	-6.60980192	acg
ㄏㄨㄟ-ㄉㄠˇ-ㄌㄨㄛˊ-ㄉㄥ	灰嶋羅登	-6.60980192	acg
ㄏㄨㄟ-ㄊㄧㄢˊ	灰田	-7.17149945	acg
ㄏㄨㄟ-ㄊㄧㄢˊ-ㄘˋ-ㄌㄤˊ	灰田次郎	-6.60980192	acg
ㄏㄨㄟ-ㄊㄧㄢˊ-ㄒㄧㄤˇ-ㄗˇ	灰田響子	-6.60980192	acg
ㄏㄨㄟ-ㄅㄞˊ-ㄓ-ㄑㄧㄡ	灰白之丘	-6.60980192	acg
ㄏㄨㄟ-ㄩˇ-ㄌㄧㄢˊ-ㄇㄥˊ	灰羽連盟	-6.60980192	acg
ㄏㄨㄟ-ㄙㄜˋ-ㄧㄝˇ-ㄕㄡˋ	灰色野獸	-6.60980192	acg
ㄏㄨㄟ-ㄇㄠ	灰貓	-7.17149945	acg
ㄓㄨㄛˊ-ㄧㄢˊ-ㄐㄩㄣ-ㄊㄨㄢˊ	灼炎軍團	-6.60980192	acg
ㄓㄨㄛˊ-ㄖㄜˋ-ㄒㄧㄝ-ㄏㄨ	灼熱蠍虎	-6.60980192	acg
ㄓㄨㄛˊ-ㄖㄜˋ-ㄌㄧˊ-ㄇㄧㄥˊ	灼熱黎明	-6.60980192	acg
ㄗㄞ-ㄜˋ-ㄓ-ㄓㄤ	災厄之章	-6.60980192	acg
ㄗㄞ-ㄜˋ-ㄓ-ㄉㄧˋ-ㄙㄢ-ㄓㄤ	災厄之第三章	-5.74707439	acg
ㄗㄞ-ㄜˋ-ㄓ-ㄉㄧˋ-ㄦˋ-ㄓㄤ	災厄之第二章	-5.74707439	acg
ㄗㄞ-ㄜˋ-ㄈㄨˋ-ㄔㄡˊ-ㄓㄜˇ	災厄復仇者	-6.17843815	acg
ㄗㄞ-ㄜˋ-ㄐㄩㄣ-ㄊㄨㄢˊ-ㄓㄢˋ	災厄軍團戰	-6.17843815	acg
ㄗㄞ-ㄜˋ-ㄐㄧㄤˋ-ㄌㄧㄣˊ	災厄降臨	-6.60980192	acg
ㄗㄞ-ㄏㄨㄛˋ-ㄑㄩ-ㄉㄨㄥˋ-ㄐㄧˊ	災禍驅動擊	-6.17843815	acg
ㄗㄞ-ㄏㄞˊ-ㄇㄛˊ-ㄕㄣˊ	災骸魔神	-6.60980192	acg
ㄧㄢˊ-ㄓˇ	炎凪	-7.17149945	acg
ㄧㄢˊ-ㄓㄡˋ	炎咒	-7.17149945	acg
ㄧㄢˊ-ㄊㄧㄢ-ㄕˇ-ㄕㄡˋ	炎天使獸	-6.60980192	acg
ㄧㄢˊ-ㄕㄚ-ㄏㄟ-ㄌㄨㄥˊ	炎殺黑龍	-6.60980192	acg
ㄧㄢˊ-ㄓㄨ	炎珠	-7.17149945	acg
ㄧㄢˊ-ㄊㄧㄢˊ	炎田	-7.17149945	acg
ㄓˋ-ㄧㄢˋ-ㄔㄨㄥˊ-ㄕㄥ	炙焰重生	-6.60980192	acg
ㄆㄠˋ-ㄈㄥ-ㄕㄡˋ	炮蜂獸	-7.04116568	acg
ㄓㄚˋ-ㄉㄢˋ-ㄖㄣˊ-ㄕㄡˋ	炸彈人獸	-6.60980192	acg
ㄓㄚˋ-ㄉㄢˋ-ㄕㄣˊ-ㄇㄜ˙-ㄕㄡˋ	炸彈什麼獸	-6.17843815	acg
ㄓㄚˋ-ㄉㄢˋ-ㄎㄜˋ	炸彈客	-7.04116568	acg
ㄓㄚˋ-ㄉㄢˋ-ㄔㄞ-ㄐㄧㄝˇ-ㄅㄠ	炸彈拆解包	-6.17843815	acg
ㄨㄟˊ-ㄔㄡˇ-ㄋㄩˇ-ㄒㄧㄢˋ-ㄕㄤˋ-ㄏㄨㄚ-ㄕㄨˋ	為丑女獻上花束	-5.74707439	acg
ㄨㄟˋ-ㄨㄛˇ-ㄆㄨˇ-ㄕㄤˋ-ㄩㄝˋ-ㄓㄤ	為我譜上樂章	-5.74707439	acg
ㄨㄟˋ-ㄕㄣˊ-ㄇㄜ˙-ㄐㄩㄣ	為甚麼君	-6.60980192	acg
ㄨㄟˊ-ㄕㄟˊ-ㄒㄧㄣ-ㄎㄨˇ-ㄨㄟˊ-ㄕㄟˊ-ㄇㄤˊ	為誰辛苦為誰忙	-5.74707439	acg
ㄌㄧㄝˋ-ㄗˇ	烈子	-7.17149945	acg
ㄌㄧㄝˋ-ㄏㄨㄛˇ-ㄓ-ㄧㄢˊ	烈火之炎	-6.60980192	acg
ㄌㄧㄝˋ-ㄏㄨㄛˇ-ㄍㄨㄛˊ	烈火國	-7.04116568	acg
ㄌㄧㄝˋ-ㄏㄨㄛˇ-ㄓㄢˋ-ㄌㄤˊ	烈火戰狼	-6.60980192	acg
ㄌㄧㄝˋ-ㄏㄨㄛˇ-ㄉㄨˊ-ㄐㄧㄠˇ-ㄌㄨㄥˊ	烈火獨角龍	-6.17843815	acg
ㄌㄧㄝˋ-ㄏㄨㄛˇ-ㄨㄤˊ	烈火王	-7.04116568	acg
ㄌㄧㄝˋ-ㄏㄨㄛˇ-ㄑㄧˊ-ㄕˋ	烈火騎士	-6.60980192	acg
ㄌㄧㄝˋ-ㄏㄨㄛˇ-ㄈㄥˋ-ㄏㄨㄤˊ	烈火鳳凰	-6.60980192	acg
ㄌㄧㄝˋ-ㄧㄢˋ-ㄕˇ-ㄓㄜˇ	烈焰使者	-6.60980192	acg
ㄌㄧㄝˋ-ㄧㄢˋ-ㄊㄧㄢ-ㄆㄧㄥˊ	烈焰天平	-6.60980192	acg
ㄌㄧㄝˋ-ㄧㄢˋ-ㄨ-ㄕ	烈焰巫師	-6.60980192	acg
ㄌㄧㄝˋ-ㄧㄢˋ-ㄨ-ㄕ-ㄕㄡˋ	烈焰巫師獸	-6.17843815	acg
ㄌㄧㄝˋ-ㄧㄢˋ-ㄓㄢˋ-ㄔㄨㄟˊ	烈焰戰鎚	-6.60980192	acg
ㄌㄧㄝˋ-ㄧㄢˋ-ㄓㄢˋ-ㄏㄨㄣˊ	烈焰戰魂	-6.60980192	acg
ㄌㄧㄝˋ-ㄧㄢˋ-ㄏㄨㄛˇ-ㄑㄧㄡˊ	烈焰火球	-6.60980192	acg
ㄌㄧㄝˋ-ㄧㄢˋ-ㄇㄥˇ-ㄒㄧ	烈焰猛蜥	-6.60980192	acg
ㄌㄧㄝˋ-ㄧㄢˋ-ㄕㄡˋ	烈焰獸	-7.04116568	acg
ㄌㄧㄝˋ-ㄧㄢˋ-ㄐㄧㄥˋ-ㄙㄞˋ	烈燄競賽	-6.60980192	acg
ㄌㄧㄝˋ-ㄑㄩㄝˋ	烈雀	-7.17149945	acg
ㄌㄧㄝˋ-ㄈㄥ-ㄕㄢ-ㄧㄤˊ	烈風山羊	-6.60980192	acg
ㄨ-ㄨㄢˊ-ㄇㄟˇ-ㄙㄨㄟˋ	烏丸美穗	-6.60980192	acg
ㄨ-ㄏㄞˋ	烏亥	-7.17149945	acg
ㄨ-ㄋㄢˊ	烏南	-7.17149945	acg
ㄨ-ㄎㄚˇ-ㄅㄧˇ	烏卡比	-7.04116568	acg
ㄨ-ㄅㄚ	烏巴	-7.17149945	acg
ㄨ-ㄌㄚ-ㄋㄨㄛˋ-ㄙ-ㄕㄡˋ	烏拉諾斯獸	-6.17843815	acg
ㄨ-ㄆㄨˇ	烏普	-7.17149945	acg
ㄨ-ㄦˇ-ㄐㄧㄚ-ㄊㄜˋ	烏爾加特	-6.60980192	acg
ㄨ-ㄦˇ-ㄎㄨˋ-ㄌㄧㄣˊ	烏爾庫林	-6.60980192	acg
ㄨ-ㄦˇ-ㄘㄨㄣ	烏爾村	-7.04116568	acg
ㄨ-ㄋㄚˋ-ㄊㄜˋ	烏納特	-7.04116568	acg
ㄨ-ㄌㄨㄛˊ-ㄗㄨㄛˇ	烏羅佐	-7.04116568	acg
ㄨ-ㄗ-ㄇㄧˇ	烏茲米	-7.04116568	acg
ㄨ-ㄙㄨ-ㄌㄚ	烏蘇拉	-7.04116568	acg
ㄨ-ㄗㄟˊ-ㄕㄡˋ-ㄙ-ㄍㄨㄞˋ-ㄕㄡˋ	烏賊壽司怪獸	-5.74707439	acg
ㄨ-ㄐㄧㄢ-ㄇㄧㄥˊ	烏間明	-7.04116568	acg
ㄨ-ㄌㄨˇ-ㄐㄧ	烏魯基	-7.04116568	acg
ㄨ-ㄌㄨˇ-ㄐㄧ-ㄡ-ㄌㄚ	烏魯基歐拉	-6.17843815	acg
ㄌㄠˋ-ㄧㄣˋ-ㄩㄥˇ-ㄕˋ	烙印勇士	-6.60980192	acg
ㄎㄠˇ-ㄖㄡˋ-ㄊㄢ	烤肉攤	-7.04116568	acg
ㄨˊ-ㄇㄧㄥˊ-ㄒㄧㄠˇ-ㄗㄨˊ-ㄉㄨㄟˋ	無名小卒隊	-6.17843815	acg
ㄨˊ-ㄇㄧㄥˊ-ㄧˋ-ㄉㄨㄢ-ㄍㄤ-ㄉㄢˋ	無名異端鋼彈	-5.74707439	acg
ㄨˊ-ㄋㄩˇ	無女	-7.17149945	acg
ㄨˊ-ㄕㄤˋ-ㄌㄧˇ-ㄗㄢˋ-ㄐㄧㄠ-ㄒㄧㄤˇ-ㄑㄩˇ	無尚禮讚交響曲	-5.74707439	acg
ㄨˊ-ㄏㄨㄢˋ	無幻	-7.17149945	acg
ㄨˊ-ㄒㄩˋ-ㄉㄜ˙-ㄐㄧˊ-ㄉㄨˋ	無序的嫉妒	-6.17843815	acg
ㄨˊ-ㄒㄧㄥˊ-ㄋㄩˇ-ㄒㄧㄚˊ	無形女俠	-6.60980192	acg
ㄨˊ-ㄐㄩˋ-ㄉㄜ˙-ㄩㄥˇ-ㄕˋ	無懼的勇士	-6.17843815	acg
ㄨˊ-ㄐㄩˋ-ㄒㄩㄢˇ-ㄐㄧㄠˇ	無懼選角	-6.60980192	acg
ㄨˊ-ㄨㄛˇ-ㄐㄧˊ-ㄐㄧㄥˋ	無我極境	-6.60980192	acg
ㄨˊ-ㄓㄥˋ-ㄈㄨˇ-ㄒㄧㄠˇ-ㄗˇ	無政府小子	-6.17843815	acg
ㄨˊ-ㄉㄧˊ-ㄊㄞˋ-ㄎㄨㄥ-ㄔㄨㄢˊ	無敵太空船	-6.17843815	acg
ㄨˊ-ㄉㄧˊ-ㄒㄧㄠˇ-ㄓㄢˋ-ㄕˋ	無敵小戰士	-6.17843815	acg
ㄨˊ-ㄉㄧˊ-ㄏㄠˋ-ㄎㄜˋ-ㄅㄤ	無敵浩克幫	-6.17843815	acg
ㄨˊ-ㄉㄧˊ-ㄊㄧㄝˇ-ㄐㄧㄣ-ㄍㄤ-ㄒㄧˋ-ㄌㄧㄝˋ	無敵鐵金剛系列	-5.74707439	acg
ㄨˊ-ㄉㄧˊ-ㄊㄧㄝˇ-ㄐㄧㄣ-ㄍㄤ-ㄐㄩㄣ-ㄊㄨㄢˊ	無敵鐵金剛軍團	-5.74707439	acg
ㄨˊ-ㄉㄧˊ-ㄉㄨㄟˋ	無敵隊	-7.04116568	acg
ㄨˊ-ㄉㄧˊ-ㄌㄨㄥˊ-ㄐㄩㄢˇ-ㄈㄥ	無敵龍捲風	-6.17843815	acg
ㄨˊ-ㄒㄧㄥ-ㄧㄝˋ-ㄉㄜ˙-ㄩㄥˇ-ㄊㄢˋ-ㄉㄧㄠˋ	無星夜的詠嘆調	-5.74707439	acg
ㄨˊ-ㄈㄚˇ-ㄉㄠˋ-ㄑㄩˇ-ㄉㄜ˙-ㄅㄠˇ-ㄕˊ	無法盜取的寶石	-5.74707439	acg
ㄨˊ-ㄐㄧㄝˋ-ㄌㄧㄢˋ-ㄩˋ	無界煉獄	-6.60980192	acg
ㄨˊ-ㄨㄟˋ-ㄜˋ-ㄇㄛˊ	無畏惡魔	-6.60980192	acg
ㄨˊ-ㄨㄟˋ-ㄎㄨㄤˊ-ㄓㄢˋ	無畏狂戰	-6.60980192	acg
ㄨˊ-ㄐㄧㄣˋ-ㄔㄨㄢˊ-ㄑㄧˊ	無盡傳奇	-6.60980192	acg
ㄨˊ-ㄌㄧㄢˇ-ㄋㄢˊ	無臉男	-7.04116568	acg
ㄨˊ-ㄐㄧㄢˋ-ㄊㄜˋ-ㄍㄨㄥ	無間特攻	-6.60980192	acg
ㄨˊ-ㄒㄧㄢˋ-ㄐㄧㄢˋ-ㄓˋ	無限劍製	-6.60980192	acg
ㄨˊ-ㄒㄧㄢˋ-ㄐㄧㄚ-ㄌㄨˇ-ㄌㄨˇ	無限加魯魯	-6.17843815	acg
ㄨˊ-ㄒㄧㄢˋ-ㄉㄧˋ-ㄉㄞˋ	無限地帶	-6.60980192	acg
ㄨˊ-ㄒㄧㄢˋ-ㄅㄠˇ-ㄕˊ	無限寶石	-6.60980192	acg
ㄨˊ-ㄒㄧㄢˋ-ㄎㄨㄞˋ-ㄌㄜˋ-ㄎㄞ-ㄒㄧㄣ-ㄉㄜ˙-ㄐㄧㄢˋ	無限快樂開心的箭	-5.74707439	acg
ㄨˊ-ㄒㄧㄢˋ-ㄕㄡˇ-ㄌㄧㄡˊ-ㄉㄢˋ	無限手榴彈	-6.17843815	acg
ㄨˊ-ㄒㄧㄢˋ-ㄓㄢˇ-ㄐㄧˊ	無限斬擊	-6.60980192	acg
ㄨˊ-ㄒㄧㄢˋ-ㄙˇ-ㄉㄡˋ	無限死鬥	-6.60980192	acg
ㄨˊ-ㄒㄧㄢˋ-ㄅㄠˋ-ㄧㄢˊ-ㄈㄥ-ㄅㄠˋ	無限爆炎風暴	-5.74707439	acg
ㄨˊ-ㄒㄧㄢˋ-ㄌㄧㄥˇ-ㄩˋ	無限領域	-6.60980192	acg
ㄨˊ-ㄕㄨㄤ-ㄌㄨㄥˊ	無雙龍	-7.04116568	acg
ㄨˊ-ㄊㄡˊ-ㄐㄧ-ㄔㄜ-ㄑㄧˊ-ㄕˋ	無頭機車騎士	-5.74707439	acg
ㄨˊ-ㄊㄡˊ-ㄇㄚˇ	無頭馬	-7.04116568	acg
ㄌㄧㄢˋ-ㄩˋ-ㄓ-ㄋㄨˋ	煉獄之怒	-6.60980192	acg
ㄌㄧㄢˋ-ㄩˋ-ㄨ-ㄕ	煉獄巫師	-6.60980192	acg
ㄧㄢ-ㄕㄢ-ㄖㄨㄢˇ-ㄐㄧㄢˋ	煙山軟件	-6.60980192	acg
ㄧㄢ-ㄇㄨˋ-ㄒㄧㄥˊ	煙幕型	-7.04116568	acg
ㄧㄢ-ㄩㄣˊ-ㄕㄡˋ	煙雲獸	-7.04116568	acg
ㄧㄢ-ㄨˋ-ㄓㄚˋ-ㄉㄢˋ-ㄓㄨㄣˇ-ㄖㄣˊ	煙霧炸彈隼人	-5.74707439	acg
ㄕㄚˋ-ㄇㄧˋ-ㄌㄚ	煞蜜拉	-7.04116568	acg
ㄇㄟˊ-ㄑㄧˋ-ㄉㄥ-ㄒㄧㄚˋ-ㄉㄜ˙-ㄍㄠ-ㄊㄢˊ-ㄕˋ	煤氣燈下的高壇市	-5.74707439	acg
ㄓㄠˋ-ㄒㄧㄤˋ-ㄐㄧ-ㄍㄨㄞˋ	照相機怪	-6.60980192	acg
ㄒㄩㄥˊ-ㄧㄚˇ-ㄎㄞˇ	熊亞凱	-7.04116568	acg
ㄒㄩㄥˊ-ㄗˇ	熊仔	-7.17149945	acg
ㄒㄩㄥˊ-ㄗˇ-ㄕㄡˋ	熊仔獸	-7.04116568	acg
ㄒㄩㄥˊ-ㄉㄠˇ-ㄨˇ-ㄌㄤˊ-ㄊㄞˋ	熊島五郎太	-6.17843815	acg
ㄒㄩㄥˊ-ㄔㄜˋ	熊徹	-7.17149945	acg
ㄒㄩㄥˊ-ㄅㄠˋ-ㄍㄜ	熊抱哥	-7.04116568	acg
ㄒㄩㄥˊ-ㄅㄣˇ-ㄉㄨㄣ-ㄕˇ	熊本敦史	-6.60980192	acg
ㄒㄩㄥˊ-ㄗㄜˊ-ㄅㄨˋ-ㄇㄟˇ	熊澤步美	-6.60980192	acg
ㄒㄩㄥˊ-ㄒㄩㄥˊ-ㄅㄠˇ-ㄅㄟˋ-ㄩˋ-ㄐㄧㄢˋ-ㄋㄧˇ	熊熊寶貝遇見你	-5.74707439	acg
ㄒㄩㄥˊ-ㄒㄩㄥˊ-ㄩˋ-ㄐㄧㄢˋ-ㄋㄧˇ	熊熊遇見你	-6.17843815	acg
ㄒㄩㄥˊ-ㄌㄧˊ-ㄕㄡˋ	熊狸獸	-7.04116568	acg
ㄒㄩㄥˊ-ㄉㄜ˙-ㄔㄨㄢˊ-ㄕㄨㄛ	熊的傳說	-6.60980192	acg
ㄒㄩㄥˊ-ㄦˇ	熊耳	-7.17149945	acg
ㄒㄩㄥˊ-ㄍㄨˇ-ㄢ-ㄘˋ	熊谷安次	-6.60980192	acg
ㄒㄩㄥˊ-ㄍㄨˇ-ㄏㄤˊ-ㄧㄡˋ	熊谷航祐	-6.60980192	acg
ㄒㄩㄥˊ-ㄍㄨˇ-ㄐㄧㄥˋ-ㄗˇ	熊谷靖子	-6.60980192	acg
ㄒㄩㄥˊ-ㄇㄠ-ㄐㄧㄚ-ㄗㄨˊ	熊貓家族	-6.60980192	acg
ㄒㄩㄥˊ-ㄇㄠ-ㄒㄧㄠˇ-ㄊㄨˇ-ㄌㄨㄥˊ	熊貓小土龍	-6.17843815	acg
ㄒㄩㄥˊ-ㄇㄠ-ㄖㄨㄢˇ-ㄊㄧˇ	熊貓軟體	-6.60980192	acg
ㄒㄩㄥˊ-ㄇㄠ-ㄋㄧㄤˋ-ㄐㄧㄡˇ-ㄕ	熊貓釀酒師	-6.17843815	acg
ㄒㄩㄥˊ-ㄇㄛˊ-ㄨㄤˊ-ㄔㄨㄢˊ-ㄕㄨㄛ	熊魔王傳說	-6.17843815	acg
ㄖㄨㄥˊ-ㄧㄢˊ-ㄇㄧㄥˊ-ㄨㄤˊ	熔岩冥王	-6.60980192	acg
ㄖㄜˋ-ㄌㄧˋ-ㄓㄨㄟ-ㄑㄧˋ	熱力追緝	-6.60980192	acg
ㄖㄜˋ-ㄑㄩ	熱區	-7.17149945	acg
ㄖㄜˋ-ㄉㄞˋ-ㄉㄞˋ-ㄅㄧㄠˇ-ㄉㄨㄟˋ	熱帶代表隊	-6.17843815	acg
ㄖㄜˋ-ㄉㄞˋ-ㄐㄧˊ-ㄉㄨㄥˋ	熱帶急凍	-6.60980192	acg
ㄖㄜˋ-ㄉㄞˋ-ㄅㄢ-ㄇㄚˇ-ㄏㄠˋ	熱帶斑馬號	-6.17843815	acg
ㄖㄜˋ-ㄑㄧㄥˊ-ㄔㄨㄢˊ-ㄑㄧˊ	熱情傳奇	-6.60980192	acg
ㄖㄜˋ-ㄑㄧㄥˊ-ㄅㄞˇ-ㄨㄢˋ-ㄑㄧㄤˊ-ㄨㄟˊ	熱情百萬薔薇	-5.74707439	acg
ㄖㄜˋ-ㄑㄧㄥˊ-ㄐㄧㄥ-ㄌㄧㄥˊ	熱情精靈	-6.60980192	acg
ㄖㄜˋ-ㄑㄩㄢˊ-ㄅㄣˇ-ㄙㄜˋ	熱拳本色	-6.60980192	acg
ㄖㄜˋ-ㄌㄧㄡˊ-ㄕㄨㄤ-ㄩˊ	熱流雙魚	-6.60980192	acg
ㄖㄜˋ-ㄨˇ-ㄋㄢˊ	熱舞男	-7.04116568	acg
ㄖㄜˋ-ㄒㄧㄝˇ-ㄕ	熱血獅	-7.04116568	acg
ㄖㄜˋ-ㄒㄧㄝˇ-ㄗㄨˊ-ㄑㄧㄡˊ	熱血足球	-6.60980192	acg
ㄔˋ-ㄧㄢˋ-ㄒㄧㄢ-ㄈㄥ	熾焰先鋒	-6.60980192	acg
ㄔˋ-ㄧㄢˋ-ㄘㄞˇ-ㄆㄠˋ	熾焰彩砲	-6.60980192	acg
ㄖㄢˊ-ㄕㄠ-ㄉㄧˋ-ㄩˋ	燃燒地獄	-6.60980192	acg
ㄖㄢˊ-ㄕㄠ-ㄊㄧㄢ-ㄈㄥˋ	燃燒天鳳	-6.60980192	acg
ㄧㄢˋ-ㄇㄛˊ	燄魔	-7.17149945	acg
ㄉㄥ-ㄐㄧㄝˊ-ㄓㄨ	燈節豬	-7.04116568	acg
ㄕㄠ-ㄓㄨ-ㄕㄡˋ	燒豬獸	-7.04116568	acg
ㄕㄠ-ㄌㄨˋ-ㄎㄚˇ	燒錄卡	-7.04116568	acg
ㄧㄢˋ-ㄓ-ㄊㄚˇ	燕之塔	-7.04116568	acg
ㄧㄢˋ-ㄗ˙-ㄎㄚ-ㄈㄟ-ㄊㄧㄥ	燕子咖啡廳	-6.17843815	acg
ㄧㄢˋ-ㄕˋ	燕式	-7.17149945	acg
ㄧㄢˋ-ㄕˋ-ㄍㄜˊ-ㄌㄟˊ-ㄗ	燕式格雷茲	-6.17843815	acg
ㄘㄢˋ-ㄌㄢˋ-ㄓ-ㄍㄨㄤ	燦爛之光	-6.60980192	acg
ㄘㄢˋ-ㄇㄡˊ-ㄍㄜ-ㄐㄧ	燦眸歌姬	-6.60980192	acg
ㄅㄠˋ-ㄨㄢˊ-ㄓㄢˋ-ㄔㄜ	爆丸戰車	-6.60980192	acg
ㄅㄠˋ-ㄨㄢˊ-ㄔㄠ-ㄕˊ-ㄎㄨㄥ	爆丸超時空	-6.17843815	acg
ㄅㄠˋ-ㄎㄨˋ-ㄦˊ	爆庫兒	-7.04116568	acg
ㄅㄠˋ-ㄑㄩㄢˊ-ㄑㄧㄤ-ㄕㄣˊ	爆拳槍神	-6.60980192	acg
ㄅㄠˋ-ㄆㄛˋ-ㄓㄜˇ	爆破者	-7.04116568	acg
ㄅㄠˋ-ㄕㄣˊ-ㄇㄛˊ-ㄧㄥˊ	爆神魔蠅	-6.60980192	acg
ㄅㄠˋ-ㄋㄥˊ-ㄇㄞˋ-ㄔㄨㄥ	爆能脈衝	-6.60980192	acg
ㄅㄠˋ-ㄌㄧㄝˋ-ㄊㄧㄢ-ㄇㄚˇ	爆裂天馬	-6.60980192	acg
ㄅㄠˋ-ㄌㄧㄝˋ-ㄏㄢˊ-ㄅㄧㄥ	爆裂寒冰	-6.60980192	acg
ㄅㄠˋ-ㄌㄧㄝˋ-ㄇㄛˊ-ㄕˋ-ㄈㄚ-ㄉㄨㄥˋ	爆裂模式發動	-5.74707439	acg
ㄅㄠˋ-ㄌㄟˊ-ㄋㄩˇ-ㄏㄞˊ	爆雷女孩	-6.60980192	acg
ㄅㄠˋ-ㄉㄡˋ-ㄒㄩㄢ-ㄧㄢˊ-ㄉㄚˋ-ㄍㄤ-ㄉㄢˋ	爆鬥宣言大鋼彈	-5.74707439	acg
ㄌㄨˊ-ㄒㄧㄣ-ㄕㄢ-ㄕㄣˊ	爐心山神	-6.60980192	acg
ㄌㄨˊ-ㄕˊ-ㄓㄢˋ-ㄐㄧˋ	爐石戰記	-6.60980192	acg
ㄓㄥ-ㄅㄚˋ-ㄓ-ㄐㄧㄢˋ	爭霸之劍	-6.60980192	acg
ㄈㄨˋ-ㄧˋ	父役	-7.17149945	acg
ㄆㄧㄢˋ-ㄘㄤ-ㄈㄨˇ-ㄓㄨˋ	片倉輔助	-6.60980192	acg
ㄆㄧㄢˋ-ㄐㄧㄢˇ-ㄊㄞˋ-ㄉㄠ	片剪太刀	-6.60980192	acg
ㄆㄧㄢˋ-ㄩㄢˊ	片原	-7.17149945	acg
ㄆㄧㄢˋ-ㄍㄤ-ㄅㄚ-ㄌㄤˊ	片岡八郎	-6.60980192	acg
ㄆㄧㄢˋ-ㄊㄨㄥˊ-ㄗㄠˇ-ㄇㄧㄠˊ	片桐早苗	-6.60980192	acg
ㄧㄚˊ-ㄅㄧㄢ-ㄈㄨˊ	牙蝙蝠	-7.04116568	acg
ㄧㄚˊ-ㄈㄨˊ-ㄌㄢˊ	牙蝠蘭	-7.04116568	acg
ㄧㄚˊ-ㄒㄧㄝˇ-ㄍㄨㄟˇ	牙血鬼	-7.04116568	acg
ㄧㄚˊ-ㄇㄞˇ-ㄐㄧㄚ-ㄉㄞˋ-ㄅㄧㄠˇ-ㄉㄨㄟˋ	牙買加代表隊	-5.74707439	acg
ㄋㄧㄡˊ-ㄕㄢ-ㄕㄤˋ-ㄨˊ	牛山尚吾	-6.60980192	acg
ㄋㄧㄡˊ-ㄆㄧˊ-ㄅㄟˋ-ㄔㄨㄛ-ㄆㄛˋ	牛皮被戳破	-6.17843815	acg
ㄋㄧㄡˊ-ㄍㄨㄟˇ-ㄕㄡˋ	牛鬼獸	-7.04116568	acg
ㄇㄨˇ-ㄕㄢ-ㄕㄡˋ	牡山獸	-7.04116568	acg
ㄇㄨˋ-ㄐㄧㄡˇ-ㄗˇ	牧久子	-7.04116568	acg
ㄇㄨˋ-ㄕㄥˋ-ㄧ	牧勝一	-7.04116568	acg
ㄇㄨˋ-ㄔㄤˇ-ㄕㄤˋ-ㄉㄜ˙-ㄒㄧㄠˇ-ㄍㄨㄞ-ㄍㄨㄞ	牧場上的小乖乖	-5.74707439	acg
ㄇㄨˋ-ㄔㄤˇ-ㄓㄨˇ-ㄖㄣˊ	牧場主人	-6.60980192	acg
ㄇㄨˋ-ㄒㄧㄚˋ-ㄗˇ	牧夏子	-7.04116568	acg
ㄇㄨˋ-ㄕㄨˋ-ㄌㄧˇ	牧樹里	-7.04116568	acg
ㄇㄨˋ-ㄓㄣ-ㄖㄣˊ	牧真人	-7.04116568	acg
ㄇㄨˋ-ㄧㄝˋ-ㄍㄨㄤ	牧葉光	-7.04116568	acg
ㄇㄨˋ-ㄒㄩㄣ	牧薰	-7.17149945	acg
ㄇㄨˋ-ㄧㄝˇ-ㄧㄤˊ-ㄈㄨˇ	牧野洋輔	-6.60980192	acg
ㄇㄨˋ-ㄧㄝˇ-ㄌㄧㄡˊ-ㄇㄟˇ-ㄗˇ	牧野留美子	-6.17843815	acg
ㄇㄨˋ-ㄧㄝˇ-ㄕㄣˊ-ㄋㄞˋ	牧野神奈	-6.60980192	acg
ㄇㄨˋ-ㄧㄝˇ-ㄩˋ-ㄇㄟˇ	牧野郁美	-6.60980192	acg
ㄨˋ-ㄐㄧㄢˋ-ㄎㄨㄥˋ-ㄓˋ-ㄑㄩㄢˊ-ㄒㄧㄢˋ	物件控制權限	-5.74707439	acg
ㄨˋ-ㄅㄨˋ-ㄉㄚˋ-ㄕㄨˋ	物部大樹	-6.60980192	acg
ㄊㄜˋ-ㄌㄧㄝˋ-ㄙ	特列斯	-7.04116568	acg
ㄊㄜˋ-ㄅㄧㄝˊ-ㄨˇ-ㄑㄧˋ	特別武器	-6.60980192	acg
ㄊㄜˋ-ㄅㄧㄝˊ-ㄇㄟˋ-ㄌㄧˋ-ㄒㄧㄡˋ	特別魅力秀	-6.17843815	acg
ㄊㄜˋ-ㄌㄧˋ-ㄎㄚˇ	特利卡	-7.04116568	acg
ㄊㄜˋ-ㄨˋ-ㄕˋ-ㄍㄨㄢ	特務仕官	-6.60980192	acg
ㄊㄜˋ-ㄨˋ-ㄒㄧㄠˇ-ㄧㄥ-ㄒㄩㄥˊ	特務小英雄	-6.17843815	acg
ㄊㄜˋ-ㄨˋ-ㄓ-ㄩㄢˊ-ㄎㄜˋ	特務支援課	-6.17843815	acg
ㄊㄜˋ-ㄑㄧㄣˊ-ㄐㄧ-ㄉㄨㄥˋ-ㄔㄜ	特勤機動車	-6.17843815	acg
ㄊㄜˋ-ㄈㄟ-ㄦˇ	特婓爾	-7.04116568	acg
ㄊㄜˋ-ㄓㄢˋ-ㄧㄥ-ㄏㄠˊ	特戰英豪	-6.60980192	acg
ㄊㄜˋ-ㄐㄧˋ-ㄐㄧㄣ-ㄍㄤ	特技金剛	-6.60980192	acg
ㄊㄜˋ-ㄌㄚ-ㄐㄧㄝˊ	特拉傑	-7.04116568	acg
ㄊㄜˋ-ㄌㄚ-ㄎㄜˋ	特拉克	-7.04116568	acg
ㄊㄜˋ-ㄌㄚ-ㄍㄜ-ㄙ	特拉哥斯	-6.60980192	acg
ㄊㄜˋ-ㄌㄚ-ㄉㄜˊ-ㄦˇ	特拉德爾	-6.60980192	acg
ㄊㄜˋ-ㄍㄨㄥ-ㄉㄢˇ-ㄒㄧㄠˇ-ㄍㄨㄟˇ	特攻膽小鬼	-6.17843815	acg
ㄊㄜˋ-ㄙ-ㄌㄚ-ㄐㄧㄝˊ-ㄌㄧˋ-ㄕㄡˋ	特斯拉潔莉獸	-5.74707439	acg
ㄊㄜˋ-ㄆㄨˇ-ㄕˋ	特普市	-7.04116568	acg
ㄊㄜˋ-ㄌㄤˇ-ㄉㄜˊ	特朗德	-7.04116568	acg
ㄊㄜˋ-ㄕㄨ-ㄒㄩㄝˊ-ㄩㄢˊ	特殊學園	-6.60980192	acg
ㄊㄜˋ-ㄕㄨ-ㄧㄡˊ-ㄒㄧˋ	特殊遊戲	-6.60980192	acg
ㄊㄜˋ-ㄌㄨㄛˋ	特洛	-7.17149945	acg
ㄊㄜˋ-ㄖㄨㄟˋ-ㄙ	特瑞絲	-7.04116568	acg
ㄊㄜˋ-ㄊㄧㄢˊ-ㄓㄨㄥˇ-ㄋㄢˊ	特田種男	-6.60980192	acg
ㄊㄜˋ-ㄧˋ-ㄒㄧㄢˋ-ㄒㄧㄤˋ-ㄙㄡ-ㄔㄚˊ-ㄅㄨˋ	特異現象搜查部	-5.74707439	acg
ㄊㄜˋ-ㄓㄨㄥˇ-ㄅㄨˋ-ㄉㄨㄟˋ-ㄉㄜ˙-ㄗㄨㄛˋ-ㄓㄢˋ-ㄉㄧˋ-ㄊㄨˊ	特種部隊的作戰地圖	-5.74707439	acg
ㄊㄜˋ-ㄌㄢˊ-ㄒㄧ	特蘭西	-7.04116568	acg
ㄊㄜˋ-ㄓㄨㄤ-ㄒㄧㄥˊ	特裝型	-7.04116568	acg
ㄊㄜˋ-ㄋㄨㄛˋ-ㄧ	特諾伊	-7.04116568	acg
ㄊㄜˋ-ㄓˊ-ㄒㄧˋ	特質系	-7.04116568	acg
ㄊㄜˋ-ㄌㄧˇ-ㄆㄨˇ-ㄉㄚˋ-ㄗㄨㄛˇ	特里普大佐	-6.17843815	acg
ㄊㄜˋ-ㄌㄧˇ-ㄡ-ㄋㄚˋ	特里歐納	-6.60980192	acg
ㄊㄜˋ-ㄌㄟˊ-ㄐㄧ-ㄧㄚˇ	特雷基亞	-6.60980192	acg
ㄊㄜˋ-ㄌㄟˊ-ㄣ	特雷恩	-7.04116568	acg
ㄊㄜˋ-ㄇㄚˇ-ㄌㄧˇ-ㄧㄚˇ	特馬里亞	-6.60980192	acg
ㄊㄜˋ-ㄌㄨˇ-ㄋㄟˋ-ㄎㄜˋ	特魯內克	-6.60980192	acg
ㄊㄜˋ-ㄌㄨˇ-ㄉㄜˊ	特魯得	-7.04116568	acg
ㄊㄜˋ-ㄌㄨˇ-ㄉㄧˊ-ㄧㄚˇ	特魯迪亞	-6.60980192	acg
ㄒㄧ-ㄋㄧㄡˊ-ㄕㄡˋ	犀牛獸	-7.04116568	acg
ㄒㄧ-ㄐㄧㄚˇ-ㄉㄨˊ-ㄐㄧㄠˇ-ㄒㄧㄢ-ㄕㄡˋ	犀甲獨角仙獸	-5.74707439	acg
ㄒㄧ-ㄌㄧˋ	犀莉	-7.17149945	acg
ㄑㄩㄢˇ-ㄈㄟˋ-ㄑㄧˊ-ㄕㄨˋ	犬吠埼樹	-6.60980192	acg
ㄑㄩㄢˇ-ㄈㄟˋ-ㄑㄧˊ-ㄈㄥ	犬吠埼風	-6.60980192	acg
ㄑㄩㄢˇ-ㄉㄚˋ-ㄐㄧㄤˋ	犬大將	-7.04116568	acg
ㄑㄩㄢˇ-ㄕㄢ-ㄐㄧㄣ-ㄗ˙	犬山金子	-6.60980192	acg
ㄑㄩㄢˇ-ㄑㄧˊ-ㄌㄧㄡˊ-ㄕㄥˋ	犬崎劉聖	-6.60980192	acg
ㄑㄩㄢˇ-ㄇㄡˊ-ㄊㄧㄢˊ-ㄅㄠˇ-ㄏㄨㄛˇ	犬牟田寶火	-6.17843815	acg
ㄑㄩㄢˇ-ㄕㄣˊ-ㄕㄡˋ	犬神獸	-7.04116568	acg
ㄈㄢˋ-ㄖㄣˊ-ㄜˋ-ㄌㄧㄥˊ	犯人惡靈	-6.60980192	acg
ㄈㄢˋ-ㄢˋ-ㄍㄨㄞˋ	犯案怪	-7.04116568	acg
ㄈㄢˋ-ㄒㄧㄢˇ-ㄓㄜˇ	犯險者	-7.04116568	acg
ㄑㄧㄡˊ-ㄩˊ-ㄕㄡˋ	犰狳獸	-7.04116568	acg
ㄧㄚˊ-ㄋㄧㄥˊ	犽凝	-7.17149945	acg
ㄧㄚˊ-ㄙㄨˋ	犽宿	-7.17149945	acg
ㄎㄨㄤˊ-ㄉㄠ-ㄌㄢˊ-ㄙ	狂刀藍斯	-6.60980192	acg
ㄎㄨㄤˊ-ㄏㄨㄚˋ	狂化	-7.17149945	acg
ㄎㄨㄤˊ-ㄌㄢˊ-ㄒㄧㄠˇ-ㄓㄣˋ	狂嵐小鎮	-6.60980192	acg
ㄎㄨㄤˊ-ㄊㄢˊ-ㄈㄥ-ㄅㄠˋ	狂彈風暴	-6.60980192	acg
ㄎㄨㄤˊ-ㄓㄢˋ-ㄐㄩˋ-ㄈㄨˇ	狂戰巨斧	-6.60980192	acg
ㄎㄨㄤˊ-ㄅㄠˋ-ㄕㄡˇ-ㄌㄧㄡˊ-ㄉㄢˋ	狂暴手榴彈	-6.17843815	acg
ㄎㄨㄤˊ-ㄅㄠˋ-ㄌㄟˊ-ㄅㄧˇ-ㄧㄚˇ	狂暴雷比亞	-6.17843815	acg
ㄎㄨㄤˊ-ㄏㄨㄢ-ㄙㄢ-ㄅㄠˇ	狂歡三寶	-6.60980192	acg
ㄎㄨㄤˊ-ㄏㄨㄢ-ㄆㄞˋ-ㄉㄨㄟˋ	狂歡派對	-6.60980192	acg
ㄎㄨㄤˊ-ㄆㄞˋ	狂派	-7.17149945	acg
ㄎㄨㄤˊ-ㄌㄧㄝˋ-ㄇㄨˇ-ㄧㄤˊ	狂烈牡羊	-6.60980192	acg
ㄎㄨㄤˊ-ㄌㄤˊ-ㄩㄥˇ-ㄕˋ	狂狼勇士	-6.60980192	acg
ㄎㄨㄤˊ-ㄉㄢˇ	狂膽	-7.17149945	acg
ㄎㄨㄤˊ-ㄅㄠˋ-ㄌㄧㄝˋ-ㄖㄣˊ	狂豹獵人	-6.60980192	acg
ㄎㄨㄤˊ-ㄧㄝˇ-ㄑㄧˊ-ㄒㄧˊ	狂野奇襲	-6.60980192	acg
ㄎㄨㄤˊ-ㄧㄝˇ-ㄓㄢˋ-ㄧˋ	狂野戰翼	-6.60980192	acg
ㄎㄨㄤˊ-ㄧㄝˇ-ㄌㄧㄝˋ-ㄕㄡˇ	狂野獵手	-6.60980192	acg
ㄎㄨㄤˊ-ㄧㄝˇ-ㄑㄧˊ-ㄕˋ	狂野騎士	-6.60980192	acg
ㄎㄨㄤˊ-ㄅㄧㄠ-ㄎㄚˇ-ㄔㄜ	狂飆卡車	-6.60980192	acg
ㄎㄨㄤˊ-ㄅㄧㄠ-ㄙㄞˋ-ㄔㄜ	狂飆賽車	-6.60980192	acg
ㄎㄨㄤˊ-ㄅㄧㄠ-ㄑㄧˊ-ㄕˋ	狂飆騎士	-6.60980192	acg
ㄎㄨㄤˊ-ㄇㄛˊ-ㄉㄧˋ-ㄙ	狂魔帝斯	-6.60980192	acg
ㄉㄧˊ-ㄢ	狄安	-7.17149945	acg
ㄉㄧˊ-ㄖㄨㄟˋ-ㄎㄜˋ	狄瑞克	-7.04116568	acg
ㄉㄧˊ-ㄙ	狄絲	-7.17149945	acg
ㄉㄧˊ-ㄏㄨㄚˊ-ㄧㄣ	狄華因	-7.04116568	acg
ㄉㄧˊ-ㄌㄢˊ-ㄉㄧˊ	狄蘭迪	-7.04116568	acg
ㄏㄨˊ-ㄅㄢˇ-ㄖㄨㄛˋ-ㄗㄠˇ-ㄉㄜ˙-ㄔㄣˊ-ㄇㄛˋ-ㄩˇ-ㄓㄨˋ-ㄧㄢˋ	狐坂若藻的沈默與祝宴	-5.74707439	acg
ㄏㄨˊ-ㄓㄨㄥˇ-ㄔㄥˊ	狐塚誠	-7.04116568	acg
ㄏㄨˊ-ㄉㄚˋ-ㄉㄠˋ	狐大盜	-7.04116568	acg
ㄏㄨˊ-ㄏㄨˊ-ㄕㄡˋ	狐狐獸	-7.04116568	acg
ㄏㄨˊ-ㄌㄧˊ-ㄩˇ-ㄌㄧㄝˋ-ㄑㄩㄢˇ	狐狸與獵犬	-6.17843815	acg
ㄍㄡˇ-ㄍㄡˇ-ㄇㄧㄠ	狗狗喵	-7.04116568	acg
ㄍㄡˇ-ㄍㄡˇ-ㄕㄡˋ	狗狗獸	-7.04116568	acg
ㄍㄡˇ-ㄊㄡˊ-ㄖㄣˊ-ㄌㄧㄥˇ-ㄓㄨˇ	狗頭人領主	-6.17843815	acg
ㄐㄩ-ㄐㄧˊ-ㄓ-ㄕㄣˊ	狙擊之神	-6.60980192	acg
ㄐㄩ-ㄐㄧˊ-ㄓ-ㄍㄨㄢˇ	狙擊之館	-6.60980192	acg
ㄐㄩ-ㄐㄧˊ-ㄑㄧㄤ-ㄕㄜˋ-ㄐㄧˋ-ㄊㄨˊ	狙擊槍設計圖	-5.74707439	acg
ㄐㄩ-ㄐㄧˊ-ㄑㄧㄤ-ㄌㄟˋ	狙擊槍類	-6.60980192	acg
ㄐㄩ-ㄐㄧˊ-ㄌㄨㄥˊ-ㄕㄚ-ㄕㄡˇ	狙擊龍殺手	-6.17843815	acg
ㄐㄩ-ㄕㄚ-ㄍㄨㄥ-ㄋㄥˊ	狙殺功能	-6.60980192	acg
ㄐㄩ-ㄌㄧㄝˋ-ㄍㄤ-ㄉㄢˋ	狙獵鋼彈	-6.60980192	acg
ㄐㄧㄠˇ-ㄋㄧㄝˋ-ㄕㄣˋ-ㄧㄝˇ	狡嚙慎也	-6.60980192	acg
ㄕㄡˋ-ㄌㄧㄝˋ-ㄒㄧㄥˊ	狩獵型	-7.04116568	acg
ㄕㄡˋ-ㄓㄣ-ㄑㄧˇ	狩真啟	-7.04116568	acg
ㄕㄡˋ-ㄕˇ-ㄕㄣˊ	狩矢神	-7.04116568	acg
ㄕㄡˋ-ㄋㄥˊ-ㄧㄚˇ-ㄨㄤˋ-ㄖㄣˊ	狩能雅忘人	-6.17843815	acg
ㄕㄡˋ-ㄧㄝˇ-ㄕㄚ-ㄧㄝˇ-ㄐㄧㄚ	狩野沙也加	-6.17843815	acg
ㄌㄧˊ-ㄅㄠˇ	狸寶	-7.17149945	acg
ㄌㄧˊ-ㄆㄧㄥˊ-ㄓㄨˊ-ㄑㄧㄢ-ㄉㄞˋ	狸平竹千代	-6.17843815	acg
ㄌㄧˊ-ㄒㄧㄤˇ-ㄕˋ-ㄐㄧㄝˋ	狸想世界	-6.60980192	acg
ㄌㄧˊ-ㄅㄟˋ-ㄉㄨㄛ	狸狽多	-7.04116568	acg
ㄒㄧㄚˊ-ㄕㄢ-ㄒㄩㄣˊ	狹山旬	-7.04116568	acg
ㄌㄤˊ-ㄌㄨㄣˊ	狼倫	-7.17149945	acg
ㄌㄤˊ-ㄓㄨㄚˇ	狼爪	-7.17149945	acg
ㄌㄤˊ-ㄧㄚˊ-ㄈㄥ-ㄈㄥ-ㄑㄩㄢˊ	狼牙風風拳	-6.17843815	acg
ㄌㄤˊ-ㄅㄟˋ-ㄇㄧㄢˋ-ㄅㄠ	狼狽麵包	-6.60980192	acg
ㄌㄤˊ-ㄉㄜ˙-ㄏㄞˊ-ㄗ˙-ㄩˇ-ㄏㄢˋ-ㄒㄩㄝˇ	狼的孩子雨和雪	-5.74707439	acg
ㄌㄤˊ-ㄩˇ-ㄒㄧㄣ-ㄒㄧㄤ-ㄌㄧㄠˋ	狼與辛香料	-6.17843815	acg
ㄌㄤˊ-ㄧㄝˇ-ㄍㄢ	狼野干	-7.04116568	acg
ㄌㄤˊ-ㄎㄞˇ	狼鎧	-7.17149945	acg
ㄌㄤˊ-ㄩˇ	狼雨	-7.17149945	acg
ㄌㄤˊ-ㄗ	狼髭	-7.17149945	acg
ㄇㄥˇ-ㄉㄨˊ-ㄐㄩˋ-ㄇㄤˇ	猛毒巨蟒	-6.60980192	acg
ㄇㄥˇ-ㄉㄨˊ-ㄩㄝˋ-ㄋㄩˇ	猛毒月女	-6.60980192	acg
ㄇㄥˇ-ㄌㄧㄝˋ-ㄏㄨㄛˇ-ㄧㄢˋ-ㄊㄢˊ	猛烈火焰彈	-6.17843815	acg
ㄇㄥˇ-ㄌㄧㄝˋ-ㄅㄠˋ-ㄊㄢˊ	猛烈爆彈	-6.60980192	acg
ㄇㄥˇ-ㄌㄧㄝˋ-ㄌㄨㄥˊ-ㄐㄩㄢˇ-ㄈㄥ	猛烈龍捲風	-6.17843815	acg
ㄇㄥˇ-ㄓㄨㄚˇ-ㄉㄨ-ㄧ-ㄉㄜˊ	猛爪督依德	-6.17843815	acg
ㄇㄥˇ-ㄇㄚˋ-ㄕㄡˋ	猛獁獸	-7.04116568	acg
ㄇㄥˇ-ㄑㄧㄣˊ-ㄒㄧㄠˇ-ㄉㄨㄟˋ	猛禽小隊	-6.60980192	acg
ㄇㄥˇ-ㄍㄨㄟˇ-ㄕㄡˋ	猛鬼獸	-7.04116568	acg
ㄇㄥˇ-ㄍㄨㄟˇ-ㄕㄡˋ-ㄇㄨˋ-ㄕ	猛鬼獸牧師	-6.17843815	acg
ㄇㄥˇ-ㄍㄨㄟˇ-ㄕㄡˋ-ㄇㄨˋ-ㄕ-ㄐㄩㄣ-ㄉㄨㄟˋ	猛鬼獸牧師軍隊	-5.74707439	acg
ㄒㄧㄥ-ㄒㄧㄥ-ㄕㄡˋ	猩猩獸	-7.04116568	acg
ㄏㄡˊ-ㄖㄣˊ	猴人	-7.17149945	acg
ㄏㄡˊ-ㄗ˙-ㄇㄧㄠ	猴子喵	-7.04116568	acg
ㄏㄡˊ-ㄨㄤˊ-ㄨˇ-ㄐㄧㄡˇ	猴王五九	-6.60980192	acg
ㄏㄡˊ-ㄨㄤˊ-ㄉㄚˋ-ㄓㄢˋ-ㄑㄧ-ㄔㄠ-ㄖㄣˊ	猴王大戰七超人	-5.74707439	acg
ㄧㄡˊ-ㄉㄚˋ-ㄓ-ㄩㄝ	猶大之約	-6.60980192	acg
ㄧㄡˊ-ㄅㄚ	猶巴	-7.17149945	acg
ㄩㄢˊ-ㄕㄢ-ㄌㄜˋ-ㄩㄢˊ	猿山樂園	-6.60980192	acg
ㄩㄢˊ-ㄊㄡˊ-ㄕㄢ-ㄨㄛ	猿投山渦	-6.60980192	acg
ㄩㄢˊ-ㄏㄡˊ-ㄔㄨㄢ-ㄌㄧㄡˊ-ㄙㄢ-ㄌㄤˊ	猿猴川流三郎	-5.74707439	acg
ㄩㄢˊ-ㄊㄧㄢˊ-ㄓˊ-ㄒㄧㄥˊ	猿田直行	-6.60980192	acg
ㄩㄢˊ-ㄈㄟ-ㄍㄨㄤ-ㄒㄧˇ	猿飛光喜	-6.60980192	acg
ㄩˋ-ㄊㄧㄢ-ㄕˇ-ㄍㄤ-ㄉㄢˋ	獄天使鋼彈	-6.17843815	acg
ㄩˋ-ㄧㄢˊ-ㄕˊ-ㄖㄣˊ-ㄇㄛˊ	獄炎食人魔	-6.17843815	acg
ㄩˋ-ㄇㄣˊ-ㄕㄡˋ	獄門獸	-7.04116568	acg
ㄩˋ-ㄙㄨㄟˇ	獄髓	-7.17149945	acg
ㄕ-ㄗ˙-ㄐㄧㄝˊ-ㄉㄥ-ㄍㄨㄟˋ	獅子劫燈貴	-6.17843815	acg
ㄕ-ㄗ˙-ㄐㄧㄝˊ-ㄐㄧㄝˋ-ㄌㄧˊ	獅子劫界離	-6.17843815	acg
ㄕ-ㄗ˙-ㄒㄧㄠˇ-ㄕˊ	獅子小石	-6.60980192	acg
ㄕ-ㄇㄧㄥˊ-ㄉㄜˊ	獅明德	-7.04116568	acg
ㄕ-ㄇㄧㄥˊ-ㄉㄜˊ-ㄕˋ-ㄓㄤˇ	獅明德市長	-6.17843815	acg
ㄕ-ㄧˇ	獅蟻	-7.17149945	acg
ㄕ-ㄧˇ-ㄨㄟˋ-ㄅㄧㄥ	獅蟻衛兵	-6.60980192	acg
ㄕ-ㄕㄣ-ㄈㄚˇ-ㄌㄠˇ	獅身法老	-6.60980192	acg
ㄕ-ㄐㄧㄡˋ-ㄐㄧㄚˇ-ㄇㄧㄢˋ	獅鷲假面	-6.60980192	acg
ㄕ-ㄐㄧㄡˋ-ㄕㄡˋ	獅鷲獸	-7.04116568	acg
ㄉㄨˊ-ㄨˇ-ㄒㄧㄚˊ	獨武俠	-7.04116568	acg
ㄉㄨˊ-ㄧㄢˇ-ㄇㄛˊ-ㄖㄣˊ	獨眼魔人	-6.60980192	acg
ㄉㄨˊ-ㄐㄧㄠˇ-ㄒㄧㄢ-ㄍㄨㄞˋ-ㄍㄠ-ㄐㄧㄚ-ㄙㄨㄛˇ-ㄌㄧˇ-ㄡ	獨角仙怪高加索里歐	-5.74707439	acg
ㄉㄨˊ-ㄐㄧㄠˇ-ㄇㄚˇ-ㄕㄡˋ	獨角馬獸	-6.60980192	acg
ㄌㄧㄝˋ-ㄖㄣˊ-ㄎㄜˋ-ㄌㄞˊ-ㄨㄣˊ	獵人克萊文	-6.17843815	acg
ㄌㄧㄝˋ-ㄖㄣˊ-ㄕˇ-ㄉㄨㄛ-ㄊㄜˋ	獵人史多特	-6.17843815	acg
ㄌㄧㄝˋ-ㄖㄣˊ-ㄏㄢˋ-ㄚ-ㄋㄨˇ-ㄅㄧˇ-ㄙ	獵人和阿努比斯	-5.74707439	acg
ㄌㄧㄝˋ-ㄇㄧㄥˋ-ㄕㄜˋ-ㄕㄡˇ	獵命射手	-6.60980192	acg
ㄌㄧㄝˋ-ㄕㄚ-ㄧㄝˋ-ㄒㄧㄥˊ	獵殺夜行	-6.60980192	acg
ㄌㄧㄝˋ-ㄕㄚ-ㄉㄧㄢˋ-ㄍㄨㄤ-ㄨㄤˇ	獵殺電光網	-6.17843815	acg
ㄌㄧㄝˋ-ㄊㄡˊ-ㄖㄣˊ-ㄨㄣ-ㄉㄜˊ-ㄦˇ	獵頭人溫德爾	-5.74707439	acg
ㄌㄧㄝˋ-ㄏㄨㄣˊ-ㄑㄧㄤ	獵魂槍	-7.04116568	acg
ㄌㄧㄝˋ-ㄇㄛˊ-ㄕˋ	獵魔士	-7.04116568	acg
ㄌㄧㄝˋ-ㄇㄛˊ-ㄓㄢˋ-ㄐㄧˋ	獵魔戰記	-6.60980192	acg
ㄌㄧㄝˋ-ㄇㄛˊ-ㄓㄜˇ	獵魔者	-7.04116568	acg
ㄌㄧㄝˋ-ㄇㄛˊ-ㄍㄤ-ㄉㄢˋ	獵魔鋼彈	-6.60980192	acg
ㄌㄧㄝˋ-ㄧㄥ-ㄕㄡˋ	獵鷹獸	-7.04116568	acg
ㄌㄧㄝˋ-ㄧㄥ-ㄩˇ-ㄎㄨˋ-ㄏㄢˊ-ㄓㄢˋ-ㄕˋ	獵鷹與酷寒戰士	-5.74707439	acg
ㄕㄡˋ-ㄖㄣˊ-ㄐㄧㄚ-ㄌㄨˇ-ㄌㄨˇ	獸人加魯魯	-6.17843815	acg
ㄕㄡˋ-ㄖㄣˊ-ㄑㄧˇ-ㄧˋ	獸人起義	-6.60980192	acg
ㄕㄡˋ-ㄅㄧㄥ-ㄨㄟˋ-ㄖㄣˇ-ㄈㄥ-ㄊㄧㄝˇ	獸兵衛忍風帖	-5.74707439	acg
ㄕㄡˋ-ㄐㄧㄤ	獸將	-7.17149945	acg
ㄊㄚˋ-ㄊㄞˋ-ㄊㄞˋ	獺太太	-7.04116568	acg
ㄊㄚˋ-ㄇㄧˋ-ㄊㄜˋ	獺密特	-7.04116568	acg
ㄒㄧㄢˋ-ㄐㄧˋ-ㄍㄨㄥ-ㄓㄨˇ-ㄩˇ-ㄕㄡˋ-ㄨㄤˊ	獻祭公主與獸王	-5.74707439	acg
ㄒㄩㄢˊ-ㄇㄧㄥˊ-ㄉㄚˋ-ㄉㄧˋ	玄冥大帝	-6.60980192	acg
ㄒㄩㄢˊ-ㄊㄧㄢ-ㄕㄣˊ-ㄐㄧㄢˋ	玄天神劍	-6.60980192	acg
ㄒㄩㄢˊ-ㄨˇ-ㄊㄞˋ-ㄌㄤˊ	玄武太郎	-6.60980192	acg
ㄩˋ-ㄋㄞˇ	玉乃	-7.17149945	acg
ㄩˋ-ㄗˇ-ㄕˋ-ㄔㄤˇ	玉子市場	-6.60980192	acg
ㄩˋ-ㄇㄨˋ-ㄌㄧㄣˇ	玉木凜	-7.04116568	acg
ㄩˋ-ㄇㄨˋ-ㄓㄣ-ㄌㄧˇ	玉木真理	-6.60980192	acg
ㄩˋ-ㄇㄨˋ-ㄞˋ-ㄌㄧˋ-ㄎㄚˇ	玉木艾莉卡	-6.17843815	acg
ㄩˋ-ㄨㄤˊ-ㄓㄨㄥ-ㄕˋ	玉王中室	-6.60980192	acg
ㄩˋ-ㄊㄧㄢˊ-ㄏㄨㄢˊ	玉田環	-7.04116568	acg
ㄩˋ-ㄐㄧㄠ-ㄙˋ	玉蛟寺	-7.04116568	acg
ㄨㄤˊ-ㄨㄟˋ-ㄓㄥ-ㄉㄨㄛˊ-ㄓㄢˋ	王位爭奪戰	-6.17843815	acg
ㄨㄤˊ-ㄏㄡˊ-ㄉㄚˋ-ㄉㄧˋ	王侯大帝	-6.60980192	acg
ㄨㄤˊ-ㄏㄡˋ-ㄧˋ	王后羿	-7.04116568	acg
ㄨㄤˊ-ㄉㄨㄛ-ㄌㄚ	王哆啦	-7.04116568	acg
ㄨㄤˊ-ㄍㄨㄛˊ-ㄉㄜ˙-ㄒㄧㄥ-ㄑㄧˇ	王國的興起	-6.17843815	acg
ㄨㄤˊ-ㄔㄥˊ-ㄅㄞˊ-ㄙㄜˋ-ㄑㄧˊ-ㄕˋ	王城白色騎士	-5.74707439	acg
ㄨㄤˊ-ㄔㄥˊ-ㄧㄣˊ-ㄙㄜˋ-ㄑㄧˊ-ㄕˋ	王城銀色騎士	-5.74707439	acg
ㄨㄤˊ-ㄉㄚˋ-ㄏㄜˊ	王大河	-7.04116568	acg
ㄨㄤˊ-ㄉㄚˋ-ㄨㄟˋ	王大衛	-7.04116568	acg
ㄨㄤˊ-ㄊㄧㄢ-ㄅㄚˋ	王天霸	-7.04116568	acg
ㄨㄤˊ-ㄗˇ-ㄩˇ-ㄒㄧㄢ-ㄓ	王子與先知	-6.17843815	acg
ㄨㄤˊ-ㄗㄨˊ-ㄉㄜ˙-ㄔㄨ-ㄅㄧㄥ	王族的出兵	-6.17843815	acg
ㄨㄤˊ-ㄆㄞˊ-ㄑㄧㄢˊ-ㄈㄥ	王牌前鋒	-6.60980192	acg
ㄨㄤˊ-ㄆㄞˊ-ㄕㄜˋ-ㄐㄧˊ	王牌射擊	-6.60980192	acg
ㄨㄤˊ-ㄆㄞˊ-ㄑㄧㄢˇ-ㄨㄤˇ-ㄗㄨˇ-ㄐㄧㄢˋ	王牌潛網組件	-5.74707439	acg
ㄨㄤˊ-ㄆㄞˊ-ㄐㄧㄥˋ-ㄇㄧㄢˋ-ㄕㄢˇ-ㄍㄨㄤ	王牌鏡面閃光	-5.74707439	acg
ㄨㄤˊ-ㄌㄧˋ-ㄌㄨㄣˊ-ㄉㄨㄣ-ㄧ-ㄩㄢˋ	王立倫敦醫院	-5.74707439	acg
ㄨㄤˊ-ㄌㄧˋ-ㄩˇ-ㄓㄡˋ-ㄐㄩㄣ	王立宇宙軍	-6.17843815	acg
ㄨㄤˊ-ㄧˋ-ㄐㄧ	王翊碁	-7.04116568	acg
ㄨㄤˊ-ㄧㄠˋ	王耀	-7.17149945	acg
ㄨㄤˊ-ㄓㄜˇ-ㄓ-ㄐㄧㄢˋ-ㄉㄨㄟˋ	王者之劍隊	-6.17843815	acg
ㄨㄤˊ-ㄓㄜˇ-ㄓ-ㄋㄨˋ	王者之怒	-6.60980192	acg
ㄨㄤˊ-ㄓㄜˇ-ㄓ-ㄌㄨㄥˊ	王者之龍	-6.60980192	acg
ㄨㄤˊ-ㄓㄜˇ-ㄊㄧㄢ-ㄒㄧㄚˋ	王者天下	-6.60980192	acg
ㄨㄤˊ-ㄓㄜˇ-ㄕㄡˋ	王者獸	-7.04116568	acg
ㄨㄤˊ-ㄓㄜˇ-ㄉㄜ˙-ㄩㄣˇ-ㄌㄨㄛˋ	王者的殞落	-6.17843815	acg
ㄨㄤˊ-ㄓㄜˇ-ㄒㄧ-ㄕㄡˋ	王者蜥獸	-6.60980192	acg
ㄨㄤˊ-ㄔㄨㄥˊ	王蟲	-7.17149945	acg
ㄨㄤˊ-ㄉㄠˋ-ㄧˋ-ㄉㄨㄢ-ㄕㄨㄤ-ㄔㄨㄥˊ-ㄉㄨㄢˋ-ㄒㄧㄥˊ	王道異端雙重鍛型	-5.74707439	acg
ㄨㄤˊ-ㄌㄧㄥˊ-ㄌㄧˊ-ㄏㄨㄚˊ-ㄗˇ	王陵璃華子	-6.17843815	acg
ㄐㄧㄡˇ-ㄨㄛˇ-ㄒㄧㄚˋ-ㄕㄨˋ	玖我夏樹	-6.60980192	acg
ㄐㄧㄡˇ-ㄨㄛˇ-ㄕㄚ-ㄐㄧㄤ-ㄗˇ	玖我紗江子	-6.17843815	acg
ㄨㄢˊ-ㄡˇ-ㄧㄡˊ-ㄒㄧˋ	玩偶遊戲	-6.60980192	acg
ㄨㄢˊ-ㄐㄩˋ-ㄧㄚˇ-ㄍㄨˇ-ㄕㄡˋ	玩具亞古獸	-6.17843815	acg
ㄨㄢˊ-ㄐㄩˋ-ㄗㄨㄥˇ-ㄉㄨㄥˋ-ㄩㄢˊ	玩具總動員	-6.17843815	acg
ㄨㄢˊ-ㄐㄩˋ-ㄇㄛˊ-ㄕㄣˊ	玩具魔神	-6.60980192	acg
ㄨㄢˊ-ㄇㄧㄥˋ-ㄕㄢ-ㄉㄠˋ	玩命山道	-6.60980192	acg
ㄨㄢˊ-ㄇㄧㄥˋ-ㄎㄨ-ㄌㄡˊ	玩命骷髏	-6.60980192	acg
ㄨㄢˊ-ㄌㄜˋ-ㄆㄞˋ-ㄉㄨㄟˋ-ㄗㄨˇ-ㄏㄜˊ	玩樂派對組合	-5.74707439	acg
ㄨㄢˊ-ㄕㄨㄚˇ-ㄕˊ-ㄍㄨㄤ	玩耍時光	-6.60980192	acg
ㄇㄟˊ-ㄧ	玫伊	-7.17149945	acg
ㄇㄟˊ-ㄍㄨㄟ-ㄅㄠˇ-ㄏㄜˊ	玫瑰寶盒	-6.60980192	acg
ㄌㄧㄥˊ-ㄧㄣ	玲音	-7.17149945	acg
ㄌㄧㄥˊ-ㄒㄧㄤ	玲香	-7.17149945	acg
ㄅㄛ-ㄌㄧˊ-ㄐㄧㄚˇ-ㄇㄧㄢˋ	玻璃假面	-6.60980192	acg
ㄆㄛˋ-ㄦˇ	珀爾	-7.17149945	acg
ㄆㄛˋ-ㄌㄨㄛˊ-ㄕㄡˋ	珀羅獸	-7.04116568	acg
ㄆㄛˋ-ㄐㄧㄣ-ㄙ	珀金斯	-7.04116568	acg
ㄎㄜ-ㄌㄧˋ	珂莉	-7.17149945	acg
ㄎㄜ-ㄙㄞˋ-ㄊㄜˋ	珂賽特	-7.04116568	acg
ㄕㄢ-ㄆㄟˊ-ㄌㄧˊ-ㄙ	珊培麗絲	-6.60980192	acg
ㄕㄢ-ㄏㄨˊ-ㄕㄡˋ	珊瑚獸	-7.04116568	acg
ㄓㄣ-ㄑㄧˊ-ㄊㄢˋ-ㄓㄤˇ	珍奇探長	-6.60980192	acg
ㄓㄣ-ㄑㄧˊ-ㄊㄨㄛ-ㄒㄧㄢˇ	珍奇脫險	-6.60980192	acg
ㄓㄣ-ㄋㄧˊ-ㄈㄛˊ-ㄇㄛˋ-ㄖㄨㄟˋ-ㄙㄣ	珍妮佛莫瑞森	-5.74707439	acg
ㄓㄣ-ㄋㄚˋ-ㄉㄜ˙-ㄏㄨㄟˋ-ㄇㄧㄢˋ	珍娜的會面	-6.17843815	acg
ㄓㄨ-ㄓㄡ-ㄔㄥˊ-ㄧㄠˊ	珠洲城遙	-6.60980192	acg
ㄅㄢ-ㄎㄜˋ-ㄦˇ	班克爾	-7.04116568	acg
ㄅㄢ-ㄎㄚˇ-ㄦˇ-ㄈㄢˊ-ㄍㄨㄛˊ	班卡爾藩國	-6.17843815	acg
ㄅㄢ-ㄕㄨˊ	班叔	-7.17149945	acg
ㄅㄢ-ㄐㄧ-ㄌㄚ-ㄙ	班基拉斯	-6.60980192	acg
ㄅㄢ-ㄊㄚˇ	班塔	-7.17149945	acg
ㄅㄢ-ㄋㄧˊ-ㄌㄚ	班尼拉	-7.04116568	acg
ㄅㄢ-ㄉㄜˊ	班德	-7.17149945	acg
ㄅㄢ-ㄉㄜˊ-ㄦˇ-ㄔㄥˊ	班德爾城	-6.60980192	acg
ㄅㄢ-ㄉㄜˊ-ㄦˇ-ㄉㄨㄣˋ	班德爾頓	-6.60980192	acg
ㄅㄢ-ㄉㄜˊ-ㄦˇ-ㄉㄨㄣˋ-ㄈㄨ-ㄖㄣˊ	班德爾頓夫人	-5.74707439	acg
ㄅㄢ-ㄉㄜˊ-ㄦˇ-ㄉㄨㄣˋ-ㄉㄨㄥˇ-ㄕˋ-ㄓㄤˇ	班德爾頓董事長	-5.74707439	acg
ㄅㄢ-ㄣ	班恩	-7.17149945	acg
ㄅㄢ-ㄙㄣ-ㄒㄧㄢ-ㄕㄥ	班森先生	-6.60980192	acg
ㄅㄢ-ㄅㄧˇ-ㄞˋ-ㄊㄚˇ	班比艾塔	-6.60980192	acg
ㄅㄢ-ㄊㄜˋ-ㄌㄞˊ-ㄇㄨˋ-ㄕ	班特萊牧師	-6.17843815	acg
ㄅㄢ-ㄈㄨˊ-ㄉㄜˊ	班福德	-7.04116568	acg
ㄅㄢ-ㄋㄚˋ	班納	-7.17149945	acg
ㄅㄢ-ㄕㄨ-ㄊㄞˋ-ㄦˇ	班舒泰爾	-6.60980192	acg
ㄅㄢ-ㄙㄚˋ-ㄇㄨˇ	班薩姆	-7.04116568	acg
ㄅㄢ-ㄚ-ㄦˇ-ㄉㄜˊ	班阿爾得	-6.60980192	acg
ㄅㄢ-ㄉㄨㄣˋ-ㄈㄨ-ㄖㄣˊ	班頓夫人	-6.60980192	acg
ㄒㄧㄢˋ-ㄗㄞˋ-ㄖㄣˋ-ㄌㄧㄢˋ	現在認戀	-6.60980192	acg
ㄒㄧㄢˋ-ㄇㄥˋ-ㄕˊ-ㄌㄤˊ	現夢十郎	-6.60980192	acg
ㄒㄧㄢˋ-ㄕˊ-ㄅㄠˇ-ㄕˊ	現實寶石	-6.60980192	acg
ㄑㄧㄡˊ-ㄑㄧㄡˊ	球球	-7.17149945	acg
ㄑㄧㄡˊ-ㄍㄞˋ-ㄇㄨˇ	球蓋姆	-7.04116568	acg
ㄌㄧˇ-ㄒㄧㄚˋ-ㄦˇ-ㄕㄣˊ-ㄈㄨˋ	理夏爾神父	-6.17843815	acg
ㄌㄧˇ-ㄢ	理安	-7.17149945	acg
ㄌㄧˇ-ㄒㄧㄥˋ-ㄩˇ-ㄍㄢˇ-ㄒㄧㄥˋ	理性與感性	-6.17843815	acg
ㄌㄧˇ-ㄔㄚˊ-ㄉㄜˊ-ㄙㄣ	理查德森	-6.60980192	acg
ㄌㄧˇ-ㄔㄚˊ-ㄙ	理查斯	-7.04116568	acg
ㄌㄧˇ-ㄐㄧㄡˇ	理玖	-7.17149945	acg
ㄌㄧˇ-ㄓㄨ	理珠	-7.17149945	acg
ㄌㄧˇ-ㄌㄧˇ-ㄖㄣˊ	理理人	-7.04116568	acg
ㄌㄧˇ-ㄏㄨㄚ-ㄗˇ	理花子	-7.04116568	acg
ㄌㄧㄡˊ-ㄐㄧㄚ	琉加	-7.17149945	acg
ㄌㄧㄡˊ-ㄑㄧㄡˊ-ㄨˇ-ㄕˋ-ㄈㄥ-ㄩㄣˊ-ㄌㄨˋ	琉球武士瘋雲錄	-5.74707439	acg
ㄌㄧㄡˊ-ㄌㄧˊ-ㄙㄜˋ-ㄎㄨㄥˇ-ㄑㄩㄝˋ	琉璃色孔雀	-6.17843815	acg
ㄌㄧㄡˊ-ㄒㄩˇ	琉許	-7.17149945	acg
ㄑㄧˊ-ㄦˇ-ㄎㄨㄟˊ-ㄉㄨ-ㄙ-ㄏㄨㄢˊ	琦爾奎督思環	-5.74707439	acg
ㄑㄧˊ-ㄌㄚ-ㄌㄚ	琪拉拉	-7.04116568	acg
ㄑㄧˊ-ㄑㄧˊ	琪琪	-7.17149945	acg
ㄑㄧˊ-ㄑㄧˊ-ㄉㄧˋ-ㄉㄚˊ	琪琪蒂達	-6.60980192	acg
ㄑㄧˊ-ㄙ-ㄊㄧˊ-ㄙ	琪絲緹絲	-6.60980192	acg
ㄌㄧㄣˊ-ㄗ	琳茲	-7.17149945	acg
ㄌㄧㄣˊ-ㄉㄚˊ-ㄙ	琳達司	-7.04116568	acg
ㄑㄧㄣˊ-ㄓ-ㄙㄣ	琴之森	-7.04116568	acg
ㄑㄧㄣˊ-ㄒㄧㄢ	琴仙	-7.17149945	acg
ㄑㄧㄣˊ-ㄅㄢˇ	琴坂	-7.17149945	acg
ㄑㄧㄣˊ-ㄓㄨㄚˇ-ㄓˋ-ㄋㄞˇ	琴爪志乃	-6.60980192	acg
ㄑㄧㄣˊ-ㄊㄜˋ-ㄌㄚ	琴特拉	-7.04116568	acg
ㄅㄚ˙-ㄦˇ-ㄇㄛˋ	琶爾莫	-7.04116568	acg
ㄧㄥ-ㄦˋ	瑛二	-7.17149945	acg
ㄖㄨㄟˋ-ㄐㄧㄝˊ-ㄊㄚˇ	瑞傑塔	-7.04116568	acg
ㄖㄨㄟˋ-ㄎㄜˋ	瑞克	-7.17149945	acg
ㄖㄨㄟˋ-ㄉㄧㄢˇ-ㄅㄟˇ-ㄐㄧˊ-ㄈㄨˋ-ㄔㄡˊ-ㄓㄜˇ	瑞典北極復仇者	-5.74707439	acg
ㄖㄨㄟˋ-ㄔㄥˊ-ㄧㄚˇ-ㄌㄧˋ-ㄙ	瑞城亞利絲	-6.17843815	acg
ㄖㄨㄟˋ-ㄉㄜˊ-ㄈㄨˊ-ㄉㄜˊ	瑞德弗德	-6.60980192	acg
ㄖㄨㄟˋ-ㄉㄜˊ-ㄩㄢˋ-ㄓㄤˇ	瑞德院長	-6.60980192	acg
ㄖㄨㄟˋ-ㄣ	瑞恩	-7.17149945	acg
ㄖㄨㄟˋ-ㄑㄩˇ-ㄓ-ㄓㄢˋ	瑞曲之戰	-6.60980192	acg
ㄖㄨㄟˋ-ㄊㄜˋ	瑞特	-7.17149945	acg
ㄖㄨㄟˋ-ㄑㄧㄡ	瑞秋	-7.17149945	acg
ㄖㄨㄟˋ-ㄕㄚ	瑞莎	-7.17149945	acg
ㄖㄨㄟˋ-ㄨㄣˊ	瑞雯	-7.17149945	acg
ㄖㄨㄟˋ-ㄈㄥˋ	瑞鳳	-7.17149945	acg
ㄙㄜˋ-ㄒㄧ	瑟希	-7.17149945	acg
ㄙㄜˋ-ㄉㄨˋ-ㄕㄚ	瑟杜莎	-7.04116568	acg
ㄙㄜˋ-ㄈㄣ	瑟芬	-7.17149945	acg
ㄙㄜˋ-ㄌㄚ-ㄈㄣ	瑟菈紛	-7.04116568	acg
ㄙㄜˋ-ㄌㄟˊ-ㄒㄧ	瑟雷西	-7.04116568	acg
ㄙㄜˋ-ㄌㄟˊ-ㄉㄧˊ	瑟雷迪	-7.04116568	acg
ㄙㄜˋ-ㄌㄟˊ-ㄉㄧˊ-ㄎㄜˋ-ㄌㄞˊ-ㄙ-ㄌㄜˋ	瑟雷迪克萊斯勒	-5.74707439	acg
ㄙㄜˋ-ㄌㄨˇ	瑟魯	-7.17149945	acg
ㄌㄧㄡˊ-ㄌㄧˊ-ㄔㄨㄢ-ㄗㄨˇ	瑠璃川祖	-6.60980192	acg
ㄇㄚˇ-ㄌㄧˋ-ㄧㄚˇ-ㄅㄟˋ-ㄦˇ	瑪利亞貝爾	-6.17843815	acg
ㄇㄚˇ-ㄌㄧˋ-ㄡ-ㄌㄜˋ-ㄩㄢˊ	瑪利歐樂園	-6.17843815	acg
ㄇㄚˇ-ㄌㄧˋ-ㄡ-ㄆㄞˋ-ㄉㄨㄟˋ	瑪利歐派對	-6.17843815	acg
ㄇㄚˇ-ㄌㄧˋ-ㄡ-ㄙㄞˋ-ㄔㄜ	瑪利歐賽車	-6.17843815	acg
ㄇㄚˇ-ㄌㄧˋ-ㄡ-ㄙㄞˋ-ㄔㄜ-ㄒㄩㄣˊ-ㄏㄨㄟˊ-ㄙㄞˋ	瑪利歐賽車巡迴賽	-5.74707439	acg
ㄇㄚˇ-ㄌㄧˋ-ㄡ-ㄧ-ㄕㄥ	瑪利歐醫生	-6.17843815	acg
ㄇㄚˇ-ㄌㄧˋ-ㄡ-ㄧ-ㄕㄥ-ㄕˋ-ㄐㄧㄝˋ	瑪利歐醫生世界	-5.74707439	acg
ㄇㄚˇ-ㄌㄧˋ-ㄡ-ㄧ-ㄕㄥ-ㄩˇ-ㄇㄧㄢˋ-ㄅㄢˇ-ㄈㄤ-ㄎㄨㄞˋ	瑪利歐醫生與面板方塊	-5.74707439	acg
ㄇㄚˇ-ㄌㄧˋ-ㄌㄨˋ	瑪力露	-7.04116568	acg
ㄇㄚˇ-ㄌㄧˋ-ㄌㄨˋ-ㄌㄧˊ	瑪力露麗	-6.60980192	acg
ㄇㄚˇ-ㄎㄚˇ-ㄌㄨㄛˋ-ㄋㄧˊ-ㄧㄚˇ	瑪卡洛尼亞	-6.17843815	acg
ㄇㄚˇ-ㄎㄚˇ-ㄖㄨㄟˋ	瑪卡瑞	-7.04116568	acg
ㄇㄚˇ-ㄏㄚ-ㄋㄧˊ-ㄧㄚˇ	瑪哈尼亞	-6.60980192	acg
ㄇㄚˇ-ㄐㄧ	瑪基	-7.17149945	acg
ㄇㄚˇ-ㄊㄚˇ	瑪塔	-7.17149945	acg
ㄇㄚˇ-ㄒㄧㄚˋ-ㄉㄨㄛ	瑪夏多	-7.04116568	acg
ㄇㄚˇ-ㄋㄧˊ	瑪妮	-7.17149945	acg
ㄇㄚˇ-ㄇㄨˇ-ㄙ-ㄊㄧㄥ	瑪姆斯汀	-6.60980192	acg
ㄇㄚˇ-ㄐㄧ-ㄌㄨˋ-ㄉㄚˊ	瑪姬路達	-6.60980192	acg
ㄇㄚˇ-ㄌㄩˋ-ㄎㄜˋ-ㄋㄧˊ	瑪律克尼	-6.60980192	acg
ㄇㄚˇ-ㄉㄜˊ-ㄌㄚ-ㄙ	瑪德拉絲	-6.60980192	acg
ㄇㄚˇ-ㄉㄜˊ-ㄌㄧㄢˊ	瑪德蓮	-7.04116568	acg
ㄇㄚˇ-ㄑㄧㄚˋ-ㄌㄨㄛˊ-ㄋㄨˊ	瑪恰蘿奴	-6.60980192	acg
ㄇㄚˇ-ㄍㄜˊ-ㄏㄚ	瑪格哈	-7.04116568	acg
ㄇㄚˇ-ㄍㄜˊ-ㄉㄚˊ-ㄌㄧㄢˊ-ㄋㄚˋ	瑪格達蓮娜	-6.17843815	acg
ㄇㄚˇ-ㄍㄜˊ-ㄌㄧˊ-ㄊㄚˇ	瑪格麗塔	-6.60980192	acg
ㄇㄚˇ-ㄐㄧ-ㄧㄚˇ-ㄋㄚˋ	瑪機雅娜	-6.60980192	acg
ㄇㄚˇ-ㄌㄨㄛˋ-ㄕˋ	瑪洛士	-7.04116568	acg
ㄇㄚˇ-ㄌㄨㄛˋ-ㄇㄟˇ	瑪洛美	-7.04116568	acg
ㄇㄚˇ-ㄦˇ-ㄎㄚˇ-ㄌㄧˋ	瑪爾卡莉	-6.60980192	acg
ㄇㄚˇ-ㄦˇ-ㄑㄧˊ-ㄊㄜˋ	瑪爾琪特	-6.60980192	acg
ㄇㄚˇ-ㄦˇ-ㄙ	瑪爾絲	-7.04116568	acg
ㄇㄚˇ-ㄌㄧㄡˊ	瑪琉	-7.17149945	acg
ㄇㄚˇ-ㄑㄧˊ	瑪琪	-7.17149945	acg
ㄇㄚˇ-ㄌㄧㄣˊ-ㄆㄛˊ-ㄆㄛ˙	瑪琳婆婆	-6.60980192	acg
ㄇㄚˇ-ㄋㄠˇ-ㄕㄨㄟˇ-ㄇㄨˇ	瑪瑙水母	-6.60980192	acg
ㄇㄚˇ-ㄨㄚˇ-ㄒㄩˇ	瑪瓦許	-7.04116568	acg
ㄇㄚˇ-ㄋㄚˋ-ㄌㄧˊ	瑪納麗	-7.04116568	acg
ㄇㄚˇ-ㄞˋ-ㄙ-ㄊㄨㄛ-ㄌㄨㄛˋ	瑪艾斯托洛	-6.17843815	acg
ㄇㄚˇ-ㄇㄛˋ	瑪茉	-7.17149945	acg
ㄇㄚˇ-ㄏㄜˊ-ㄌㄧˋ-ㄧㄚˇ	瑪荷莉雅	-6.60980192	acg
ㄇㄚˇ-ㄌㄧˋ-ㄧㄚˇ-ㄉㄜ˙-ㄋㄧㄥˊ-ㄨㄤˋ	瑪莉亞的凝望	-5.74707439	acg
ㄇㄚˇ-ㄌㄧˋ-ㄍㄜ-ㄉㄜˊ	瑪莉哥德	-6.60980192	acg
ㄇㄚˇ-ㄌㄧˋ-ㄢ-ㄊㄤˊ-ㄋㄧˊ	瑪莉安唐妮	-6.17843815	acg
ㄇㄚˇ-ㄌㄧˋ-ㄢ-ㄋㄚˋ	瑪莉安娜	-6.60980192	acg
ㄇㄚˇ-ㄌㄧˋ-ㄇㄟˊ-ㄧㄚˇ	瑪莉梅亞	-6.60980192	acg
ㄇㄚˇ-ㄌㄧˋ-ㄅㄟˋ-ㄦˇ	瑪莉蓓爾	-6.60980192	acg
ㄇㄚˇ-ㄌㄧˋ-ㄌㄧㄢˊ-ㄊㄧㄢˇ-ㄊㄧㄢˇ-ㄕㄡˋ	瑪莉蓮舔舔獸	-5.74707439	acg
ㄇㄚˇ-ㄍㄜˇ	瑪葛	-7.17149945	acg
ㄇㄚˇ-ㄑㄧㄡˊ-ㄧㄚˇ	瑪裘亞	-7.04116568	acg
ㄇㄚˇ-ㄒㄧ	瑪西	-7.17149945	acg
ㄇㄚˇ-ㄒㄧ-ㄧㄚˋ-ㄍㄨ-ㄦˊ-ㄩㄢˋ	瑪西亞孤兒院	-5.74707439	acg
ㄇㄚˇ-ㄅㄟˋ-ㄊㄜˋ	瑪貝特	-7.04116568	acg
ㄇㄚˇ-ㄋㄨㄥˊ	瑪農	-7.17149945	acg
ㄇㄚˇ-ㄐㄧㄚ-ㄊㄧˊ-ㄧㄚˇ-ㄔㄥˊ	瑪迦提亞城	-6.17843815	acg
ㄇㄚˇ-ㄧㄚˇ-ㄩˇ-ㄙㄢ-ㄐㄧㄢˋ-ㄎㄜˋ	瑪雅與三劍客	-5.74707439	acg
ㄇㄚˇ-ㄌㄟˊ	瑪雷	-7.17149945	acg
ㄇㄚˇ-ㄌㄟˊ-ㄐㄧㄝˋ-ㄓˇ	瑪雷戒指	-6.60980192	acg
ㄇㄚˇ-ㄌㄨˇ-ㄐㄧㄚ-ㄇㄨˇ	瑪魯加姆	-6.60980192	acg
ㄇㄚˇ-ㄌㄨˇ-ㄇㄛˋ	瑪魯莫	-7.04116568	acg
ㄇㄚˇ-ㄌㄧˋ-ㄧ-ㄉㄢ	瑪麗伊丹	-6.60980192	acg
ㄇㄚˇ-ㄌㄧˋ-ㄑㄧㄠˊ	瑪麗喬	-7.04116568	acg
ㄇㄚˇ-ㄌㄧˋ-ㄢ	瑪麗安	-7.04116568	acg
ㄌㄧˊ-ㄇㄛˋ	璃茉	-7.17149945	acg
ㄌㄧˊ-ㄧㄣ	璃音	-7.17149945	acg
ㄏㄨㄢˊ-ㄋㄞˋ	環奈	-7.17149945	acg
ㄏㄨㄢˊ-ㄘㄞˇ-ㄩˇ	環彩羽	-7.04116568	acg
ㄑㄩㄥˊ-ㄙ-ㄇㄨˋ-ㄕ	瓊斯牧師	-6.60980192	acg
ㄍㄨㄚ-ㄉㄜˊ	瓜德	-7.17149945	acg
ㄏㄨˋ-ㄨㄢˊ	瓠丸	-7.17149945	acg
ㄨㄚˇ-ㄨㄢˊ	瓦丸	-7.17149945	acg
ㄨㄚˇ-ㄌㄨㄣˊ-ㄊㄧˊ-ㄋㄨㄛˋ	瓦倫提諾	-6.60980192	acg
ㄨㄚˇ-ㄌㄨㄣˊ-ㄊㄧˊ-ㄋㄨㄛˋ-ㄏㄨㄟˋ	瓦倫提諾會	-6.17843815	acg
ㄨㄚˇ-ㄌㄨㄣˊ-ㄉㄧˋ-ㄧㄚˇ	瓦倫蒂亞	-6.60980192	acg
ㄨㄚˇ-ㄐㄧㄝˊ	瓦傑	-7.17149945	acg
ㄨㄚˇ-ㄌㄧˋ-ㄧㄚˇ	瓦利亞	-7.04116568	acg
ㄨㄚˇ-ㄌㄧˋ-ㄡ-ㄍㄨㄥ-ㄈㄤ	瓦利歐工坊	-6.17843815	acg
ㄨㄚˇ-ㄌㄧˋ-ㄡ-ㄌㄜˋ-ㄩㄢˊ	瓦利歐樂園	-6.17843815	acg
ㄨㄚˇ-ㄌㄧˋ	瓦力	-7.17149945	acg
ㄨㄚˇ-ㄌㄜˋ-ㄙ	瓦勒斯	-7.04116568	acg
ㄨㄚˇ-ㄎㄚˇ-ㄅㄨˋ-ㄌㄚ-ㄉㄚˊ	瓦卡布拉達	-6.17843815	acg
ㄨㄚˇ-ㄧˊ-ㄆㄚˋ	瓦夷帕	-7.04116568	acg
ㄨㄚˇ-ㄑㄧˊ	瓦奇	-7.17149945	acg
ㄨㄚˇ-ㄋㄧˊ-ㄌㄚ	瓦妮菈	-7.04116568	acg
ㄨㄚˇ-ㄢ-ㄊㄜˋ	瓦安特	-7.04116568	acg
ㄨㄚˇ-ㄍㄢ-ㄉㄚˊ	瓦干達	-7.04116568	acg
ㄨㄚˇ-ㄉㄜˊ	瓦德	-7.17149945	acg
ㄨㄚˇ-ㄌㄚ-ㄋㄟˋ	瓦拉內	-7.04116568	acg
ㄨㄚˇ-ㄙ-ㄊㄧˊ	瓦斯提	-7.04116568	acg
ㄨㄚˇ-ㄙ-ㄐㄧㄥ-ㄌㄧㄢˋ-ㄔㄤˇ	瓦斯精煉廠	-6.17843815	acg
ㄨㄚˇ-ㄙ-ㄘㄨㄟˋ-ㄑㄩˇ-ㄔㄠˊ	瓦斯萃取巢	-6.17843815	acg
ㄨㄚˇ-ㄙ-ㄔㄨˇ-ㄌㄧˇ-ㄔㄤˇ	瓦斯處理廠	-6.17843815	acg
ㄨㄚˇ-ㄎㄨㄣ	瓦昆	-7.17149945	acg
ㄨㄚˇ-ㄦˇ-ㄐㄧ-ㄌㄧˇ-ㄕㄡˋ	瓦爾基里獸	-6.17843815	acg
ㄨㄚˇ-ㄦˇ-ㄈㄨ	瓦爾夫	-7.04116568	acg
ㄨㄚˇ-ㄦˇ-ㄑㄧˊ-ㄌㄧˋ	瓦爾奇利	-6.60980192	acg
ㄨㄚˇ-ㄦˇ-ㄅㄚ-ㄌㄚ-ㄉㄜˊ	瓦爾巴拉德	-6.17843815	acg
ㄨㄚˇ-ㄦˇ-ㄉㄜˊ-ㄕㄡˋ	瓦爾德獸	-6.60980192	acg
ㄨㄚˇ-ㄦˇ-ㄊㄧˊ-ㄡ-ㄌㄧㄡˊ	瓦爾提歐流	-6.17843815	acg
ㄨㄚˇ-ㄦˇ-ㄍㄜˊ-ㄕㄡˋ	瓦爾格獸	-6.60980192	acg
ㄨㄚˇ-ㄊㄜˋ-ㄦˇ	瓦特爾	-7.04116568	acg
ㄨㄚˇ-ㄋㄚˋ-ㄉㄧˊ-ㄙ	瓦納迪斯	-6.60980192	acg
ㄨㄚˇ-ㄌㄨㄛˊ-ㄖㄢˊ	瓦羅然	-7.04116568	acg
ㄨㄚˇ-ㄌㄨㄛˊ-ㄖㄢˊ-ㄓ-ㄉㄨㄣˋ	瓦羅然之盾	-6.17843815	acg
ㄨㄚˇ-ㄌㄨㄛˊ-ㄖㄢˊ-ㄔㄥˊ-ㄕˋ-ㄍㄨㄥ-ㄩㄢˊ	瓦羅然城市公園	-5.74707439	acg
ㄨㄚˇ-ㄌㄟˇ	瓦蕾	-7.17149945	acg
ㄨㄚˇ-ㄒㄩˇ	瓦許	-7.17149945	acg
ㄨㄚˇ-ㄒㄩˇ-ㄧ-ㄦˇ	瓦許伊爾	-6.60980192	acg
ㄨㄚˇ-ㄉㄡˋ-ㄌㄨˇ-ㄉㄨˇ	瓦豆魯篤	-6.60980192	acg
ㄨㄚˇ-ㄌㄨˋ-ㄧˋ-ㄐㄧˊ	瓦路易吉	-6.60980192	acg
ㄨㄚˇ-ㄌㄨㄥˊ	瓦龍	-7.17149945	acg
ㄍㄢ-ㄋㄞˇ-ㄉㄧˊ	甘乃迪	-7.04116568	acg
ㄍㄢ-ㄗㄨㄛˇ	甘佐	-7.17149945	acg
ㄍㄢ-ㄌㄧˋ-ㄒㄧㄣˋ-ㄔㄤˊ	甘利信長	-6.60980192	acg
ㄍㄢ-ㄣ	甘恩	-7.17149945	acg
ㄍㄢ-ㄕㄨ	甘舒	-7.17149945	acg
ㄍㄢ-ㄋㄨㄛˋ	甘諾	-7.17149945	acg
ㄊㄧㄢˊ-ㄇㄥˋ-ㄇㄥˋ	甜夢夢	-7.04116568	acg
ㄊㄧㄢˊ-ㄒㄧㄣ-ㄔㄨ-ㄐㄧˊ	甜心出擊	-6.60980192	acg
ㄊㄧㄢˊ-ㄒㄧㄣ-ㄅㄧㄢˋ-ㄕㄣ	甜心變身	-6.60980192	acg
ㄊㄧㄢˊ-ㄊㄧㄢˊ-ㄒㄧㄢ-ㄗˇ	甜甜仙子	-6.60980192	acg
ㄊㄧㄢˊ-ㄊㄧㄢˊ-ㄑㄩㄢ-ㄏㄜˊ-ㄌㄧㄡˊ	甜甜圈河流	-6.17843815	acg
ㄊㄧㄢˊ-ㄇㄧˋ-ㄇㄧˋ-ㄩˇ-ㄑㄧㄤ-ㄐㄧˊ-ㄓㄢˋ	甜秘密與槍擊戰	-5.74707439	acg
ㄊㄧㄢˊ-ㄇㄧˋ-ㄍㄨㄥ-ㄓㄨˇ	甜蜜公主	-6.60980192	acg
ㄊㄧㄢˊ-ㄇㄧˋ-ㄒㄧㄠˇ-ㄊㄧㄢ-ㄕˇ	甜蜜小天使	-6.17843815	acg
ㄊㄧㄢˊ-ㄇㄧˋ-ㄋㄢˊ-ㄏㄞˊ	甜蜜男孩	-6.60980192	acg
ㄊㄧㄢˊ-ㄇㄧˋ-ㄉㄜ˙-ㄔㄥˊ-ㄅㄠˇ	甜蜜的城堡	-6.17843815	acg
ㄊㄧㄢˊ-ㄉㄧㄢˇ-ㄔㄨㄥˇ-ㄨˋ	甜點寵物	-6.60980192	acg
ㄊㄧㄢˊ-ㄉㄧㄢˇ-ㄨㄤˊ-ㄍㄨㄛˊ	甜點王國	-6.60980192	acg
ㄕㄥ-ㄏㄨㄚˋ-ㄨㄟˊ-ㄐㄧ	生化危機	-6.60980192	acg
ㄕㄥ-ㄏㄨㄚˋ-ㄒㄧㄥˊ	生化型	-7.04116568	acg
ㄕㄥ-ㄏㄨㄚˋ-ㄊㄨˊ-ㄐㄧˊ-ㄉㄨㄟˋ	生化突擊隊	-6.17843815	acg
ㄕㄥ-ㄏㄨㄚˋ-ㄔㄠ-ㄖㄣˊ-ㄎㄚˇ-ㄙㄚ	生化超人卡撒	-5.74707439	acg
ㄕㄥ-ㄇㄧㄥˋ-ㄕㄡˋ	生命獸	-7.04116568	acg
ㄕㄥ-ㄇㄧㄥˋ-ㄑㄧㄡˊ	生命球	-7.04116568	acg
ㄕㄥ-ㄘㄨㄣˊ-ㄒㄧㄥˊ-ㄊㄞˋ	生存形態	-6.60980192	acg
ㄕㄥ-ㄉㄜˊ-ㄕㄨˋ-ㄕˋ	生得術式	-6.60980192	acg
ㄕㄥ-ㄍㄨㄞˋ-ㄉㄢˋ	生怪蛋	-7.04116568	acg
ㄕㄥ-ㄊㄞˋ-ㄩˋ	生態域	-7.04116568	acg
ㄕㄥ-ㄙˇ-ㄍㄜˊ-ㄉㄡˋ	生死格鬥	-6.60980192	acg
ㄕㄥ-ㄨˋ-ㄖㄣˊ	生物人	-7.04116568	acg
ㄕㄥ-ㄨˋ-ㄊㄨˊ-ㄐㄧˊ-ㄉㄨㄟˋ	生物突擊隊	-6.17843815	acg
ㄕㄥ-ㄈㄚˇ-ㄊㄢˊ	生髮彈	-7.04116568	acg
ㄔㄢˇ-ㄗˇ-ㄐㄧㄡˋ-ㄕˋ-ㄌㄨˋ	產子救世錄	-6.17843815	acg
ㄔㄢˇ-ㄐㄩㄢˋ-ㄧㄢˋ-ㄇㄧˊ	産絹彥檷	-6.60980192	acg
ㄕㄨㄞˇ-ㄌㄨㄣˊ	甩輪	-7.17149945	acg
ㄊㄧㄢˊ-ㄓㄨㄥ-ㄧ	田中一	-7.04116568	acg
ㄊㄧㄢˊ-ㄓㄨㄥ-ㄐㄧㄢˋ-ㄙㄢ	田中健三	-6.60980192	acg
ㄊㄧㄢˊ-ㄓㄨㄥ-ㄒㄧㄢ-ㄕㄥ	田中先生	-6.60980192	acg
ㄊㄧㄢˊ-ㄓㄨㄥ-ㄢ-ㄒㄩㄥˊ	田中安雄	-6.60980192	acg
ㄊㄧㄢˊ-ㄓㄨㄥ-ㄧㄥ	田中櫻	-7.04116568	acg
ㄊㄧㄢˊ-ㄕㄢ-ㄗ-ㄩㄝˋ	田山資悅	-6.60980192	acg
ㄊㄧㄢˊ-ㄉㄠˇ-ㄊㄧㄢ-ㄗˇ	田島天子	-6.60980192	acg
ㄊㄧㄢˊ-ㄘㄨㄣ-ㄏㄡˋ-ㄕˇ	田村厚史	-6.60980192	acg
ㄊㄧㄢˊ-ㄊㄧㄢˊ-ㄐㄧㄚ-ㄇㄧㄠˊ	田畑佳苗	-6.60980192	acg
ㄧㄡˊ-ㄉㄠˇ-ㄡ-ㄒㄩˇ	由嶌歐許	-6.60980192	acg
ㄧㄡˊ-ㄌㄚ	由拉	-7.17149945	acg
ㄧㄡˊ-ㄅㄧˇ-ㄏㄜˋ-ㄋㄞˇ	由比鶴乃	-6.60980192	acg
ㄧㄡˊ-ㄌㄧˋ	由莉	-7.17149945	acg
ㄧㄡˊ-ㄌㄧˋ-ㄧㄝˊ-ㄦˊ	由莉耶兒	-6.60980192	acg
ㄧㄡˊ-ㄋㄨㄛˋ-ㄧㄚˋ	由諾婭	-7.04116568	acg
ㄧㄡˊ-ㄍㄨㄟˋ-ㄓㄣ-ㄌㄧˇ-ㄞˋ	由貴真里愛	-6.17843815	acg
ㄧㄡˊ-ㄌㄧˇ-ㄨ-ㄙ	由里烏斯	-6.60980192	acg
ㄐㄧㄚˇ-ㄅㄢˇ-ㄌㄨㄥˊ-ㄕㄡˋ	甲板龍獸	-6.60980192	acg
ㄐㄧㄚˇ-ㄔㄨㄥˊ-ㄕˋ	甲蟲式	-7.04116568	acg
ㄐㄧㄚˇ-ㄏㄜˋ-ㄕㄡˋ	甲賀獸	-7.04116568	acg
ㄐㄧㄚˇ-ㄌㄨㄥˊ-ㄕㄡˋ	甲龍獸	-7.04116568	acg
ㄕㄣ-ㄍㄨˇ-ㄐㄧㄝˋ	申谷誡	-7.04116568	acg
ㄋㄢˊ-ㄋㄩˇ-ㄑㄧㄠ-ㄑㄧㄠ-ㄅㄢˇ	男女蹺蹺板	-6.17843815	acg
ㄋㄢˊ-ㄈㄨˊ-ㄨˋ-ㄕㄥ	男服務生	-6.60980192	acg
ㄐㄧㄝˋ-ㄈㄨˊ-ㄏㄜˊ	界伏盒	-7.04116568	acg
ㄐㄧㄝˋ-ㄈㄨˊ-ㄅㄤˋ	界伏蚌	-7.04116568	acg
ㄊㄧㄢˊ-ㄗㄨㄥ-ㄉㄜˊ	畑宗德	-7.04116568	acg
ㄆㄢˋ-ㄕㄤˋ-ㄓㄨㄥ-ㄋㄢˊ	畔上忠男	-6.60980192	acg
ㄌㄧㄡˊ-ㄉㄚˊ-ㄙ	留達斯	-7.04116568	acg
ㄅㄧˋ-ㄍㄨˇ	畢古	-7.17149945	acg
ㄅㄧˋ-ㄊㄚˇ-ㄉㄨㄛ	畢塔多	-7.04116568	acg
ㄅㄧˋ-ㄒㄧㄚˋ-ㄆㄨˇ	畢夏普	-7.04116568	acg
ㄅㄧˋ-ㄢ-ㄎㄚˇ	畢安卡	-7.04116568	acg
ㄅㄧˋ-ㄌㄨㄛˋ-ㄨㄚˊ	畢洛娃	-7.04116568	acg
ㄅㄧˋ-ㄦˇ-ㄙ	畢爾斯	-7.04116568	acg
ㄅㄧˋ-ㄌㄟˊ	畢雷	-7.17149945	acg
ㄈㄢ-ㄐㄧㄢˋ-ㄘˋ	番健次	-7.04116568	acg
ㄈㄢ-ㄊㄞˊ-ㄨㄚ	番台蛙	-7.04116568	acg
ㄈㄢ-ㄔㄤˊ-ㄉㄡˋ-ㄉㄡˋ-ㄕㄡˋ	番長豆豆獸	-6.17843815	acg
ㄧˋ-ㄕˋ-ㄐㄧㄝˋ-ㄙˋ-ㄔㄨㄥˊ-ㄗㄡˋ	異世界四重奏	-5.74707439	acg
ㄧˋ-ㄏㄨㄚˋ-ㄔㄨㄥˊ	異化蟲	-7.04116568	acg
ㄧˋ-ㄩˋ-ㄔㄨㄢˊ-ㄕㄨㄛ	異域傳說	-6.60980192	acg
ㄧˋ-ㄩˋ-ㄒㄧㄥˊ	異域型	-7.04116568	acg
ㄧˋ-ㄩˋ-ㄊㄧㄢ-ㄕˇ	異域天使	-6.60980192	acg
ㄧˋ-ㄩˋ-ㄐㄧㄥ-ㄌㄧㄥˊ	異域精靈	-6.60980192	acg
ㄧˋ-ㄩˋ-ㄒㄧˋ-ㄌㄧㄝˋ	異域系列	-6.60980192	acg
ㄧˋ-ㄩˋ-ㄅㄚˋ-ㄓㄜˇ	異域霸者	-6.60980192	acg
ㄧˋ-ㄉㄨˋ-ㄕㄣˊ-ㄐㄧㄢˋ	異度神劍	-6.60980192	acg
ㄧˋ-ㄍㄨㄥ-ㄉㄨㄟˋ	異攻隊	-7.04116568	acg
ㄧˋ-ㄒㄧㄥ-ㄓㄢˋ-ㄕˋ	異星戰士	-6.60980192	acg
ㄧˋ-ㄊㄜˋ-ㄌㄨㄥˊ-ㄕㄡˋ	異特龍獸	-6.60980192	acg
ㄧˋ-ㄉㄨㄢ-ㄨ-ㄧ	異端巫醫	-6.60980192	acg
ㄧˋ-ㄉㄨㄢ-ㄍㄤ-ㄉㄢˋ	異端鋼彈	-6.60980192	acg
ㄧˋ-ㄋㄥˊ-ㄒㄧㄣ-ㄕˋ-ㄐㄧˋ	異能新世紀	-6.17843815	acg
ㄧˋ-ㄔㄨㄥˊ	異蟲	-7.17149945	acg
ㄧˋ-ㄕㄨㄛ-ㄐㄩˋ-ㄌㄜˋ-ㄅㄨˋ-ㄏㄨㄟ-ㄓㄤ	異說俱樂部徽章	-5.74707439	acg
ㄧˋ-ㄌㄧㄥˊ	異靈	-7.17149945	acg
ㄧˋ-ㄌㄧㄥˊ-ㄍㄤ-ㄉㄢˋ	異靈鋼彈	-6.60980192	acg
ㄧˋ-ㄇㄛˊ-ㄖㄣˊ	異魔人	-7.04116568	acg
ㄉㄤ-ㄅㄨˋ-ㄔㄥˊ-ㄇㄛˊ-ㄈㄚˇ-ㄕ-ㄉㄜ˙-ㄋㄩˇ-ㄏㄞˊ	當不成魔法師的女孩	-5.74707439	acg
ㄉㄤ-ㄏㄨㄥˊ-ㄧㄠ-ㄋㄢˊ	當紅妖男	-6.60980192	acg
ㄐㄧ-ㄧㄤ	畿央	-7.17149945	acg
ㄉㄧㄝˊ-ㄓˇ-ㄨㄤˇ-ㄌㄨㄛˋ	疊紙網絡	-6.60980192	acg
ㄆㄧˇ-ㄕㄚ-ㄉㄧˋ-ㄗㄤˋ	疋殺地蔵	-6.60980192	acg
ㄐㄧˊ-ㄈㄥ	疾瘋	-7.17149945	acg
ㄐㄧˊ-ㄊㄧㄥˊ	疾蜓	-7.17149945	acg
ㄐㄧˊ-ㄆㄠˇ	疾跑	-7.17149945	acg
ㄐㄧˊ-ㄙㄨˋ-ㄈㄨˇ-ㄊㄡ˙	疾速斧頭	-6.60980192	acg
ㄐㄧˊ-ㄙㄨˋ-ㄧㄢˇ-ㄐㄧㄥˋ-ㄕㄜˊ	疾速眼鏡蛇	-6.17843815	acg
ㄐㄧˊ-ㄙㄨˋ-ㄈㄨˋ-ㄕㄜˊ	疾速蝮蛇	-6.60980192	acg
ㄐㄧˊ-ㄈㄥ-ㄖㄣˊ-ㄌㄤˊ	疾風人狼	-6.60980192	acg
ㄐㄧˊ-ㄈㄥ-ㄓㄢˋ-ㄕˋ	疾風戰士	-6.60980192	acg
ㄐㄧˊ-ㄈㄥ-ㄅㄠˋ-ㄌㄨㄥˊ	疾風暴龍	-6.60980192	acg
ㄐㄧˊ-ㄈㄥ-ㄕㄨㄟˇ-ㄆㄧㄥˊ	疾風水瓶	-6.60980192	acg
ㄐㄧˊ-ㄈㄥ-ㄏㄨㄚˊ-ㄒㄩㄝˇ-ㄅㄢˇ	疾風滑雪板	-6.17843815	acg
ㄐㄧˊ-ㄈㄥ-ㄋㄧㄡˊ-ㄊㄡˊ-ㄖㄣˊ	疾風牛頭人	-6.17843815	acg
ㄐㄧˊ-ㄈㄥ-ㄎㄨㄤˊ-ㄈㄥ	疾風狂蜂	-6.60980192	acg
ㄐㄧˊ-ㄈㄥ-ㄌㄧㄝˋ-ㄧㄥ	疾風獵鷹	-6.60980192	acg
ㄐㄧˊ-ㄈㄥ-ㄓ-ㄓㄨ	疾風蜘蛛	-6.60980192	acg
ㄐㄧˊ-ㄈㄥ-ㄅㄧㄢ-ㄈㄨˊ	疾風蝙蝠	-6.60980192	acg
ㄐㄧˊ-ㄈㄥ-ㄊㄤˊ-ㄌㄤˊ	疾風螳螂	-6.60980192	acg
ㄐㄧˊ-ㄈㄥ-ㄌㄨˋ-ㄍㄨㄟ	疾風陸龜	-6.60980192	acg
ㄐㄧˊ-ㄈㄥ-ㄇㄛˊ-ㄍㄣ	疾風魔根	-6.60980192	acg
ㄐㄧˊ-ㄉㄡˋ	疾鬥	-7.17149945	acg
ㄅㄧㄥˋ-ㄉㄨˊ-ㄕㄡˋ	病毒獸	-7.04116568	acg
ㄆㄧˇ-ㄗ˙-ㄇㄟˋ	痞子妹	-7.04116568	acg
ㄆㄧˇ-ㄗ˙-ㄇㄟˋ-ㄅㄧˋ-ㄕㄚ-ㄐㄧˋ	痞子妹必殺技	-5.74707439	acg
ㄆㄧˇ-ㄉㄜˊ	痞德	-7.17149945	acg
ㄈㄥ-ㄗ˙-ㄅㄤ	瘋子幫	-7.04116568	acg
ㄈㄥ-ㄎㄨㄤˊ-ㄐㄧ-ㄧㄣ-ㄧㄠˋ-ㄕㄨㄟˇ	瘋狂基因藥水	-5.74707439	acg
ㄈㄥ-ㄎㄨㄤˊ-ㄐㄧˋ-ㄔㄥˊ-ㄔㄜ	瘋狂計程車	-6.17843815	acg
ㄌㄧㄠˊ-ㄊㄧㄢ-ㄕˇ-ㄍㄤ-ㄉㄢˋ	療天使鋼彈	-6.17843815	acg
ㄅㄧㄝˇ-ㄙˋ-ㄩˇ-ㄉㄚˋ-ㄊㄡˊ-ㄉㄢˋ	癟四與大頭蛋	-5.74707439	acg
ㄧㄤˇ-ㄧㄤˇ-ㄍㄨㄞˋ	癢癢怪	-7.04116568	acg
ㄉㄥ-ㄅㄟˋ-ㄧ	登貝伊	-7.04116568	acg
ㄈㄚ-ㄊㄧㄠˊ-ㄔㄥˊ-ㄌㄧˋ-ㄒㄧㄢˇ-ㄐㄧˋ	發條城歷險記	-5.74707439	acg
ㄈㄚ-ㄊㄧㄠˊ-ㄏㄨㄚ-ㄉㄜ˙-ㄆㄚˋ-ㄈㄢˊ-ㄨˇ-ㄑㄩˇ	發條花的帕凡舞曲	-5.74707439	acg
ㄅㄞˊ-ㄐㄧㄝˊ-ㄎㄜˋ	白傑克	-7.04116568	acg
ㄅㄞˊ-ㄩㄣˇ-ㄏㄠˋ	白允浩	-7.04116568	acg
ㄅㄞˊ-ㄊㄨˋ-ㄨㄢˊ-ㄡˇ	白兔玩偶	-6.60980192	acg
ㄅㄞˊ-ㄖㄨˋ-ㄉㄨㄥˋ	白入洞	-7.04116568	acg
ㄅㄞˊ-ㄏㄨㄤˊ	白凰	-7.17149945	acg
ㄅㄞˊ-ㄅㄢˇ-ㄒㄧㄠˇ-ㄇㄟˊ	白坂小梅	-6.60980192	acg
ㄅㄞˊ-ㄧㄝˋ-ㄊㄨㄢˊ	白夜團	-7.04116568	acg
ㄅㄞˊ-ㄧㄝˋ-ㄏㄠˋ	白夜號	-7.04116568	acg
ㄅㄞˊ-ㄔㄨㄢ-ㄊㄚˋ-ㄧㄝˇ	白川拓也	-6.60980192	acg
ㄅㄞˊ-ㄔㄨㄢ-ㄇㄟˇ-ㄅㄠˇ	白川美保	-6.60980192	acg
ㄅㄞˊ-ㄆㄠ-ㄆㄠ-ㄑㄧㄢ-ㄐㄧㄣ	白拋拋千金	-6.17843815	acg
ㄅㄞˊ-ㄙ-ㄌㄜˋ	白斯勒	-7.04116568	acg
ㄅㄞˊ-ㄇㄨˋ-ㄓㄨㄥ-ㄓˊ	白木忠直	-6.60980192	acg
ㄅㄞˊ-ㄌㄧㄡˇ-ㄍㄨㄥ	白柳弓	-7.04116568	acg
ㄅㄞˊ-ㄕ-ㄕㄡˋ	白獅獸	-7.04116568	acg
ㄅㄞˊ-ㄏㄨㄤˊ-ㄙㄢ-ㄖㄣˊ-ㄋㄧㄤˊ	白皇三人娘	-6.17843815	acg
ㄅㄞˊ-ㄕˊ-ㄒㄧㄥˋ	白石杏	-7.04116568	acg
ㄅㄞˊ-ㄕˊ-ㄇㄧㄣˊ-ㄗˇ	白石民子	-6.60980192	acg
ㄅㄞˊ-ㄕˊ-ㄐㄧㄝˊ-ㄩㄝˋ	白石結月	-6.60980192	acg
ㄅㄞˊ-ㄒㄧㄤ	白箱	-7.17149945	acg
ㄅㄞˊ-ㄧㄤˊ-ㄕㄡˋ	白羊獸	-7.04116568	acg
ㄅㄞˊ-ㄙㄜˋ-ㄕˊ-ㄗˋ-ㄐㄧㄚˋ	白色十字架	-6.17843815	acg
ㄅㄞˊ-ㄙㄜˋ-ㄐㄧ-ㄉㄧˋ	白色基地	-6.60980192	acg
ㄅㄞˊ-ㄙㄜˋ-ㄌㄧㄠˊ-ㄧㄚˊ	白色獠牙	-6.60980192	acg
ㄅㄞˊ-ㄙㄜˋ-ㄏㄨㄚ-ㄅㄢˋ-ㄆㄧㄠ-ㄨˇ-ㄉㄜ˙-ㄕㄢ-ㄍㄨˇ	白色花瓣飄舞的山谷	-5.74707439	acg
ㄅㄞˊ-ㄙㄜˋ-ㄇㄛˊ-ㄋㄩˇ	白色魔女	-6.60980192	acg
ㄅㄞˊ-ㄏㄨㄚ-ㄑㄧㄢ-ㄐㄧㄣ	白花千津	-6.60980192	acg
ㄅㄞˊ-ㄐㄩˊ-ㄧㄥˊ	白菊螢	-7.04116568	acg
ㄅㄞˊ-ㄏㄨˇ-ㄙˋ-ㄌㄤˊ	白虎四郎	-6.60980192	acg
ㄅㄞˊ-ㄅㄧㄣ-ㄋㄨㄛˋ	白賓諾	-7.04116568	acg
ㄅㄞˊ-ㄐㄧㄣ-ㄓ-ㄒㄧㄥ	白金之星	-6.60980192	acg
ㄅㄞˊ-ㄐㄧㄣ-ㄊㄞˋ-ㄊㄞˋ	白金太太	-6.60980192	acg
ㄅㄞˊ-ㄐㄧㄣ-ㄇㄧˊ-ㄍㄨㄥ	白金迷宮	-6.60980192	acg
ㄅㄞˊ-ㄐㄧㄣ-ㄒㄩㄝˇ	白金雪	-7.04116568	acg
ㄅㄞˊ-ㄐㄧㄣ-ㄅㄧˊ-ㄊㄧˋ-ㄕㄡˋ	白金鼻涕獸	-6.17843815	acg
ㄅㄞˊ-ㄧㄣˊ-ㄏㄠˋ-ㄔㄨㄢˊ-ㄓㄤˇ	白銀號船長	-6.17843815	acg
ㄅㄞˊ-ㄧㄣˊ-ㄕˋ-ㄇㄥˊ	白銀誓盟	-6.60980192	acg
ㄅㄞˊ-ㄒㄩㄝˇ-ㄓ-ㄆㄟˋ	白雪之珮	-6.60980192	acg
ㄅㄞˊ-ㄒㄩㄝˇ-ㄍㄨㄥ-ㄓㄨˇ-ㄑㄧㄢˊ-ㄗㄡˋ-ㄑㄩˇ	白雪公主前奏曲	-5.74707439	acg
ㄅㄞˊ-ㄒㄩㄝˇ-ㄑㄧㄢ-ㄧㄝˋ	白雪千夜	-6.60980192	acg
ㄅㄞˊ-ㄍㄨˇ-ㄈㄨ-ㄖㄣˊ	白骨夫人	-6.60980192	acg
ㄅㄞˊ-ㄐㄧㄥ-ㄏㄠˋ	白鯨號	-7.04116568	acg
ㄅㄞˊ-ㄋㄧㄠˇ-ㄒㄩㄣˊ	白鳥旬	-7.04116568	acg
ㄅㄞˊ-ㄋㄧㄠˇ-ㄕㄚ-ㄌㄨㄛˊ	白鳥沙羅	-6.60980192	acg
ㄅㄞˊ-ㄐㄧㄡ-ㄨˇ-ㄗˇ	白鳩舞子	-6.60980192	acg
ㄅㄞˊ-ㄏㄜˋ-ㄅㄠˋ-ㄣ-ㄕㄠˋ-ㄋㄩˇ	白鶴報恩少女	-5.74707439	acg
ㄅㄞˊ-ㄏㄜˋ-ㄨㄤˊ-ㄗˇ	白鶴王子	-6.60980192	acg
ㄅㄞˊ-ㄌㄨˋ-ㄔㄥˊ-ㄌㄟˋ	白鷺城類	-6.60980192	acg
ㄅㄞˊ-ㄌㄨㄢˊ	白鸞	-7.17149945	acg
ㄅㄞˇ-ㄓ-ㄍㄨˇ-ㄐㄧㄚˋ	百之骨架	-6.60980192	acg
ㄅㄞˇ-ㄏㄜˊ-ㄨㄢˊ	百合丸	-7.04116568	acg
ㄅㄞˇ-ㄏㄜˊ-ㄓ-ㄔㄥˊ	百合之丞	-6.60980192	acg
ㄅㄞˇ-ㄏㄜˊ-ㄈㄨˋ	百合父	-7.04116568	acg
ㄅㄞˇ-ㄏㄜˊ-ㄏㄨㄚˊ	百合華	-7.04116568	acg
ㄅㄞˇ-ㄐㄧㄚ-ㄊㄨㄛˊ-ㄌㄨㄛˊ-ㄕㄠˋ-ㄌㄧㄣˊ-ㄑㄩㄢˊ	百家陀螺少林拳	-5.74707439	acg
ㄅㄞˇ-ㄑㄧˊ-ㄒㄧˇ-ㄧ	百崎喜一	-6.60980192	acg
ㄅㄞˇ-ㄓㄢˋ-ㄒㄧㄠˇ-ㄑㄧˊ-ㄅㄧㄥ	百戰小奇兵	-6.17843815	acg
ㄅㄞˇ-ㄐㄧㄤ-ㄓㄨˇ	百江渚	-7.04116568	acg
ㄅㄞˇ-ㄌㄞˋ-ㄩㄥˇ	百瀨勇	-7.04116568	acg
ㄅㄞˇ-ㄌㄞˋ-ㄉㄨㄛ-ㄒㄧ	百瀨多希	-6.60980192	acg
ㄅㄞˇ-ㄕㄥ-ㄕㄡˋ	百生獸	-7.04116568	acg
ㄅㄞˇ-ㄑㄧㄡ-ㄈㄤ	百秋坊	-7.04116568	acg
ㄅㄞˇ-ㄕㄜˊ-ㄔㄤ-ㄗˇ	百舌昌子	-6.60980192	acg
ㄅㄞˇ-ㄨㄢˋ-ㄍㄜˊ-ㄉㄡˋ-ㄧˊ	百萬格鬥儀	-6.17843815	acg
ㄅㄞˇ-ㄨㄢˋ-ㄏㄞˇ-ㄌㄨㄥˊ-ㄕㄡˋ	百萬海龍獸	-6.17843815	acg
ㄅㄞˇ-ㄨㄢˋ-ㄏㄟ-ㄢˋ-ㄑㄧˊ-ㄕˋ-ㄕㄡˋ	百萬黑暗騎士獸	-5.74707439	acg
ㄅㄞˇ-ㄅㄧㄢˋ-ㄅㄨˋ-ㄑㄧㄤ	百變步槍	-6.60980192	acg
ㄅㄞˇ-ㄗㄨˊ-ㄧㄠ-ㄈㄨˋ	百足妖婦	-6.60980192	acg
ㄉㄜ˙-ㄒㄩㄣˋ-ㄩˋ-ㄕ	的訓育師	-6.60980192	acg
ㄐㄧㄝ-ㄅㄨˇ-ㄖㄨㄥˊ	皆卜戎	-7.04116568	acg
ㄏㄨㄤˊ-ㄏㄡˋ-ㄊㄧㄢ-ㄕˇ	皇后天使	-6.60980192	acg
ㄏㄨㄤˊ-ㄐㄧㄚ-ㄕˇ-ㄓㄜˇ	皇家使者	-6.60980192	acg
ㄏㄨㄤˊ-ㄐㄧㄚ-ㄋㄩˇ-ㄨㄤˊ	皇家女王	-6.60980192	acg
ㄏㄨㄤˊ-ㄐㄧㄚ-ㄍㄨㄛˇ-ㄕˊ	皇家果實	-6.60980192	acg
ㄏㄨㄤˊ-ㄐㄧㄚ-ㄕㄥˋ-ㄐㄧㄢˋ	皇家聖劍	-6.60980192	acg
ㄏㄨㄤˊ-ㄗㄨˊ-ㄕㄥˋ-ㄏㄣˊ	皇族聖痕	-6.60980192	acg
ㄏㄨㄤˊ-ㄒㄧㄥ	皇星	-7.17149945	acg
ㄏㄨㄤˊ-ㄕㄜˊ-ㄕㄡˋ	皇蛇獸	-7.04116568	acg
ㄐㄧㄠˇ-ㄐㄧㄝˊ-ㄕㄣ-ㄒㄧㄠ-ㄓ-ㄩㄝˋ	皎潔深宵之月	-5.74707439	acg
ㄆㄧˊ-ㄑㄧㄡ	皮丘	-7.17149945	acg
ㄆㄧˊ-ㄑㄧㄡ-ㄩˇ-ㄆㄧˊ-ㄎㄚˇ-ㄑㄧㄡ	皮丘與皮卡丘	-5.74707439	acg
ㄆㄧˊ-ㄧㄡ	皮優	-7.17149945	acg
ㄆㄧˊ-ㄎㄜˋ-ㄒㄧ-ㄙ	皮克希斯	-6.60980192	acg
ㄆㄧˊ-ㄌㄧˋ-ㄙ	皮利斯	-7.04116568	acg
ㄆㄧˊ-ㄓㄨㄛˊ	皮卓	-7.17149945	acg
ㄆㄧˊ-ㄎㄚˇ-ㄑㄧㄡ-ㄉㄜ˙-ㄒㄧㄣ-ㄊㄧㄠˋ-ㄓㄨㄛ-ㄇㄧˊ-ㄘㄤˊ	皮卡丘的心跳捉迷藏	-5.74707439	acg
ㄆㄧˊ-ㄎㄚˇ-ㄑㄧㄡ-ㄉㄜ˙-ㄊㄢˋ-ㄒㄧㄢˇ-ㄉㄨㄟˋ	皮卡丘的探險隊	-5.74707439	acg
ㄆㄧˊ-ㄎㄚˇ-ㄑㄧㄡ-ㄉㄜ˙-ㄏㄨㄢ-ㄌㄜˋ-ㄐㄧㄚˋ-ㄑㄧˊ	皮卡丘的歡樂假期	-5.74707439	acg
ㄆㄧˊ-ㄎㄚˇ-ㄑㄧㄡ-ㄩˇ-ㄧ-ㄅㄨˋ-ㄏㄠˇ-ㄆㄥˊ-ㄧㄡˇ	皮卡丘與伊布好朋友	-5.74707439	acg
ㄆㄧˊ-ㄎㄚˇ-ㄑㄧㄡ-ㄩˇ-ㄕㄣˊ-ㄑㄧˊ-ㄅㄠˇ-ㄅㄟˋ-ㄩㄝˋ-ㄉㄨㄟˋ	皮卡丘與神奇寶貝樂隊	-5.74707439	acg
ㄆㄧˊ-ㄎㄚˇ-ㄐㄧㄡ	皮卡啾	-7.04116568	acg
ㄆㄧˊ-ㄎㄚˇ-ㄆㄧˊ-ㄎㄚˇ-ㄉㄧˋ-ㄒㄧㄥ-ㄎㄨㄥ-ㄌㄨˋ-ㄧㄥˊ	皮卡皮卡的星空露營	-5.74707439	acg
ㄆㄧˊ-ㄎㄚˇ-ㄌㄨㄛˊ	皮卡羅	-7.04116568	acg
ㄆㄧˊ-ㄎㄜˇ-ㄎㄨˋ	皮可庫	-7.04116568	acg
ㄆㄧˊ-ㄎㄜˇ-ㄒㄧ	皮可西	-7.04116568	acg
ㄆㄧˊ-ㄍㄜ	皮哥	-7.17149945	acg
ㄆㄧˊ-ㄊㄚˇ-ㄌㄧˇ-ㄧㄚˇ	皮塔里亞	-6.60980192	acg
ㄆㄧˊ-ㄇㄨˇ	皮姆	-7.17149945	acg
ㄆㄧˊ-ㄇㄨˇ-ㄌㄧˋ-ㄗˇ	皮姆粒子	-6.60980192	acg
ㄆㄧˊ-ㄋㄧˊ-ㄡ	皮尼歐	-7.04116568	acg
ㄆㄧˊ-ㄆㄥˊ-ㄋㄧˊ-ㄊㄧˊ	皮朋尼提	-6.60980192	acg
ㄆㄧˊ-ㄦˇ-ㄊㄨㄛ-ㄈㄨˊ	皮爾托福	-6.60980192	acg
ㄆㄧˊ-ㄊㄜˋ-ㄌㄨㄛˋ	皮特洛	-7.04116568	acg
ㄆㄧˊ-ㄧㄝˊ-ㄩㄥˇ-ㄎㄨˋ-ㄐㄧ	皮耶勇酷雞	-6.17843815	acg
ㄆㄧˊ-ㄧㄝˊ-ㄩㄥˇ-ㄎㄞ-ㄐㄧ-ㄨˇ	皮耶勇開機舞	-5.74707439	acg
ㄆㄧˊ-ㄧㄝˊ-ㄌㄨㄛˊ	皮耶羅	-7.04116568	acg
ㄆㄧˊ-ㄙㄚˋ-ㄉㄜˊ	皮薩德	-7.04116568	acg
ㄆㄧˊ-ㄋㄨㄛˋ-ㄑㄧㄡ	皮諾丘	-7.04116568	acg
ㄆㄧˊ-ㄋㄚˋ-ㄕㄡˋ	皮那獸	-7.04116568	acg
ㄆㄧˊ-ㄌㄨㄥˊ	皮隆	-7.17149945	acg
ㄇㄧㄣˇ-ㄊㄧㄢˊ-ㄇㄨˋ-ㄗˇ	皿田木子	-6.60980192	acg
ㄧˋ-ㄓˋ-ㄕㄡˋ	益智獸	-7.04116568	acg
ㄎㄨㄟ-ㄐㄧㄚˇ-ㄐㄩˋ-ㄖㄣˊ	盔甲巨人	-6.60980192	acg
ㄕㄥˋ-ㄉㄚˋ-ㄏㄨˋ-ㄉㄨㄥˋ-ㄩˊ-ㄌㄜˋ	盛大互動娛樂	-5.74707439	acg
ㄕㄥˋ-ㄉㄚˋ-ㄨㄤˇ-ㄌㄨㄛˋ	盛大網絡	-6.60980192	acg
ㄉㄠˋ-ㄇㄥˋ-ㄓㄣ-ㄊㄢˋ	盜夢偵探	-6.60980192	acg
ㄐㄧㄢ-ㄔㄚˊ-ㄨㄤˊ-ㄔㄨㄥˊ	監察王蟲	-6.60980192	acg
ㄐㄧㄢ-ㄕˋ-ㄓㄜˇ-ㄗㄨㄛˋ-ㄊㄧㄢ-ㄕˇ	監視者座天使	-5.74707439	acg
ㄆㄢˊ-ㄧㄚˊ-ㄒㄩˋ-ㄏㄨˊ	盤牙蓄湖	-6.60980192	acg
ㄌㄨˊ-ㄉㄠˋ	盧到	-7.17149945	acg
ㄌㄨˊ-ㄐㄧˊ	盧吉	-7.17149945	acg
ㄌㄨˊ-ㄑㄧˊ	盧奇	-7.17149945	acg
ㄌㄨˊ-ㄌㄚ-ㄌㄚ	盧拉拉	-7.04116568	acg
ㄌㄨˊ-ㄊㄧˊ-ㄌㄨˇ-ㄉㄜˊ-ㄈㄨ	盧提魯德夫	-6.17843815	acg
ㄌㄨˊ-ㄎㄜ	盧柯	-7.17149945	acg
ㄌㄨˊ-ㄍㄜˊ-ㄨㄣ	盧格溫	-7.04116568	acg
ㄌㄨˊ-ㄍㄜˊ-ㄨㄣ-ㄉㄜ˙-ㄨㄟˊ-ㄌㄧㄝˋ-ㄈㄛˊ-ㄗ	盧格溫的維列佛茲	-5.74707439	acg
ㄇㄨˋ-ㄅㄧㄠ-ㄗㄞˋ-ㄒㄧㄢˋ	目標在綫	-6.60980192	acg
ㄇㄨˋ-ㄇㄤˊ-ㄓ-ㄧㄢˇ-ㄒㄧㄡ-ㄉㄠˋ-ㄏㄨㄟˋ	目盲之眼修道會	-5.74707439	acg
ㄇㄤˊ-ㄈㄨˋ-ㄞˋ-ㄦˊ	盲婦愛兒	-6.60980192	acg
ㄇㄤˊ-ㄧㄢˇ-ㄨˇ-ㄙㄥ	盲眼武僧	-6.60980192	acg
ㄇㄤˊ-ㄒㄩㄢˇ-ㄇㄛˊ-ㄕˋ	盲選模式	-6.60980192	acg
ㄇㄤˊ-ㄚ	盲阿	-7.17149945	acg
ㄓˊ-ㄐㄧㄥˇ-ㄐㄧㄢˋ-ㄖㄣˊ	直井健人	-6.60980192	acg
ㄓˊ-ㄓ-ㄌㄧˇ-ㄕㄨˋ	直枝理樹	-6.60980192	acg
ㄓˊ-ㄒㄧㄢˋ-ㄓㄨㄥ-ㄕˋ	直線中士	-6.60980192	acg
ㄒㄧㄤˋ-ㄩㄢˊ-ㄒㄩㄝˇ-ㄋㄞˇ	相原雪乃	-6.60980192	acg
ㄒㄧㄤ-ㄈㄢˇ-ㄉㄜ˙-ㄋㄧˇ-ㄏㄢˋ-ㄨㄛˇ	相反的你和我	-5.74707439	acg
ㄒㄧㄤˋ-ㄔㄨㄢ-ㄑㄧㄢ-ㄒㄧㄚˋ	相川千夏	-6.60980192	acg
ㄒㄧㄤˋ-ㄔㄨㄢ-ㄧㄠˋ-ㄧ	相川要一	-6.60980192	acg
ㄒㄧㄤ-ㄆㄨ-ㄕㄡˋ	相撲獸	-7.04116568	acg
ㄒㄧㄤˋ-ㄊㄧㄢˊ-ㄧㄚˇ-ㄍㄨㄥ	相田亞弓	-6.60980192	acg
ㄒㄧㄤˋ-ㄌㄧㄤˊ-ㄅㄠˋ-ㄇㄚˇ	相良豹馬	-6.60980192	acg
ㄒㄧㄤˋ-ㄧㄝˋ-ㄒㄧˋ-ㄇㄟˇ	相葉夕美	-6.60980192	acg
ㄒㄧㄤˋ-ㄧㄝˇ-ㄇㄟˇ-ㄉㄡ	相野美都	-6.60980192	acg
ㄒㄧㄤˋ-ㄇㄚˇ-ㄍㄨㄤ	相馬光	-7.04116568	acg
ㄒㄧㄤˋ-ㄇㄚˇ-ㄒㄧㄚˋ-ㄇㄟˇ	相馬夏美	-6.60980192	acg
ㄒㄧㄤˋ-ㄇㄚˇ-ㄌㄧㄥˊ-ㄋㄞˋ	相馬玲奈	-6.60980192	acg
ㄒㄧㄤˋ-ㄇㄚˇ-ㄈㄤ-ㄧㄝˇ	相馬芳野	-6.60980192	acg
ㄉㄨㄣˋ-ㄕˋ	盾式	-7.17149945	acg
ㄉㄨㄣˋ-ㄕˋ-ㄍㄜˊ-ㄌㄟˊ-ㄗ	盾式格雷茲	-6.17843815	acg
ㄉㄨㄣˋ-ㄕㄣˊ-ㄒㄧㄤˊ	盾神翔	-7.04116568	acg
ㄉㄨㄣˋ-ㄕㄣˊ-ㄍㄠ	盾神高	-7.04116568	acg
ㄎㄢˋ-ㄅㄨˋ-ㄐㄧㄢˋ-ㄕㄡˋ	看不見獸	-6.60980192	acg
ㄎㄢˋ-ㄅㄨˊ-ㄐㄧㄢˋ-ㄕㄡˋ	看不見獸	-7.10980192	acg
ㄎㄢˋ-ㄅㄨˋ-ㄐㄧㄢˋ-ㄉㄜ˙-ㄉㄧˋ-ㄍㄨㄛˊ	看不見的帝國	-5.74707439	acg
ㄎㄢˋ-ㄅㄨˊ-ㄐㄧㄢˋ-ㄉㄜ˙-ㄉㄧˋ-ㄍㄨㄛˊ	看不見的帝國	-6.24707439	acg
ㄎㄢˋ-ㄕㄟˊ-ㄌㄞˊ-ㄍㄠˇ-ㄒㄧㄠˋ	看誰來搞笑	-6.17843815	acg
ㄓㄣ-ㄒㄧㄚˋ-ㄧㄥ-ㄇㄧㄥˊ	真下英明	-6.60980192	acg
ㄓㄣ-ㄖㄣˊ-ㄉㄧㄢˋ-ㄧㄥˇ-ㄆㄧㄢ	真人電影篇	-6.17843815	acg
ㄓㄣ-ㄉㄠ-ㄕㄣˊ-ㄨㄟ	真刀神威	-6.60980192	acg
ㄓㄣ-ㄒㄧˋ	真夕	-7.17149945	acg
ㄓㄣ-ㄕˊ-ㄔㄨㄢˊ-ㄑㄧˊ	真實傳奇	-6.60980192	acg
ㄓㄣ-ㄕˊ-ㄐㄧㄥ-ㄌㄧㄥˊ	真實精靈	-6.60980192	acg
ㄓㄣ-ㄕˊ-ㄍㄤ-ㄊㄧㄝˇ	真實鋼鐵	-6.60980192	acg
ㄓㄣ-ㄨㄟˇ-ㄖˋ-ㄇㄟˇ-ㄒㄧㄤ	真尾日美香	-6.17843815	acg
ㄓㄣ-ㄑㄧˊ-ㄊㄨㄥˊ-ㄗˇ	真崎瞳子	-6.60980192	acg
ㄓㄣ-ㄞˋ-ㄦˇ-ㄌㄢˊ-ㄍㄨㄥˋ-ㄏㄜˊ-ㄐㄩㄣ	真愛爾蘭共和軍	-5.74707439	acg
ㄓㄣ-ㄞˋ-ㄙㄨ-ㄅㄨˋ-ㄌㄧˇ-ㄇㄨˇ-ㄏㄨㄚ	真愛蘇布里姆花	-5.74707439	acg
ㄓㄣ-ㄒㄧㄣ-ㄓㄣˋ	真新鎮	-7.04116568	acg
ㄓㄣ-ㄓㄡˋ	真晝	-7.17149945	acg
ㄓㄣ-ㄓ-ㄖㄨㄛˋ-ㄘㄞˋ	真枝若菜	-6.60980192	acg
ㄓㄣ-ㄔㄞˊ-ㄓˋ	真柴智	-7.04116568	acg
ㄓㄣ-ㄓㄥˋ-ㄉㄜ˙-ㄆㄥˊ-ㄧㄡˇ	真正的朋友	-6.17843815	acg
ㄓㄣ-ㄊㄧㄢˊ-ㄗˇ-ㄗˇ	真田紫子	-6.60980192	acg
ㄓㄣ-ㄅㄞˊ-ㄞˋ-ㄌㄧˋ-ㄙ	真白愛麗絲	-6.17843815	acg
ㄓㄣ-ㄏㄨㄥˊ-ㄌㄧㄢˊ	真紅蓮	-7.04116568	acg
ㄓㄣ-ㄍㄨㄛ-ㄓㄞ	真鍋齋	-7.04116568	acg
ㄓㄣ-ㄇㄛˊ-ㄕㄣˊ-ㄔㄨㄢˊ	真魔神傳	-6.60980192	acg
ㄓㄨㄥˋ-ㄕㄣˊ-ㄉㄜ˙-ㄙㄢ-ㄐㄧㄠˇ-ㄕㄣˊ-ㄌㄧˋ	眾神的三角神力	-5.74707439	acg
ㄓㄨㄥˋ-ㄏㄨㄣˊ-ㄖㄨㄥˊ-ㄌㄨˊ	眾魂熔爐	-6.60980192	acg
ㄎㄨㄣˋ-ㄅㄠˇ	睏寶	-7.17149945	acg
ㄎㄨㄣˋ-ㄅㄠˇ-ㄅㄧˋ-ㄕㄚ-ㄐㄧˋ	睏寶必殺技	-6.17843815	acg
ㄕㄨㄟˋ-ㄑㄩㄢˇ	睡犬	-7.17149945	acg
ㄕㄨㄟˋ-ㄇㄧㄢˊ-ㄕㄡˋ	睡眠獸	-7.04116568	acg
ㄕㄨㄟˋ-ㄧ-ㄆㄞˋ-ㄉㄨㄟˋ	睡衣派對	-6.60980192	acg
ㄕㄨㄟˋ-ㄓㄨ-ㄓㄨ	睡豬豬	-7.04116568	acg
ㄇㄧㄠˊ-ㄓㄨㄣˇ-ㄐㄧㄥˋ-ㄕㄡˋ	瞄準鏡獸	-6.60980192	acg
ㄕㄨㄣˋ-ㄕㄚ-ㄓㄜˇ	瞬殺者	-7.04116568	acg
ㄕㄨㄣˋ-ㄈㄚ-ㄒㄧㄥˊ-ㄙㄚˋ-ㄎㄜˋ-ㄧㄡ-ㄌㄧㄥˊ	瞬發型薩克幽靈	-5.74707439	acg
ㄕㄨㄣˋ-ㄈㄚ-ㄒㄧㄥˊ-ㄙㄚˋ-ㄎㄜˋ-ㄓㄢˋ-ㄕˋ	瞬發型薩克戰士	-5.74707439	acg
ㄕㄨㄣˋ-ㄅㄧㄢˋ	瞬變	-7.17149945	acg
ㄕˇ-ㄎㄡˇ-ㄓㄣ-ㄗㄨㄛˇ-ㄉㄞˋ	矢口真佐代	-6.17843815	acg
ㄕˇ-ㄎㄡˇ-ㄇㄟˇ-ㄩˇ	矢口美羽	-6.60980192	acg
ㄕˇ-ㄔㄨㄟ-ㄕㄥˇ-ㄨˊ	矢吹省吾	-6.60980192	acg
ㄕˇ-ㄅㄢˇ	矢坂	-7.17149945	acg
ㄕˇ-ㄒㄧㄠ-ㄎㄜˇ-ㄋㄞˇ-ㄗˇ	矢宵可乃子	-6.17843815	acg
ㄕˇ-ㄉㄠˇ-ㄐㄩㄣˋ-ㄇㄧˊ	矢島俊彌	-6.60980192	acg
ㄕˇ-ㄑㄧˊ-ㄧㄡ	矢崎優	-7.04116568	acg
ㄕˇ-ㄊㄧㄢˊ-ㄧㄡ	矢田優	-7.04116568	acg
ㄕˇ-ㄔㄜ-ㄘㄠˇ-ㄓ-ㄓㄨˋ	矢車草之助	-6.17843815	acg
ㄕˇ-ㄅㄨˋ-ㄑㄧㄢ-ㄑㄧㄡ	矢部千秋	-6.60980192	acg
ㄕˇ-ㄧㄝˇ-ㄓˋ-ㄖㄣˊ	矢野治人	-6.60980192	acg
ㄕˇ-ㄧㄝˇ-ㄞˋ-ㄌㄧˋ-ㄎㄚˇ	矢野艾莉卡	-6.17843815	acg
ㄕˇ-ㄌㄨㄥˊ	矢龍	-7.17149945	acg
ㄓ-ㄕˋ	知世	-7.17149945	acg
ㄓ-ㄇㄧㄥˊ-ㄇㄥˊ-ㄒㄧㄤ	知名萌香	-6.60980192	acg
ㄓ-ㄔㄨㄤˊ-ㄌㄧㄥˊ	知床鈴	-7.04116568	acg
ㄓ-ㄋㄧㄢˋ-ㄉㄚˋ-ㄈㄨˇ	知念大輔	-6.60980192	acg
ㄓ-ㄋㄧㄢˋ-ㄇㄟˇ-ㄒㄩㄝˇ	知念美雪	-6.60980192	acg
ㄓ-ㄨˊ-ㄌㄧㄥˇ-ㄩˋ	知無領域	-6.60980192	acg
ㄓ-ㄉㄠˋ-ㄊㄧㄢ-ㄎㄨㄥ-ㄧㄡˇ-ㄉㄨㄛ-ㄌㄢˊ-ㄉㄜ˙-ㄖㄣˊ-ㄚ˙	知道天空有多藍的人啊	-5.74707439	acg
ㄉㄨㄢˇ-ㄆㄧㄢˋ-ㄧㄢˊ-ㄐㄧㄡˋ-ㄅㄨˋ	短片研究部	-6.17843815	acg
ㄞˇ-ㄖㄣˊ-ㄕㄢ-ㄨㄤˊ	矮人山王	-6.60980192	acg
ㄕˊ-ㄕㄤˋ-ㄍㄣˋ	石上亘	-7.04116568	acg
ㄕˊ-ㄓㄨㄥ-ㄐㄧㄢˋ	石中劍	-7.04116568	acg
ㄕˊ-ㄓ-ㄉㄚˋ-ㄊㄧㄥ	石之大廳	-6.60980192	acg
ㄕˊ-ㄓ-ㄕㄡˇ-ㄨㄟˋ-ㄓㄜˇ-ㄌㄧㄝˋ-ㄆㄧㄢˋ	石之守衛者裂片	-5.74707439	acg
ㄕˊ-ㄓ-ㄙㄣ-ㄧㄡ-ㄒㄧㄤ	石之森優香	-6.17843815	acg
ㄕˊ-ㄉㄨㄥˋ-ㄐㄧㄥˋ-ㄌㄧㄡˊ	石動靜流	-6.60980192	acg
ㄕˊ-ㄩㄢˊ-ㄔㄥˊ	石原誠	-7.04116568	acg
ㄕˊ-ㄍㄤ-ㄞˋ-ㄌㄧˋ	石岡艾莉	-6.60980192	acg
ㄕˊ-ㄧㄢˊ-ㄓ-ㄒㄧㄣ	石岩之心	-6.60980192	acg
ㄕˊ-ㄉㄠˇ-ㄇㄟˇ-ㄗㄨㄛˇ-ㄗˇ	石島美佐子	-6.17843815	acg
ㄕˊ-ㄌㄧㄥˇ-ㄊㄞˋ-ㄙㄢ	石嶺泰三	-6.60980192	acg
ㄕˊ-ㄔㄨㄢ-ㄨˇ-ㄧㄡˋ-ㄨㄟˋ-ㄇㄣˊ	石川五右衛門	-5.74707439	acg
ㄕˊ-ㄅㄣˇ-ㄕㄨㄣˋ-ㄆㄧㄥˊ	石本順平	-6.60980192	acg
ㄕˊ-ㄙㄣ-ㄩㄥˇ-ㄒㄧㄤ	石森勇香	-6.60980192	acg
ㄕˊ-ㄕ-ㄕㄡˋ	石獅獸	-7.04116568	acg
ㄕˊ-ㄊㄧㄢˊ-ㄐㄧㄤ-ㄧㄝˇ	石田將也	-6.60980192	acg
ㄕˊ-ㄊㄧㄢˊ-ㄇㄚˇ-ㄌㄧˋ-ㄧㄚˇ	石田瑪利亞	-6.17843815	acg
ㄕˊ-ㄊㄧㄢˊ-ㄓㄣ-ㄌㄧㄣˇ	石田真凜	-6.60980192	acg
ㄕˊ-ㄊㄧㄢˊ-ㄇㄟˇ-ㄧㄝˇ-ㄗˇ	石田美也子	-6.17843815	acg
ㄕˊ-ㄐㄧㄥ-ㄌㄧㄥˊ	石精靈	-7.04116568	acg
ㄕˊ-ㄌㄨˋ-ㄎㄚˇ-ㄋㄨㄥˊ	石蕗卡農	-6.60980192	acg
ㄕˊ-ㄌㄨˋ-ㄇㄟˇ-ㄇㄢˋ	石蕗美蔓	-6.60980192	acg
ㄕˊ-ㄊㄡ˙-ㄗㄨˊ-ㄌㄜˋ-ㄩㄢˊ	石頭族樂園	-6.17843815	acg
ㄕㄚ-ㄓㄨㄥˇ-ㄇㄧㄥˊ	砂冢明	-7.04116568	acg
ㄕㄚ-ㄕㄚ-ㄊㄨㄢˊ	砂砂團	-7.04116568	acg
ㄕㄚ-ㄌㄧˋ-ㄉㄜ˙-ㄉㄚˋ-ㄉㄧˋ	砂礫的大地	-6.17843815	acg
ㄕㄚ-ㄊㄤˊ-ㄒㄧㄥ-ㄈㄣˋ-ㄐㄧˋ	砂糖興奮劑	-6.17843815	acg
ㄕㄚ-ㄅㄨˋ	砂部	-7.17149945	acg
ㄎㄢˇ-ㄐㄧˊ	砍擊	-7.17149945	acg
ㄧㄢˊ-ㄐㄧㄡˋ-ㄍㄨㄥ-ㄐㄩˋ	研究工具	-6.60980192	acg
ㄧㄢˊ-ㄐㄧㄡˋ-ㄗ-ㄐㄧㄣ	研究資金	-6.60980192	acg
ㄆㄠˋ-ㄉㄢˋ-ㄕㄜˋ-ㄕㄡˇ	砲彈射手	-6.60980192	acg
ㄆㄠˋ-ㄐㄧˊ-ㄒㄧㄥˊ-ㄙㄚˋ-ㄎㄜˋ-ㄧㄡ-ㄌㄧㄥˊ	砲擊型薩克幽靈	-5.74707439	acg
ㄆㄠˋ-ㄐㄧˊ-ㄒㄧㄥˊ-ㄙㄚˋ-ㄎㄜˋ-ㄓㄢˋ-ㄕˋ	砲擊型薩克戰士	-5.74707439	acg
ㄆㄠˋ-ㄐㄧˊ-ㄒㄧㄥˊ-ㄈㄨˇ-ㄓㄨˋ-ㄓㄨㄤ-ㄅㄟˋ	砲擊型輔助裝備	-5.74707439	acg
ㄆㄠˋ-ㄊㄨㄥˇ	砲筒	-7.17149945	acg
ㄆㄛˋ-ㄅㄧㄥ-ㄅㄛˊ-ㄐㄩㄝˊ	破冰伯爵	-6.60980192	acg
ㄆㄛˋ-ㄏㄨㄞˋ-ㄅㄨˋ-ㄑㄧㄤ	破壞步槍	-6.60980192	acg
ㄆㄛˋ-ㄏㄨㄞˋ-ㄕㄣˊ-ㄒㄧˊ-ㄉㄜˊ	破壞神席德	-6.17843815	acg
ㄆㄛˋ-ㄏㄨㄞˋ-ㄕㄣˊ-ㄋㄧㄝˋ-ㄇㄛˋ-ㄒㄧ-ㄙ	破壞神涅墨西斯	-5.74707439	acg
ㄆㄛˋ-ㄏㄨㄞˋ-ㄒㄧㄝ	破壞蠍	-7.04116568	acg
ㄆㄛˋ-ㄏㄨㄞˋ-ㄌㄨㄥˊ-ㄕㄡˋ	破壞龍獸	-6.60980192	acg
ㄆㄛˋ-ㄒㄧㄠˇ-ㄔㄨㄢˊ-ㄑㄧˊ	破曉傳奇	-6.60980192	acg
ㄆㄛˋ-ㄒㄧㄠˇ-ㄉㄧˋ-ㄆㄧㄥˊ-ㄒㄧㄢˋ-ㄊㄨㄢˊ	破曉地平線團	-5.74707439	acg
ㄆㄛˋ-ㄎㄜˊ-ㄉㄢˋ-ㄉㄢˋ	破殼蛋蛋	-6.60980192	acg
ㄆㄛˋ-ㄇㄧㄝˋ-ㄉㄜ˙-ㄨㄤˊ-ㄍㄨㄛˊ	破滅的王國	-6.17843815	acg
ㄆㄛˋ-ㄇㄧㄝˋ-ㄍㄤ-ㄉㄢˋ	破滅鋼彈	-6.60980192	acg
ㄆㄛˋ-ㄇㄧㄝˋ-ㄇㄛˊ-ㄐㄧㄢˋ	破滅魔劍	-6.60980192	acg
ㄆㄛˋ-ㄙㄨㄟˋ-ㄓ-ㄖˋ	破碎之日	-6.60980192	acg
ㄆㄛˋ-ㄙㄨㄟˋ-ㄔㄨㄢˊ-ㄑㄧˊ	破碎傳奇	-6.60980192	acg
ㄆㄛˋ-ㄙㄨㄟˋ-ㄉㄜ˙-ㄉㄠˇ-ㄩˇ	破碎的島嶼	-6.17843815	acg
ㄆㄛˋ-ㄙㄨㄟˋ-ㄧˊ-ㄐㄧ	破碎遺跡	-6.60980192	acg
ㄆㄛˋ-ㄐㄧㄡˋ-ㄎㄨ-ㄌㄡˊ-ㄊㄡˊ	破舊骷髏頭	-6.17843815	acg
ㄆㄛˋ-ㄒㄧㄝˊ	破邪	-7.17149945	acg
ㄆㄛˋ-ㄊㄨㄥˊ-ㄌㄢˋ-ㄊㄧㄝˇ-ㄉㄠˇ	破銅爛鐵島	-6.17843815	acg
ㄆㄛˋ-ㄈㄥ-ㄕˇ-ㄓㄜˇ	破風使者	-6.60980192	acg
ㄌㄧㄡˊ-ㄏㄨㄤˊ-ㄌㄧˋ-ㄈㄤ-ㄍㄨㄞˋ	硫磺立方怪	-6.17843815	acg
ㄧㄥˋ-ㄓˊ-ㄏㄨㄚˋ	硬質化	-7.04116568	acg
ㄙㄨㄟˋ-ㄓ-ㄒㄧㄥ	碎之星	-7.04116568	acg
ㄙㄨㄟˋ-ㄈㄥ-ㄌㄧㄥˇ	碎峰嶺	-7.04116568	acg
ㄙㄨㄟˋ-ㄍㄨˇ	碎骨	-7.17149945	acg
ㄙㄨㄟˋ-ㄍㄨˇ-ㄐㄧ	碎骨機	-7.04116568	acg
ㄙㄨㄟˋ-ㄍㄨˇ-ㄧㄣˊ-ㄌㄤˊ	碎骨銀狼	-6.60980192	acg
ㄅㄟ-ㄨㄣˊ-ㄍㄨˇ-ㄨㄣˊ-ㄐㄧㄚ	碑文谷文佳	-6.17843815	acg
ㄅㄧˋ-ㄦˊ	碧兒	-7.17149945	acg
ㄅㄧˋ-ㄦˊ-ㄙ-ㄌㄧˋ	碧兒絲莉	-6.60980192	acg
ㄅㄧˋ-ㄎㄚˇ	碧卡	-7.17149945	acg
ㄅㄧˋ-ㄑㄧˊ-ㄏㄨㄣˊ	碧奇魂	-7.04116568	acg
ㄅㄧˋ-ㄐㄧ-ㄍㄨㄥ-ㄓㄨˇ	碧姬公主	-6.60980192	acg
ㄅㄧˋ-ㄐㄧ-ㄋㄧㄤˊ-ㄋㄧㄤ˙	碧姬娘娘	-6.60980192	acg
ㄅㄧˋ-ㄡ-ㄌㄚ	碧歐菈	-7.04116568	acg
ㄅㄧˋ-ㄧㄤˊ-ㄑㄧˊ	碧洋琪	-7.04116568	acg
ㄅㄧˋ-ㄑㄧˊ	碧琪	-7.17149945	acg
ㄅㄧˋ-ㄑㄧˊ-ㄆㄞˋ	碧琪派	-7.04116568	acg
ㄅㄧˋ-ㄑㄧˊ-ㄉㄜ˙-ㄈㄣ-ㄕㄣ	碧琪的分身	-6.17843815	acg
ㄅㄧˋ-ㄑㄧˊ-ㄩˇ-ㄇㄧˋ-ㄇㄧˋ-ㄐㄧㄥ-ㄒㄧˇ	碧琪與祕密驚喜	-5.74707439	acg
ㄅㄧˋ-ㄑㄧˊ-ㄩˋ-ㄍㄢˇ	碧琪預感	-6.60980192	acg
ㄅㄧˋ-ㄙ-ㄉㄧˋ-ㄦˇ	碧絲蒂爾	-6.60980192	acg
ㄅㄧˋ-ㄘㄨㄟˋ-ㄙ	碧翠絲	-7.04116568	acg
ㄅㄧˋ-ㄒㄧㄝˇ-ㄎㄨㄤˊ-ㄕㄚ	碧血狂殺	-6.60980192	acg
ㄅㄧˋ-ㄒㄧㄝˇ-ㄎㄨㄤˊ-ㄕㄚ-ㄒㄧˋ-ㄌㄧㄝˋ	碧血狂殺系列	-5.74707439	acg
ㄅㄧˋ-ㄧㄚˇ-ㄘㄨㄟˋ-ㄙ	碧雅翠絲	-6.60980192	acg
ㄆㄥˋ-ㄊㄞˋ	碰太	-7.17149945	acg
ㄘˊ-ㄈㄨˊ-ㄈㄟ-ㄔㄜ	磁浮飛車	-6.60980192	acg
ㄘˊ-ㄧㄚˊ	磁牙	-7.17149945	acg
ㄘˊ-ㄍㄨˇ-ㄉㄠˇ	磁鼓島	-7.04116568	acg
ㄘˊ-ㄍㄨˇ-ㄨㄤˊ-ㄍㄨㄛˊ	磁鼓王國	-6.60980192	acg
ㄌㄟˇ-ㄓㄚˊ	磊札	-7.17149945	acg
ㄌㄟˇ-ㄡ-ㄌㄨˋ	磊歐陸	-7.04116568	acg
ㄆㄢˊ-ㄓㄡ-ㄊㄧㄢ-ㄐㄧ	磐舟天雞	-6.60980192	acg
ㄐㄧ-ㄑㄧˊ	磯崎	-7.17149945	acg
ㄐㄧ-ㄑㄧˊ-ㄗ	磯崎滋	-7.04116568	acg
ㄐㄧ-ㄅㄧㄢ-ㄉㄧㄢˇ-ㄗˇ	磯邊典子	-6.60980192	acg
ㄎㄨㄤˋ-ㄕㄢ-ㄉㄨㄛˊ-ㄏㄨㄣˊ-ㄊㄧㄝˇ-ㄉㄠˋ	礦山奪魂鐵道	-5.74707439	acg
ㄎㄨㄤˋ-ㄕㄢ-ㄧㄢˊ-ㄐㄧㄤ-ㄉㄨㄥˋ	礦山岩漿洞	-6.17843815	acg
ㄎㄨㄤˋ-ㄕˊ-ㄉㄨㄛ-ㄊㄡˊ-ㄌㄨㄥˊ	礦石多頭龍	-6.17843815	acg
ㄎㄨㄤˋ-ㄕˊ-ㄐㄩˋ-ㄌㄨㄥˊ	礦石巨龍	-6.60980192	acg
ㄌㄧˋ-ㄆㄛ-ㄍㄠˋ-ㄕㄢˋ	礪波告善	-6.60980192	acg
ㄑㄧˊ-ㄌㄨㄣˊ-ㄊㄨㄛ	祈倫托	-7.04116568	acg
ㄑㄧˊ-ㄌㄨㄣˊ-ㄊㄨㄛ-ㄒㄧㄢ-ㄑㄧㄢˇ-ㄐㄩㄣ	祈倫托先遣軍	-5.74707439	acg
ㄧㄡˋ-ㄇㄚˇ	祐馬	-7.17149945	acg
ㄇㄧˋ-ㄇㄧˋ-ㄉㄜ˙-ㄡˇ-ㄒㄧㄤˋ-ㄍㄨㄥ-ㄓㄨˇ	祕密的偶像公主	-5.74707439	acg
ㄇㄧˋ-ㄇㄧˋ-ㄉㄠˋ-ㄐㄩˋ	祕密道具	-6.60980192	acg
ㄇㄧˋ-ㄅㄠˇ	祕寶	-7.17149945	acg
ㄗㄨˇ-ㄒㄧㄢ-ㄓ-ㄉㄧˋ	祖先之地	-6.60980192	acg
ㄗㄨˇ-ㄍㄜ	祖哥	-7.17149945	acg
ㄗㄨˇ-ㄦˇ-ㄉㄜˊ-ㄌㄚ-ㄎㄜˋ	祖爾德拉克	-6.17843815	acg
ㄗㄨˇ-ㄦˇ-ㄨㄣˊ	祖爾文	-7.04116568	acg
ㄗㄨˇ-ㄇㄚˇ	祖瑪	-7.17149945	acg
ㄕㄣˊ-ㄉㄞˋ-ㄌㄧㄥˊ-ㄧㄚˊ	神代凌牙	-6.60980192	acg
ㄕㄣˊ-ㄅㄧㄥ-ㄊㄞˋ-ㄊㄢˇ	神兵泰坦	-6.60980192	acg
ㄕㄣˊ-ㄐㄧㄢˋ-ㄔㄨㄢˊ-ㄑㄧˊ	神劍傳奇	-6.60980192	acg
ㄕㄣˊ-ㄐㄧㄢˋ-ㄏㄠˋ	神劍號	-7.04116568	acg
ㄕㄣˊ-ㄐㄧㄢˋ-ㄔㄨㄤˇ-ㄐㄧㄤ-ㄏㄨˊ	神劍闖江湖	-6.17843815	acg
ㄕㄣˊ-ㄌㄧˋ-ㄖㄣˊ	神力人	-7.04116568	acg
ㄕㄣˊ-ㄌㄧˋ-ㄏㄨㄥ-ㄓㄚˋ-ㄕㄡˇ	神力轟炸手	-6.17843815	acg
ㄕㄣˊ-ㄩㄥˇ-ㄓㄢˋ-ㄕˋ	神勇戰士	-6.60980192	acg
ㄕㄣˊ-ㄅㄟˇ-ㄒㄧㄠˇ-ㄘˋ-ㄌㄤˊ	神北小次郎	-6.17843815	acg
ㄕㄣˊ-ㄅㄟˇ-ㄒㄧㄠˇ-ㄑㄧㄡˊ	神北小毬	-6.60980192	acg
ㄕㄣˊ-ㄅㄟˇ-ㄊㄚˋ-ㄧㄝˇ	神北拓也	-6.60980192	acg
ㄕㄣˊ-ㄩㄢˊ-ㄐㄩㄣˋ-ㄏㄜˊ	神原駿河	-6.60980192	acg
ㄕㄣˊ-ㄔㄥˊ-ㄇㄚˊ-ㄩˋ	神城麻郁	-6.60980192	acg
ㄕㄣˊ-ㄑㄧˊ-ㄅㄠˇ-ㄅㄟˋ-ㄐㄧㄠ-ㄏㄨㄢˋ-ㄓㄜˇ	神奇寶貝交換者	-5.74707439	acg
ㄕㄣˊ-ㄑㄧˊ-ㄅㄠˇ-ㄅㄟˋ-ㄆㄟˊ-ㄩˋ-ㄓㄜˇ	神奇寶貝培育者	-5.74707439	acg
ㄕㄣˊ-ㄑㄧˊ-ㄅㄠˇ-ㄅㄟˋ-ㄈㄨ-ㄏㄨㄚˋ-ㄓㄜˇ	神奇寶貝孵化者	-5.74707439	acg
ㄕㄣˊ-ㄑㄧˊ-ㄅㄠˇ-ㄅㄟˋ-ㄓㄢˋ-ㄉㄡˋ-ㄓㄜˇ	神奇寶貝戰鬥者	-5.74707439	acg
ㄕㄣˊ-ㄑㄧˊ-ㄅㄠˇ-ㄅㄟˋ-ㄊㄢˋ-ㄐㄧㄡˋ-ㄓㄜˇ	神奇寶貝探究者	-5.74707439	acg
ㄕㄣˊ-ㄑㄧˊ-ㄅㄠˇ-ㄅㄟˋ-ㄕㄡ-ㄈㄨˊ-ㄓㄜˇ	神奇寶貝收服者	-5.74707439	acg
ㄕㄣˊ-ㄑㄧˊ-ㄅㄠˇ-ㄅㄟˋ-ㄓˋ-ㄩˋ-ㄓㄜˇ	神奇寶貝治癒者	-5.74707439	acg
ㄕㄣˊ-ㄑㄧˊ-ㄅㄠˇ-ㄅㄟˋ-ㄨˊ-ㄧㄣˋ	神奇寶貝無印	-5.74707439	acg
ㄕㄣˊ-ㄑㄧˊ-ㄅㄠˇ-ㄅㄟˋ-ㄅㄧㄢˋ-ㄏㄨㄚˋ-ㄓㄜˇ	神奇寶貝變化者	-5.74707439	acg
ㄕㄣˊ-ㄑㄧˊ-ㄅㄠˇ-ㄅㄟˋ-ㄔㄠ-ㄕˋ-ㄉㄞˋ	神奇寶貝超世代	-5.74707439	acg
ㄕㄣˊ-ㄑㄧˊ-ㄅㄠˇ-ㄅㄟˋ-ㄔㄠ-ㄐㄧˊ-ㄩㄢˋ-ㄨㄤˋ	神奇寶貝超級願望	-5.74707439	acg
ㄕㄣˊ-ㄑㄧˊ-ㄅㄠˇ-ㄅㄟˋ-ㄐㄧㄡˇ-ㄕˋ	神奇寶貝酒侍	-5.74707439	acg
ㄕㄣˊ-ㄑㄧˊ-ㄅㄠˇ-ㄅㄟˋ-ㄓㄣˋ-ㄆㄧㄥˊ-ㄓㄜˇ	神奇寶貝鎮平者	-5.74707439	acg
ㄕㄣˊ-ㄑㄧˊ-ㄅㄠˇ-ㄅㄟˋ-ㄇㄟˋ-ㄌㄧˋ-ㄓㄜˇ	神奇寶貝魅力者	-5.74707439	acg
ㄕㄣˊ-ㄑㄧˊ-ㄏㄞˇ-ㄌㄨㄛˊ	神奇海螺	-6.60980192	acg
ㄕㄣˊ-ㄑㄧˊ-ㄉㄜ˙-ㄇㄧˋ-ㄇㄧˋ-ㄐㄧㄝˇ-ㄧㄠˋ	神奇的秘密解藥	-5.74707439	acg
ㄕㄣˊ-ㄑㄧˊ-ㄑㄧㄢ-ㄅㄧˇ	神奇鉛筆	-6.60980192	acg
ㄕㄣˊ-ㄑㄧˊ-ㄕㄢˇ-ㄉㄧㄢˋ	神奇閃電	-6.60980192	acg
ㄕㄣˊ-ㄋㄞˋ-ㄅㄟˋ-ㄇㄧㄥˋ	神奈備命	-6.60980192	acg
ㄕㄣˊ-ㄨㄟ-ㄐㄧㄚ-ㄋㄨㄥˊ-ㄆㄠˋ	神威加農砲	-6.17843815	acg
ㄕㄣˊ-ㄨㄟ-ㄐㄩˋ-ㄖㄣˊ	神威巨人	-6.60980192	acg
ㄕㄣˊ-ㄨㄚˊ-ㄓ-ㄧ-ㄕㄚ-ㄌㄧˋ-ㄧㄚˇ-ㄓㄢˋ-ㄐㄧˋ	神娃之伊莎莉亞戰記	-5.74707439	acg
ㄕㄣˊ-ㄨㄟˇ-ㄑㄧㄥˊ-ㄗˇ	神尾晴子	-6.60980192	acg
ㄕㄣˊ-ㄨㄟˇ-ㄍㄨㄢ-ㄌㄧㄥˊ	神尾觀鈴	-6.60980192	acg
ㄕㄣˊ-ㄑㄧˊ-ㄑㄩˇ	神崎曲	-7.04116568	acg
ㄕㄣˊ-ㄑㄧˊ-ㄊㄨㄥˊ	神崎瞳	-7.04116568	acg
ㄕㄣˊ-ㄑㄧˊ-ㄌㄢˊ-ㄗˇ	神崎蘭子	-6.60980192	acg
ㄕㄣˊ-ㄑㄧˊ-ㄌㄧˊ-ㄖㄣˊ	神崎黎人	-6.60980192	acg
ㄕㄣˊ-ㄇㄧㄠˋ-ㄌㄧˋ-ㄒㄧㄢˇ	神廟歷險	-6.60980192	acg
ㄕㄣˊ-ㄔㄥˊ	神成	-7.17149945	acg
ㄕㄣˊ-ㄏㄨˋ-ㄉㄚˋ-ㄓㄨˋ	神戶大助	-6.60980192	acg
ㄕㄣˊ-ㄏㄨˋ-ㄇㄠˋ-ㄨㄢˊ	神戶茂丸	-6.60980192	acg
ㄕㄣˊ-ㄏㄨˋ-ㄌㄧㄥˊ-ㄐㄧㄤ	神戶鈴江	-6.60980192	acg
ㄕㄣˊ-ㄏㄨˋ-ㄒㄧˇ-ㄐㄧㄡˇ-ㄗˇ	神戸喜久子	-6.17843815	acg
ㄕㄣˊ-ㄇㄨˋ-ㄕˋ-ㄐㄧㄝˋ	神木世界	-6.60980192	acg
ㄕㄣˊ-ㄇㄨˋ-ㄖㄢˊ-ㄕㄠ-ㄍㄤ-ㄉㄢˋ	神木燃燒鋼彈	-5.74707439	acg
ㄕㄣˊ-ㄇㄨˋ-ㄐㄧㄥ-ㄐㄧˋ-ㄍㄨㄥ-ㄙ	神木經紀公司	-5.74707439	acg
ㄕㄣˊ-ㄑㄧ-ㄔㄣˊ-ㄐㄧㄚ	神栖臣佳	-6.60980192	acg
ㄕㄣˊ-ㄌㄜˋ-ㄅㄢˇ-ㄑㄩㄢˊ	神樂坂泉	-6.60980192	acg
ㄕㄣˊ-ㄌㄜˋ-ㄅㄢˇ-ㄌㄧˇ-ㄕㄚ	神樂坂理紗	-6.17843815	acg
ㄕㄣˊ-ㄧㄤˋ-ㄓㄨㄥ-ㄒㄩㄝˊ-ㄕㄥ	神樣中學生	-6.17843815	acg
ㄕㄣˊ-ㄐㄧ-ㄧ	神機醫	-7.04116568	acg
ㄕㄣˊ-ㄐㄧ-ㄘㄨㄛˋ-ㄌㄨㄢˋ	神機錯亂	-6.60980192	acg
ㄕㄣˊ-ㄏㄨㄛˇ-ㄩㄢˊ	神火源	-7.04116568	acg
ㄕㄣˊ-ㄕㄡˋ-ㄕ	神獸師	-7.04116568	acg
ㄕㄣˊ-ㄊㄧㄢˊ-ㄧㄤˊ-ㄗˇ	神田陽子	-6.60980192	acg
ㄕㄣˊ-ㄉㄨㄣˋ-ㄑㄧˊ-ㄕˋ-ㄍㄤ-ㄉㄢˋ	神盾騎士鋼彈	-5.74707439	acg
ㄕㄣˊ-ㄇㄧˋ-ㄍㄨㄛˇ-ㄕˊ	神祕果實	-6.60980192	acg
ㄕㄣˊ-ㄇㄧˋ-ㄊㄧㄢˊ-ㄒㄧㄣ-ㄅㄧㄢˋ-ㄕㄣ	神祕甜心變身	-5.74707439	acg
ㄕㄣˊ-ㄇㄧˋ-ㄉㄢˋ	神祕蛋	-7.04116568	acg
ㄕㄣˊ-ㄇㄧˋ-ㄓ-ㄨㄣˇ	神秘之吻	-6.60980192	acg
ㄕㄣˊ-ㄇㄧˋ-ㄒㄧㄠˇ-ㄓㄣˋ-ㄉㄚˋ-ㄇㄠˋ-ㄒㄧㄢˇ	神秘小鎮大冒險	-5.74707439	acg
ㄕㄣˊ-ㄇㄧˋ-ㄈㄚˇ-ㄕ	神秘法師	-6.60980192	acg
ㄕㄣˊ-ㄇㄧˋ-ㄧㄥ-ㄒㄩㄥˊ-ㄇㄚˇ	神秘英雄馬	-6.17843815	acg
ㄕㄣˊ-ㄧㄤˊ	神羊	-7.17149945	acg
ㄕㄣˊ-ㄕㄥˋ-ㄓ-ㄖㄣˋ	神聖之刃	-6.60980192	acg
ㄕㄣˊ-ㄕㄥˋ-ㄓ-ㄐㄧㄢˋ	神聖之劍	-6.60980192	acg
ㄕㄣˊ-ㄕㄥˋ-ㄓ-ㄌㄧˋ	神聖之力	-6.60980192	acg
ㄕㄣˊ-ㄕㄥˋ-ㄓ-ㄒㄧㄣ	神聖之心	-6.60980192	acg
ㄕㄣˊ-ㄕㄥˋ-ㄓ-ㄨˋ-ㄠˋ-ㄆㄨˇ	神聖之物奧普	-5.74707439	acg
ㄕㄣˊ-ㄕㄥˋ-ㄓ-ㄧㄢˇ	神聖之眼	-6.60980192	acg
ㄕㄣˊ-ㄕㄥˋ-ㄓˋ-ㄘㄞˊ	神聖制裁	-6.60980192	acg
ㄕㄣˊ-ㄕㄥˋ-ㄊㄧㄢ-ㄋㄩˇ-ㄕㄡˋ	神聖天女獸	-6.17843815	acg
ㄕㄣˊ-ㄕㄥˋ-ㄉㄜ˙-ㄉㄜˊ-ㄐㄧ-ㄕㄡˇ-ㄅㄧㄠˇ	神聖的德姬手錶	-5.74707439	acg
ㄕㄣˊ-ㄕㄥˋ-ㄉㄜ˙-ㄅㄞˇ-ㄏㄜˊ-ㄘㄞˇ-ㄉㄞˋ	神聖的百合彩帶	-5.74707439	acg
ㄕㄣˊ-ㄕㄥˋ-ㄉㄜ˙-ㄔㄨㄣˊ-ㄐㄧㄝˊ-ㄐㄧㄢˋ	神聖的純潔劍	-5.74707439	acg
ㄕㄣˊ-ㄕㄥˋ-ㄐㄧˋ-ㄏㄨㄚˋ	神聖計劃	-6.60980192	acg
ㄕㄣˊ-ㄕㄥˋ-ㄉㄡˋ-ㄕˋ	神聖鬥士	-6.60980192	acg
ㄕㄣˊ-ㄑㄧˊ-ㄒㄧㄠˇ-ㄐㄩㄢˇ-ㄇㄠˊ	神臍小捲毛	-6.17843815	acg
ㄕㄣˊ-ㄩˇ-ㄇㄛˊ	神與魔	-7.04116568	acg
ㄕㄣˊ-ㄒㄧㄥˊ-ㄉㄢˋ-ㄅㄠˇ	神行蛋葆	-6.60980192	acg
ㄕㄣˊ-ㄏㄨㄚˋ-ㄕˋ-ㄐㄧˋ	神話世紀	-6.60980192	acg
ㄕㄣˊ-ㄍㄨˇ-ㄋㄞˋ-ㄒㄩˋ	神谷奈緒	-6.60980192	acg
ㄕㄣˊ-ㄊㄨㄥ-ㄒㄧㄠˇ-ㄐㄧㄥ-ㄌㄧㄥˊ	神通小精靈	-6.17843815	acg
ㄕㄣˊ-ㄊㄨㄥ-ㄨㄤˊ-ㄐㄧㄝˊ	神通王節	-6.60980192	acg
ㄕㄣˊ-ㄙㄨˋ-ㄕˇ-ㄌㄟˊ-ㄍㄜˊ	神速史雷格	-6.17843815	acg
ㄕㄣˊ-ㄧˋ-ㄋㄧㄥˇ	神邑橣	-7.04116568	acg
ㄕㄣˊ-ㄐㄩ-ㄗㄨˊ	神駒族	-7.04116568	acg
ㄕㄣˊ-ㄌㄨㄥˊ-ㄍㄨㄛˊ	神龍國	-7.04116568	acg
ㄕㄣˊ-ㄌㄨㄥˊ-ㄑㄧˊ-ㄅㄧㄥ	神龍奇兵	-6.60980192	acg
ㄕㄣˊ-ㄌㄨㄥˊ-ㄊㄜˋ-ㄍㄨㄥ-ㄉㄨㄟˋ	神龍特攻隊	-6.17843815	acg
ㄕㄣˊ-ㄌㄨㄥˊ-ㄕㄡˋ	神龍獸	-7.04116568	acg
ㄕㄣˊ-ㄌㄨㄥˊ-ㄧˋ-ㄕㄡˋ	神龍翼獸	-6.60980192	acg
ㄒㄧㄤˊ-ㄢ	祥庵	-7.17149945	acg
ㄐㄧˋ-ㄆㄧㄣˇ-ㄓ-ㄌㄧˋ	祭品之力	-6.60980192	acg
ㄐㄧˋ-ㄕ-ㄕㄡˋ	祭師獸	-7.04116568	acg
ㄐㄧˋ-ㄨˋ-ㄩˇ-ㄒㄩㄝˇ-ㄓ-ㄔㄚˋ-ㄋㄚˋ	祭物與雪之剎那	-5.74707439	acg
ㄐㄧㄣˋ-ㄐㄧˋ-ㄍㄨㄛˇ-ㄕˊ	禁忌果實	-6.60980192	acg
ㄐㄧㄣˋ-ㄐㄧˋ-ㄉㄜ˙-ㄇㄛˊ-ㄈㄚˇ-ㄕㄨ	禁忌的魔法書	-5.74707439	acg
ㄐㄧㄣˋ-ㄓˇ-ㄒㄧㄤˋ-ㄇㄨˋ	禁止項目	-6.60980192	acg
ㄐㄧㄣˋ-ㄌㄧㄝˋ-ㄇㄛˊ-ㄋㄩˇ	禁獵魔女	-6.60980192	acg
ㄈㄨˊ-ㄐㄧㄥˇ-ㄧㄡˋ-ㄒㄧ	福井柚嬉	-6.60980192	acg
ㄈㄨˊ-ㄋㄟˋ-ㄉㄧㄢˇ-ㄗˇ	福內典子	-6.60980192	acg
ㄈㄨˊ-ㄎㄚˇ-ㄙ-ㄒㄧㄢ-ㄕㄥ	福卡斯先生	-6.17843815	acg
ㄈㄨˊ-ㄕㄢ-ㄨˇ	福山舞	-7.04116568	acg
ㄈㄨˊ-ㄌㄚ-ㄎㄚˇ	福拉卡	-7.04116568	acg
ㄈㄨˊ-ㄙ-ㄉㄧㄥ-ㄋㄧˊ	福斯丁尼	-6.60980192	acg
ㄈㄨˊ-ㄙ-ㄎㄜ	福斯柯	-7.04116568	acg
ㄈㄨˊ-ㄒㄧㄥ-ㄒㄧㄠˇ-ㄗˇ	福星小子	-6.60980192	acg
ㄈㄨˊ-ㄦˇ-ㄒㄧㄚˋ-ㄊㄜˋ-ㄉㄠˇ	福爾夏特島	-6.17843815	acg
ㄈㄨˊ-ㄊㄜˋ-ㄈㄨ-ㄖㄣˊ	福特夫人	-6.60980192	acg
ㄈㄨˊ-ㄊㄜˋ-ㄐㄩˋ-ㄖㄣˊ	福特巨人	-6.60980192	acg
ㄈㄨˊ-ㄊㄧㄢˊ-ㄔㄨㄣ	福田春	-7.04116568	acg
ㄈㄨˊ-ㄞˋ-ㄦˇ	福艾爾	-7.04116568	acg
ㄈㄨˊ-ㄉㄞˋ-ㄌㄠˇ-ㄧㄝˊ-ㄧㄝˊ	福袋老爺爺	-6.17843815	acg
ㄩˋ-ㄍㄨㄛˊ-ㄐㄩˋ-ㄒㄧㄤˋ	禦國巨像	-6.60980192	acg
ㄔㄢˊ-ㄧㄡˊ-ㄎㄜ-ㄐㄧˋ	禪遊科技	-6.60980192	acg
ㄉㄠˇ-ㄦˇ-ㄉㄚˊ	禱耳達	-7.04116568	acg
ㄩˇ-ㄓㄣˋ-ㄔㄜˋ	禹鎮澈	-7.04116568	acg
ㄏㄜˊ-ㄇㄨˇ	禾姆	-7.17149945	acg
ㄊㄨ-ㄐㄧㄡˋ-ㄕㄡˋ	禿鷲獸	-7.04116568	acg
ㄒㄧㄡˋ-ㄋㄧㄢˋ	秀念	-7.17149945	acg
ㄒㄧㄡˋ-ㄉㄡˋ-ㄊㄞˋ-ㄕㄢ	秀逗泰山	-6.60980192	acg
ㄒㄧㄡˋ-ㄉㄡˋ-ㄇㄛˊ-ㄉㄠˇ-ㄕˋ	秀逗魔導士	-6.17843815	acg
ㄙ-ㄖㄣˊ-ㄕˊ-ㄐㄧㄢ	私人時間	-6.60980192	acg
ㄑㄧㄡ-ㄓ-ㄨˇ-ㄍㄨㄥ-ㄓㄨˇ	秋之舞公主	-6.17843815	acg
ㄑㄧㄡ-ㄩㄢˊ-ㄉㄧㄥ-ㄉㄧㄥ	秋元叮叮	-6.60980192	acg
ㄑㄧㄡ-ㄐㄧˊ-ㄇㄟˇ-ㄆㄛ-ㄗˇ	秋吉美波子	-6.17843815	acg
ㄑㄧㄡ-ㄐㄧˋ-ㄆㄥˊ-ㄧㄡˇ	秋季朋友	-6.60980192	acg
ㄑㄧㄡ-ㄕㄢ-ㄧㄡ-ㄏㄨㄚ-ㄌㄧˇ	秋山優花里	-6.17843815	acg
ㄑㄧㄡ-ㄕㄢ-ㄅㄧㄥ-ㄉㄨˋ	秋山冰杜	-6.60980192	acg
ㄑㄧㄡ-ㄕㄢ-ㄏㄠˇ-ㄗˇ	秋山好子	-6.60980192	acg
ㄑㄧㄡ-ㄕㄢ-ㄔㄨㄣˊ-ㄨˇ-ㄌㄤˊ	秋山淳五郎	-6.17843815	acg
ㄑㄧㄡ-ㄌㄢˊ	秋嵐	-7.17149945	acg
ㄑㄧㄡ-ㄊㄧㄥˊ-ㄌㄧㄥˊ-ㄗˇ	秋庭怜子	-6.60980192	acg
ㄑㄧㄡ-ㄕㄡ-ㄐㄧㄝˊ	秋收節	-7.04116568	acg
ㄑㄧㄡ-ㄈㄢˋ	秋犯	-7.17149945	acg
ㄑㄧㄡ-ㄧㄝˋ-ㄩㄢˊ-ㄇㄧㄥˊ-ㄊㄨˊ-ㄓㄢˋ-ㄓㄥ	秋葉原冥途戰爭	-5.74707439	acg
ㄎㄜ-ㄋㄟˋ-ㄌㄧㄡˊ-ㄙ	科內留斯	-6.60980192	acg
ㄎㄜ-ㄙㄞ-ㄉㄜˊ-ㄨㄤˊ-ㄗˇ	科塞德王子	-6.17843815	acg
ㄎㄜ-ㄙㄞ-ㄊㄜˋ-ㄙ	科塞特斯	-6.60980192	acg
ㄎㄜ-ㄒㄩㄝˊ-ㄧ-ㄈㄤ-ㄊㄨㄥ-ㄒㄧㄥˊ	科學一方通行	-5.74707439	acg
ㄎㄜ-ㄒㄩㄝˊ-ㄧˋ-ㄈㄤ-ㄊㄨㄥ-ㄒㄧㄥˊ	科學一方通行	-6.24707439	acg
ㄎㄜ-ㄒㄩㄝˊ-ㄒㄧㄠˇ-ㄈㄟ-ㄒㄧㄚˊ	科學小飛俠	-6.17843815	acg
ㄎㄜ-ㄒㄩㄝˊ-ㄒㄧㄣ-ㄌㄧˇ-ㄓㄤˇ-ㄨㄛˋ	科學心理掌握	-5.74707439	acg
ㄎㄜ-ㄒㄩㄝˊ-ㄍㄨㄞˋ-ㄑㄩㄢˇ	科學怪犬	-6.60980192	acg
ㄎㄜ-ㄒㄩㄝˊ-ㄑㄧㄥˊ-ㄖㄣˊ	科學情人	-6.60980192	acg
ㄎㄜ-ㄒㄩㄝˊ-ㄨㄟˋ-ㄩㄢˊ-ㄨˋ-ㄓˊ	科學未元物質	-5.74707439	acg
ㄎㄜ-ㄒㄩㄝˊ-ㄓㄤˇ-ㄍㄨㄢ-ㄌㄧˋ-ㄦˇ	科學長官利爾	-5.74707439	acg
ㄎㄜ-ㄒㄩㄝˊ-ㄈㄟ-ㄌㄨㄥˊ-ㄕㄡˋ	科學飛龍獸	-6.17843815	acg
ㄎㄜ-ㄋㄧˊ	科尼	-7.17149945	acg
ㄎㄜ-ㄐㄧˋ-ㄅㄚ-ㄊㄜˋ	科技巴特	-6.60980192	acg
ㄎㄜ-ㄑㄧㄣ-ㄅㄛˊ-ㄕˋ	科欽博士	-6.60980192	acg
ㄎㄜ-ㄦˇ-ㄙㄨ-ㄐㄧㄚ-ㄉㄜˊ	科爾蘇加德	-6.17843815	acg
ㄎㄜ-ㄊㄜˋ-ㄋㄧˊ-ㄊㄞˋ-ㄌㄜˋ	科特尼泰勒	-6.17843815	acg
ㄎㄜ-ㄋㄚˋ	科納	-7.17149945	acg
ㄎㄜ-ㄙㄨㄛˇ-ㄨㄛˋ-ㄏㄨㄥˊ-ㄙㄜˋ-ㄅㄟˋ-ㄌㄟˊ-ㄇㄠˋ-ㄅㄨˋ-ㄉㄨㄟˋ	科索沃紅色貝雷帽部隊	-5.74707439	acg
ㄎㄜ-ㄨㄟˊ-ㄦˇ	科維爾	-7.04116568	acg
ㄇㄧˋ-ㄔㄨㄢˊ-ㄐㄧㄢˋ-ㄓㄠ	秘傳劍招	-6.60980192	acg
ㄇㄧˋ-ㄐㄧㄥˋ-ㄊㄢˋ-ㄒㄧㄢˇ	秘境探險	-6.60980192	acg
ㄇㄧˋ-ㄐㄧㄥˋ-ㄊㄢˋ-ㄒㄧㄢˇ-ㄉㄨㄟˋ	秘境探險隊	-6.17843815	acg
ㄇㄧˋ-ㄊㄧㄢ-ㄕˇ-ㄍㄤ-ㄉㄢˋ	秘天使鋼彈	-6.17843815	acg
ㄇㄧˋ-ㄠˋ-ㄧˋ	秘奧義	-7.04116568	acg
ㄇㄧˋ-ㄇㄧˋ-ㄉㄧˋ-ㄊㄨˊ	秘密地圖	-6.60980192	acg
ㄇㄧˋ-ㄇㄧˋ-ㄅㄠˇ-ㄏㄜˊ	秘密寶盒	-6.60980192	acg
ㄇㄧˋ-ㄅㄠˇ-ㄔㄨㄢˊ-ㄕㄨㄛ	秘寶傳說	-6.60980192	acg
ㄇㄧˋ-ㄐㄧˋ-ㄕㄡˋ	秘技獸	-7.04116568	acg
ㄇㄧˋ-ㄈㄚˇ-ㄈㄨˊ-ㄨㄣˊ	秘法符文	-6.60980192	acg
ㄑㄧㄣˊ-ㄕㄥˋ-ㄗˇ	秦聖子	-7.04116568	acg
ㄓˋ-ㄒㄩˋ-ㄕㄡˋ	秩序獸	-7.04116568	acg
ㄧˊ-ㄉㄨㄥˋ-ㄐㄧㄚ-ㄙㄨˋ	移動加速	-6.60980192	acg
ㄧˊ-ㄉㄨㄥˋ-ㄔㄥˊ-ㄅㄠˇ	移動城堡	-6.60980192	acg
ㄌㄥˊ-ㄐㄧㄥˋ-ㄊㄧㄢ-ㄕˇ	稜鏡天使	-6.60980192	acg
ㄓㄨㄥˇ-ㄘㄨㄣ-ㄒㄧㄠˋ-ㄧ	種村孝一	-6.60980192	acg
ㄉㄠˋ-ㄈㄨˋ-ㄒㄧㄤˇ	稻富響	-7.04116568	acg
ㄉㄠˋ-ㄌㄤˋ-ㄌㄧㄤˊ-ㄏㄢˋ	稻浪良和	-6.60980192	acg
ㄉㄠˋ-ㄘㄠˇ-ㄖㄣˊ-ㄕㄡˋ	稻草人獸	-6.60980192	acg
ㄉㄠˋ-ㄧㄝˋ-ㄅㄠˇ-ㄖㄣˊ	稻葉保仁	-6.60980192	acg
ㄙㄨㄟˋ-ㄘㄨㄣ-ㄗㄨㄣ	穂村尊	-7.04116568	acg
ㄇㄨˋ-ㄒㄧㄡ-ㄌㄚ	穆修拉	-7.04116568	acg
ㄇㄨˋ-ㄎㄚˇ-ㄉㄧˊ	穆卡迪	-7.04116568	acg
ㄇㄨˋ-ㄐㄧˊ-ㄎㄚˇ	穆吉卡	-7.04116568	acg
ㄇㄨˋ-ㄎㄨˋ-ㄌㄟˊ-ㄉㄜˊ	穆庫雷德	-6.60980192	acg
ㄇㄨˋ-ㄕㄨ-ㄈㄢˊ	穆舒凡	-7.04116568	acg
ㄇㄨˋ-ㄍㄞˋ-ㄊㄜˋ	穆蓋特	-7.04116568	acg
ㄇㄨˋ-ㄉㄚˊ	穆達	-7.17149945	acg
ㄐㄧ-ㄈㄣ-ㄉㄨㄟˋ-ㄓㄢˋ	積分對戰	-6.60980192	acg
ㄙㄨㄟˋ-ㄌㄨㄥˊ	穗龍	-7.17149945	acg
ㄙㄨㄟˋ-ㄌㄨㄥˊ-ㄖㄣˋ-ㄋㄧㄣˊ-ㄔㄞ-ㄑㄧㄢˇ	穗龍任您差遣	-5.74707439	acg
ㄙㄨㄟˋ-ㄌㄨㄥˊ-ㄍㄨㄥ-ㄓㄨˇ	穗龍公主	-6.60980192	acg
ㄒㄩㄝˋ-ㄐㄧㄢˋ-ㄩㄣˋ-ㄊㄞˋ	穴見運太	-6.60980192	acg
ㄐㄧㄡˋ-ㄐㄧˊ-ㄙㄢ-ㄐㄧㄠˇ-ㄓㄡ-ㄅㄨˋ-ㄉㄨㄟˋ	究極三角洲部隊	-5.74707439	acg
ㄐㄧㄡˋ-ㄐㄧˊ-ㄌㄨㄢˋ-ㄉㄡˋ	究極亂鬥	-6.60980192	acg
ㄐㄧㄡˋ-ㄐㄧˊ-ㄊㄧㄢ-ㄕˇ-ㄕㄡˋ	究極天使獸	-6.17843815	acg
ㄐㄧㄡˋ-ㄐㄧˊ-ㄍㄜˊ-ㄉㄡˋ	究極格鬥	-6.60980192	acg
ㄐㄧㄡˋ-ㄐㄧˊ-ㄨˇ-ㄓㄨㄤ-ㄐㄧㄣˋ-ㄏㄨㄚˋ	究極武裝進化	-5.74707439	acg
ㄐㄧㄡˋ-ㄐㄧˊ-ㄏㄨㄟˇ-ㄇㄧㄝˋ-ㄆㄠˋ	究極毀滅砲	-6.17843815	acg
ㄎㄨㄥ-ㄓㄨㄥ-ㄕㄚ-ㄕㄡˇ	空中殺手	-6.60980192	acg
ㄎㄨㄥ-ㄓㄨㄥ-ㄅㄚˋ-ㄓㄜˇ	空中霸者	-6.60980192	acg
ㄎㄨㄥ-ㄐㄧㄥˇ-ㄒㄧㄠˋ-ㄒㄧ	空井咲希	-6.60980192	acg
ㄎㄨㄥ-ㄉㄠˇ-ㄅㄠˇ-ㄅㄟˋ-ㄌㄨㄥˊ-ㄒㄩㄝˊ-ㄩㄢˋ	空島寶貝龍學院	-5.74707439	acg
ㄎㄨㄥ-ㄨㄛˇ	空我	-7.17149945	acg
ㄎㄨㄥ-ㄓㄢˋ-ㄑㄧˊ-ㄅㄧㄥ	空戰奇兵	-6.60980192	acg
ㄎㄨㄥ-ㄊㄡˊ-ㄓㄚˋ-ㄉㄢˋ	空投炸彈	-6.60980192	acg
ㄎㄨㄥ-ㄘㄠ-ㄊㄢˊ	空操彈	-7.04116568	acg
ㄎㄨㄥ-ㄘㄠ-ㄊㄢˊ-ㄇㄚˇ	空操彈馬	-6.60980192	acg
ㄎㄨㄥ-ㄑㄧˋ-ㄧㄚ-ㄙㄨㄛ-ㄆㄠˋ	空氣壓縮砲	-6.17843815	acg
ㄎㄨㄥ-ㄧㄚˊ-ㄕㄡˋ	空牙獸	-7.04116568	acg
ㄎㄨㄥ-ㄙㄨㄟˋ-ㄒㄧㄚˋ-ㄒㄧ	空穗夏希	-6.60980192	acg
ㄎㄨㄥ-ㄈㄨˋ-ㄧㄝˊ-ㄧㄝˊ	空腹爺爺	-6.60980192	acg
ㄎㄨㄥ-ㄐㄧㄢ-ㄓ-ㄇㄣˊ	空間之門	-6.60980192	acg
ㄎㄨㄥ-ㄐㄧㄢ-ㄅㄠˇ-ㄕˊ	空間寶石	-6.60980192	acg
ㄎㄨㄥ-ㄐㄧㄢ-ㄊㄧㄠˋ-ㄩㄝˋ-ㄇㄣˊ	空間跳躍門	-6.17843815	acg
ㄎㄨㄥ-ㄐㄧㄢ-ㄩㄝˋ-ㄉㄨㄥˋ	空間躍動	-6.60980192	acg
ㄔㄨㄢ-ㄩㄝˋ-ㄕˊ-ㄎㄨㄥ-ㄓ-ㄇㄣˊ	穿越時空之門	-5.74707439	acg
ㄊㄨˊ-ㄐㄧˊ-ㄅㄧㄥ-ㄈㄥ	突擊兵蜂	-6.60980192	acg
ㄊㄨˊ-ㄐㄧˊ-ㄇㄛˊ-ㄕˋ	突擊模式	-6.60980192	acg
ㄊㄨˊ-ㄐㄧˊ-ㄏㄨˋ-ㄐㄧㄚˇ	突擊護甲	-6.60980192	acg
ㄊㄨˊ-ㄐㄧˊ-ㄌㄨㄥˊ-ㄕㄡˋ	突擊龍獸	-6.60980192	acg
ㄊㄨˊ-ㄒㄧˊ-ㄩㄥ-ㄅㄧㄥ-ㄧㄥˊ	突襲傭兵營	-6.17843815	acg
ㄊㄨˊ-ㄒㄧˊ-ㄩㄥˋ-ㄏㄨㄛˋ-ㄍㄨㄟˋ	突襲用貨櫃	-6.17843815	acg
ㄎㄨ-ㄌㄨˊ-ㄊㄚˇ-ㄗㄨˊ	窟盧塔族	-6.60980192	acg
ㄨㄛ-ㄐㄧㄣ	窩金	-7.17149945	acg
ㄘㄨㄢˋ-ㄨㄤˇ-ㄕˇ	竄網使	-7.04116568	acg
ㄌㄧˋ-ㄩㄢˊ-ㄉㄨㄥ-ㄇㄟˇ	立原冬美	-6.60980192	acg
ㄌㄧˋ-ㄩㄢˊ-ㄉㄨㄥ-ㄇㄚˇ	立原冬馬	-6.60980192	acg
ㄌㄧˋ-ㄕˊ-ㄓˋ-ㄇㄛˊ	立石志摩	-6.60980192	acg
ㄌㄧˋ-ㄕˊ-ㄧㄤˊ-ㄐㄧㄝˋ	立石洋介	-6.60980192	acg
ㄌㄧˋ-ㄕˊ-ㄧㄡˊ-ㄐㄧˋ-ㄈㄨ	立石由紀夫	-6.17843815	acg
ㄌㄧˋ-ㄏㄨㄚ-ㄉㄚˋ-ㄈㄨˇ	立花大輔	-6.60980192	acg
ㄌㄧˋ-ㄏㄨㄚ-ㄗㄨㄥ-ㄧ-ㄌㄤˊ	立花宗一郎	-6.17843815	acg
ㄌㄧˋ-ㄏㄨㄚ-ㄗㄨㄥ-ㄧˋ-ㄌㄤˊ	立花宗一郎	-6.67843815	acg
ㄌㄧˋ-ㄏㄨㄚ-ㄈㄨˋ-ㄇㄟˇ	立花富美	-6.60980192	acg
ㄌㄧˋ-ㄏㄨㄚ-ㄒㄩㄥˊ	立花雄	-7.04116568	acg
ㄌㄧˋ-ㄊㄧˇ-ㄐㄧ-ㄉㄨㄥˋ-ㄓㄨㄤ-ㄓˋ	立體機動裝置	-5.74707439	acg
ㄊㄨㄥˊ-ㄏㄨㄚˋ-ㄌㄩˇ-ㄔㄥˊ	童話旅程	-6.60980192	acg
ㄊㄨㄥˊ-ㄏㄨㄚˋ-ㄇㄨˋ-ㄇㄚˇ-ㄌㄜˋ-ㄩㄢˊ	童話木馬樂園	-5.74707439	acg
ㄊㄨㄥˊ-ㄏㄨㄚˋ-ㄘㄨㄣ	童話村	-7.04116568	acg
ㄊㄨㄥˊ-ㄏㄨㄚˋ-ㄔㄣˊ-ㄕㄨㄟˋ-ㄐㄩˋ-ㄖㄣˊ-ㄓ-ㄙㄣ	童話沉睡巨人之森	-5.74707439	acg
ㄊㄨㄥˊ-ㄏㄨㄚˋ-ㄑㄧㄥ-ㄨㄚ-ㄗㄠˇ-ㄊㄤˊ	童話青蛙澡堂	-5.74707439	acg
ㄐㄧㄥˋ-ㄐㄧˋ-ㄌㄟˊ-ㄊㄞˊ	競技擂台	-6.60980192	acg
ㄐㄧㄥˋ-ㄐㄧˋ-ㄇㄛˊ-ㄕˋ	競技模式	-6.60980192	acg
ㄐㄧㄥˋ-ㄐㄧˋ-ㄕㄥˋ-ㄉㄧㄢˋ	競技聖殿	-6.60980192	acg
ㄓㄨˊ-ㄓ-ㄋㄟˋ-ㄐㄧˊ-ㄇㄟˇ	竹之內吉美	-6.17843815	acg
ㄓㄨˊ-ㄐㄧㄢˋ-ㄕㄠˋ-ㄋㄩˇ	竹劍少女	-6.60980192	acg
ㄓㄨˊ-ㄔㄨㄢ	竹川	-7.17149945	acg
ㄓㄨˊ-ㄇㄚˇ-ㄓ-ㄐㄧㄠ	竹馬之交	-6.60980192	acg
ㄅㄚ-ㄉㄧˋ	笆蒂	-7.17149945	acg
ㄒㄧㄠˋ-ㄇㄧ-ㄇㄧ-ㄐㄧㄠˋ-ㄕㄡˋ	笑咪咪教授	-6.17843815	acg
ㄒㄧㄠˋ-ㄊㄢˊ-ㄉㄚˋ-ㄨㄤˊ	笑彈大王	-6.60980192	acg
ㄒㄧㄠˋ-ㄌㄧㄢˇ-ㄇㄠ	笑臉貓	-7.04116568	acg
ㄒㄧㄠˋ-ㄈㄥ-ㄊㄧㄥˊ-ㄊㄨㄣ-ㄌㄜˋ	笑風亭吞樂	-6.17843815	acg
ㄉㄧˊ-ㄧㄣ-ㄗˇ	笛音子	-7.04116568	acg
ㄌㄧˋ-ㄩㄢˊ-ㄓㄣ-ㄒㄧ	笠原真希	-6.60980192	acg
ㄌㄧˋ-ㄑㄧㄡ-ㄧㄢˋ	笠秋彥	-7.04116568	acg
ㄈㄨˊ-ㄨㄣˊ-ㄉㄚˋ-ㄉㄧˋ	符文大地	-6.60980192	acg
ㄈㄨˊ-ㄨㄣˊ-ㄉㄚˋ-ㄉㄧˋ-ㄔㄨㄢˊ-ㄕㄨㄛ	符文大地傳說	-5.74707439	acg
ㄈㄨˊ-ㄗㄜˊ-ㄌㄧㄡˊ-ㄙ	符澤琉斯	-6.60980192	acg
ㄅㄣˋ-ㄐㄧㄡˇ	笨久	-7.17149945	acg
ㄅㄣˋ-ㄅㄣˋ-ㄆㄞˋ-ㄉㄚˋ-ㄒㄧㄥ	笨笨派大星	-6.17843815	acg
ㄅㄣˋ-ㄅㄣˋ-ㄋㄧㄠˇ	笨笨鳥	-7.04116568	acg
ㄉㄧˋ-ㄧ-ㄍㄜ˙-ㄏㄠˇ-ㄆㄥˊ-ㄧㄡˇ	第一個好朋友	-5.74707439	acg
ㄉㄧˋ-ㄧ-ㄙㄞˋ-ㄐㄧˋ	第一賽季	-6.60980192	acg
ㄉㄧˋ-ㄙㄢ-ㄆㄛ-ㄗ-ㄒㄩㄣˋ	第三波資訊	-6.17843815	acg
ㄉㄧˋ-ㄙㄢ-ㄙㄞˋ-ㄐㄧˋ	第三賽季	-6.60980192	acg
ㄉㄧˋ-ㄙㄢ-ㄇㄛˊ-ㄈㄚˇ	第三魔法	-6.60980192	acg
ㄉㄧˋ-ㄦˋ-ㄉㄞˋ-ㄅㄠˇ-ㄒㄧㄢ-ㄍㄨㄟˇ	第二代寶仙鬼	-5.74707439	acg
ㄉㄧˋ-ㄦˋ-ㄍㄨㄛˊ-ㄉㄨˋ	第二國度	-6.60980192	acg
ㄉㄧˋ-ㄦˋ-ㄙㄞˋ-ㄐㄧˋ	第二賽季	-6.60980192	acg
ㄕˋ-ㄆㄨˇ-ㄧㄤˊ-ㄐㄧㄝˋ	笹浦洋介	-6.60980192	acg
ㄕˋ-ㄌㄞˋ-ㄔㄨㄢ-ㄗㄨㄛˇ-ㄗㄨㄛˇ-ㄇㄟˇ	笹瀨川佐佐美	-5.74707439	acg
ㄕˋ-ㄅㄨˋ-ㄨˊ-ㄌㄤˇ	笹部吾朗	-6.60980192	acg
ㄅㄧˇ-ㄍㄨㄞˋ	筆怪	-7.17149945	acg
ㄅㄧˇ-ㄊㄡˊ-ㄕㄣˇ-ㄨㄣˋ-ㄍㄨㄢ	筆頭審問官	-6.17843815	acg
ㄉㄥˇ-ㄙㄨㄥ-ㄇㄟˇ-ㄏㄞˇ	等松美海	-6.60980192	acg
ㄉㄥˇ-ㄉㄥˇ-ㄌㄧˋ-ㄒㄧㄠˋ	等等力孝	-6.60980192	acg
ㄉㄥˇ-ㄐㄧˊ-ㄜˋ-ㄌㄧㄥˊ	等級惡靈	-6.60980192	acg
ㄐㄧㄣ-ㄆㄧˊ-ㄌㄧˋ-ㄐㄧㄣˋ-ㄉㄜ˙-ㄆㄞˋ-ㄉㄨㄟˋ	筋疲力盡的派對	-5.74707439	acg
ㄘㄜˋ-ㄕˋ-ㄕㄡˋ	策士獸	-7.04116568	acg
ㄘㄜˋ-ㄌㄩㄝˋ-ㄔㄨㄢˊ-ㄑㄧˊ	策略傳奇	-6.60980192	acg
ㄐㄧㄢˇ-ㄐㄧㄣˇ	筧菫	-7.17149945	acg
ㄐㄧ-ㄒㄧㄡˇ-ㄙㄢ-ㄑㄧㄝˊ-ㄇㄚˇ-ㄕㄡˋ	箕宿三伽馬獸	-5.74707439	acg
ㄍㄨㄢˇ-ㄐㄧㄚ-ㄙㄚˋ-ㄎㄞˇ-ㄋㄚˋ	管家薩凱那	-6.17843815	acg
ㄍㄨㄢˇ-ㄏㄨˊ-ㄕㄡˋ	管狐獸	-7.04116568	acg
ㄍㄨㄢˇ-ㄌㄧˇ-ㄖㄣˊ-ㄅㄛˊ-ㄅㄛ˙	管理人伯伯	-6.17843815	acg
ㄐㄧㄝˊ-ㄑㄧㄥˋ-ㄧㄥˊ-ㄩㄣˋ-ㄍㄨㄢˇ-ㄌㄧˇ-ㄅㄨˋ	節慶營運管理部	-5.74707439	acg
ㄐㄧㄝˊ-ㄆㄞ-ㄏㄨˋ-ㄉㄨㄣˋ	節拍護盾	-6.60980192	acg
ㄐㄧㄝˊ-ㄆㄞ-ㄧㄣ-ㄐㄧㄢˋ	節拍音箭	-6.60980192	acg
ㄍㄡ-ㄖˋ-ㄏㄨㄚ	篝日花	-7.04116568	acg
ㄒㄧㄠˇ-ㄩㄢˊ-ㄏㄢˋ-ㄒㄩㄥˊ	篠原和雄	-6.60980192	acg
ㄒㄧㄠˇ-ㄩㄢˊ-ㄒㄧㄚˋ-ㄒㄧ	篠原夏希	-6.60980192	acg
ㄒㄧㄠˇ-ㄩㄢˊ-ㄇㄧㄥˊ-ㄌㄧˇ	篠原明里	-6.60980192	acg
ㄒㄧㄠˇ-ㄩㄢˊ-ㄌㄧˇ	篠原禮	-7.04116568	acg
ㄒㄧㄠˇ-ㄩㄢˊ-ㄖㄨㄛˋ-ㄧㄝˋ	篠原若葉	-6.60980192	acg
ㄒㄧㄠˇ-ㄩㄢˊ-ㄒㄩㄝˇ-ㄗˇ	篠原雪子	-6.60980192	acg
ㄒㄧㄠˇ-ㄍㄨㄥ-ㄊㄨㄥˊ	篠宮瞳	-7.04116568	acg
ㄒㄧㄠˇ-ㄍㄨㄥ-ㄌㄧㄥˊ-ㄌㄞˋ	篠宮綾瀨	-6.60980192	acg
ㄒㄧㄠˇ-ㄔㄨㄢ-ㄒㄧㄤ-ㄧㄣ	篠川香音	-6.60980192	acg
ㄉㄨˇ-ㄣ	篤恩	-7.17149945	acg
ㄐㄧㄢˇ-ㄉㄢ-ㄇㄛˊ-ㄕˋ	簡單模式	-6.60980192	acg
ㄐㄧㄢˇ-ㄒㄧㄡˋ-ㄐㄧˊ	簡秀吉	-7.04116568	acg
ㄑㄧˊ-ㄅㄣˇ-ㄒㄧㄚˋ-ㄐㄧㄤ	籏本夏江	-6.60980192	acg
ㄑㄧˊ-ㄅㄣˇ-ㄨˇ	籏本武	-7.04116568	acg
ㄇㄧˇ-ㄓㄨㄥ-ㄨㄟˋ	米中尉	-7.04116568	acg
ㄇㄧˇ-ㄎㄜˋ-ㄙ-ㄊㄚˇ	米克斯塔	-6.60980192	acg
ㄇㄧˇ-ㄎㄜˋ-ㄦˇ	米克爾	-7.04116568	acg
ㄇㄧˇ-ㄎㄞˇ-ㄌㄨㄛˋ	米凱洛	-7.04116568	acg
ㄇㄧˇ-ㄎㄞˇ-ㄦˇ	米凱爾	-7.04116568	acg
ㄇㄧˇ-ㄌㄧˋ-ㄧㄚˇ-ㄦˇ-ㄊㄜˋ	米利亞爾特	-6.17843815	acg
ㄇㄧˇ-ㄌㄧˋ-ㄊㄚˇ-ㄌㄧˋ-ㄧㄚˇ	米利塔利亞	-6.17843815	acg
ㄇㄧˇ-ㄌㄧˋ-ㄨˇ-ㄙ	米力伍斯	-6.60980192	acg
ㄇㄧˇ-ㄌㄜˋ-ㄩㄢˋ-ㄓㄤˇ	米勒院長	-6.60980192	acg
ㄇㄧˇ-ㄎㄚˇ-ㄞˋ-ㄌㄧˋ-ㄙ	米卡艾利斯	-6.17843815	acg
ㄇㄧˇ-ㄎㄚˇ-ㄕㄚ	米卡莎	-7.04116568	acg
ㄇㄧˇ-ㄎㄡˇ	米口	-7.17149945	acg
ㄇㄧˇ-ㄎㄡˇ-ㄏㄢˋ-ㄧㄡˊ-ㄇㄟˇ	米口和油美	-6.17843815	acg
ㄇㄧˇ-ㄎㄜˇ	米可	-7.17149945	acg
ㄇㄧˇ-ㄏㄚ-ㄧㄡˊ	米哈遊	-7.04116568	acg
ㄇㄧˇ-ㄏㄚ-ㄧㄡˊ-ㄨㄤˇ-ㄌㄨㄛˋ	米哈遊網絡	-6.17843815	acg
ㄇㄧˇ-ㄊㄚˇ-ㄅㄧˇ	米塔比	-7.04116568	acg
ㄇㄧˇ-ㄒㄧㄚˋ	米夏	-7.17149945	acg
ㄇㄧˇ-ㄉㄨㄛ-ㄈㄨˊ-ㄊㄜˋ	米多福特	-6.60980192	acg
ㄇㄧˇ-ㄇㄥˋ-ㄇㄥˋ	米夢夢	-7.04116568	acg
ㄇㄧˇ-ㄑㄧˊ-ㄇㄧㄠˋ-ㄇㄧㄠˋ-ㄕˋ-ㄐㄧㄝˋ	米奇妙妙世界	-5.74707439	acg
ㄇㄧˇ-ㄑㄧˊ-ㄐㄧㄚ-ㄗㄨˊ-ㄉㄜ˙-ㄨㄢˋ-ㄕㄥˋ-ㄌㄧˋ-ㄒㄧㄢˇ	米奇家族的萬聖歷險	-5.74707439	acg
ㄇㄧˇ-ㄑㄧˊ-ㄧㄝ-ㄉㄢˋ-ㄐㄧㄚ-ㄋㄧㄢˊ-ㄏㄨㄚˊ	米奇耶誕嘉年華	-5.74707439	acg
ㄇㄧˇ-ㄑㄧˊ-ㄩˇ-ㄇㄛˊ-ㄉㄡˋ	米奇與魔豆	-6.17843815	acg
ㄇㄧˇ-ㄋㄞˋ-ㄨㄚˊ	米奈娃	-7.04116568	acg
ㄇㄧˇ-ㄠˋ-ㄌㄧㄣˊ-ㄋㄧㄝˋ	米奧琳涅	-6.60980192	acg
ㄇㄧˇ-ㄋㄧˊ-ㄋㄚˊ	米妮拿	-7.04116568	acg
ㄇㄧˇ-ㄋㄧˊ-ㄌㄠˇ-ㄕㄨˇ	米妮老鼠	-6.60980192	acg
ㄇㄧˇ-ㄋㄚˋ	米娜	-7.17149945	acg
ㄇㄧˇ-ㄋㄧˊ-ㄨㄥ	米尼翁	-7.04116568	acg
ㄇㄧˇ-ㄣ	米恩	-7.17149945	acg
ㄇㄧˇ-ㄘㄞˊ-ㄧ-ㄕˇ-ㄉㄨㄛ-ㄇㄨˇ	米才伊史多姆	-5.74707439	acg
ㄇㄧˇ-ㄌㄚ-ㄐㄧˊ	米拉吉	-7.04116568	acg
ㄇㄧˇ-ㄌㄚ-ㄅㄟˋ-ㄦˊ	米拉貝兒	-6.60980192	acg
ㄇㄧˇ-ㄦˇ-ㄨㄚˊ	米爾娃	-7.04116568	acg
ㄇㄧˇ-ㄦˇ-ㄎㄤ-ㄋㄢˊ	米爾康南	-6.60980192	acg
ㄇㄧˇ-ㄦˇ-ㄈㄟ-ㄡ-ㄌㄟˊ	米爾菲歐雷	-6.17843815	acg
ㄇㄧˇ-ㄑㄧˊ-ㄢ	米琪安	-7.04116568	acg
ㄇㄧˇ-ㄌㄨˊ-ㄌㄧˋ-ㄧㄚˇ	米盧利亞	-6.60980192	acg
ㄇㄧˇ-ㄎㄜ	米科	-7.17149945	acg
ㄇㄧˇ-ㄇㄧˇ	米米	-7.17149945	acg
ㄇㄧˇ-ㄋㄚˋ-ㄦˇ-ㄙㄣ-ㄌㄧㄣˊ	米納爾森林	-6.17843815	acg
ㄇㄧˇ-ㄙㄨㄛˇ-ㄎㄚˇ-ㄗㄢˋ	米索卡贊	-6.60980192	acg
ㄇㄧˇ-ㄌㄨㄛˊ-ㄉㄜ˙-ㄇㄛˋ-ㄈㄟ-ㄇㄧㄥˋ-ㄩㄣˋ	米羅的莫非命運	-5.74707439	acg
ㄇㄧˇ-ㄕㄚ	米莎	-7.17149945	acg
ㄇㄧˇ-ㄈㄟ	米菲	-7.17149945	acg
ㄇㄧˇ-ㄌㄞˊ	米萊	-7.17149945	acg
ㄇㄧˇ-ㄌㄧㄢˊ	米蓮	-7.17149945	acg
ㄇㄧˇ-ㄌㄟˇ-ㄌㄧˋ-ㄧㄚˇ	米蕾莉亞	-6.60980192	acg
ㄇㄧˇ-ㄋㄨㄛˋ	米諾	-7.17149945	acg
ㄇㄧˇ-ㄏㄜˋ-ㄕㄚ	米赫莎	-7.04116568	acg
ㄇㄧˇ-ㄌㄧˇ-ㄡ	米里歐	-7.04116568	acg
ㄇㄧˇ-ㄌㄧˇ-ㄞˋ-ㄓㄨˇ-ㄐㄧㄠˋ	米里艾主教	-6.17843815	acg
ㄇㄧˇ-ㄌㄧˊ-ㄙㄞˋ	米釐賽	-7.04116568	acg
ㄇㄧˇ-ㄚ-ㄇㄛˋ-ㄎㄚˇ-ㄉㄢ-ㄕㄚ-ㄍㄨㄥ-ㄓㄨˇ	米阿默卡丹紗公主	-5.74707439	acg
ㄇㄧˇ-ㄒㄩ-ㄨㄟˊ-ㄦˇ	米須維爾	-6.60980192	acg
ㄈㄣˇ-ㄙㄨㄟˋ-ㄖㄣˊ	粉碎人	-7.04116568	acg
ㄈㄣˇ-ㄙㄨㄟˋ-ㄓㄜˇ	粉碎者	-7.04116568	acg
ㄈㄣˇ-ㄏㄨㄥˊ-ㄒㄧㄢ-ㄕㄥ	粉紅先生	-6.60980192	acg
ㄈㄣˇ-ㄏㄨㄥˊ-ㄋㄩˇ-ㄒㄧㄚˊ	粉紅女俠	-6.60980192	acg
ㄘㄨ-ㄅㄠˋ-ㄒㄧㄠˇ-ㄗˇ	粗暴小子	-6.60980192	acg
ㄘㄨ-ㄆㄧˊ-ㄒㄩㄥˊ	粗皮雄	-7.04116568	acg
ㄘㄨ-ㄌㄨˇ-ㄋㄢˊ	粗魯男	-7.04116568	acg
ㄙㄨˋ-ㄍㄣ-ㄒㄧㄣ	粟根心	-7.04116568	acg
ㄐㄧㄥ-ㄆㄧㄣˇ-ㄉㄧㄢˋ-ㄎㄞ-ㄇㄨˋ-ㄌㄜ˙	精品店開幕了	-5.74707439	acg
ㄐㄧㄥ-ㄇㄧˋ-ㄑㄧㄤˊ-ㄏㄨㄚˋ-ㄌㄧㄥˊ-ㄐㄧㄢˋ	精密強化零件	-5.74707439	acg
ㄐㄧㄥ-ㄓㄨㄣˇ-ㄕㄜˋ-ㄐㄧˊ	精準射擊	-6.60980192	acg
ㄐㄧㄥ-ㄕㄣˊ-ㄍㄢˇ-ㄧㄥˋ-ㄕˋ-ㄍㄤ-ㄉㄢˋ	精神感應式鋼彈	-5.74707439	acg
ㄐㄧㄥ-ㄕㄣˊ-ㄍㄢˇ-ㄧㄥˋ-ㄆㄠˋ	精神感應砲	-6.17843815	acg
ㄐㄧㄥ-ㄕㄣˊ-ㄔㄨㄥ-ㄐㄧˊ	精神衝擊	-6.60980192	acg
ㄐㄧㄥ-ㄧㄥ-ㄋㄧㄡˊ-ㄊㄡˊ-ㄉㄚˋ-ㄌㄠˇ	精英牛頭大佬	-5.74707439	acg
ㄐㄧㄥ-ㄊㄨㄥ-ㄍㄜˊ-ㄉㄡˋ	精通格鬥	-6.60980192	acg
ㄐㄧㄥ-ㄊㄨㄥ-ㄩㄢˇ-ㄐㄩˋ-ㄌㄧˊ-ㄓㄢˋ-ㄕㄨˋ	精通遠距離戰術	-5.74707439	acg
ㄐㄧㄥ-ㄊㄨㄥ-ㄇㄛˊ-ㄈㄚˇ	精通魔法	-6.60980192	acg
ㄐㄧㄥ-ㄌㄧㄥˊ-ㄩㄝˋ-ㄍㄨㄤ-ㄊㄧㄥˊ-ㄩㄢˊ	精靈月光庭園	-5.74707439	acg
ㄐㄧㄥ-ㄌㄧㄥˊ-ㄩㄝˋ-ㄓㄤ	精靈樂章	-6.60980192	acg
ㄐㄧㄥ-ㄌㄧㄥˊ-ㄏㄞˇ-ㄉㄧˇ-ㄔㄥˊ-ㄉㄜ˙-ㄇㄧˋ-ㄇㄧˋ	精靈海底城的秘密	-5.74707439	acg
ㄐㄧㄥ-ㄌㄧㄥˊ-ㄕㄣˊ-ㄇㄨˋ-ㄉㄜ˙-ㄐㄧㄝˊ-ㄐㄧㄥˋ	精靈神木的捷徑	-5.74707439	acg
ㄐㄧㄥ-ㄌㄧㄥˊ-ㄒㄧㄝˇ	精靈血	-7.04116568	acg
ㄏㄨˊ-ㄊㄨˊ-ㄊㄚ-ㄎㄜˋ	糊塗塌客	-6.60980192	acg
ㄊㄤˊ-ㄍㄨㄛˇ-ㄨ-ㄉㄜ˙-ㄑㄧㄣ-ㄌㄩㄝˋ-ㄓㄜˇ	糖果屋的侵略者	-5.74707439	acg
ㄊㄤˊ-ㄊㄤˊ	糖糖	-7.17149945	acg
ㄇㄧˊ-ㄐㄧ	糜稽	-7.17149945	acg
ㄐㄧˋ-ㄉㄞˋ-ㄗˇ	紀代子	-7.04116568	acg
ㄐㄧˋ-ㄋㄧㄢˋ-ㄨˋ-ㄩˇ	紀念物語	-6.60980192	acg
ㄩㄝ-ㄒㄧㄡ-ㄧㄚˇ	約修亞	-7.04116568	acg
ㄩㄝ-ㄦˊ	約兒	-7.17149945	acg
ㄩㄝ-ㄉㄜˊ-ㄦˇ-ㄆㄠˋ-ㄕㄡˇ	約德爾炮手	-6.17843815	acg
ㄩㄝ-ㄦˇ-ㄅㄚ	約爾芭	-7.04116568	acg
ㄩㄝ-ㄖㄨㄟˋ-ㄎㄜ	約瑞科	-7.04116568	acg
ㄩㄝ-ㄏㄢˋ-ㄏㄠˋ-ㄎㄜˋ	約翰浩克	-6.60980192	acg
ㄏㄨㄥˊ-ㄓ-ㄒㄧㄠˋ-ㄨㄞˋ-ㄌㄩˇ-ㄒㄧㄥˊ	紅之校外旅行	-5.74707439	acg
ㄏㄨㄥˊ-ㄊㄢˇ-ㄎㄜˋ	紅坦克	-7.04116568	acg
ㄏㄨㄥˊ-ㄨ	紅屋	-7.17149945	acg
ㄏㄨㄥˊ-ㄅㄧㄢˇ-ㄇㄠˋ	紅扁帽	-7.04116568	acg
ㄏㄨㄥˊ-ㄅㄧㄢˇ-ㄇㄠˋ-ㄍㄜˊ-ㄌㄧˋ-ㄇㄛˊ-ㄧㄚˇ	紅扁帽格利摩亞	-5.74707439	acg
ㄏㄨㄥˊ-ㄕㄨˋ-ㄌㄧㄣˊ-ㄇㄨˋ	紅樹林木	-6.60980192	acg
ㄏㄨㄥˊ-ㄕㄨˋ-ㄌㄧㄣˊ-ㄇㄨˋ-ㄩㄢˊ-ㄇㄨˋ	紅樹林木原木	-5.74707439	acg
ㄏㄨㄥˊ-ㄏㄠˋ-ㄎㄜˋ	紅浩克	-7.04116568	acg
ㄏㄨㄥˊ-ㄨㄤˊ	紅王	-7.17149945	acg
ㄏㄨㄥˊ-ㄅㄞˊ-ㄕㄨㄤ-ㄒㄧㄥ	紅白雙星	-6.60980192	acg
ㄏㄨㄥˊ-ㄙㄜˋ-ㄧㄝˋ-ㄧㄥ	紅色夜鷹	-6.60980192	acg
ㄏㄨㄥˊ-ㄙㄜˋ-ㄏㄨㄟˋ-ㄒㄧㄥ	紅色彗星	-6.60980192	acg
ㄏㄨㄥˊ-ㄙㄜˋ-ㄨㄟˋ-ㄅㄧㄥ	紅色衛兵	-6.60980192	acg
ㄏㄨㄥˊ-ㄙㄜˋ-ㄐㄧㄥˇ-ㄐㄧㄝˋ	紅色警戒	-6.60980192	acg
ㄏㄨㄥˊ-ㄙㄜˋ-ㄇㄞˋ-ㄍㄜˊ-ㄋㄨㄥˊ-ㄐㄩ-ㄐㄧˊ-ㄑㄧㄤ	紅色麥格農狙擊槍	-5.74707439	acg
ㄏㄨㄥˊ-ㄌㄧㄢˊ-ㄉㄜ˙-ㄐㄧㄝˇ-ㄈㄤˋ-ㄓㄜˇ	紅蓮的解放者	-5.74707439	acg
ㄏㄨㄥˊ-ㄌㄧㄢˊ-ㄑㄧˊ-ㄕˋ-ㄕㄡˋ-ㄓㄣ-ㄏㄨㄥˊ-ㄌㄧㄢˊ-ㄒㄧㄥˊ-ㄊㄞˋ	紅蓮騎士獸真紅蓮型態	-5.74707439	acg
ㄏㄨㄥˊ-ㄌㄨㄛˊ-ㄅㄛ-ㄍㄨㄞˋ	紅蘿蔔怪	-6.60980192	acg
ㄏㄨㄥˊ-ㄌㄧˇ	紅里	-7.17149945	acg
ㄏㄨㄥˊ-ㄐㄧ-ㄕㄡˋ	紅雞獸	-7.04116568	acg
ㄏㄨㄥˊ-ㄌㄧㄥˇ-ㄐㄧㄣ-ㄐㄩㄣ	紅領巾軍	-6.60980192	acg
ㄏㄨㄥˊ-ㄇㄟˋ-ㄇㄛˊ	紅魅魔	-7.04116568	acg
ㄏㄨㄥˊ-ㄅㄧˊ-ㄕˇ-ㄕㄡˋ	紅鼻屎獸	-6.60980192	acg
ㄋㄚˋ-ㄐㄧㄝˊ-ㄎㄨˋ-ㄆㄨˇ	納傑庫普	-6.60980192	acg
ㄋㄚˋ-ㄎㄜˋ-ㄙ	納克斯	-7.04116568	acg
ㄋㄚˋ-ㄎㄜˋ-ㄨㄚˇ-ㄦˇ	納克瓦爾	-6.60980192	acg
ㄋㄚˋ-ㄎㄜˋ-ㄌㄨˇ-ㄙ	納克魯斯	-6.60980192	acg
ㄋㄚˋ-ㄅㄛˊ	納博	-7.17149945	acg
ㄋㄚˋ-ㄊㄚˇ-ㄨㄤˊ-ㄗˇ	納塔王子	-6.60980192	acg
ㄋㄚˋ-ㄑㄧˊ-ㄅㄢ	納奇班	-7.04116568	acg
ㄋㄚˋ-ㄒㄧ-ㄕㄚ-ㄇㄛˋ	納希沙漠	-6.60980192	acg
ㄋㄚˋ-ㄒㄧ-ㄌㄩˋ-ㄓㄡ-ㄔㄥˊ	納希綠洲城	-6.17843815	acg
ㄋㄚˋ-ㄉㄧˋ-ㄌㄨˇ-ㄙ	納帝魯斯	-6.60980192	acg
ㄋㄚˋ-ㄇㄛˊ-ㄌㄚ	納摩菈	-7.04116568	acg
ㄋㄚˋ-ㄙ-ㄊㄚˇ-ㄒㄧ-ㄧㄚˋ	納斯塔西婭	-6.17843815	acg
ㄋㄚˋ-ㄙㄣ	納森	-7.17149945	acg
ㄋㄚˋ-ㄕㄚ-ㄒㄧㄥˋ-ㄗˇ	納沙幸子	-6.60980192	acg
ㄋㄚˋ-ㄙㄜˋ-ㄙ	納瑟斯	-7.04116568	acg
ㄋㄚˋ-ㄗㄨˇ-ㄇㄚˇ	納祖瑪	-7.04116568	acg
ㄋㄚˋ-ㄋㄚˋ-ㄌㄚ	納納拉	-7.04116568	acg
ㄋㄚˋ-ㄌㄨㄛˊ-ㄌㄧˋ-ㄋㄚˋ	納羅利那	-6.60980192	acg
ㄋㄚˋ-ㄇㄟˇ-ㄎㄜˋ	納美克	-7.04116568	acg
ㄋㄚˋ-ㄈㄟ-ㄌㄨˇ-ㄊㄚˇ-ㄌㄧˋ	納菲魯塔莉	-6.17843815	acg
ㄋㄚˋ-ㄍㄜˇ-ㄌㄢˊ	納葛蘭	-7.04116568	acg
ㄋㄚˋ-ㄌㄢˊ-ㄎㄚˇ	納蘭卡	-7.04116568	acg
ㄋㄚˋ-ㄒㄧ-ㄙㄨㄛˇ	納西索	-7.04116568	acg
ㄋㄚˋ-ㄐㄧㄚ	納迦	-7.17149945	acg
ㄋㄚˋ-ㄐㄧㄚ-ㄏㄞˇ-ㄨ	納迦海巫	-6.60980192	acg
ㄋㄚˋ-ㄉㄧˊ	納迪	-7.17149945	acg
ㄋㄚˋ-ㄌㄧˇ	納里	-7.17149945	acg
ㄋㄚˋ-ㄌㄟˊ-ㄙ-ㄍㄠ-ㄩㄢˊ	納雷斯高原	-6.17843815	acg
ㄋㄧㄡˇ-ㄠˋ-ㄅㄨˋ-ㄉㄧㄥ	紐奧布丁	-6.60980192	acg
ㄋㄧㄡˇ-ㄍㄞˋ-ㄊㄜˋ	紐蓋特	-7.04116568	acg
ㄔㄨㄣˊ-ㄑㄧㄥˊ-ㄈㄤˊ-ㄉㄨㄥ-ㄑㄧㄠˋ-ㄈㄤˊ-ㄎㄜˋ	純情房東俏房客	-5.74707439	acg
ㄔㄨㄣˊ-ㄞˋ-ㄕㄡˇ-ㄓㄚˊ	純愛手札	-6.60980192	acg
ㄔㄨㄣˊ-ㄆㄨˊ-ㄒㄧㄠˇ-ㄓㄣˋ-ㄈㄥ	純樸小鎮風	-6.17843815	acg
ㄔㄨㄣˊ-ㄩㄢˊ	純源	-7.17149945	acg
ㄔㄨㄣˊ-ㄐㄧㄝˊ-ㄒㄩㄢˋ-ㄈㄥ	純潔旋風	-6.60980192	acg
ㄔㄨㄣˊ-ㄅㄞˊ-ㄐㄧㄝˊ-ㄏㄨㄣ-ㄌㄧˇ-ㄈㄨˊ-ㄑㄧˊ-ㄕˊ	純白結婚禮服奇石	-5.74707439	acg
ㄔㄨㄣˊ-ㄓㄣ-ㄔㄨㄢˊ-ㄑㄧˊ	純真傳奇	-6.60980192	acg
ㄔㄨㄣˊ-ㄓㄣ-ㄐㄧㄥ-ㄌㄧㄥˊ	純真精靈	-6.60980192	acg
ㄔㄨㄣˊ-ㄇㄟˇ-ㄩˇ	純美雨	-7.04116568	acg
ㄔㄨㄣˊ-ㄏㄟ-ㄉㄜ˙-ㄜˋ-ㄇㄥˋ	純黑的惡夢	-6.17843815	acg
ㄕㄚ-ㄒㄧㄚˋ	紗夏	-7.17149945	acg
ㄕㄚ-ㄌㄨㄛˊ-ㄉㄚˊ	紗羅妲	-7.04116568	acg
ㄓˇ-ㄒㄧㄤ-ㄕㄡˋ	紙箱獸	-7.04116568	acg
ㄐㄧˊ-ㄉㄧㄢˋ-ㄋㄠˇ	級電腦	-7.04116568	acg
ㄙㄨˋ-ㄊㄧˇ-ㄒㄧㄥˊ	素體型	-7.04116568	acg
ㄙㄨㄛˇ-ㄌㄧㄝˋ-ㄊㄚˇ-ㄒㄧ	索列塔西	-6.60980192	acg
ㄙㄨㄛˇ-ㄌㄧㄝˋ-ㄇㄨˇ	索列姆	-7.04116568	acg
ㄙㄨㄛˇ-ㄌㄧㄝˋ-ㄇㄨˇ-ㄏㄞˇ-ㄇㄨˇ	索列姆海姆	-6.17843815	acg
ㄙㄨㄛˇ-ㄌㄧˋ	索利	-7.17149945	acg
ㄙㄨㄛˇ-ㄇㄧㄥˋ-ㄇㄛˊ-ㄕˋ	索命模式	-6.60980192	acg
ㄙㄨㄛˇ-ㄇㄧㄥˋ-ㄌㄨㄛˊ-ㄔㄚˋ	索命羅剎	-6.60980192	acg
ㄙㄨㄛˇ-ㄋㄧˊ-ㄧㄚˇ	索妮雅	-7.04116568	acg
ㄙㄨㄛˇ-ㄋㄚˋ	索娜	-7.17149945	acg
ㄙㄨㄛˇ-ㄒㄧ-ㄙ	索希斯	-7.04116568	acg
ㄙㄨㄛˇ-ㄉㄜˊ	索德	-7.17149945	acg
ㄙㄨㄛˇ-ㄌㄚ	索拉	-7.17149945	acg
ㄙㄨㄛˇ-ㄌㄤˇ	索朗	-7.17149945	acg
ㄙㄨㄛˇ-ㄦˇ-ㄒㄧㄠˇ-ㄉㄨㄟˋ	索爾小隊	-6.60980192	acg
ㄙㄨㄛˇ-ㄦˇ-ㄒㄧ-ㄞ-ㄦˇ	索爾希埃爾	-6.17843815	acg
ㄙㄨㄛˇ-ㄦˇ-ㄊㄧˊ-ㄌㄧˋ-ㄋㄚˋ	索爾緹莉娜	-6.17843815	acg
ㄙㄨㄛˇ-ㄌㄧㄡˊ-ㄒㄧㄤ	索琉香	-7.04116568	acg
ㄙㄨㄛˇ-ㄌㄞˊ-ㄋㄚˋ	索萊娜	-7.04116568	acg
ㄙㄨㄛˇ-ㄒㄧ	索西	-7.17149945	acg
ㄙㄨㄛˇ-ㄒㄧㄣ-ㄏㄨㄟˋ-ㄒㄧㄥ	索辛彗星	-6.60980192	acg
ㄙㄨㄛˇ-ㄌㄨㄥˊ	索隆	-7.17149945	acg
ㄙㄨㄛˇ-ㄇㄚˇ	索馬	-7.17149945	acg
ㄙㄨㄛˇ-ㄌㄨˇ-ㄙ	索魯斯	-7.04116568	acg
ㄗˇ-ㄍㄨㄤ-ㄇㄛˊ-ㄌㄨㄥˊ	紫光魔龍	-6.60980192	acg
ㄗˇ-ㄊㄧㄢ-ㄕˇ	紫天使	-7.04116568	acg
ㄗˇ-ㄩㄝˋ	紫悅	-7.17149945	acg
ㄗˇ-ㄩㄝˋ-ㄍㄨㄥ-ㄓㄨˇ	紫悅公主	-6.60980192	acg
ㄗˇ-ㄩㄝˋ-ㄕˊ-ㄍㄨㄤ	紫悅時光	-6.60980192	acg
ㄗˇ-ㄩㄝˋ	紫悦	-7.17149945	acg
ㄗˇ-ㄐㄧㄣ	紫津	-7.17149945	acg
ㄗˇ-ㄌㄨㄛˊ-ㄌㄢˊ-ㄅㄠˇ	紫羅蘭堡	-6.60980192	acg
ㄗˇ-ㄙㄜˋ-ㄐㄧ-ㄉㄨㄥˋ-ㄔㄜ	紫色機動車	-6.17843815	acg
ㄗˇ-ㄩㄣˊ-ㄙˋ-ㄐㄧㄚ-ㄉㄜ˙-ㄒㄩㄥ-ㄉㄧˋ-ㄐㄧㄝˇ-ㄇㄟˋ	紫雲寺家的兄弟姊妹	-5.74707439	acg
ㄗㄚ-ㄋㄨㄛˋ	紮諾	-7.17149945	acg
ㄒㄧˋ-ㄎㄨㄢ	細寬	-7.17149945	acg
ㄒㄧˋ-ㄕㄚ-ㄕㄡˋ	細沙獸	-7.04116568	acg
ㄒㄧˋ-ㄐㄧㄢˋ-ㄐㄧㄥˋ-ㄗˇ	細見靜子	-6.60980192	acg
ㄕㄠˋ-ㄙ	紹斯	-7.17149945	acg
ㄕㄠˋ-ㄏㄠˋ	紹昊	-7.17149945	acg
ㄕㄠˋ-ㄦˇ	紹爾	-7.17149945	acg
ㄕㄠˋ-ㄌㄨㄛˊ-ㄇㄚˇ	紹羅馬	-7.04116568	acg
ㄍㄢˋ-ㄊㄧㄢˊ-ㄈㄨˊ-ㄐㄧˊ	紺田福吉	-6.60980192	acg
ㄍㄢˋ-ㄧㄝˇ-ㄇㄨˋ-ㄇㄧㄢˊ-ㄐㄧˋ	紺野木綿季	-6.17843815	acg
ㄍㄢˋ-ㄧㄝˇ-ㄓㄣ-ㄑㄧㄣˊ	紺野真琴	-6.60980192	acg
ㄍㄢˋ-ㄧㄝˇ-ㄔㄨㄣˊ-ㄗˇ	紺野純子	-6.60980192	acg
ㄍㄢˋ-ㄧㄝˇ-ㄇㄟˇ-ㄒㄩㄝˇ	紺野美雪	-6.60980192	acg
ㄓㄨㄥ-ㄅㄟˇ-ㄕㄢ-ㄉㄚˋ-ㄑㄧˋ-ㄙˋ	終北山大氣寺	-5.74707439	acg
ㄓㄨㄥ-ㄋㄢˊ-ㄕㄢ-ㄉㄚˋ-ㄑㄧˋ-ㄙˋ	終南山大氣寺	-5.74707439	acg
ㄓㄨㄥ-ㄇㄛˋ-ㄓ-ㄐㄧㄝˋ	終末之界	-6.60980192	acg
ㄓㄨㄥ-ㄇㄛˋ-ㄉㄜ˙-ㄧ-ㄗㄜˊ-ㄊㄚˇ	終末的伊澤塔	-5.74707439	acg
ㄓㄨㄥ-ㄇㄛˋ-ㄑㄧˇ-ㄉㄧㄢˇ	終末起點	-6.60980192	acg
ㄓㄨㄥ-ㄐㄧˊ-ㄑㄧ-ㄌㄨㄥˊ-ㄓㄨ	終極七龍珠	-6.17843815	acg
ㄓㄨㄥ-ㄐㄧˊ-ㄉㄨㄥˋ-ㄩㄢˊ-ㄌㄧㄥˋ	終極動員令	-6.17843815	acg
ㄓㄨㄥ-ㄐㄧˊ-ㄏㄨㄢˋ-ㄒㄧㄤˇ-ㄕˋ-ㄐㄧㄝˋ	終極幻想世界	-5.74707439	acg
ㄓㄨㄥ-ㄐㄧˊ-ㄏㄢˋ-ㄐㄧㄤˋ	終極悍將	-6.60980192	acg
ㄓㄨㄥ-ㄐㄧˊ-ㄍㄢˇ-ㄖㄢˇ	終極感染	-6.60980192	acg
ㄓㄨㄥ-ㄐㄧˊ-ㄕㄚ-ㄓㄣˋ	終極殺陣	-6.60980192	acg
ㄓㄨㄥ-ㄐㄧˊ-ㄈㄚˇ-ㄕㄨ	終極法書	-6.60980192	acg
ㄓㄨㄥ-ㄐㄧˊ-ㄈㄨˊ-ㄕˋ-ㄉㄜˊ	終極浮士德	-6.17843815	acg
ㄓㄨㄥ-ㄐㄧˊ-ㄕㄥ-ㄙˇ-ㄓㄢˋ	終極生死戰	-6.17843815	acg
ㄓㄨㄥ-ㄐㄧˊ-ㄕㄥˋ-ㄐㄧㄢˋ	終極聖劍	-6.60980192	acg
ㄓㄨㄥ-ㄐㄧˊ-ㄕㄢˇ-ㄧㄠˋ-ㄍㄨㄤ-ㄕㄨˋ	終極閃耀光束	-5.74707439	acg
ㄓㄨㄥ-ㄐㄧˊ-ㄌㄟˊ-ㄕㄜˋ-ㄆㄠˋ	終極雷射砲	-6.17843815	acg
ㄓㄨㄥ-ㄐㄧˊ-ㄇㄛˊ-ㄨㄤˊ	終極魔王	-6.60980192	acg
ㄓㄨㄥ-ㄧㄢ-ㄓ-ㄎㄜ	終焉之刻	-6.60980192	acg
ㄓㄨㄥ-ㄐㄧㄝˋ	終界	-7.17149945	acg
ㄓㄨㄥ-ㄐㄧㄝˋ-ㄓ-ㄧㄢˇ	終界之眼	-6.60980192	acg
ㄓㄨㄥ-ㄐㄧㄝˋ-ㄕˇ-ㄓㄜˇ	終界使者	-6.60980192	acg
ㄓㄨㄥ-ㄐㄧㄝˋ-ㄓㄣ-ㄓㄨ	終界珍珠	-6.60980192	acg
ㄓㄨㄥ-ㄐㄧㄝˋ-ㄇㄢˇ	終界蟎	-7.04116568	acg
ㄓㄨㄥ-ㄐㄧㄝˋ-ㄑㄧㄢˇ-ㄕˇ	終界遣使	-6.60980192	acg
ㄓㄨㄥ-ㄐㄧㄝˋ-ㄌㄨㄥˊ	終界龍	-7.04116568	acg
ㄓㄨㄥ-ㄐㄧㄝˊ-ㄓ-ㄕㄡˇ	終結之手	-6.60980192	acg
ㄓㄨㄥ-ㄒㄧ-ㄕㄢ-ㄉㄚˋ-ㄑㄧˋ-ㄙˋ	終西山大氣寺	-5.74707439	acg
ㄗㄨˇ-ㄏㄜˊ-ㄘㄞˊ-ㄌㄧㄠˋ	組合材料	-6.60980192	acg
ㄗㄨˇ-ㄓㄤˇ-ㄋㄩˇ-ㄦˊ-ㄩˇ-ㄅㄠˇ-ㄇㄨˇ	組長女兒與保姆	-5.74707439	acg
ㄐㄧㄝˊ-ㄋㄞˇ-ㄧㄢˊ-ㄅㄧㄥ-ㄨㄟˋ	結乃岩兵衛	-6.17843815	acg
ㄐㄧㄝˊ-ㄔㄥˊ-ㄐㄧㄥ-ㄗˇ	結城京子	-6.60980192	acg
ㄐㄧㄝˊ-ㄔㄥˊ-ㄌㄧㄤˋ	結城亮	-7.04116568	acg
ㄐㄧㄝˊ-ㄔㄥˊ-ㄧㄡˇ-ㄋㄞˋ	結城友奈	-6.60980192	acg
ㄐㄧㄝˊ-ㄔㄥˊ-ㄧㄡˇ-ㄋㄞˋ-ㄕˋ-ㄩㄥˇ-ㄓㄜˇ	結城友奈是勇者	-5.74707439	acg
ㄐㄧㄝˊ-ㄔㄥˊ-ㄋㄞˋ-ㄒㄩˋ	結城奈緒	-6.60980192	acg
ㄐㄧㄝˊ-ㄔㄥˊ-ㄓㄤ-ㄙㄢ	結城彰三	-6.60980192	acg
ㄐㄧㄝˊ-ㄔㄥˊ-ㄇㄧㄥˊ-ㄖˋ-ㄋㄞˋ	結城明日奈	-6.17843815	acg
ㄐㄧㄝˊ-ㄔㄥˊ-ㄑㄧㄥˊ	結城晴	-7.04116568	acg
ㄐㄧㄝˊ-ㄔㄥˊ-ㄏㄠˋ-ㄧ-ㄌㄤˊ	結城浩一郎	-6.17843815	acg
ㄐㄧㄝˊ-ㄔㄥˊ-ㄏㄠˋ-ㄧˋ-ㄌㄤˊ	結城浩一郎	-6.67843815	acg
ㄐㄧㄝˊ-ㄔㄥˊ-ㄧˋ	結城翼	-7.04116568	acg
ㄐㄧㄝˊ-ㄏㄨㄣ-ㄊㄠˊ-ㄗ˙	結婚桃子	-6.60980192	acg
ㄐㄧㄝˊ-ㄒㄧ-ㄌㄨˋ-ㄗˇ	結希鹿子	-6.60980192	acg
ㄐㄧㄝˊ-ㄐㄧㄥ-ㄊㄚˇ-ㄉㄜ˙-ㄉㄧˋ-ㄨㄤˊ	結晶塔的帝王	-5.74707439	acg
ㄐㄧㄝˊ-ㄅㄧˇ-ㄋㄞˋ	結比奈	-7.04116568	acg
ㄐㄧㄝˊ-ㄩㄢˊ-ㄍㄢ-ㄕㄣˊ-ㄕㄣˊ-ㄕㄜˋ	結緣甘神神社	-5.74707439	acg
ㄐㄩㄝˊ-ㄉㄨㄥ	絕冬	-7.17149945	acg
ㄐㄩㄝˊ-ㄉㄨㄥ-ㄔㄥˊ-ㄓ-ㄧㄝˋ	絕冬城之夜	-6.17843815	acg
ㄐㄩㄝˊ-ㄇㄧㄥˋ-ㄕˊ-ㄎㄜˋ	絕命時刻	-6.60980192	acg
ㄐㄩㄝˊ-ㄇㄧㄥˋ-ㄕㄚ-ㄅㄠˇ	絕命沙堡	-6.60980192	acg
ㄐㄩㄝˊ-ㄇㄧㄥˋ-ㄧˋ-ㄘˋ-ㄩㄢˊ	絕命異次元	-6.17843815	acg
ㄐㄩㄝˊ-ㄇㄧㄥˋ-ㄓㄨㄥ-ㄐㄧㄝˊ-ㄓㄢˋ	絕命終結站	-6.17843815	acg
ㄐㄩㄝˊ-ㄉㄨㄟˋ-ㄈㄨˊ-ㄘㄨㄥˊ	絕對服從	-6.60980192	acg
ㄐㄩㄝˊ-ㄨㄤˋ-ㄅㄠˇ	絕望堡	-7.04116568	acg
ㄐㄩㄝˊ-ㄗ-ㄐㄩㄝˊ-ㄌㄚ	絕茲絕拉	-6.60980192	acg
ㄐㄩㄝˊ-ㄐㄧ-ㄔㄨㄥˊ-ㄕㄥ	絕跡重生	-6.60980192	acg
ㄒㄩㄢˋ-ㄒㄧㄤ	絢香	-7.17149945	acg
ㄍㄟˇ-ㄅㄨˊ-ㄇㄧㄝˋ-ㄉㄜ˙-ㄋㄧˇ	給不滅的你	-6.17843815	acg
ㄍㄟˇ-ㄅㄨˋ-ㄇㄧㄝˋ-ㄉㄜ˙-ㄋㄧˇ	給不滅的你	-6.67843815	acg
ㄖㄨㄥˊ-ㄖㄨㄥˊ-ㄅㄛˊ-ㄕˋ	絨絨博士	-6.60980192	acg
ㄊㄨㄥˇ-ㄩˋ-ㄕˋ	統御式	-7.04116568	acg
ㄙ-ㄎㄚˇ	絲卡	-7.17149945	acg
ㄙ-ㄊㄢˇ-ㄣ	絲坦恩	-7.04116568	acg
ㄙ-ㄅㄧˇ-ㄉㄚˊ	絲比妲	-7.04116568	acg
ㄙ-ㄆㄞˋ-ㄎㄜˋ	絲派克	-7.04116568	acg
ㄙ-ㄔㄡˊ-ㄓ-ㄔㄨˋ	絲綢之觸	-6.60980192	acg
ㄙ-ㄨㄟ	絲葳	-7.17149945	acg
ㄙ-ㄋㄨㄛˋ	絲諾	-7.17149945	acg
ㄎㄨㄣˇ-ㄅㄤˇ-ㄕㄨㄟˇ-ㄓㄚˋ-ㄉㄢˋ	綑綁水炸彈	-6.17843815	acg
ㄐㄧㄥ-ㄉㄧㄢˇ-ㄔㄨㄢˊ-ㄑㄧˊ	經典傳奇	-6.60980192	acg
ㄐㄧㄥ-ㄉㄧㄢˇ-ㄅㄢˇ	經典版	-7.04116568	acg
ㄐㄧㄥ-ㄉㄧㄢˇ-ㄌㄠˇ-ㄧㄝˊ-ㄔㄜ	經典老爺車	-6.17843815	acg
ㄐㄧㄥ-ㄧㄢˋ-ㄓˊ-ㄒㄩㄣ-ㄓㄤ	經驗值勳章	-6.17843815	acg
ㄌㄩˋ-ㄍㄨㄤ-ㄓㄢˋ-ㄐㄧㄥˇ	綠光戰警	-6.60980192	acg
ㄌㄩˋ-ㄍㄨㄤ-ㄐㄩㄣ-ㄊㄨㄢˊ	綠光軍團	-6.60980192	acg
ㄌㄩˋ-ㄉㄨㄥˋ-ㄐㄧㄥ-ㄌㄧㄥˊ	綠動精靈	-6.60980192	acg
ㄌㄩˋ-ㄔㄨㄢ-ㄑㄧˇ-ㄊㄞˋ	綠川啟太	-6.60980192	acg
ㄌㄩˋ-ㄔㄨㄢ-ㄩㄢˊ-ㄘˋ	綠川源次	-6.60980192	acg
ㄌㄩˋ-ㄔㄨㄢ-ㄑㄩㄢˇ-ㄐㄧㄝˋ	綠川犬介	-6.60980192	acg
ㄌㄩˋ-ㄐㄩˋ-ㄖㄣˊ-ㄉㄚˋ-ㄓㄢˋ	綠巨人大戰	-6.17843815	acg
ㄌㄩˋ-ㄌㄧㄣˊ-ㄈㄨˇ-ㄉㄧˇ	綠林府邸	-6.60980192	acg
ㄌㄩˋ-ㄕㄨㄟˇ-ㄐㄧㄥ-ㄒㄧㄢˋ-ㄉㄧㄥˋ-ㄅㄢˇ	綠水晶限定版	-5.74707439	acg
ㄌㄩˋ-ㄈㄟˇ-ㄘㄨㄟˋ	綠翡翠	-7.04116568	acg
ㄌㄩˋ-ㄧㄝˋ-ㄕㄡˋ	綠葉獸	-7.04116568	acg
ㄌㄩˋ-ㄧㄝˇ-ㄒㄧㄢ-ㄗㄨㄥ-ㄕ-ㄗ˙-ㄕㄡˇ-ㄑㄧㄤ	綠野仙蹤獅子手槍	-5.74707439	acg
ㄌㄩˋ-ㄧㄝˇ-ㄒㄧㄢ-ㄗㄨㄥ-ㄉㄠˋ-ㄘㄠˇ-ㄖㄣˊ-ㄕˊ-ㄗˋ-ㄍㄠˇ	綠野仙蹤稻草人十字鎬	-5.74707439	acg
ㄌㄩˋ-ㄧㄝˇ-ㄒㄧㄢ-ㄗㄨㄥ-ㄒㄧˊ-ㄖㄣˊ-ㄐㄧ-ㄍㄨㄢ-ㄑㄧㄤ	綠野仙蹤錫人機關槍	-5.74707439	acg
ㄌㄩˋ-ㄈㄥ-ㄐㄩˋ-ㄖㄣˊ	綠風巨人	-6.60980192	acg
ㄌㄩˋ-ㄈㄥ-ㄐㄧㄣ-ㄍㄤ	綠風金剛	-6.60980192	acg
ㄨㄟˊ-ㄉㄢ	維丹	-7.17149945	acg
ㄨㄟˊ-ㄧ-ㄉㄜˊ	維伊德	-7.04116568	acg
ㄨㄟˊ-ㄎㄜˋ	維克	-7.17149945	acg
ㄨㄟˊ-ㄎㄜˋ-ㄉㄨㄛ-ㄌㄨㄛˋ-ㄨㄟˊ-ㄑㄧˊ	維克多洛維奇	-5.74707439	acg
ㄨㄟˊ-ㄎㄜˋ-ㄊㄜˋ	維克特	-7.04116568	acg
ㄨㄟˊ-ㄌㄧㄝˋ-ㄈㄛˊ-ㄗ	維列佛茲	-6.60980192	acg
ㄨㄟˊ-ㄐㄧˊ-ㄋㄧˊ	維吉尼	-7.04116568	acg
ㄨㄟˊ-ㄐㄧˊ-ㄋㄧˊ-ㄧㄚˇ-ㄐㄧˊ	維吉尼亞級	-6.17843815	acg
ㄨㄟˊ-ㄐㄧˊ-ㄇㄧˇ-ㄦˇ	維吉米爾	-6.60980192	acg
ㄨㄟˊ-ㄐㄧˊ-ㄇㄚˇ	維吉馬	-7.04116568	acg
ㄨㄟˊ-ㄒㄧㄚˋ	維夏	-7.17149945	acg
ㄨㄟˊ-ㄉㄨㄛ	維多	-7.17149945	acg
ㄨㄟˊ-ㄉㄨㄛ-ㄌㄧˋ-ㄧㄚˇ-ㄉㄠˇ	維多利亞島	-6.17843815	acg
ㄨㄟˊ-ㄉㄨㄛ-ㄌㄧˋ-ㄧㄚˇ-ㄍㄤˇ	維多利亞港	-6.17843815	acg
ㄨㄟˊ-ㄉㄨㄛ-ㄌㄧˋ-ㄧㄚˇ	維多莉亞	-6.60980192	acg
ㄨㄟˊ-ㄠˋ-ㄌㄚ	維奧拉	-7.04116568	acg
ㄨㄟˊ-ㄋㄧˊ-ㄍㄨㄥ-ㄓㄨˇ	維妮公主	-6.60980192	acg
ㄨㄟˊ-ㄌㄚ-ㄦˇ	維拉爾	-7.04116568	acg
ㄨㄟˊ-ㄌㄚ-ㄉㄧˊ-ㄇㄛˊ	維拉迪摩	-6.60980192	acg
ㄨㄟˊ-ㄙ-ㄎㄤ-ㄊㄧˊ	維斯康提	-6.60980192	acg
ㄨㄟˊ-ㄙ-ㄉㄚˊ-ㄌㄚ-ㄙ	維斯達拉斯	-6.17843815	acg
ㄨㄟˊ-ㄍㄣ-ㄐㄧ-ㄧㄚˇ	維根基亞	-6.60980192	acg
ㄨㄟˊ-ㄦˇ-ㄍㄜ	維爾戈	-7.04116568	acg
ㄨㄟˊ-ㄦˇ-ㄈㄨˊ	維爾福	-7.04116568	acg
ㄨㄟˊ-ㄦˇ-ㄌㄧˋ-ㄊㄜˋ	維爾莉特	-6.60980192	acg
ㄨㄟˊ-ㄙㄜˋ-ㄋㄚˋ	維瑟娜	-7.04116568	acg
ㄨㄟˊ-ㄗ	維茲	-7.17149945	acg
ㄨㄟˊ-ㄙㄚˋ-ㄌㄧˋ-ㄧㄚˇ	維薩利亞	-6.60980192	acg
ㄨㄟˊ-ㄋㄨㄛˋ	維諾	-7.17149945	acg
ㄨㄟˊ-ㄎㄨˋ-ㄖㄣˊ	維酷人	-7.04116568	acg
ㄨㄟˊ-ㄌㄧˇ-ㄧㄝˊ	維里耶	-7.04116568	acg
ㄨㄟˊ-ㄌㄧˇ-ㄉㄧˊ-ㄧㄚˇ-ㄋㄚˋ	維里迪亞娜	-6.17843815	acg
ㄍㄤ-ㄇㄧˊ-ㄉㄞˋ-ㄕˊ-ㄊㄢ	綱彌代時灘	-6.17843815	acg
ㄨㄤˇ-ㄋㄞˇ-ㄏㄜˊ-ㄔㄥˊ-ㄖㄣˊ	網乃合成人	-6.17843815	acg
ㄨㄤˇ-ㄌㄨㄛˋ-ㄨㄣˊ-ㄏㄨㄚˋ-ㄐㄧㄥ-ㄧㄥˊ-ㄒㄩˇ-ㄎㄜˇ-ㄓㄥˋ	網絡文化經營許可證	-5.74707439	acg
ㄨㄤˇ-ㄌㄨㄛˋ-ㄧㄡˇ-ㄒㄧㄢˋ-ㄍㄨㄥ-ㄙ	網絡有限公司	-5.74707439	acg
ㄨㄤˇ-ㄌㄨㄛˋ-ㄎㄜ-ㄐㄧˋ-ㄧㄡˇ-ㄒㄧㄢˋ-ㄍㄨㄥ-ㄙ	網絡科技有限公司	-5.74707439	acg
ㄨㄤˇ-ㄌㄨㄛˋ-ㄎㄜ-ㄐㄧˋ-ㄈㄚ-ㄓㄢˇ-ㄧㄡˇ-ㄒㄧㄢˋ-ㄍㄨㄥ-ㄙ	網絡科技發展有限公司	-5.74707439	acg
ㄨㄤˇ-ㄌㄨㄛˋ-ㄍㄨˇ-ㄈㄣˋ-ㄧㄡˇ-ㄒㄧㄢˋ-ㄍㄨㄥ-ㄙ	網絡股份有限公司	-5.74707439	acg
ㄨㄤˇ-ㄌㄨˋ-ㄉㄨㄥˋ-ㄏㄨㄚˋ	網路動畫	-6.60980192	acg
ㄨㄤˇ-ㄌㄨˋ-ㄢ-ㄑㄧˊ-ㄦˊ	網路安琪兒	-6.17843815	acg
ㄨㄤˇ-ㄌㄨˋ-ㄈㄥ-ㄅㄠ-ㄌㄧˇ-ㄉㄜ˙-ㄒㄩㄣˋ-ㄒㄧˊ	網路封包裡的訊息	-5.74707439	acg
ㄨㄤˇ-ㄌㄨˋ-ㄎㄜ-ㄐㄧˋ-ㄧㄡˇ-ㄒㄧㄢˋ-ㄍㄨㄥ-ㄙ	網路科技有限公司	-5.74707439	acg
ㄨㄤˇ-ㄌㄨˋ-ㄎㄜ-ㄐㄧˋ-ㄍㄨˇ-ㄈㄣˋ-ㄧㄡˇ-ㄒㄧㄢˋ-ㄍㄨㄥ-ㄙ	網路科技股份有限公司	-5.74707439	acg
ㄨㄤˇ-ㄌㄨˋ-ㄎㄨㄥ-ㄐㄧㄢ	網路空間	-6.60980192	acg
ㄨㄤˇ-ㄐㄧˋ-ㄨㄤˇ-ㄌㄨˋ-ㄜˋ-ㄌㄧㄥˊ	網際網路惡靈	-5.74707439	acg
ㄨㄤˇ-ㄌㄨㄥˊ-ㄨㄤˇ-ㄌㄨㄛˋ	網龍網絡	-6.60980192	acg
ㄘㄞˇ-ㄑㄧㄡˊ-ㄅㄤˋ	綵球棒	-7.04116568	acg
ㄑㄧˇ-ㄉㄨㄛ	綺多	-7.17149945	acg
ㄑㄧˇ-ㄌㄨㄛˊ-ㄌㄧㄥˊ	綺羅鈴	-7.04116568	acg
ㄌㄧㄥˊ-ㄌㄞˋ-ㄙㄨㄟˋ-ㄋㄞˇ-ㄒㄧㄤ	綾瀨穗乃香	-6.17843815	acg
ㄌㄧㄥˊ-ㄔㄡˊ-ㄌㄨˊ-ㄏㄨㄚ	綾紬蘆花	-6.60980192	acg
ㄌㄧㄥˊ-ㄧㄝˇ-ㄌㄧˊ-ㄏㄨㄚ	綾野梨花	-6.60980192	acg
ㄌㄧㄥˊ-ㄧㄝˇ-ㄊㄧㄝˇ-ㄧㄢˋ	綾野鐵彥	-6.60980192	acg
ㄇㄧㄢˊ-ㄇㄧㄢˊ-ㄅㄨˋ-ㄉㄧㄥ	綿綿布丁	-6.60980192	acg
ㄈㄟ-ㄧㄝˋ-ㄔㄨㄢˊ-ㄑㄧˊ	緋夜傳奇	-6.60980192	acg
ㄈㄟ-ㄏㄨㄛˋ	緋禍	-7.17149945	acg
ㄈㄟ-ㄏㄨㄥˊ-ㄋㄩˇ-ㄨˊ	緋紅女巫	-6.60980192	acg
ㄈㄟ-ㄏㄨㄥˊ-ㄣ-ㄉㄧㄢˇ	緋紅恩典	-6.60980192	acg
ㄈㄟ-ㄏㄨㄥˊ-ㄙㄣ-ㄌㄧㄣˊ	緋紅森林	-6.60980192	acg
ㄈㄟ-ㄙㄜˋ-ㄏㄨㄢˋ-ㄧㄥˇ	緋色幻影	-6.60980192	acg
ㄒㄩˋ-ㄈㄤ-ㄓˋ-ㄏㄨㄟˋ-ㄌㄧˇ	緒方智繪里	-6.17843815	acg
ㄉㄨㄢˋ-ㄉㄞˋ-ㄈㄟˊ-ㄈㄟˊ	緞帶肥肥	-6.60980192	acg
ㄉㄨㄢˋ-ㄉㄞˋ-ㄇㄛˊ-ㄈㄚˇ-ㄐㄧ	緞帶魔法姬	-6.17843815	acg
ㄩㄢˊ-ㄔㄨㄢ-ㄒㄧㄠˇ-ㄕˊ	緣川小石	-6.60980192	acg
ㄩㄢˊ-ㄔㄨㄢ-ㄧㄚˇ-ㄏㄨㄛˇ	緣川雅火	-6.60980192	acg
ㄊㄧˊ-ㄉㄚˊ	緹妲	-7.17149945	acg
ㄊㄧˊ-ㄋㄚˋ	緹娜	-7.17149945	acg
ㄊㄧˊ-ㄐㄧㄝˊ	緹潔	-7.17149945	acg
ㄊㄧˊ-ㄌㄧㄣˊ	緹琳	-7.17149945	acg
ㄊㄧˊ-ㄕㄚ-ㄧㄚˇ	緹莎亞	-7.04116568	acg
ㄊㄧˊ-ㄌㄨˋ-ㄌㄨˋ	緹露露	-7.04116568	acg
ㄈㄨˊ-ㄓ-ㄓㄨㄤ	縛之裝	-7.04116568	acg
ㄗㄨㄥˋ-ㄨㄟˇ-ㄓㄣ-ㄌㄧˇ	縱尾真理	-6.60980192	acg
ㄗㄨㄥ-ㄏㄥˊ-ㄉㄧㄝˊ-ㄏㄞˇ	縱橫諜海	-6.60980192	acg
ㄗㄨㄥˋ-ㄧㄡˊ-ㄨㄤˇ-ㄌㄨㄛˋ	縱游網絡	-6.60980192	acg
ㄆㄧㄠˇ-ㄎㄤ-ㄒㄧㄠˋ	縹康孝	-7.04116568	acg
ㄗㄨㄥˇ-ㄓ-ㄐㄧㄡˋ-ㄕˋ-ㄏㄣˇ-ㄎㄜˇ-ㄞˋ	總之就是很可愛	-5.74707439	acg
ㄗㄨㄥˇ-ㄊㄨㄥˇ-ㄨㄢˋ-ㄙㄨㄟˋ	總統萬歲	-6.60980192	acg
ㄈㄢˊ-ㄖㄨㄥˊ-ㄐㄧㄥ-ㄌㄧㄥˊ	繁榮精靈	-6.60980192	acg
ㄓ-ㄅㄣˇ-ㄑㄩㄢˊ	織本泉	-7.04116568	acg
ㄓ-ㄊㄧㄢˊ-ㄒㄧㄣˋ-ㄔㄥˊ	織田信成	-6.60980192	acg
ㄓ-ㄅㄨˋ-ㄔㄨㄣ	織部椿	-7.04116568	acg
ㄕㄥˊ-ㄍㄨㄟˇ	繩鬼	-7.17149945	acg
ㄏㄨㄟˋ-ㄊㄨˊ-ㄕㄡˋ	繪圖獸	-7.04116568	acg
ㄏㄨㄟˋ-ㄌㄧㄡˊ	繪琉	-7.17149945	acg
ㄏㄨㄟˋ-ㄇㄟˇ-ㄌㄧˇ	繪美里	-7.04116568	acg
ㄏㄨㄟˋ-ㄌㄧˇ-ㄒㄧㄤ	繪里香	-7.04116568	acg
ㄐㄧㄢˇ-ㄌㄧˋ	繭利	-7.17149945	acg
ㄐㄧˋ-ㄔㄥˊ-ㄕㄣˊ-ㄉㄜ˙-ㄕㄠˋ-ㄋㄩˇ	繼承神的少女	-5.74707439	acg
ㄅㄧㄣ-ㄈㄣ-ㄕˋ-ㄐㄧㄝˋ	繽紛世界	-6.60980192	acg
ㄅㄧㄣ-ㄈㄣ-ㄊㄧㄢˊ-ㄉㄧㄢˇ-ㄕˊ-ㄕㄤˋ-ㄊㄧㄢˊ-ㄒㄧㄣ	繽紛甜點食尚甜心	-5.74707439	acg
ㄅㄧㄣ-ㄈㄣ-ㄈㄥ-ㄊㄨˋ-ㄔㄨㄥ-ㄈㄥ-ㄑㄧㄤ	繽紛瘋兔衝鋒槍	-5.74707439	acg
ㄔㄢˊ-ㄌㄧㄡˊ-ㄗˇ	纏流子	-7.04116568	acg
ㄗㄨㄟˋ-ㄜˋ-ㄓ-ㄩㄢˊ	罪惡之源	-6.60980192	acg
ㄗㄨㄟˋ-ㄜˋ-ㄔㄥˊ-ㄕˋ	罪惡城市	-6.60980192	acg
ㄌㄨㄛˊ-ㄧㄚˇ	羅亞	-7.17149945	acg
ㄌㄨㄛˊ-ㄧ-ㄉㄜˊ	羅伊德	-7.04116568	acg
ㄌㄨㄛˊ-ㄧ-ㄌㄨㄛˋ-ㄊㄜˋ-ㄅㄛˊ-ㄕˋ	羅伊洛特博士	-5.74707439	acg
ㄌㄨㄛˊ-ㄅㄛˊ	羅伯	-7.17149945	acg
ㄌㄨㄛˊ-ㄅㄛˊ-ㄦˇ	羅伯爾	-7.04116568	acg
ㄌㄨㄛˊ-ㄅㄛˊ-ㄗ	羅伯茲	-7.04116568	acg
ㄌㄨㄛˊ-ㄆㄟˋ-ㄙ-ㄕㄚ-ㄇㄛˋ	羅佩斯沙漠	-6.17843815	acg
ㄌㄨㄛˊ-ㄒㄧㄡ	羅修	-7.17149945	acg
ㄌㄨㄛˊ-ㄒㄧㄡ-ㄨㄛˋ	羅修沃	-7.04116568	acg
ㄌㄨㄛˊ-ㄐㄧㄝˊ-ㄋㄨㄥˊ	羅傑儂	-7.04116568	acg
ㄌㄨㄛˊ-ㄐㄧㄝˊ-ㄎㄜˋ-ㄌㄨㄛˊ-ㄧ-ㄗ	羅傑克羅伊茲	-5.74707439	acg
ㄌㄨㄛˊ-ㄏㄚ-ㄙ-ㄈㄨ-ㄖㄣˊ	羅哈斯夫人	-6.17843815	acg
ㄌㄨㄛˊ-ㄕㄤ-ㄏㄨㄟˋ	羅商會	-7.04116568	acg
ㄌㄨㄛˊ-ㄆㄟˊ-ㄗ	羅培茲	-7.04116568	acg
ㄌㄨㄛˊ-ㄙㄞ	羅塞	-7.17149945	acg
ㄌㄨㄛˊ-ㄙㄞ-ㄉㄧˋ	羅塞蒂	-7.04116568	acg
ㄌㄨㄛˊ-ㄋㄧˊ-ㄧㄝˊ	羅妮耶	-7.04116568	acg
ㄌㄨㄛˊ-ㄇㄨˇ-ㄈㄟ-ㄌㄚ	羅姆菲拉	-6.60980192	acg
ㄌㄨㄛˊ-ㄩˇ-ㄓˋ	羅宇治	-7.04116568	acg
ㄌㄨㄛˊ-ㄢ-ㄋㄚˋ-ㄎㄜˋ	羅安那克	-6.60980192	acg
ㄌㄨㄛˊ-ㄒㄧ-ㄋㄢˊ-ㄊㄜˋ	羅希南特	-6.60980192	acg
ㄌㄨㄛˊ-ㄒㄧ-ㄉㄚˊ	羅希達	-7.04116568	acg
ㄌㄨㄛˊ-ㄉㄜˊ-ㄒㄧㄥ	羅德星	-7.04116568	acg
ㄌㄨㄛˊ-ㄉㄜˊ-ㄌㄧˇ-ㄍㄜ	羅德里哥	-6.60980192	acg
ㄌㄨㄛˊ-ㄉㄜˊ-ㄌㄨㄥˊ	羅德隆	-7.04116568	acg
ㄌㄨㄛˊ-ㄙ-ㄎㄜˇ	羅斯可	-7.04116568	acg
ㄌㄨㄛˊ-ㄇㄢˋ-ㄧㄚˇ	羅曼亞	-7.04116568	acg
ㄌㄨㄛˊ-ㄍㄜˊ-ㄓㄣˋ	羅格鎮	-7.04116568	acg
ㄌㄨㄛˊ-ㄙㄨㄛ-ㄍㄤˇ	羅梭港	-7.04116568	acg
ㄌㄨㄛˊ-ㄨˇ-ㄇㄧㄥˊ	羅武明	-7.04116568	acg
ㄌㄨㄛˊ-ㄐㄧㄝˊ-ㄊㄚˇ	羅潔塔	-7.04116568	acg
ㄌㄨㄛˊ-ㄌㄤˊ	羅狼	-7.17149945	acg
ㄌㄨㄛˊ-ㄕㄢ	羅珊	-7.17149945	acg
ㄌㄨㄛˊ-ㄙㄜˋ-ㄖㄨㄟˋ	羅瑟瑞	-7.04116568	acg
ㄌㄨㄛˊ-ㄋㄧㄥˊ	羅甯	-7.17149945	acg
ㄌㄨㄛˊ-ㄉㄥ	羅登	-7.17149945	acg
ㄌㄨㄛˊ-ㄇㄧˇ-ㄌㄨㄛˊ	羅米羅	-7.04116568	acg
ㄌㄨㄛˊ-ㄇㄧˇ-ㄌㄨˋ	羅米路	-7.04116568	acg
ㄌㄨㄛˊ-ㄋㄚˋ-ㄉㄨㄛ	羅納多	-7.04116568	acg
ㄌㄨㄛˊ-ㄋㄚˋ-ㄉㄜˊ	羅納德	-7.04116568	acg
ㄌㄨㄛˊ-ㄙㄨㄛˇ-ㄕˇ-ㄊㄜˋ-ㄌㄚ-ㄉㄚˊ-ㄉㄨㄟˋ	羅索史特拉達隊	-5.74707439	acg
ㄌㄨㄛˊ-ㄌㄨㄛˊ-ㄧㄚˇ	羅羅亞	-7.04116568	acg
ㄌㄨㄛˊ-ㄗ-ㄨㄚˇ-ㄉㄜˊ	羅茲瓦德	-6.60980192	acg
ㄌㄨㄛˊ-ㄗ-ㄨㄚˇ-ㄦˇ	羅茲瓦爾	-6.60980192	acg
ㄌㄨㄛˊ-ㄕㄚ-ㄇㄧˇ-ㄧㄚˇ	羅莎米亞	-6.60980192	acg
ㄌㄨㄛˊ-ㄌㄟˇ-ㄌㄞˊ	羅蕾萊	-7.04116568	acg
ㄌㄨㄛˊ-ㄙㄚˋ-ㄌㄧㄣˊ	羅薩琳	-7.04116568	acg
ㄌㄨㄛˊ-ㄙㄚˋ-ㄌㄧㄣˊ-ㄉㄜˊ	羅薩琳德	-6.60980192	acg
ㄌㄨㄛˊ-ㄒㄩˇ-ㄈㄨˊ-ㄦˇ	羅許福爾	-6.60980192	acg
ㄌㄨㄛˊ-ㄅㄟˋ-ㄉㄧˊ-ㄡ	羅貝迪歐	-6.60980192	acg
ㄌㄨㄛˊ-ㄙㄞˋ	羅賽	-7.17149945	acg
ㄌㄨㄛˊ-ㄉㄧˊ-ㄓˋ-ㄗㄨㄣ	羅迪至尊	-6.60980192	acg
ㄌㄨㄛˊ-ㄌㄧㄢˊ	羅連	-7.17149945	acg
ㄌㄨㄛˊ-ㄉㄚˊ-ㄌㄨㄥˊ	羅達隆	-7.04116568	acg
ㄌㄨㄛˊ-ㄉㄚˊ-ㄌㄨㄥˊ-ㄉㄜ˙-ㄏㄨㄟˇ-ㄇㄧㄝˋ	羅達隆的毀滅	-5.74707439	acg
ㄌㄨㄛˊ-ㄇㄚˇ-ㄌㄧˋ-ㄡ	羅馬利歐	-6.60980192	acg
ㄌㄨㄛˊ-ㄇㄚˇ-ㄅㄚˋ-ㄓㄨˇ	羅馬霸主	-6.60980192	acg
ㄐㄧ-ㄅㄢˋ-ㄐㄩˋ-ㄑㄧㄥˊ	羈絆劇情	-6.60980192	acg
ㄧㄤˊ-ㄐㄧㄠˇ-ㄇㄛˊ-ㄓㄠˇ	羊角魔爪	-6.60980192	acg
ㄧㄤˊ-ㄊㄧˊ-ㄕㄢ-ㄓㄢˋ-ㄍㄨㄟˇ	羊蹄山戰鬼	-6.17843815	acg
ㄇㄟˇ-ㄧㄚˇ	美亞	-7.17149945	acg
ㄇㄟˇ-ㄓˇ-ㄕㄚ-ㄕㄚ-ㄌㄨㄛˊ	美凪紗紗蘿	-6.17843815	acg
ㄇㄟˇ-ㄨㄟˋ-ㄕㄥˋ-ㄧㄢˋ	美味盛宴	-6.60980192	acg
ㄇㄟˇ-ㄨㄟˋ-ㄒㄧㄝˋ-ㄅㄠˇ	美味蟹堡	-6.60980192	acg
ㄇㄟˇ-ㄕㄤ-ㄧˋ-ㄉㄧㄢˋ	美商藝電	-6.60980192	acg
ㄇㄟˇ-ㄍㄨㄛˊ-ㄓㄨㄥ-ㄒㄧ-ㄅㄨˋ-ㄔㄥˊ-ㄕˋ-ㄩㄥ-ㄅㄧㄥ	美國中西部城市傭兵	-5.74707439	acg
ㄇㄟˇ-ㄍㄨㄛˊ-ㄈㄨˋ-ㄗㄨㄥˇ-ㄊㄨㄥˇ	美國副總統	-6.17843815	acg
ㄇㄟˇ-ㄍㄨㄛˊ-ㄩˇ-ㄓㄡˋ-ㄇㄢˋ-ㄧㄡˊ-ㄓㄜˇ-ㄉㄨㄟˋ	美國宇宙漫遊者隊	-5.74707439	acg
ㄇㄟˇ-ㄍㄨㄛˊ-ㄓㄥˋ-ㄧˋ-ㄌㄧㄢˊ-ㄇㄥˊ	美國正義聯盟	-5.74707439	acg
ㄇㄟˇ-ㄍㄨㄛˊ-ㄌㄨㄣˊ-ㄨㄤˊ-ㄌㄨˋ	美國淪亡錄	-6.17843815	acg
ㄇㄟˇ-ㄍㄨㄛˊ-ㄉㄧˋ-ㄌㄧㄡˋ-ㄏㄞˇ-ㄅㄠˋ-ㄊㄜˋ-ㄑㄧㄢˇ-ㄉㄨㄟˋ	美國第六海豹特遣隊	-5.74707439	acg
ㄇㄟˇ-ㄍㄨㄛˊ-ㄗㄨㄥˇ-ㄊㄨㄥˇ	美國總統	-6.60980192	acg
ㄇㄟˇ-ㄍㄨㄛˊ-ㄓ-ㄌㄧˋ-ㄗˇ	美國織莉子	-6.17843815	acg
ㄇㄟˇ-ㄍㄨㄛˊ-ㄌㄠˇ-ㄉㄧㄝ	美國老爹	-6.60980192	acg
ㄇㄟˇ-ㄍㄨㄛˊ-ㄐㄩㄣ-ㄖㄣˊ	美國軍人	-6.60980192	acg
ㄇㄟˇ-ㄍㄨㄛˊ-ㄉㄨㄟˋ-ㄓㄤˇ	美國隊長	-6.60980192	acg
ㄇㄟˇ-ㄔㄥˊ-ㄔㄤˊ-ㄨˋ	美城常務	-6.60980192	acg
ㄇㄟˇ-ㄊㄚˇ-ㄌㄧㄥˇ-ㄩˋ	美塔領域	-6.60980192	acg
ㄇㄟˇ-ㄇㄛˋ-ㄌㄧㄤˋ-ㄊㄞˋ	美墨亮太	-6.60980192	acg
ㄇㄟˇ-ㄇㄛˋ-ㄩㄝˋ	美墨岳	-7.04116568	acg
ㄇㄟˇ-ㄇㄛˋ-ㄌㄧˇ-ㄏㄨㄟˋ	美墨理惠	-6.60980192	acg
ㄇㄟˇ-ㄇㄥˋ-ㄐㄩˋ-ㄌㄜˋ-ㄅㄨˋ	美夢俱樂部	-6.17843815	acg
ㄇㄟˇ-ㄏㄠˇ-ㄉㄜ˙-ㄑㄧㄥ-ㄎㄨㄥ-ㄏㄨㄟˋ	美好的青空會	-5.74707439	acg
ㄇㄟˇ-ㄊㄚ-ㄌㄧˋ-ㄈㄛˊ-ㄑㄧㄠ-ㄒㄧㄥˊ-ㄔㄨㄥˊ-ㄕㄡˋ	美它利佛鍬形蟲獸	-5.74707439	acg
ㄇㄟˇ-ㄕㄠˋ-ㄋㄩˇ-ㄓㄢˋ-ㄉㄡˋ-ㄉㄨㄟˋ	美少女戰鬥隊	-5.74707439	acg
ㄇㄟˇ-ㄇㄧˊ-ㄗˇ	美彌子	-7.04116568	acg
ㄇㄟˇ-ㄉㄜˊ-ㄔㄨㄢˊ-ㄑㄧˊ	美德傳奇	-6.60980192	acg
ㄇㄟˇ-ㄒㄧㄥ	美星	-7.17149945	acg
ㄇㄟˇ-ㄇㄨˋ-ㄕㄢ-ㄞˋ-ㄐㄧㄡˇ-ㄌㄤˊ	美木杉愛九郎	-5.74707439	acg
ㄇㄟˇ-ㄓ	美枝	-7.17149945	acg
ㄇㄟˇ-ㄍㄜˊ-ㄈㄨˊ-ㄙ	美格福斯	-6.60980192	acg
ㄇㄟˇ-ㄕㄨˋ-ㄕㄚ-ㄧㄝˊ-ㄒㄧㄤ	美樹沙耶香	-6.17843815	acg
ㄇㄟˇ-ㄆㄛ-ㄧ-ㄏㄨㄟ	美波一輝	-6.60980192	acg
ㄇㄟˇ-ㄆㄛ-ㄧˋ-ㄏㄨㄟ	美波一輝	-7.10980192	acg
ㄇㄟˇ-ㄌㄨㄛˋ-ㄧㄝˊ-ㄊㄚˇ-ㄉㄜ˙-ㄕㄢˇ-ㄌㄧㄤˋ-ㄧㄣ-ㄩㄝˋ-ㄏㄨㄟˋ	美洛耶塔的閃亮音樂會	-5.74707439	acg
ㄇㄟˇ-ㄐㄧㄣ-ㄧㄚˊ	美津芽	-7.04116568	acg
ㄇㄟˇ-ㄌㄧㄥˊ	美玲	-7.17149945	acg
ㄇㄟˇ-ㄇㄟˇ-ㄩㄝˋ-ㄇㄥˋ	美美月夢	-6.60980192	acg
ㄇㄟˇ-ㄕㄥ-ㄊㄧㄢ-ㄌㄞˋ	美聲天籟	-6.60980192	acg
ㄇㄟˇ-ㄕㄥ-ㄩㄝˋ-ㄊㄨㄢˊ	美聲樂團	-6.60980192	acg
ㄇㄟˇ-ㄓ	美芝	-7.17149945	acg
ㄇㄟˇ-ㄉㄞˋ-ㄇㄧㄥˋ	美袋命	-7.04116568	acg
ㄇㄟˇ-ㄕˊ-ㄖㄣˊ-ㄕㄥ	美食人生	-6.60980192	acg
ㄇㄟˇ-ㄕˊ-ㄓㄣ-ㄊㄢˋ-ㄨㄤˊ	美食偵探王	-6.17843815	acg
ㄇㄟˇ-ㄕˊ-ㄒㄧㄠˇ-ㄓㄨㄢ-ㄐㄧㄚ	美食小專家	-6.17843815	acg
ㄇㄟˇ-ㄕˊ-ㄌㄧㄝˋ-ㄖㄣˊ	美食獵人	-6.60980192	acg
ㄇㄟˇ-ㄇㄚˇ-ㄏㄢˋ-ㄋㄢˊ	美馬和男	-6.60980192	acg
ㄇㄟˇ-ㄊㄧˇ-ㄍㄨㄥ-ㄈㄤ	美體工坊	-6.60980192	acg
ㄇㄟˇ-ㄏㄨㄥˋ	美鬨	-7.17149945	acg
ㄇㄟˇ-ㄋㄧㄠˇ-ㄅㄢˋ-ㄕㄣ-ㄅㄧㄢ	美鳥伴身邊	-6.17843815	acg
ㄇㄟˇ-ㄌㄧˋ-ㄖㄣˊ-ㄕㄥ	美麗人生	-6.60980192	acg
ㄇㄟˇ-ㄌㄧˋ-ㄧㄝˋ-ㄨㄟˋ-ㄇㄧㄢˊ	美麗夜未眠	-6.17843815	acg
ㄇㄟˇ-ㄌㄧˋ-ㄘㄞˇ-ㄏㄨㄥˊ	美麗彩虹	-6.60980192	acg
ㄇㄟˇ-ㄌㄧˋ-ㄕㄡˋ	美麗獸	-7.04116568	acg
ㄇㄟˇ-ㄌㄧˋ-ㄉㄜ˙-ㄒㄧㄣ-ㄋㄧㄤˊ-ㄆㄥˇ-ㄏㄨㄚ	美麗的新娘捧花	-5.74707439	acg
ㄌㄧㄥˊ-ㄧㄤˊ-ㄌㄠˇ-ㄕ	羚羊老師	-6.60980192	acg
ㄑㄩㄣˊ-ㄒㄧㄥ-ㄕㄢˇ-ㄧㄠˋ	群星閃耀	-6.60980192	acg
ㄑㄩㄣˊ-ㄇㄛˊ	群魔	-7.17149945	acg
ㄑㄩㄣˊ-ㄇㄛˊ-ㄅㄠˇ-ㄌㄟˇ	群魔堡壘	-6.60980192	acg
ㄧˋ-ㄉㄞ-ㄌㄧˋ	義呆利	-7.04116568	acg
ㄧˋ-ㄉㄚˋ-ㄌㄧˋ-ㄍㄨㄛˊ-ㄨㄤˊ	義大利國王	-6.17843815	acg
ㄧˋ-ㄉㄚˋ-ㄌㄧˋ-ㄒㄧㄤˋ-ㄓㄢˋ	義大利巷戰	-6.17843815	acg
ㄧˋ-ㄊㄧㄢ-ㄕˇ	義天使	-7.04116568	acg
ㄩˇ-ㄔㄤˇ-ㄦˋ-ㄙㄢ-ㄧ	羽場二三一	-6.17843815	acg
ㄩˇ-ㄔㄤˇ-ㄕ-ㄓ	羽場詩織	-6.60980192	acg
ㄩˇ-ㄋㄞˋ	羽奈	-7.17149945	acg
ㄩˇ-ㄔㄨㄢ-ㄧˋ	羽川翼	-7.04116568	acg
ㄩˇ-ㄓㄤ-ㄒㄩㄣˋ	羽張迅	-7.04116568	acg
ㄩˇ-ㄔㄞˊ-ㄕㄚ-ㄐㄧˋ	羽柴沙紀	-6.60980192	acg
ㄩˇ-ㄔㄞˊ-ㄓㄤˇ-ㄍㄨㄢ	羽柴長官	-6.60980192	acg
ㄩˇ-ㄗㄜˊ-ㄕㄨㄣˋ-ㄗˇ	羽沢順子	-6.60980192	acg
ㄩˇ-ㄌㄧㄡˊ-ㄋㄞˋ	羽留奈	-7.04116568	acg
ㄩˇ-ㄩˇ-ㄓㄢˇ-ㄕㄡˋ	羽羽斬獸	-6.60980192	acg
ㄩˇ-ㄕㄜˊ-ㄕㄡˋ	羽蛇獸	-7.04116568	acg
ㄩˇ-ㄏㄜˋ-ㄒㄧㄤˇ-ㄈㄨˇ	羽賀響輔	-6.60980192	acg
ㄩˇ-ㄐㄧㄢ	羽間	-7.17149945	acg
ㄩˇ-ㄇㄚˇ-ㄌㄧㄥˋ-ㄧ-ㄘㄞˋ	羽馬令依菜	-6.17843815	acg
ㄒㄧㄤˊ-ㄍㄨㄤ-ㄓㄢˋ-ㄐㄧㄤˋ	翔光戰將	-6.60980192	acg
ㄒㄧㄤˊ-ㄧˋ-ㄒㄧㄥˊ-ㄨㄟ-ㄉㄚˊ	翔翼型威達	-6.17843815	acg
ㄒㄧㄤˊ-ㄧˋ-ㄒㄧㄥˊ-ㄍㄨㄥ-ㄐㄧˊ	翔翼型攻擊	-6.17843815	acg
ㄒㄧㄤˊ-ㄧˋ-ㄒㄧㄥˊ-ㄍㄨㄥ-ㄐㄧˊ-ㄍㄤ-ㄉㄢˋ	翔翼型攻擊鋼彈	-5.74707439	acg
ㄒㄧㄤˊ-ㄧˋ-ㄒㄧㄥˊ-ㄨㄣ-ㄕㄣˊ	翔翼型瘟神	-6.17843815	acg
ㄒㄧㄤˊ-ㄧˋ-ㄒㄧㄥˊ-ㄨㄣ-ㄕㄣˊ-ㄍㄤ-ㄉㄢˋ	翔翼型瘟神鋼彈	-5.74707439	acg
ㄒㄧㄤˊ-ㄈㄥ-ㄉㄨ-ㄧ-ㄉㄜˊ	翔風督依德	-6.17843815	acg
ㄘㄨㄟˋ-ㄒㄧㄥ-ㄕㄤˋ-ㄉㄜ˙-ㄐㄧㄚ-ㄦˇ-ㄍㄤ-ㄊㄧˊ-ㄧㄚˇ	翠星上的加爾岡緹亞	-5.74707439	acg
ㄘㄨㄟˋ-ㄩˋ-ㄌㄧㄣˊ	翠玉林	-7.04116568	acg
ㄘㄨㄟˋ-ㄙ	翠絲	-7.17149945	acg
ㄘㄨㄟˋ-ㄒㄧ-ㄎㄚˇ-ㄏㄞˇ-ㄦˇ-ㄈㄨˊ	翠西卡海爾弗	-5.74707439	acg
ㄘㄨㄟˋ-ㄌㄨㄥˊ-ㄅㄚ-ㄕㄚ-ㄋㄚˊ	翠龍巴沙拿	-6.17843815	acg
ㄈㄟˇ-ㄘㄨㄟˋ-ㄓㄡˋ-ㄙ	翡翠宙斯	-6.60980192	acg
ㄠˊ-ㄖㄨㄟˋ-ㄌㄨㄥˊ-ㄕㄡˋ	翱銳龍獸	-6.60980192	acg
ㄈㄢ-ㄍㄨㄣˇ-ㄏㄞˇ-ㄗㄟˊ-ㄊㄨㄢˊ	翻滾海賊團	-6.17843815	acg
ㄈㄢ-ㄧˋ-ㄐㄩˇ-ㄖㄨㄛˋ	翻譯蒟蒻	-6.60980192	acg
ㄈㄢ-ㄔㄜ-ㄒㄧㄥ	翻車星	-7.04116568	acg
ㄈㄢ-ㄔㄜ-ㄩˊ-ㄕㄡˋ	翻車魚獸	-6.60980192	acg
ㄧˋ-ㄓㄨㄤˋ-ㄍㄢˇ-ㄧㄥˋ-ㄆㄠˋ	翼狀感應炮	-6.17843815	acg
ㄧˋ-ㄨㄤˊ-ㄇㄛˊ-ㄕˋ	翼王模式	-6.60980192	acg
ㄧˋ-ㄇㄛˊ-ㄍㄤ-ㄉㄢˋ	翼魔鋼彈	-6.60980192	acg
ㄧˋ-ㄌㄨㄥˊ-ㄓㄨㄚˇ	翼龍爪	-7.04116568	acg
ㄧㄠˋ-ㄕ-ㄕㄡˋ	耀獅獸	-7.04116568	acg
ㄌㄠˇ-ㄉㄚˋ-ㄧㄠ	老大妖	-7.04116568	acg
ㄌㄠˇ-ㄋㄞˋ	老奈	-7.17149945	acg
ㄌㄠˇ-ㄘㄞˋ	老蔡	-7.17149945	acg
ㄌㄠˇ-ㄐㄩㄝˊ	老蕨	-7.17149945	acg
ㄌㄠˇ-ㄊㄡˊ-ㄚ-ㄉㄧˊ	老頭阿迪	-6.60980192	acg
ㄌㄠˇ-ㄊㄧˊ-ㄏㄨˊ	老鵜鶘	-7.04116568	acg
ㄌㄠˇ-ㄧㄥ-ㄕㄜˋ-ㄇㄣˊ	老鷹射門	-6.60980192	acg
ㄎㄠˇ-ㄙㄣ	考森	-7.17149945	acg
ㄎㄠˇ-ㄉㄧˊ-ㄌㄧˋ-ㄧㄚˇ	考狄利亞	-6.60980192	acg
ㄋㄞˋ-ㄔㄜˋ-ㄦˇ	耐徹爾	-7.04116568	acg
ㄋㄞˋ-ㄙ	耐斯	-7.17149945	acg
ㄍㄥ-ㄙˋ-ㄌㄤˊ	耕四郎	-7.04116568	acg
ㄧㄝˊ-ㄌㄧˋ-ㄋㄟˋ-ㄎㄜˋ	耶利內克	-6.60980192	acg
ㄧㄝˊ-ㄎㄚˇ	耶卡	-7.17149945	acg
ㄧㄝˊ-ㄌㄚ	耶拉	-7.17149945	acg
ㄧㄝˊ-ㄌㄧㄣˊ-ㄑㄧˊ-ㄉㄚˋ-ㄔㄣˊ	耶林奇大臣	-6.17843815	acg
ㄧㄝˊ-ㄡ-ㄌㄞˊ-ㄧㄣ	耶歐萊茵	-6.60980192	acg
ㄧㄝ-ㄙㄨ-ㄅㄨˋ	耶穌布	-7.04116568	acg
ㄧㄝˊ-ㄌㄨㄛˊ-ㄋㄧˊ-ㄇㄨˇ-ㄙ	耶羅尼姆斯	-6.17843815	acg
ㄧㄝˊ-ㄙㄜˋ-ㄌㄨˇ	耶色魯	-7.04116568	acg
ㄧㄝˊ-ㄌㄟˊ-ㄈㄨˊ	耶雷弗	-7.04116568	acg
ㄧㄝ-ㄌㄨˇ-ㄇㄚˇ-ㄊㄚ	耶魯馬他	-6.60980192	acg
ㄧㄝ-ㄌㄨˇ-ㄇㄚˇ-ㄊㄚ-ㄉㄨㄛ-ㄌㄚ	耶魯馬他哆啦	-5.74707439	acg
ㄕㄥˋ-ㄓ-ㄍㄨㄢˋ	聖之冠	-7.04116568	acg
ㄕㄥˋ-ㄧㄚˇ	聖亞	-7.17149945	acg
ㄕㄥˋ-ㄉㄞˋ-ㄒㄧㄥ-ㄍㄨㄤ	聖代星光	-6.60980192	acg
ㄕㄥˋ-ㄒㄧㄡ-ㄧㄚˇ-ㄖㄨㄟˋ	聖休亞瑞	-6.60980192	acg
ㄕㄥˋ-ㄍㄨㄤ-ㄓ-ㄔㄨㄟˊ	聖光之鎚	-6.60980192	acg
ㄕㄥˋ-ㄍㄨㄤ-ㄧㄚˇ-ㄅㄚ-ㄉㄨㄣˋ	聖光亞巴頓	-6.17843815	acg
ㄕㄥˋ-ㄍㄨㄤ-ㄖㄣˊ-ㄇㄚˇ	聖光人馬	-6.60980192	acg
ㄕㄥˋ-ㄍㄨㄤ-ㄊㄧㄢ-ㄇㄚˇ	聖光天馬	-6.60980192	acg
ㄕㄥˋ-ㄍㄨㄤ-ㄒㄧㄥ-ㄒㄧㄥ	聖光猩猩	-6.60980192	acg
ㄕㄥˋ-ㄍㄨㄤ-ㄒㄧㄤˊ-ㄧˋ	聖光翔翼	-6.60980192	acg
ㄕㄥˋ-ㄍㄨㄤ-ㄙㄨㄛˇ-ㄌㄧㄢˋ	聖光鎖鏈	-6.60980192	acg
ㄕㄥˋ-ㄍㄨㄤ-ㄔㄤˊ-ㄇㄠˊ-ㄒㄧㄤˋ	聖光長毛象	-6.17843815	acg
ㄕㄥˋ-ㄍㄨㄤ-ㄌㄟˊ-ㄐㄧˊ	聖光雷擊	-6.60980192	acg
ㄕㄥˋ-ㄐㄧㄢˋ-ㄐㄩˋ-ㄈㄥ	聖劍颶風	-6.60980192	acg
ㄕㄥˋ-ㄊㄤˊ-ㄨㄣˊ-ㄎㄨˋ	聖堂文庫	-6.60980192	acg
ㄕㄥˋ-ㄉㄨㄛ-ㄌㄚ	聖多拉	-7.04116568	acg
ㄕㄥˋ-ㄊㄧㄢ-ㄎㄨㄥ-ㄓㄢˋ-ㄐㄧˋ	聖天空戰記	-6.17843815	acg
ㄕㄥˋ-ㄊㄧㄢ-ㄎㄨㄥ-ㄌㄨㄥˊ	聖天空龍	-6.60980192	acg
ㄕㄥˋ-ㄋㄩˇ-ㄇㄧˋ-ㄇㄚˇ	聖女密碼	-6.60980192	acg
ㄕㄥˋ-ㄋㄩˇ-ㄇㄛˊ-ㄌㄧˋ-ㄨˊ-ㄙㄨㄛˇ-ㄅㄨˋ-ㄋㄥˊ	聖女魔力無所不能	-5.74707439	acg
ㄕㄥˋ-ㄋㄞˇ-ㄋㄞ˙	聖奶奶	-7.04116568	acg
ㄕㄥˋ-ㄋㄚˋ	聖娜	-7.17149945	acg
ㄕㄥˋ-ㄓㄢˋ-ㄕˋ-ㄉㄢ-ㄅㄞˋ-ㄧㄣ	聖戰士丹拜因	-5.74707439	acg
ㄕㄥˋ-ㄓㄢˋ-ㄕㄨㄤ-ㄐㄧ	聖戰雙姬	-6.60980192	acg
ㄕㄥˋ-ㄕㄡˇ-ㄧㄥ-ㄉㄧㄠ	聖手鷹刁	-6.60980192	acg
ㄕㄥˋ-ㄊㄨㄛ-ㄌㄧˇ-ㄋㄧˊ	聖托里尼	-6.60980192	acg
ㄕㄥˋ-ㄕㄨˋ-ㄕㄡˋ	聖樹獸	-7.04116568	acg
ㄕㄥˋ-ㄘˋ-ㄌㄤˊ	聖次郎	-7.04116568	acg
ㄕㄥˋ-ㄇㄨˇ-ㄐㄧㄢˋ	聖母艦	-7.04116568	acg
ㄕㄥˋ-ㄕㄨㄟˇ-ㄕㄡˇ-ㄌㄧㄡˊ-ㄉㄢˋ	聖水手榴彈	-6.17843815	acg
ㄕㄥˋ-ㄊㄧㄥ-ㄉㄠˇ	聖汀島	-7.04116568	acg
ㄕㄥˋ-ㄨˋ	聖物	-7.17149945	acg
ㄕㄥˋ-ㄐㄧㄝˋ-ㄘㄞˊ-ㄐㄩㄝˊ	聖界裁決	-6.60980192	acg
ㄕㄥˋ-ㄌㄨㄛˊ-ㄕㄚ	聖羅莎	-7.04116568	acg
ㄕㄥˋ-ㄌㄢˊ	聖蘭	-7.17149945	acg
ㄕㄥˋ-ㄉㄧㄝˊ	聖蝶	-7.17149945	acg
ㄕㄥˋ-ㄉㄢˋ-ㄅㄧㄥ-ㄈㄥ	聖誕兵蜂	-6.60980192	acg
ㄕㄥˋ-ㄉㄢˋ-ㄧㄝˋ-ㄍㄨㄞˋ-ㄊㄢˊ	聖誕夜怪譚	-6.17843815	acg
ㄕㄥˋ-ㄉㄢˋ-ㄧㄝˋ-ㄐㄧㄥ-ㄏㄨㄣˊ	聖誕夜驚魂	-6.17843815	acg
ㄕㄥˋ-ㄉㄢˋ-ㄐㄧㄝˊ-ㄉㄚˋ-ㄙㄞˋ	聖誕節大賽	-6.17843815	acg
ㄕㄥˋ-ㄉㄢˋ-ㄌㄠˇ-ㄌㄠˇ-ㄕ	聖誕老老師	-6.17843815	acg
ㄕㄥˋ-ㄉㄢˋ-ㄕㄢˇ-ㄌㄧㄥˊ	聖誕閃靈	-6.60980192	acg
ㄕㄥˋ-ㄉㄢˋ-ㄒㄧㄢˋ-ㄉㄧㄥˋ-ㄅㄢˇ-ㄐㄧㄢ-ㄇㄧㄝˋ-ㄓㄜˇ	聖誕限定版殲滅者	-5.74707439	acg
ㄕㄥˋ-ㄉㄢˋ-ㄒㄧㄢˋ-ㄉㄧㄥˋ-ㄅㄢˇ-ㄏㄨㄛˇ-ㄕㄣˊ-ㄐㄧ-ㄑㄧㄤ	聖誕限定版火神機槍	-5.74707439	acg
ㄕㄥˋ-ㄉㄢˋ-ㄒㄧㄢˋ-ㄉㄧㄥˋ-ㄅㄢˇ-ㄏㄨㄤˊ-ㄗㄨˊ-ㄕㄥˋ-ㄏㄣˊ	聖誕限定版皇族聖痕	-5.74707439	acg
ㄕㄥˋ-ㄉㄢˋ-ㄒㄧㄢˋ-ㄉㄧㄥˋ-ㄅㄢˇ-ㄕㄜˊ-ㄐㄧ-ㄓ-ㄨㄣˇ	聖誕限定版蛇姬之吻	-5.74707439	acg
ㄕㄥˋ-ㄉㄢˋ-ㄧㄥ-ㄉㄧㄠ	聖誕鷹刁	-6.60980192	acg
ㄕㄥˋ-ㄐㄧㄥˋ	聖鏡	-7.17149945	acg
ㄕㄥˋ-ㄑㄧˊ-ㄕˋ-ㄓ-ㄓㄢˋ	聖騎士之戰	-6.17843815	acg
ㄕㄥˋ-ㄑㄧˊ-ㄕˋ-ㄓ-ㄌㄨˋ	聖騎士之路	-6.17843815	acg
ㄕㄥˋ-ㄑㄧˊ-ㄓㄢˋ-ㄕˇ	聖騎戰史	-6.60980192	acg
ㄕㄥˋ-ㄏㄨㄣˊ-ㄐㄧㄢˋ-ㄕˋ	聖魂劍士	-6.60980192	acg
ㄕㄥˋ-ㄌㄨㄥˊ-ㄌㄧㄢˊ-ㄏㄜˊ	聖龍聯合	-6.60980192	acg
ㄐㄩˋ-ㄧㄡˇ-ㄨㄤˇ-ㄌㄨㄛˋ	聚友網絡	-6.60980192	acg
ㄐㄩˋ-ㄌㄟˊ-ㄕㄣˊ	聚雷神	-7.04116568	acg
ㄌㄧㄢˊ-ㄏㄜˊ-ㄕˋ-ㄐㄧ-ㄉㄨㄥˋ-ㄍㄨㄥ-ㄅㄧㄥ	聯合式機動工兵	-5.74707439	acg
ㄌㄧㄢˊ-ㄏㄜˊ-ㄐㄩㄣ	聯合軍	-7.04116568	acg
ㄌㄧㄢˊ-ㄇㄥˊ-ㄒㄧㄢ-ㄈㄥ	聯盟先鋒	-6.60980192	acg
ㄌㄧㄢˊ-ㄇㄥˊ-ㄅㄧˋ	聯盟幣	-7.04116568	acg
ㄌㄧㄢˊ-ㄇㄥˊ-ㄓㄢˋ-ㄑㄧˊ	聯盟戰棋	-6.60980192	acg
ㄌㄧㄢˊ-ㄇㄥˊ-ㄒㄧˋ-ㄊㄨㄥˇ	聯盟系統	-6.60980192	acg
ㄌㄧㄢˊ-ㄨㄤˇ-ㄍㄜˊ-ㄉㄡˋ	聯網格鬥	-6.60980192	acg
ㄌㄧㄢˊ-ㄅㄤ-ㄨㄟˊ-ㄔㄥˊ	聯邦圍城	-6.60980192	acg
ㄌㄧㄢˊ-ㄅㄤ-ㄒㄩㄝˊ-ㄕㄥ-ㄏㄨㄟˋ	聯邦學生會	-6.17843815	acg
ㄘㄨㄥ-ㄇㄧㄥˊ-ㄏㄠˋ-ㄎㄜˋ	聰明浩克	-6.60980192	acg
ㄕㄥ-ㄧㄡ-ㄍㄨㄤˇ-ㄅㄛˋ-ㄉㄜ˙-ㄇㄨˋ-ㄑㄧㄢˊ-ㄇㄨˋ-ㄏㄡˋ	聲優廣播的幕前幕後	-5.74707439	acg
ㄕㄥ-ㄋㄧㄠˇ-ㄕㄡˋ	聲鳥獸	-7.04116568	acg
ㄋㄧㄝˋ-ㄉㄜˊ	聶德	-7.17149945	acg
ㄋㄧㄝˋ-ㄇㄧㄥˊ	聶明	-7.17149945	acg
ㄋㄧㄝˋ-ㄌㄧˊ-ㄅㄠˇ	聶狸寶	-7.04116568	acg
ㄓˊ-ㄧㄝˋ-ㄨㄤˇ-ㄑㄧㄡˊ-ㄉㄚˋ-ㄌㄧㄢˊ-ㄇㄥˊ	職業網球大聯盟	-5.74707439	acg
ㄓˊ-ㄧㄝˋ-ㄐㄧㄝ-ㄊㄡˊ	職業街頭	-6.60980192	acg
ㄖㄡˋ-ㄎㄨㄟˇ-ㄌㄟˇ	肉傀儡	-7.04116568	acg
ㄖㄡˋ-ㄋㄚˇ-ㄗㄚ	肉雫唼	-7.04116568	acg
ㄐㄧ-ㄖㄡˋ-ㄅㄨˋ-ㄉㄠˇ-ㄨㄥ	肌肉不倒翁	-6.17843815	acg
ㄐㄧ-ㄖㄡˋ-ㄒㄧㄢ-ㄕㄥ	肌肉先生	-6.60980192	acg
ㄐㄧ-ㄖㄡˋ-ㄇㄥˇ-ㄍㄨㄟ	肌肉猛龜	-6.60980192	acg
ㄐㄧ-ㄖㄡˋ-ㄕㄡˋ	肌肉獸	-7.04116568	acg
ㄉㄨˋ-ㄑㄧˊ-ㄌㄟˊ-ㄕㄜˋ-ㄍㄨㄤ	肚臍雷射光	-6.17843815	acg
ㄈㄟˊ-ㄉㄨ-ㄉㄨ-ㄗㄨㄛˇ-ㄨㄟˋ-ㄇㄣˊ	肥嘟嘟左衛門	-5.74707439	acg
ㄈㄟˊ-ㄇㄠ-ㄉㄡˋ-ㄒㄧㄠˇ-ㄑㄧㄤˊ	肥貓鬥小強	-6.17843815	acg
ㄐㄧㄢ-ㄓㄨㄤˋ	肩撞	-7.17149945	acg
ㄎㄣˇ-ㄋㄧˊ-ㄒㄧ	肯尼希	-7.04116568	acg
ㄎㄣˇ-ㄋㄧˊ-ㄧㄤˊ	肯尼洋	-7.04116568	acg
ㄎㄣˇ-ㄣ-ㄓ-ㄋㄨˋ	肯恩之怒	-6.60980192	acg
ㄎㄣˇ-ㄊㄞˋ-ㄌㄨㄛˊ	肯泰羅	-7.04116568	acg
ㄎㄣˇ-ㄊㄜˋ-ㄐㄧ	肯特基	-7.04116568	acg
ㄎㄣˇ-ㄊㄜˋ-ㄋㄧˊ-ㄆㄨˇ	肯特妮普	-6.60980192	acg
ㄅㄟˋ-ㄘˋ-ㄉㄨㄢˇ-ㄉㄠ	背刺短刀	-6.60980192	acg
ㄆㄤˋ-ㄉㄧㄥ	胖丁	-7.17149945	acg
ㄏㄨˊ-ㄉㄧˋ	胡地	-7.17149945	acg
ㄏㄨˊ-ㄋㄧˊ-ㄎㄜˋ	胡尼克	-7.04116568	acg
ㄏㄨˊ-ㄆㄚˋ	胡帕	-7.17149945	acg
ㄏㄨˊ-ㄊㄠˊ-ㄞˋ-ㄒㄧㄤ	胡桃愛香	-6.60980192	acg
ㄏㄨˊ-ㄊㄠˊ-ㄗㄜˊ	胡桃澤	-7.04116568	acg
ㄏㄨˊ-ㄇㄟˊ-ㄦˇ-ㄈㄨ-ㄖㄣˊ	胡梅爾夫人	-6.17843815	acg
ㄏㄨˊ-ㄧㄝˊ-ㄧㄝˊ	胡爺爺	-7.04116568	acg
ㄏㄨˊ-ㄌㄧˋ-ㄧㄝˋ-ㄊㄚˇ	胡莉葉塔	-6.60980192	acg
ㄏㄨˊ-ㄍㄜˇ	胡葛	-7.17149945	acg
ㄏㄨˊ-ㄌㄢˊ	胡蘭	-7.17149945	acg
ㄏㄨˊ-ㄇㄚˊ-ㄅㄢ-ㄏㄞˇ-ㄅㄠˋ	胡麻班海豹	-6.17843815	acg
ㄋㄥˊ-ㄊㄧㄢ-ㄕˇ-ㄍㄤ-ㄉㄢˋ	能天使鋼彈	-6.17843815	acg
ㄋㄥˊ-ㄍㄢˋ-ㄇㄠ-ㄐㄧㄣ-ㄊㄧㄢ-ㄧㄝˇ-ㄧㄡ-ㄩˋ	能幹貓今天也憂鬱	-5.74707439	acg
ㄋㄥˊ-ㄘㄨㄣ-ㄐㄧㄣˋ-ㄞˋ	能村進愛	-6.60980192	acg
ㄋㄥˊ-ㄩㄢˊ-ㄈㄤ-ㄎㄨㄞˋ	能源方塊	-6.60980192	acg
ㄋㄥˊ-ㄩㄢˊ-ㄈㄤ-ㄎㄨㄞˋ-ㄐㄧㄝˊ-ㄐㄧㄥ	能源方塊結晶	-5.74707439	acg
ㄋㄥˊ-ㄌㄧㄤˋ-ㄕㄡˋ-ㄓ-ㄓㄢˋ-ㄕㄡˋ-ㄒㄩㄢˊ-ㄓㄢˋ-ㄉㄡˋ	能量獸之戰獸旋戰鬥	-5.74707439	acg
ㄒㄧㄝˊ-ㄕㄢ-ㄓㄨ-ㄇㄟˇ	脇山珠美	-6.60980192	acg
ㄇㄞˋ-ㄔㄨㄥ-ㄑㄧㄤ	脈衝槍	-7.04116568	acg
ㄇㄞˋ-ㄔㄨㄥ-ㄍㄤ-ㄉㄢˋ	脈衝鋼彈	-6.60980192	acg
ㄐㄧˇ-ㄘˋ-ㄆㄚˊ-ㄒㄧㄥˊ-ㄔㄨㄥˊ	脊刺爬行蟲	-6.17843815	acg
ㄊㄨㄛ-ㄒㄧㄢˋ-ㄓㄢˋ-ㄔㄜ	脫線戰車	-6.60980192	acg
ㄈㄨˇ-ㄏㄨㄚˋ-ㄈㄟ-ㄔㄨㄥˊ	腐化飛蟲	-6.60980192	acg
ㄈㄨˇ-ㄒㄧㄡˇ-ㄓ-ㄉㄡ	腐朽之都	-6.60980192	acg
ㄈㄟˊ-ㄌㄧˋ-ㄊㄜˋ	腓力特	-7.04116568	acg
ㄈㄟˊ-ㄊㄜˋ-ㄌㄧㄝˋ	腓特烈	-7.04116568	acg
ㄑㄧㄤ-ㄐㄧˊ-ㄩˊ-ㄕㄡˋ	腔棘魚獸	-6.60980192	acg
ㄋㄠˇ-ㄅㄛ-ㄔㄨㄢˊ-ㄉㄠˇ-ㄒㄧㄥˊ-ㄙㄚˋ-ㄎㄜˋ	腦波傳導型薩克	-5.74707439	acg
ㄋㄠˇ-ㄅㄛ-ㄗㄥ-ㄈㄨˊ-ㄑㄧˋ	腦波增幅器	-6.17843815	acg
ㄧㄠ-ㄙㄨㄢ-ㄅㄟˋ-ㄊㄨㄥˋ-ㄍㄨㄥ-ㄊㄡˊ	腰痠背痛工頭	-5.74707439	acg
ㄐㄧㄠˇ-ㄍㄣ-ㄍㄨㄢˋ-ㄉㄧㄥ	腳跟貫釘	-6.60980192	acg
ㄒㄧ-ㄓㄨㄤˋ	膝撞	-7.17149945	acg
ㄐㄧㄠ-ㄉㄞˋ-ㄎㄨㄤˊ-ㄖㄣˊ	膠帶狂人	-6.60980192	acg
ㄐㄧㄠ-ㄉㄞˋ-ㄧㄥ-ㄒㄩㄥˊ	膠帶英雄	-6.60980192	acg
ㄐㄧㄠ-ㄌㄨㄥˊ-ㄕㄡˋ	膠龍獸	-7.04116568	acg
ㄆㄥˊ-ㄆㄥˊ-ㄕㄡˋ	膨膨獸	-7.04116568	acg
ㄨㄛˋ-ㄉㄧˇ-ㄈㄥ-ㄩㄣˊ	臥底風雲	-6.60980192	acg
ㄌㄧㄣˊ-ㄓㄨㄥ-ㄩㄥˇ-ㄅㄠˋ	臨終擁抱	-6.60980192	acg
ㄗˋ-ㄉㄨㄥˋ-ㄐㄧ-ㄑㄧˋ-ㄖㄣˊ	自動機器人	-6.17843815	acg
ㄗˋ-ㄉㄨㄥˋ-ㄆㄠˋ-ㄊㄚˇ	自動砲塔	-6.60980192	acg
ㄗˋ-ㄉㄨㄥˋ-ㄈㄨˇ-ㄓㄨˋ-ㄑㄧㄤ-ㄍㄨㄢˇ	自動輔助槍管	-5.74707439	acg
ㄗˋ-ㄉㄨㄥˋ-ㄇㄚˇ-ㄖㄣˊ	自動馬人	-6.60980192	acg
ㄗˋ-ㄨㄛˇ-ㄌㄧㄠˊ-ㄩˋ	自我療癒	-6.60980192	acg
ㄗˋ-ㄕㄚ-ㄊㄨˊ-ㄐㄧˊ-ㄉㄨㄟˋ	自殺突擊隊	-6.17843815	acg
ㄗˋ-ㄓˋ-ㄌㄧㄢˊ-ㄇㄥˊ	自治聯盟	-6.60980192	acg
ㄗˋ-ㄓˋ-ㄌㄧㄢˊ-ㄇㄥˊ-ㄧㄡ-ㄌㄧㄥˊ-ㄊㄜˋ-ㄨˋ	自治聯盟幽靈特務	-5.74707439	acg
ㄗˋ-ㄧㄡˊ-ㄏㄨㄢˋ-ㄐㄩˊ	自由幻局	-6.60980192	acg
ㄗˋ-ㄧㄡˊ-ㄊㄧㄠˊ-ㄩㄝ-ㄌㄧㄢˊ-ㄏㄜˊ	自由條約聯合	-5.74707439	acg
ㄗˋ-ㄙ-ㄕˇ-ㄗㄨˇ	自私始祖	-6.60980192	acg
ㄗˋ-ㄙ-ㄍㄨㄞˋ	自私怪	-7.04116568	acg
ㄗˋ-ㄙ-ㄨㄤˊ	自私王	-7.04116568	acg
ㄗˋ-ㄉㄧㄥˋ-ㄉㄨㄟˋ-ㄓㄢˋ	自訂對戰	-6.60980192	acg
ㄔㄡˋ-ㄋㄧˊ	臭泥	-7.17149945	acg
ㄓˋ-ㄗㄨㄣ-ㄇㄛˊ-ㄈㄚˇ-ㄕ	至尊魔法師	-6.17843815	acg
ㄓˋ-ㄍㄠ-ㄊㄧㄢ	至高天	-7.04116568	acg
ㄓˋ-ㄍㄠ-ㄗㄨˊ	至高族	-7.04116568	acg
ㄓˋ-ㄍㄠ-ㄐㄧㄣˋ-ㄏㄨㄚˋ	至高進化	-6.60980192	acg
ㄓˋ-ㄏㄡˋ-ㄨˊ-ㄧㄡˇ	致候吾友	-6.60980192	acg
ㄓˋ-ㄕㄥˋ-ㄍㄨㄤ-ㄕㄨˋ	致勝光束	-6.60980192	acg
ㄓˋ-ㄕㄥˋ-ㄆㄠˋ	致勝砲	-7.04116568	acg
ㄓˋ-ㄕㄥˋ-ㄍㄤ-ㄉㄢˋ	致勝鋼彈	-6.60980192	acg
ㄓˋ-ㄕㄥˋ-ㄊㄧㄝˇ-ㄑㄩㄢˊ	致勝鐵拳	-6.60980192	acg
ㄓˋ-ㄇㄧㄥˋ-ㄉㄚˋ-ㄒㄧㄚˋ	致命大廈	-6.60980192	acg
ㄓˋ-ㄇㄧㄥˋ-ㄅㄠˋ-ㄐㄧˊ	致命爆擊	-6.60980192	acg
ㄓˋ-ㄇㄧㄥˋ-ㄓㄨㄟ-ㄐㄧˊ	致命追擊	-6.60980192	acg
ㄓˋ-ㄇㄧㄥˋ-ㄓㄨㄥˋ-ㄕㄤ	致命重傷	-6.60980192	acg
ㄩˇ-ㄊㄞˋ	與太	-7.17149945	acg
ㄩˇ-ㄔㄨㄥˊ-ㄔㄨㄥˊ-ㄕㄡˋ-ㄏㄜˊ-ㄅㄨˋ-ㄐㄧㄣˋ-ㄏㄨㄚˋ	與蟲蟲獸合步進化	-5.74707439	acg
ㄒㄧㄥ-ㄐㄧㄣ-ㄧㄡˊ-ㄐㄧㄚ	興津由佳	-6.60980192	acg
ㄐㄧㄡˋ-ㄐㄧㄥ-ㄕㄢ	舊京山	-7.04116568	acg
ㄕㄨ-ㄨㄚˇ-ㄗ	舒瓦茲	-7.04116568	acg
ㄕㄨ-ㄗ	舒茲	-7.17149945	acg
ㄕㄨ-ㄌㄧˋ	舒莉	-7.17149945	acg
ㄊㄧㄢˇ-ㄊㄧㄢˇ-ㄕㄡˋ	舔舔獸	-7.04116568	acg
ㄨˇ-ㄐㄧㄢˋ-ㄌㄧㄥˊ-ㄕˇ	舞劍靈使	-6.60980192	acg
ㄨˇ-ㄉㄨㄥˋ-ㄨㄚˇ-ㄌㄧˋ-ㄡ-ㄓˋ-ㄗㄠˋ	舞動瓦利歐製造	-5.74707439	acg
ㄨˇ-ㄊㄞˊ-ㄕㄡˇ-ㄒㄧㄡˋ-ㄆㄧㄢ	舞台首秀篇	-6.17843815	acg
ㄨˇ-ㄖㄨㄥˇ-ㄇㄛˊ-ㄍㄨ	舞茸蘑菇	-6.60980192	acg
ㄏㄤˊ-ㄎㄨㄥ-ㄅㄚ-ㄊㄜˋ	航空巴特	-6.60980192	acg
ㄅㄛ-ㄖㄜˇ-ㄅㄚˊ	般若拔	-7.04116568	acg
ㄒㄧㄢˊ-ㄆㄠˋ	舷炮	-7.17149945	acg
ㄔㄨㄢˊ-ㄕㄤˋ-ㄉㄜ˙-ㄊㄨˋ-ㄗ˙-ㄓㄨㄟ-ㄓㄨˊ-ㄓㄜˇ	船上的兔子追逐者	-5.74707439	acg
ㄔㄨㄢˊ-ㄓ-ㄐㄧㄥ-ㄌㄧㄥˊ	船之精靈	-6.60980192	acg
ㄔㄨㄢˊ-ㄩㄢˊ-ㄒㄩㄝˇ	船原雪	-7.04116568	acg
ㄔㄨㄢˊ-ㄑㄧㄠˊ-ㄒㄧˇ-ㄧ	船橋喜一	-6.60980192	acg
ㄐㄧㄢˋ-ㄉㄨㄟˋ-ㄉㄠˇ-ㄏㄤˊ-ㄊㄞˊ	艦隊導航台	-6.17843815	acg
ㄌㄧㄤˊ-ㄨˇ	良舞	-7.17149945	acg
ㄧㄢˋ-ㄌㄧˋ-ㄍㄨㄤ-ㄉㄧㄢˇ	艷麗光點	-6.60980192	acg
ㄞˋ-ㄧㄚˇ-ㄌㄧˋ-ㄗ	艾亞利茲	-6.60980192	acg
ㄞˋ-ㄧㄚˇ-ㄇㄛˊ-ㄅㄧˇ	艾亞魔筆	-6.60980192	acg
ㄞˋ-ㄅㄛˊ	艾伯	-7.17149945	acg
ㄞˋ-ㄅㄛˊ-ㄊㄨㄛ	艾伯托	-7.04116568	acg
ㄞˋ-ㄅㄛˊ-ㄌㄢˊ-ㄑㄧˊ	艾伯蘭奇	-6.60980192	acg
ㄞˋ-ㄈㄛˊ-ㄖㄨㄟˋ-ㄊㄜˋ	艾佛瑞特	-6.60980192	acg
ㄞˋ-ㄒㄧㄡ-ㄉㄨㄛˊ-ㄦˇ	艾修鐸爾	-6.60980192	acg
ㄞˋ-ㄌㄨㄣˊ-ㄈㄨ-ㄖㄣˊ	艾倫夫人	-6.60980192	acg
ㄞˋ-ㄌㄨㄣˊ-ㄉㄞˋ-ㄦˇ	艾倫戴爾	-6.60980192	acg
ㄞˋ-ㄌㄨㄣˊ-ㄇㄨˋ-ㄕ	艾倫牧師	-6.60980192	acg
ㄞˋ-ㄎㄜˋ	艾克	-7.17149945	acg
ㄞˋ-ㄎㄜˋ-ㄕˇ-ㄌㄢˊ-ㄉㄜˊ-ㄒㄩㄝˊ-ㄩㄢˊ	艾克史蘭德學園	-5.74707439	acg
ㄞˋ-ㄎㄜˋ-ㄙ-ㄉㄜˊ-ㄙ	艾克斯德斯	-6.17843815	acg
ㄞˋ-ㄎㄜˋ-ㄙ-ㄊㄨㄛ-ㄦˇ	艾克斯托爾	-6.17843815	acg
ㄞˋ-ㄎㄜˋ-ㄙㄨㄛˇ-ㄉㄚˊ	艾克索達	-6.60980192	acg
ㄞˋ-ㄎㄜˋ-ㄙ-ㄋㄩˇ-ㄕˋ	艾克絲女士	-6.17843815	acg
ㄞˋ-ㄎㄜˋ-ㄌㄞˊ-ㄦˇ	艾克萊爾	-6.60980192	acg
ㄞˋ-ㄎㄜˋ-ㄌㄧㄢˊ	艾克蓮	-7.04116568	acg
ㄞˋ-ㄖㄢˇ	艾冉	-7.17149945	acg
ㄞˋ-ㄌㄧㄝˋ-ㄎㄜˋ	艾列克	-7.04116568	acg
ㄞˋ-ㄌㄧˋ-ㄙ-ㄍㄨㄥ-ㄙ	艾利斯公司	-6.17843815	acg
ㄞˋ-ㄌㄧˋ-ㄈㄚˇ-ㄙ	艾利法斯	-6.60980192	acg
ㄞˋ-ㄌㄧˋ-ㄕㄡˋ	艾力獸	-7.04116568	acg
ㄞˋ-ㄎㄚˇ	艾卡	-7.17149945	acg
ㄞˋ-ㄎㄜˇ-ㄋㄞˋ-ㄊㄜˋ	艾可奈特	-6.60980192	acg
ㄞˋ-ㄊㄚˇ-ㄧㄣ	艾塔因	-7.04116568	acg
ㄞˋ-ㄊㄚˇ-ㄇㄧˇ-ㄋㄨㄛˋ	艾塔米諾	-6.60980192	acg
ㄞˋ-ㄒㄧㄚˋ	艾夏	-7.17149945	acg
ㄞˋ-ㄈㄨ-ㄇㄢˋ	艾夫曼	-7.04116568	acg
ㄞˋ-ㄠˋ-ㄐㄧㄝˊ-ㄧㄚˇ	艾奧傑亞	-6.60980192	acg
ㄞˋ-ㄋㄧˊ-ㄨㄟˊ-ㄧㄚˇ	艾妮維亞	-6.60980192	acg
ㄞˋ-ㄇㄨˇ-ㄙ-ㄉㄨㄥˇ-ㄕˋ-ㄓㄤˇ	艾姆斯董事長	-5.74707439	acg
ㄞˋ-ㄋㄚˋ	艾娜	-7.17149945	acg
ㄞˋ-ㄋㄚˋ-ㄡ	艾娜歐	-7.04116568	acg
ㄞˋ-ㄇㄧˋ-ㄌㄧˇ-ㄡ	艾密里歐	-6.60980192	acg
ㄞˋ-ㄋㄧˊ-ㄧㄚˇ-ㄎㄜˋ-ㄦˇ	艾尼亞克爾	-6.17843815	acg
ㄞˋ-ㄋㄧˊ-ㄞˋ-ㄙ-ㄉㄚˋ-ㄊㄧㄥ	艾尼愛斯大廳	-5.74707439	acg
ㄞˋ-ㄌㄢˊ	艾嵐	-7.17149945	acg
ㄞˋ-ㄅㄚ-ㄧㄝˊ-ㄈㄨ	艾巴耶夫	-6.60980192	acg
ㄞˋ-ㄅㄨˋ-ㄌㄠˊ	艾布勞	-7.04116568	acg
ㄞˋ-ㄒㄧ-ㄌㄧˋ	艾希莉	-7.04116568	acg
ㄞˋ-ㄉㄜˊ	艾德	-7.17149945	acg
ㄞˋ-ㄉㄜˊ-ㄐㄧㄚ	艾德嘉	-7.04116568	acg
ㄞˋ-ㄉㄜˊ-ㄌㄚ-ㄍㄜ	艾德拉哥	-6.60980192	acg
ㄞˋ-ㄉㄜˊ-ㄏㄞˇ-ㄉㄧˋ	艾德海蒂	-6.60980192	acg
ㄞˋ-ㄣ-ㄍㄜˇ-ㄌㄤˇ-ㄊㄜˋ	艾恩葛朗特	-6.17843815	acg
ㄞˋ-ㄊㄧˊ-ㄣ	艾提恩	-7.04116568	acg
ㄞˋ-ㄨㄣˊ	艾文	-7.17149945	acg
ㄞˋ-ㄙ-ㄆㄟˋ-ㄌㄚ	艾斯佩拉	-6.60980192	acg
ㄞˋ-ㄙ-ㄏㄨㄚˋ-ㄍㄨㄥ-ㄔㄤˇ	艾斯化工廠	-6.17843815	acg
ㄞˋ-ㄙ-ㄎㄚˇ-ㄦˇ-ㄅㄛˊ-ㄕˋ	艾斯卡爾博士	-5.74707439	acg
ㄞˋ-ㄙ-ㄅㄚ-ㄍㄨˇ	艾斯巴古	-6.60980192	acg
ㄞˋ-ㄙ-ㄌㄚ	艾斯拉	-7.04116568	acg
ㄞˋ-ㄙ-ㄇㄢˋ	艾斯曼	-7.04116568	acg
ㄞˋ-ㄙ-ㄊㄜˋ	艾斯特	-7.04116568	acg
ㄞˋ-ㄙ-ㄆㄧˊ-ㄡ	艾斯皮歐	-6.60980192	acg
ㄞˋ-ㄙ-ㄎㄜ	艾斯科	-7.04116568	acg
ㄞˋ-ㄇㄧㄥˊ-ㄇㄚˇ-ㄒㄧㄚˋ	艾明馬夏	-6.60980192	acg
ㄞˋ-ㄓㄚˊ-ㄎㄜˋ	艾札克	-7.04116568	acg
ㄞˋ-ㄎㄜ-ㄌㄟˊ	艾柯雷	-7.04116568	acg
ㄞˋ-ㄍㄜˊ-ㄋㄧˊ-ㄙ	艾格妮絲	-6.60980192	acg
ㄞˋ-ㄍㄜˊ-ㄅㄚ	艾格巴	-7.04116568	acg
ㄞˋ-ㄍㄜˊ-ㄙㄚˋ-ㄙ	艾格薩斯	-6.60980192	acg
ㄞˋ-ㄇㄟˊ-ㄌㄚ-ㄦˇ-ㄉㄚˊ	艾梅拉爾妲	-6.17843815	acg
ㄞˋ-ㄇㄟˊ-ㄌㄨㄛˋ-ㄍㄜˊ-ㄒㄧㄚˋ-ㄦˋ-ㄕˋ	艾梅洛閣下二世	-5.74707439	acg
ㄞˋ-ㄇㄟˊ-ㄦˇ	艾梅爾	-7.04116568	acg
ㄞˋ-ㄇㄟˊ-ㄉㄚˊ	艾梅達	-7.04116568	acg
ㄞˋ-ㄡ	艾歐	-7.17149945	acg
ㄞˋ-ㄡ-ㄌㄧˋ-ㄧㄚˇ	艾歐莉雅	-6.60980192	acg
ㄞˋ-ㄌㄧˋ-ㄉㄨㄛ-ㄧㄚˇ	艾歷多亞	-6.60980192	acg
ㄞˋ-ㄅㄧˇ	艾比	-7.17149945	acg
ㄞˋ-ㄅㄧˇ-ㄈㄨˊ-ㄌㄧˋ-ㄧㄚˇ	艾比弗利亞	-6.17843815	acg
ㄞˋ-ㄅㄧˇ-ㄍㄞˋ-ㄦˊ	艾比蓋兒	-6.60980192	acg
ㄞˋ-ㄈㄚˇ-ㄖㄨㄟˋ-ㄗ	艾法瑞茲	-6.60980192	acg
ㄞˋ-ㄆㄛ-ㄌㄧˋ-ㄡ	艾波利歐	-6.60980192	acg
ㄞˋ-ㄌㄨㄛˋ-ㄊㄚˇ	艾洛塔	-7.04116568	acg
ㄞˋ-ㄋㄧㄝˋ-ㄦˇ	艾涅爾	-7.04116568	acg
ㄞˋ-ㄨㄣ	艾溫	-7.17149945	acg
ㄞˋ-ㄦˇ-ㄎㄞˇ-ㄆㄨˇ-ㄊㄜˋ	艾爾凱普特	-6.17843815	acg
ㄞˋ-ㄦˇ-ㄐㄧㄚ	艾爾加	-7.04116568	acg
ㄞˋ-ㄦˇ-ㄉㄨㄛ-ㄌㄧˋ-ㄧㄝˊ	艾爾多利耶	-6.17843815	acg
ㄞˋ-ㄦˇ-ㄉㄞˋ-ㄓ-ㄧㄠˋ	艾爾岱之鑰	-6.17843815	acg
ㄞˋ-ㄦˇ-ㄒㄧ-ㄨㄥ	艾爾希翁	-6.60980192	acg
ㄞˋ-ㄦˇ-ㄈㄚˇ-ㄇㄟˊ	艾爾法梅	-6.60980192	acg
ㄞˋ-ㄦˇ-ㄇㄟˇ-ㄙ	艾爾美斯	-6.60980192	acg
ㄞˋ-ㄦˇ-ㄈㄨˊ	艾爾芙	-7.04116568	acg
ㄞˋ-ㄦˇ-ㄌㄞˊ-ㄊㄜˋ	艾爾萊特	-6.60980192	acg
ㄞˋ-ㄦˇ-ㄨㄟˊ-ㄌㄚ	艾爾薇拉	-6.60980192	acg
ㄞˋ-ㄦˇ-ㄉㄧˊ-ㄧㄚˇ	艾爾迪亞	-6.60980192	acg
ㄞˋ-ㄦˇ-ㄉㄚˊ-ㄙ	艾爾達斯	-6.60980192	acg
ㄞˋ-ㄊㄜˋ-ㄍㄣ	艾特根	-7.04116568	acg
ㄞˋ-ㄉㄧˊ-ㄡ	艾狄歐	-7.04116568	acg
ㄞˋ-ㄙㄜˋ-ㄉㄚˊ-ㄇㄨˇ	艾瑟達姆	-6.60980192	acg
ㄞˋ-ㄇㄚˇ-ㄌㄠˇ-ㄕ	艾瑪老師	-6.60980192	acg
ㄞˋ-ㄐㄧㄚˇ-ㄐㄧㄚˇ	艾甲甲	-7.04116568	acg
ㄞˋ-ㄌㄧˋ-ㄡ	艾立歐	-7.04116568	acg
ㄞˋ-ㄇㄧˇ-ㄌㄧˋ-ㄡ	艾米利歐	-6.60980192	acg
ㄞˋ-ㄇㄧˇ-ㄏㄚ	艾米哈	-7.04116568	acg
ㄞˋ-ㄇㄧˇ-ㄊㄧˊ-ㄧㄚˇ	艾米提亞	-6.60980192	acg
ㄞˋ-ㄇㄧˇ-ㄌㄧˋ	艾米莉	-7.04116568	acg
ㄞˋ-ㄇㄧˇ-ㄌㄧˋ-ㄧㄚˇ	艾米莉亞	-6.60980192	acg
ㄞˋ-ㄋㄚˋ-ㄙ-ㄉㄚˋ-ㄌㄨˋ	艾納斯大陸	-6.17843815	acg
ㄞˋ-ㄋㄧㄡˇ	艾紐	-7.17149945	acg
ㄞˋ-ㄙ-ㄋㄧˊ	艾絲妮	-7.04116568	acg
ㄞˋ-ㄙ-ㄉㄞˋ-ㄌㄚ	艾絲黛拉	-6.60980192	acg
ㄞˋ-ㄨㄟˊ-ㄌㄚ	艾維拉	-7.04116568	acg
ㄞˋ-ㄇㄟˇ-ㄌㄚ-ㄉㄚˊ	艾美拉達	-6.60980192	acg
ㄞˋ-ㄨㄥ	艾翁	-7.17149945	acg
ㄞˋ-ㄎㄣˇ-ㄋㄧㄝˋ	艾肯涅	-7.04116568	acg
ㄞˋ-ㄈㄨˊ-ㄌㄧㄣˊ	艾芙琳	-7.04116568	acg
ㄞˋ-ㄗ-ㄌㄚ	艾茲拉	-7.04116568	acg
ㄞˋ-ㄌㄧˋ	艾莉	-7.17149945	acg
ㄞˋ-ㄌㄧˋ-ㄧㄚˇ	艾莉亞	-7.04116568	acg
ㄞˋ-ㄌㄧˋ-ㄎㄜˋ-ㄋㄚˋ	艾莉克娜	-6.60980192	acg
ㄞˋ-ㄌㄧˋ-ㄎㄜˇ	艾莉可	-7.04116568	acg
ㄞˋ-ㄌㄧˋ-ㄉㄜ˙-ㄧˋ-ㄒㄧㄤˇ-ㄕˋ-ㄐㄧㄝˋ	艾莉的異想世界	-5.74707439	acg
ㄞˋ-ㄌㄧˋ-ㄕㄚ	艾莉紗	-7.04116568	acg
ㄞˋ-ㄌㄧˋ-ㄊㄧˊ	艾莉緹	-7.04116568	acg
ㄞˋ-ㄌㄧˋ-ㄕㄚ-ㄅㄞˊ	艾莉莎白	-6.60980192	acg
ㄞˋ-ㄏㄨㄚˊ	艾華	-7.17149945	acg
ㄞˋ-ㄈㄟ	艾菲	-7.17149945	acg
ㄞˋ-ㄌㄟˇ-ㄎㄚˇ	艾蕾卡	-7.04116568	acg
ㄞˋ-ㄌㄟˇ-ㄊㄜˋ	艾蕾特	-7.04116568	acg
ㄞˋ-ㄨㄟˊ	艾薇	-7.17149945	acg
ㄞˋ-ㄨㄟˊ-ㄦˊ	艾薇兒	-7.04116568	acg
ㄞˋ-ㄌㄢˊ-ㄉㄜˊ	艾蘭德	-7.04116568	acg
ㄞˋ-ㄇㄧˋ-ㄌㄧˋ-ㄧㄚˇ	艾蜜莉雅	-6.60980192	acg
ㄞˋ-ㄑㄧㄡˊ	艾裘	-7.17149945	acg
ㄞˋ-ㄋㄨㄛˋ-ㄧㄚˇ	艾諾亞	-7.04116568	acg
ㄞˋ-ㄒㄧㄝˋ-ㄦˇ	艾謝爾	-7.04116568	acg
ㄞˋ-ㄐㄧㄚˇ-ㄎㄜˋ	艾賈克	-7.04116568	acg
ㄞˋ-ㄌㄨˋ-ㄐㄧˊ	艾路吉	-7.04116568	acg
ㄞˋ-ㄉㄧˊ-ㄌㄧˋ	艾迪利	-7.04116568	acg
ㄞˋ-ㄌㄧㄢˊ	艾連	-7.17149945	acg
ㄞˋ-ㄌㄧㄢˊ-ㄇㄨˇ	艾連姆	-7.04116568	acg
ㄞˋ-ㄉㄚˊ-ㄦˇ-ㄐㄧㄚ	艾達爾加	-6.60980192	acg
ㄞˋ-ㄋㄚˋ-ㄇㄨˇ	艾那姆	-7.04116568	acg
ㄞˋ-ㄌㄧˇ-ㄋㄚˋ	艾里娜	-7.04116568	acg
ㄞˋ-ㄌㄧˇ-ㄤˊ	艾里昂	-7.04116568	acg
ㄞˋ-ㄌㄟˊ-ㄧ	艾雷伊	-7.04116568	acg
ㄞˋ-ㄌㄧㄥˊ-ㄙㄣ-ㄌㄧㄣˊ	艾靈森林	-6.60980192	acg
ㄞˋ-ㄌㄨˇ-ㄉㄨㄛ	艾魯多	-7.04116568	acg
ㄞˋ-ㄌㄨˇ-ㄒㄧ	艾魯西	-7.04116568	acg
ㄞˋ-ㄉㄞˋ-ㄦˇ	艾黛爾	-7.04116568	acg
ㄑㄧㄢ-ㄧˊ-ㄆㄛˊ	芊姨婆	-7.04116568	acg
ㄈㄨˊ-ㄌㄧˋ-ㄙ	芙利斯	-7.04116568	acg
ㄈㄨˊ-ㄌㄠˊ	芙勞	-7.17149945	acg
ㄈㄨˊ-ㄎㄚˇ	芙卡	-7.17149945	acg
ㄈㄨˊ-ㄌㄨㄛˋ-ㄉㄧˋ	芙洛蒂	-7.04116568	acg
ㄈㄨˊ-ㄌㄧㄡˊ-ㄋㄞˋ	芙琉奈	-7.04116568	acg
ㄈㄨˊ-ㄌㄧㄣˊ-ㄊㄜˋ	芙琳特	-7.04116568	acg
ㄈㄨˊ-ㄖㄨㄟˋ-ㄐㄧㄚ	芙瑞嘉	-7.04116568	acg
ㄈㄨˊ-ㄇㄧˇ-ㄉㄚˊ	芙米妲	-7.04116568	acg
ㄈㄨˊ-ㄌㄧˋ	芙莉	-7.17149945	acg
ㄈㄨˊ-ㄌㄧˋ-ㄉㄚˊ	芙莉妲	-7.04116568	acg
ㄈㄨˊ-ㄌㄚ-ㄙㄣ	芙菈森	-7.04116568	acg
ㄈㄨˊ-ㄌㄟˇ	芙蕾	-7.17149945	acg
ㄈㄨˊ-ㄌㄟˇ-ㄋㄧˊ-ㄎㄚˇ	芙蕾妮卡	-6.60980192	acg
ㄈㄨˊ-ㄌㄢˊ-ㄒㄧ-ㄙ	芙蘭西斯	-6.60980192	acg
ㄈㄨˊ-ㄌㄨㄛˊ-ㄙ	芙蘿絲	-7.04116568	acg
ㄈㄨˊ-ㄌㄧˊ-ㄦˇ	芙麗爾	-7.04116568	acg
ㄓ-ㄕㄢ-ㄙㄢ-ㄑㄧˊ	芝山三崎	-6.60980192	acg
ㄓ-ㄇㄥˊ-ㄕㄡˋ	芝蒙獸	-7.04116568	acg
ㄓ-ㄧㄤˊ-ㄧ-ㄌㄤˊ	芝陽一郎	-6.60980192	acg
ㄓ-ㄧㄤˊ-ㄧˋ-ㄌㄤˊ	芝陽一郎	-7.10980192	acg
ㄓ-ㄌㄨˇ-ㄨㄤˊ	芝魯王	-7.04116568	acg
ㄐㄧㄝˋ-ㄇㄛˋ-ㄨˊ-ㄐㄧㄤ	芥末無薑	-6.60980192	acg
ㄈㄣ-ㄎㄜˋ-ㄙ	芬克斯	-7.04116568	acg
ㄈㄣ-ㄅㄨˋ-ㄉㄧˊ	芬布迪	-7.04116568	acg
ㄈㄣ-ㄙㄜˋ	芬瑟	-7.17149945	acg
ㄅㄚ-ㄎㄚˇ-ㄌㄚ	芭卡拉	-7.04116568	acg
ㄅㄚ-ㄌㄚ-ㄌㄨˋ	芭拉路	-7.04116568	acg
ㄅㄚ-ㄉㄨㄛˇ-ㄙ	芭朵絲	-7.04116568	acg
ㄅㄚ-ㄑㄧㄡ-ㄌㄚ	芭秋菈	-7.04116568	acg
ㄅㄚ-ㄨㄟˊ-ㄊㄚˇ	芭維塔	-7.04116568	acg
ㄅㄚ-ㄅㄟˋ-ㄦˇ	芭貝爾	-7.04116568	acg
ㄖㄨㄟˋ-ㄅㄧˇ-ㄩˇ-ㄑㄧˇ-ㄙ	芮比與起司	-6.17843815	acg
ㄖㄨㄟˋ-ㄑㄧˊ-ㄋㄚˋ	芮琪娜	-7.04116568	acg
ㄏㄨㄚ-ㄒㄧㄢ-ㄕㄡˋ	花仙獸	-7.04116568	acg
ㄏㄨㄚ-ㄒㄧㄠˋ-ㄎㄨㄥ	花咲空	-7.04116568	acg
ㄏㄨㄚ-ㄒㄧㄠˋ-ㄇㄟˇ-ㄩㄝˋ	花咲美月	-6.60980192	acg
ㄏㄨㄚ-ㄒㄧㄠˋ-ㄧㄤˊ-ㄧ	花咲陽一	-6.60980192	acg
ㄏㄨㄚ-ㄩㄢˊ-ㄅㄧㄝˊ-ㄕㄨˋ-ㄗㄨˇ-ㄏㄜˊ	花園別墅組合	-5.74707439	acg
ㄏㄨㄚ-ㄊㄧㄢ-ㄎㄨㄤˊ-ㄍㄨˇ	花天狂骨	-6.60980192	acg
ㄏㄨㄚ-ㄌㄢˊ-ㄏㄨㄟˋ-ㄌㄧˇ	花嵐繪里	-6.60980192	acg
ㄏㄨㄚ-ㄌㄚ-ㄕㄡˋ	花拉獸	-7.04116568	acg
ㄏㄨㄚ-ㄘㄨㄣ-ㄑㄧㄢ-ㄓㄨㄥˇ	花村千種	-6.60980192	acg
ㄏㄨㄚ-ㄘㄨㄣ-ㄇㄟˇ-ㄐㄧㄚ	花村美加	-6.60980192	acg
ㄏㄨㄚ-ㄍㄨㄛˇ-ㄕㄡˋ	花果獸	-7.04116568	acg
ㄏㄨㄚ-ㄌㄞˋ-ㄒㄩㄣ	花瀨薰	-7.04116568	acg
ㄏㄨㄚ-ㄊㄧㄢˊ-ㄕㄠˋ-ㄋㄧㄢˊ-ㄕˇ	花田少年史	-6.17843815	acg
ㄏㄨㄚ-ㄏㄨㄤˊ	花皇	-7.17149945	acg
ㄏㄨㄚ-ㄌㄧˋ	花笠	-7.17149945	acg
ㄏㄨㄚ-ㄏㄨㄟˋ	花繪	-7.17149945	acg
ㄏㄨㄚ-ㄏㄨㄚ-ㄍㄨㄥ-ㄗˇ-ㄕㄨㄞˋ-ㄓㄤ-ㄩˊ	花花公子帥章魚	-5.74707439	acg
ㄏㄨㄚ-ㄉㄧㄝˊ	花蝶	-7.17149945	acg
ㄏㄨㄚ-ㄉㄧㄝˊ-ㄌㄧㄡˊ-ㄒㄧㄥ	花蝶流星	-6.60980192	acg
ㄏㄨㄚ-ㄌㄨㄣˊ-ㄅㄧㄢˋ-ㄑㄧㄥˋ	花輪弁慶	-6.60980192	acg
ㄏㄨㄚ-ㄧㄝˇ-ㄐㄧㄥˇ-ㄊㄨㄥˊ-ㄒㄩㄝˊ-ㄩˇ-ㄌㄧㄢˋ-ㄞˋ-ㄅㄧㄥˋ	花野井同學與戀愛病	-5.74707439	acg
ㄏㄨㄚ-ㄎㄞ-ㄌㄧㄥˇ-ㄓㄨˇ-ㄕㄡˋ	花開領主獸	-6.17843815	acg
ㄏㄨㄚ-ㄌㄨㄥˊ-ㄕㄡˋ	花龍獸	-7.04116568	acg
ㄈㄤ-ㄕㄢ-ㄏㄢˋ-ㄗˇ	芳山和子	-6.60980192	acg
ㄈㄤ-ㄉㄚˊ-ㄅㄟˋ-ㄌㄟˊ	芳達貝雷	-6.60980192	acg
ㄈㄤ-ㄉㄚˊ-ㄅㄟˋ-ㄌㄟˊ-ㄓ-ㄧㄠˋ	芳達貝雷之鑰	-5.74707439	acg
ㄈㄤ-ㄌㄧㄣˊ-ㄨˋ-ㄩˇ	芳鄰物語	-6.60980192	acg
ㄑㄧㄣˊ-ㄋㄞˋ	芹奈	-7.17149945	acg
ㄑㄧㄣˊ-ㄗㄜˊ-ㄕㄤˋ	芹澤尚	-7.04116568	acg
ㄑㄧㄣˊ-ㄗㄜˊ-ㄆㄥˊ-ㄧㄝˇ	芹澤朋也	-6.60980192	acg
ㄑㄧㄣˊ-ㄘㄞˋ-ㄍㄨㄞˋ	芹菜怪	-7.04116568	acg
ㄩㄢˋ-ㄊㄧㄢˊ-ㄐㄧㄥ-ㄗˇ	苑田莖子	-6.60980192	acg
ㄖㄨㄛˋ-ㄧㄚˇ-ㄐㄧㄥˋ	若亞敬	-7.04116568	acg
ㄖㄨㄛˋ-ㄜˋ	若惡	-7.17149945	acg
ㄖㄨㄛˋ-ㄌㄧㄣˊ-ㄓˋ-ㄒㄧㄤ	若林智香	-6.60980192	acg
ㄖㄨㄛˋ-ㄒㄧㄚˊ-ㄌㄧˊ-ㄒㄩˋ	若狹麗緒	-6.60980192	acg
ㄖㄨㄛˋ-ㄇㄧㄠˊ-ㄘㄡˋ-ㄊㄞˋ	若苗湊太	-6.60980192	acg
ㄖㄨㄛˋ-ㄘㄞˋ-ㄔㄡˊ	若菜紬	-7.04116568	acg
ㄖㄨㄛˋ-ㄍㄨˇ-ㄨㄢˊ	若骨丸	-7.04116568	acg
ㄧㄥ-ㄌㄧˋ-ㄓㄥˋ-ㄇㄟˇ	英利政美	-6.60980192	acg
ㄧㄥ-ㄩㄥˇ-ㄨˊ-ㄉㄧˊ-ㄏㄠˋ	英勇無敵號	-6.17843815	acg
ㄧㄥ-ㄍㄨㄛˊ-ㄏㄨㄤˊ-ㄐㄧㄚ-ㄊㄜˋ-ㄓㄨㄥˇ-ㄎㄨㄥ-ㄑㄧㄣˊ-ㄉㄨㄟˋ	英國皇家特種空勤隊	-5.74707439	acg
ㄧㄥ-ㄨㄣˊ-ㄘㄨㄣ	英文村	-7.04116568	acg
ㄧㄥ-ㄍㄜˊ-ㄗ	英格茲	-7.04116568	acg
ㄧㄥ-ㄗㄜˊ	英澤	-7.17149945	acg
ㄧㄥ-ㄒㄩㄥˊ-ㄓ-ㄓㄢˋ	英雄之戰	-6.60980192	acg
ㄧㄥ-ㄒㄩㄥˊ-ㄔㄨㄢˊ-ㄑㄧˊ	英雄傳奇	-6.60980192	acg
ㄧㄥ-ㄒㄩㄥˊ-ㄐㄩㄝˊ-ㄑㄧˇ	英雄崛起	-6.60980192	acg
ㄧㄥ-ㄒㄩㄥˊ-ㄓㄢˋ-ㄐㄧˊ	英雄戰擊	-6.60980192	acg
ㄧㄥ-ㄒㄩㄥˊ-ㄓˋ	英雄誌	-7.04116568	acg
ㄧㄥ-ㄒㄩㄥˊ-ㄌㄧㄢˊ-ㄉㄨㄟˋ	英雄連隊	-6.60980192	acg
ㄨㄟˋ-ㄋㄞˋ	苿奈	-7.17149945	acg
ㄇㄠˋ-ㄑㄧㄡ-ㄒㄧ-ㄠˋ	茂丘西奧	-6.60980192	acg
ㄇㄠˋ-ㄇㄨˋ-ㄧㄠˊ-ㄕˇ	茂木遙史	-6.60980192	acg
ㄇㄠˋ-ㄨㄟˊ-ㄡ-ㄇㄞˇ-ㄍㄚˋ-ㄕㄨˋ-ㄨㄟˋ-ㄎㄜ-ㄐㄧˋ	茂為歐買尬數位科技	-5.74707439	acg
ㄈㄢˋ-ㄌㄨㄣˊ-ㄊㄧㄥˊ	范倫廷	-7.04116568	acg
ㄈㄢˋ-ㄌㄨㄣˊ-ㄉㄧˋ-ㄋㄨㄛˋ	范倫蒂諾	-6.60980192	acg
ㄈㄢˋ-ㄌㄟˇ-ㄊㄜˋ	范蕾特	-7.04116568	acg
ㄇㄠˊ-ㄘㄞˋ-ㄇㄥˋ-ㄧ	茅菜夢衣	-6.60980192	acg
ㄇㄛˋ-ㄑㄧㄡ-ㄌㄧˋ	茉丘莉	-7.04116568	acg
ㄇㄛˋ-ㄦˊ-ㄉㄜ˙-ㄌㄧˇ-ㄨˋ	茉兒的禮物	-6.17843815	acg
ㄇㄛˋ-ㄘˋ-ㄇㄥˊ	茉刺盟	-7.04116568	acg
ㄑㄧㄢˋ-ㄉㄧˊ-ㄊㄜˋ	茜迪特	-7.04116568	acg
ㄑㄧㄢˋ-ㄒㄧㄤ	茜香	-7.17149945	acg
ㄓㄨ-ㄧㄝˊ-ㄦˇ	茱耶爾	-7.04116568	acg
ㄓㄨ-ㄌㄧˋ-ㄧㄚˇ-ㄋㄨㄛˋ	茱莉亞諾	-6.60980192	acg
ㄓㄨ-ㄉㄧˋ-ㄙ	茱蒂絲	-7.04116568	acg
ㄓㄨ-ㄌㄧˊ-ㄧㄚˇ-ㄐㄧㄢˋ	茱麗雅劍	-6.60980192	acg
ㄗ-ㄇㄨˇ-ㄌㄧˋ	茲姆莉	-7.04116568	acg
ㄗ-ㄅㄚ-ㄕㄡˋ	茲巴獸	-7.04116568	acg
ㄗ-ㄡ-ㄙ	茲歐斯	-7.04116568	acg
ㄗ-ㄕㄚ	茲沙	-7.17149945	acg
ㄗ-ㄈㄥˊ	茲馮	-7.17149945	acg
ㄔㄚˊ-ㄍㄨㄚˋ-ㄏㄠˊ	茶掛豪	-7.04116568	acg
ㄔㄚˊ-ㄗㄜˊ-ㄒㄧㄣˋ-ㄈㄨˇ	茶澤信輔	-6.60980192	acg
ㄔㄚˊ-ㄌㄨㄛˊ-ㄙ	茶蘿絲	-7.04116568	acg
ㄖㄨㄥˊ-ㄖㄨㄥˊ-ㄕㄡˋ	茸茸獸	-7.04116568	acg
ㄘㄠˇ-ㄅㄧˋ-ㄇㄟˊ	草壁梅	-7.04116568	acg
ㄘㄠˇ-ㄅㄧˋ-ㄍㄠ-ㄩㄝˋ	草壁皋月	-6.60980192	acg
ㄘㄠˇ-ㄅㄧˋ-ㄉㄚˊ-ㄌㄤˊ	草壁達郎	-6.60980192	acg
ㄘㄠˇ-ㄅㄧˋ-ㄐㄧㄥˋ-ㄗˇ	草壁靖子	-6.60980192	acg
ㄘㄠˇ-ㄇㄠˋ-ㄧ-ㄏㄨㄛˇ	草帽一伙	-6.60980192	acg
ㄘㄠˇ-ㄇㄠˋ-ㄧˋ-ㄏㄨㄛˇ	草帽一伙	-7.10980192	acg
ㄘㄠˇ-ㄇㄟˊ-ㄩˊ-ㄌㄜˋ	草莓娛樂	-6.60980192	acg
ㄘㄠˇ-ㄇㄟˊ-ㄩˊ-ㄌㄜˋ-ㄐㄧㄥ-ㄐㄧˋ-ㄍㄨㄥ-ㄙ	草莓娛樂經紀公司	-5.74707439	acg
ㄘㄠˇ-ㄧㄝˋ-ㄊㄧㄢ-ㄧㄣ	草葉天音	-6.60980192	acg
ㄘㄠˇ-ㄊㄧˋ-ㄖㄣˊ	草薙仁	-7.04116568	acg
ㄘㄠˇ-ㄊㄧˋ-ㄔㄨ-ㄩㄣˊ	草薙出雲	-6.60980192	acg
ㄘㄠˇ-ㄊㄧˋ-ㄋㄧㄥˊ-ㄋㄧㄥˊ	草薙寧寧	-6.60980192	acg
ㄘㄠˇ-ㄊㄧˋ-ㄕㄠ	草薙梢	-7.04116568	acg
ㄘㄠˇ-ㄊㄧˋ-ㄒㄧㄤˊ-ㄧ	草薙翔一	-6.60980192	acg
ㄘㄠˇ-ㄧㄝˇ-ㄒㄩㄣ	草野薰	-7.04116568	acg
ㄘㄠˇ-ㄐㄧㄢ-ㄏㄨㄚ-ㄧㄣ	草間花音	-6.60980192	acg
ㄏㄨㄤ-ㄩㄢˊ-ㄓ-ㄐㄩㄣ	荒原之軍	-6.60980192	acg
ㄏㄨㄤ-ㄉㄠˇ-ㄌㄧˋ-ㄒㄧㄢˇ-ㄐㄧˋ	荒島歷險記	-6.17843815	acg
ㄏㄨㄤ-ㄇㄨˋ-ㄍㄤ	荒木剛	-7.04116568	acg
ㄏㄨㄤ-ㄇㄨˋ-ㄅㄧˇ-ㄋㄞˋ	荒木比奈	-6.60980192	acg
ㄏㄨㄤ-ㄇㄨˋ-ㄧㄢˊ-ㄐㄧㄡˋ-ㄍㄨㄢ	荒木研究官	-6.17843815	acg
ㄏㄨㄤ-ㄇㄛˋ-ㄓ-ㄧㄥ	荒漠之鷹	-6.60980192	acg
ㄏㄨㄤ-ㄨˊ-ㄉㄚˋ-ㄌㄡˊ	荒蕪大樓	-6.60980192	acg
ㄏㄨㄤ-ㄧㄝˇ-ㄋㄩˇ-ㄨˊ	荒野女巫	-6.60980192	acg
ㄏㄜˊ-ㄇㄨˇ-ㄨㄟˊ-ㄐㄧㄝˊ	荷姆薇潔	-6.60980192	acg
ㄏㄜˊ-ㄉㄧˋ	荷帝	-7.17149945	acg
ㄏㄜˊ-ㄆㄨˇ	荷普	-7.17149945	acg
ㄏㄜˊ-ㄇㄢˋ-ㄋㄧˊ	荷曼妮	-7.04116568	acg
ㄏㄜˊ-ㄌㄧㄣˊ	荷林	-7.17149945	acg
ㄏㄜˊ-ㄒㄩㄥˊ	荷熊	-7.17149945	acg
ㄏㄜˊ-ㄒㄩㄥˊ-ㄌㄧˋ-ㄒㄧㄢˇ-ㄐㄧˋ	荷熊歷險記	-6.17843815	acg
ㄏㄜˊ-ㄌㄧˋ	荷莉	-7.17149945	acg
ㄏㄜˊ-ㄌㄧˋ-ㄈㄨ-ㄖㄣˊ	荷莉夫人	-6.60980192	acg
ㄏㄜˊ-ㄇㄧˋ-ㄌㄧˋ	荷蜜莉	-7.04116568	acg
ㄏㄜˊ-ㄏㄟ	荷黑	-7.17149945	acg
ㄏㄜˊ-ㄏㄟ-ㄙ	荷黑斯	-7.04116568	acg
ㄉㄧˊ-ㄧㄝˇ-ㄑㄧㄢ-ㄒㄩㄣˊ	荻野千尋	-6.60980192	acg
ㄉㄧˊ-ㄧㄝˇ-ㄘㄞˇ-ㄕˊ	荻野彩實	-6.60980192	acg
ㄉㄧˊ-ㄧㄝˇ-ㄧㄡ-ㄗˇ	荻野悠子	-6.60980192	acg
ㄉㄧˊ-ㄧㄝˇ-ㄇㄧㄥˊ-ㄈㄨ	荻野明夫	-6.60980192	acg
ㄉㄧˊ-ㄧㄝˇ-ㄇㄨˋ-ㄊㄠˊ-ㄍㄨㄛˇ	荻野目桃果	-6.17843815	acg
ㄉㄧˊ-ㄧㄝˇ-ㄇㄨˋ-ㄏㄨㄟˋ-ㄌㄧˇ-ㄗˇ	荻野目繪里子	-5.74707439	acg
ㄉㄧˊ-ㄧㄝˇ-ㄇㄨˋ-ㄘㄨㄥ	荻野目聰	-6.60980192	acg
ㄉㄧˊ-ㄧㄝˇ-ㄇㄨˋ-ㄆㄧㄥˊ-ㄍㄨㄛˇ	荻野目蘋果	-6.17843815	acg
ㄌㄧˋ-ㄧㄚˇ	莉亞	-7.17149945	acg
ㄌㄧˋ-ㄊㄚˇ	莉塔	-7.17149945	acg
ㄌㄧˋ-ㄧㄤ	莉央	-7.17149945	acg
ㄌㄧˋ-ㄇㄨˇ	莉姆	-7.17149945	acg
ㄌㄧˋ-ㄗ-ㄇㄨˇ	莉姿姆	-7.04116568	acg
ㄌㄧˋ-ㄋㄚˋ-ㄌㄧˋ-ㄧㄚˇ	莉娜莉亞	-6.60980192	acg
ㄌㄧˋ-ㄐㄧㄝˊ-ㄊㄜˋ	莉婕特	-7.04116568	acg
ㄌㄧˋ-ㄌㄚ	莉拉	-7.17149945	acg
ㄌㄧˋ-ㄅㄧˇ	莉比	-7.17149945	acg
ㄌㄧˋ-ㄈㄚˇ	莉法	-7.17149945	acg
ㄌㄧˋ-ㄐㄧㄝˊ-ㄌㄧˋ-ㄊㄜˋ	莉潔莉特	-6.60980192	acg
ㄌㄧˋ-ㄌㄧㄥˊ	莉玲	-7.17149945	acg
ㄌㄧˋ-ㄇㄚˇ	莉瑪	-7.17149945	acg
ㄌㄧˋ-ㄐㄧㄥ	莉精	-7.17149945	acg
ㄌㄧˋ-ㄐㄧㄥ-ㄢ-ㄋㄧˊ	莉精安妮	-6.60980192	acg
ㄌㄧˋ-ㄙ	莉絲	-7.17149945	acg
ㄌㄧˋ-ㄙ-ㄉㄚˊ-ㄉㄞˋ	莉絲妲黛	-6.60980192	acg
ㄌㄧˋ-ㄗ-ㄅㄟˋ-ㄊㄜˋ	莉茲貝特	-6.60980192	acg
ㄌㄧˋ-ㄌㄧˋ-ㄐㄧㄚ	莉莉佳	-7.04116568	acg
ㄌㄧˋ-ㄌㄧˋ-ㄎㄜˋ	莉莉克	-7.04116568	acg
ㄌㄧˋ-ㄌㄧˋ-ㄅㄢˇ	莉莉板	-7.04116568	acg
ㄌㄧˋ-ㄌㄟˇ-ㄍㄨㄥ-ㄓㄨˇ	莉蕾公主	-6.60980192	acg
ㄌㄧˋ-ㄌㄨㄛˊ	莉蘿	-7.17149945	acg
ㄌㄧˋ-ㄒㄧ	莉西	-7.17149945	acg
ㄌㄧˋ-ㄙㄞˋ-ㄌㄧˋ-ㄙ	莉賽莉絲	-6.60980192	acg
ㄌㄧˋ-ㄉㄧˊ-ㄌㄚ-ㄉㄜˊ	莉迪拉德	-6.60980192	acg
ㄌㄧˋ-ㄌㄨˋ-ㄉㄨㄛ-ㄊㄨㄛ	莉露多托	-6.60980192	acg
ㄌㄧˋ-ㄌㄨˋ-ㄇㄨˇ	莉露姆	-7.04116568	acg
ㄓㄨㄤ-ㄧ-ㄌㄤˊ	莊一郎	-7.04116568	acg
ㄓㄨㄤ-ㄧˋ-ㄌㄤˊ	莊一郎	-7.54116568	acg
ㄓㄨㄤ-ㄋㄧˊ	莊尼	-7.17149945	acg
ㄕㄚ-ㄧㄝˇ-ㄐㄧㄚ	莎也佳	-7.04116568	acg
ㄕㄚ-ㄉㄨㄛ	莎多	-7.17149945	acg
ㄕㄚ-ㄌㄚ-ㄍㄨㄥ-ㄓㄨˇ	莎拉公主	-6.60980192	acg
ㄕㄚ-ㄙㄨㄛˇ-ㄌㄧˋ-ㄋㄚˋ	莎索莉娜	-6.60980192	acg
ㄕㄚ-ㄌㄧˋ-ㄇㄢˋ-ㄈㄨ-ㄖㄣˊ	莎莉曼夫人	-6.17843815	acg
ㄕㄚ-ㄌㄧˋ-ㄅㄢ	莎莉班	-7.04116568	acg
ㄕㄚ-ㄌㄧˋ-ㄧㄚˇ	莎莉雅	-7.04116568	acg
ㄕㄚ-ㄉㄧˋ	莎蒂	-7.17149945	acg
ㄕㄚ-ㄅㄧㄣ-ㄋㄚˋ	莎賓娜	-7.04116568	acg
ㄕㄚ-ㄉㄞˋ-ㄒㄧㄣ-ㄉㄨㄣˋ	莎黛辛頓	-6.60980192	acg
ㄐㄧㄥ-ㄉㄠˋ-ㄒㄧㄡ-ㄧ-ㄌㄤˊ	莖道修一郎	-6.17843815	acg
ㄐㄧㄥ-ㄉㄠˋ-ㄒㄧㄡ-ㄧˋ-ㄌㄤˊ	莖道修一郎	-6.67843815	acg
ㄇㄛˋ-ㄋㄟˋ	莫內	-7.17149945	acg
ㄇㄛˋ-ㄌㄧˋ-ㄈㄨ-ㄖㄣˊ	莫利夫人	-6.60980192	acg
ㄇㄛˋ-ㄍㄡ	莫勾	-7.17149945	acg
ㄇㄛˋ-ㄑㄧˊ	莫奇	-7.17149945	acg
ㄇㄛˋ-ㄕㄠˇ-ㄘㄨㄥ	莫少蔥	-7.04116568	acg
ㄇㄛˋ-ㄧㄡˊ-ㄕㄚ-ㄇㄛˋ	莫尤沙漠	-6.60980192	acg
ㄇㄛˋ-ㄅㄨˋ-ㄌㄧˋ-ㄊㄜˋ	莫布利特	-6.60980192	acg
ㄇㄛˋ-ㄅㄨˋ-ㄙ-ㄊㄨㄥ	莫布斯通	-6.60980192	acg
ㄇㄛˋ-ㄉㄜˊ	莫德	-7.17149945	acg
ㄇㄛˋ-ㄌㄚ-ㄌㄞˊ-ㄙ-ㄓㄨㄥ-ㄨㄟˋ	莫拉萊斯中尉	-5.74707439	acg
ㄇㄛˋ-ㄙㄚ	莫撒	-7.17149945	acg
ㄇㄛˋ-ㄍㄜˊ-ㄌㄨㄛˊ	莫格羅	-7.04116568	acg
ㄇㄛˋ-ㄈㄚˇ-ㄊㄜˋ-ㄈㄨ-ㄖㄣˊ	莫法特夫人	-6.17843815	acg
ㄇㄛˋ-ㄌㄢˊ-ㄕㄤˋ-ㄒㄧㄠˋ	莫蘭上校	-6.60980192	acg
ㄇㄛˋ-ㄋㄚˋ	莫那	-7.17149945	acg
ㄇㄛˋ-ㄌㄧˇ-ㄧㄚˇ-ㄊㄧˊ-ㄐㄧㄠˋ-ㄕㄡˋ	莫里亞提教授	-5.74707439	acg
ㄇㄛˋ-ㄌㄧˇ-ㄧㄚˇ-ㄉㄧˋ-ㄐㄧㄠˋ-ㄕㄡˋ	莫里亞蒂教授	-5.74707439	acg
ㄇㄛˋ-ㄚ	莫阿	-7.17149945	acg
ㄇㄛˋ-ㄌㄟˊ-ㄋㄧˊ	莫雷尼	-7.04116568	acg
ㄇㄛˋ-ㄌㄨˇ-ㄊㄚˇ-ㄅㄟˋ-ㄉㄨㄛ-ㄒㄧㄠˋ-ㄓㄤˇ	莫魯塔貝多校長	-5.74707439	acg
ㄐㄧㄥ-ㄒㄧㄚˋ-ㄏㄨㄟˋ	菁嚇會	-7.04116568	acg
ㄐㄧㄢ-ㄓ-ㄇㄨˋ-ㄔㄡˊ	菅之木愁	-6.60980192	acg
ㄐㄧㄢ-ㄓㄠˇ-ㄑㄧㄢ-ㄕㄚ	菅沼千紗	-6.60980192	acg
ㄐㄧㄢ-ㄧㄝˇ-ㄍㄨㄤ-ㄇㄧㄥˊ	菅野光明	-6.60980192	acg
ㄍㄨ-ㄍㄨ-ㄘㄨㄣ	菇菇村	-7.04116568	acg
ㄐㄩˊ-ㄓ-ㄔㄥˊ	菊之丞	-7.04116568	acg
ㄐㄩˊ-ㄉㄞˋ	菊代	-7.17149945	acg
ㄐㄩˊ-ㄔㄨㄢ-ㄑㄧㄥ-ㄧ-ㄌㄤˊ	菊川清一郎	-6.17843815	acg
ㄐㄩˊ-ㄔㄨㄢ-ㄑㄧㄥ-ㄧˋ-ㄌㄤˊ	菊川清一郎	-6.67843815	acg
ㄐㄩˊ-ㄔㄨㄢ-ㄒㄩㄝˇ-ㄓ	菊川雪之	-6.60980192	acg
ㄘㄞˋ-ㄋㄧㄠˇ-ㄎㄠˇ-ㄧㄢˋ	菜鳥考驗	-6.60980192	acg
ㄏㄨㄚˊ-ㄓ-ㄍㄨㄛˊ-ㄉㄚˋ-ㄇㄧㄥˊ	華之國大名	-6.17843815	acg
ㄏㄨㄚˊ-ㄎㄜˋ-ㄈㄨ-ㄖㄣˊ	華克夫人	-6.60980192	acg
ㄏㄨㄚˊ-ㄌㄜˋ	華勒	-7.17149945	acg
ㄏㄨㄚˊ-ㄩˋ-ㄨㄤˇ-ㄌㄨㄛˋ	華域網絡	-6.60980192	acg
ㄏㄨㄚˊ-ㄋㄚˋ-ㄌㄧˋ	華娜莉	-7.04116568	acg
ㄏㄨㄚˊ-ㄙ-ㄋㄚˋ-ㄕㄣˊ-ㄈㄨˋ	華斯納神父	-6.17843815	acg
ㄏㄨㄚˊ-ㄊㄜˋ-ㄙ	華特斯	-7.04116568	acg
ㄏㄨㄚˊ-ㄊㄜˋ-ㄉㄧˊ-ㄕˋ-ㄋㄧˊ-ㄧㄥˇ-ㄧㄝˋ	華特迪士尼影業	-5.74707439	acg
ㄏㄨㄚˊ-ㄕㄥ-ㄅㄛˊ-ㄕˋ	華生博士	-6.60980192	acg
ㄏㄨㄚˊ-ㄕㄥ-ㄈㄨ-ㄖㄣˊ	華生夫人	-6.60980192	acg
ㄏㄨㄚˊ-ㄕˊ-ㄉㄡˋ-ㄌㄤˊ	華石鬥郎	-6.60980192	acg
ㄏㄨㄚˊ-ㄇㄧˇ	華米	-7.17149945	acg
ㄏㄨㄚˊ-ㄇㄧˇ-ㄓ-ㄐㄧㄚ	華米之家	-6.60980192	acg
ㄏㄨㄚˊ-ㄌㄢˊ-ㄕˋ	華藍市	-7.04116568	acg
ㄏㄨㄚˊ-ㄊㄡˊ	華頭	-7.17149945	acg
ㄏㄨㄚˊ-ㄌㄧˋ-ㄨˇ-ㄊㄞˊ	華麗舞台	-6.60980192	acg
ㄌㄧㄥˊ-ㄐㄧㄥˋ-ㄙㄜˋ-ㄘㄞˇ	菱鏡色彩	-6.60980192	acg
ㄈㄟ-ㄧㄚˇ-ㄔㄚˊ-ㄉㄜˊ	菲亞查德	-6.60980192	acg
ㄈㄟ-ㄌㄧˋ-ㄆㄟˊ	菲利培	-7.04116568	acg
ㄈㄟ-ㄌㄧˋ-ㄊㄜˋ	菲利特	-7.04116568	acg
ㄈㄟ-ㄌㄧˋ-ㄉㄚˊ-ㄈㄟ-ㄧㄚˇ	菲利達菲亞	-6.17843815	acg
ㄈㄟ-ㄎㄚˇ-ㄅㄛˊ-ㄕˋ	菲卡博士	-6.60980192	acg
ㄈㄟ-ㄠˋ	菲奧	-7.17149945	acg
ㄈㄟ-ㄇㄨˇ-ㄒㄧˊ-ㄇㄨˇ	菲姆席姆	-6.60980192	acg
ㄈㄟ-ㄋㄧˊ-ㄢ	菲尼安	-7.04116568	acg
ㄈㄟ-ㄌㄚ-ㄌㄧㄣˊ	菲拉林	-7.04116568	acg
ㄈㄟ-ㄌㄚ-ㄌㄟˇ	菲拉蕾	-7.04116568	acg
ㄈㄟ-ㄙ-ㄊㄜˋ-ㄙ	菲斯特斯	-6.60980192	acg
ㄈㄟ-ㄓㄚˊ-ㄦˇ	菲札爾	-7.04116568	acg
ㄈㄟ-ㄡ-ㄋㄚˋ	菲歐娜	-7.04116568	acg
ㄈㄟ-ㄡ-ㄌㄚ	菲歐拉	-7.04116568	acg
ㄈㄟ-ㄡ-ㄌㄟˇ	菲歐蕾	-7.04116568	acg
ㄈㄟ-ㄌㄨㄛˋ	菲洛	-7.17149945	acg
ㄈㄟ-ㄋㄧㄝˋ	菲涅	-7.17149945	acg
ㄈㄟ-ㄦˇ-ㄒㄧ	菲爾西	-7.04116568	acg
ㄈㄟ-ㄊㄜˋ	菲特	-7.17149945	acg
ㄈㄟ-ㄇㄧˇ-ㄋㄧˊ	菲米妮	-7.04116568	acg
ㄈㄟ-ㄒㄧ-ㄙ	菲西斯	-7.04116568	acg
ㄈㄟ-ㄒㄧ-ㄙ-ㄔㄨㄢˊ-ㄕㄨㄛ	菲西斯傳說	-6.17843815	acg
ㄈㄟ-ㄒㄧㄣ	菲鑫	-7.17149945	acg
ㄈㄟ-ㄧㄚˇ-ㄌㄧˋ-ㄋㄚˋ	菲雅莉娜	-6.60980192	acg
ㄈㄟ-ㄌㄨˋ-ㄉㄧˊ	菲露狄	-7.04116568	acg
ㄈㄟ-ㄌㄨˇ-ㄊㄜˋ	菲魯特	-7.04116568	acg
ㄌㄞˊ-ㄎㄜˋ-ㄌㄨˋ-ㄧˋ-ㄙ	萊克路易斯	-6.17843815	acg
ㄌㄞˊ-ㄧㄣ-ㄏㄚ-ㄊㄜˋ	萊因哈特	-6.60980192	acg
ㄌㄞˊ-ㄧㄣ-ㄏㄚ-ㄌㄨˇ-ㄊㄜˋ	萊因哈魯特	-6.17843815	acg
ㄌㄞˊ-ㄇㄨˇ-ㄐㄧˊ-ㄙ	萊姆吉斯	-6.60980192	acg
ㄌㄞˊ-ㄒㄧ-ㄌㄚ-ㄇㄨˇ	萊希拉姆	-6.60980192	acg
ㄌㄞˊ-ㄉㄜˊ-ㄋㄧㄥˊ	萊德寧	-7.04116568	acg
ㄌㄞˊ-ㄉㄜˊ-ㄋㄧˊ-ㄒㄧ-ㄧㄚˋ	萊德尼西亞	-6.17843815	acg
ㄌㄞˊ-ㄣ	萊恩	-7.17149945	acg
ㄌㄞˊ-ㄙ-ㄉㄚˊ-ㄦˇ	萊斯達爾	-6.60980192	acg
ㄌㄞˊ-ㄆㄨˇ-ㄋㄧㄥˊ	萊普寧	-7.04116568	acg
ㄌㄞˊ-ㄆㄨˇ-ㄎㄤ-ㄅㄛˊ	萊普康柏	-6.60980192	acg
ㄌㄞˊ-ㄆㄨˇ-ㄌㄟˇ	萊普蕾	-7.04116568	acg
ㄌㄞˊ-ㄙㄤ-ㄉㄜˊ-ㄕㄤˋ-ㄒㄧㄠˋ	萊桑德上校	-6.17843815	acg
ㄌㄞˊ-ㄙㄤ-ㄉㄜˊ-ㄙ-ㄌㄧㄥˋ-ㄍㄨㄢ	萊桑德司令官	-5.74707439	acg
ㄌㄞˊ-ㄡ-ㄙ	萊歐斯	-7.04116568	acg
ㄌㄞˊ-ㄅㄧˇ	萊比	-7.17149945	acg
ㄌㄞˊ-ㄎㄣˇ	萊肯	-7.17149945	acg
ㄌㄞˊ-ㄈㄣ	萊芬	-7.17149945	acg
ㄌㄞˊ-ㄌㄧˋ	萊莉	-7.17149945	acg
ㄌㄞˊ-ㄕㄚ	萊莎	-7.17149945	acg
ㄌㄞˊ-ㄙㄚˋ	萊薩	-7.17149945	acg
ㄇㄥˊ-ㄏㄨㄤˊ	萌黃	-7.17149945	acg
ㄆㄧㄥˊ-ㄧˊ-ㄆㄛˊ	萍姨婆	-7.04116568	acg
ㄑㄧㄡ-ㄓㄣˇ	萩姫	-7.17149945	acg
ㄨㄢˋ-ㄡˇ-ㄕㄨˋ-ㄩˇ-ㄕㄥ-ㄗˇ	萬偶數羽生子	-5.74707439	acg
ㄨㄢˋ-ㄋㄧㄢˊ-ㄏㄜˊ-ㄆㄧㄥˊ-ㄏㄠˋ	萬年和平號	-6.17843815	acg
ㄨㄢˋ-ㄋㄧㄢˊ-ㄌㄢˊ-ㄗˇ	萬年嵐子	-6.60980192	acg
ㄨㄢˋ-ㄊㄧㄢˊ-ㄧㄤˊ-ㄗˇ	萬田洋子	-6.60980192	acg
ㄨㄢˋ-ㄊㄧㄢˊ-ㄔㄨㄣˊ-ㄘˋ	萬田純次	-6.60980192	acg
ㄨㄢˋ-ㄓ-ㄊㄤˊ	萬知堂	-7.04116568	acg
ㄨㄢˋ-ㄓ-ㄊㄤˊ-ㄊㄨˊ-ㄕㄨ-ㄍㄨㄢˇ	萬知堂圖書館	-5.74707439	acg
ㄨㄢˋ-ㄘˊ-ㄨㄤˊ	萬磁王	-7.04116568	acg
ㄨㄢˋ-ㄏㄨㄚ-ㄊㄨㄥˇ-ㄒㄧㄝˇ-ㄌㄨㄣˊ-ㄧㄢˇ	萬花筒寫輪眼	-5.74707439	acg
ㄨㄢˋ-ㄕㄜˊ	萬蛇	-7.17149945	acg
ㄨㄢˋ-ㄉㄚˊ-ㄨㄞˋ-ㄙ	萬達外斯	-6.60980192	acg
ㄨㄢˋ-ㄌㄧˇ-ㄒㄧㄠˇ-ㄌㄨˋ-ㄈㄥ	萬里小路楓	-6.17843815	acg
ㄨㄢˋ-ㄇㄚˇ-ㄨㄤˇ-ㄌㄨㄛˋ	萬馬網絡	-6.60980192	acg
ㄌㄨㄛˋ-ㄏㄜˊ-ㄏㄨㄟˋ-ㄌㄧˇ	落合恵理	-6.60980192	acg
ㄌㄨㄛˋ-ㄏㄜˊ-ㄉㄚˊ-ㄧㄝˇ	落合達也	-6.60980192	acg
ㄌㄨㄛˋ-ㄖˋ-ㄒㄧㄚˊ-ㄍㄨㄤ	落日霞光	-6.60980192	acg
ㄌㄨㄛˋ-ㄖˋ-ㄅㄧㄠ-ㄕㄣˊ	落日飆神	-6.60980192	acg
ㄌㄨㄛˋ-ㄌㄨㄛˋ-ㄔㄤˊ-ㄅㄧˊ	落落長鼻	-6.60980192	acg
ㄌㄨㄛˋ-ㄧㄤˊ-ㄍㄨㄢ	落陽關	-7.04116568	acg
ㄧㄝˋ-ㄐㄧㄚ	葉加	-7.17149945	acg
ㄧㄝˋ-ㄋㄧˊ-ㄈㄨˊ	葉妮芙	-7.04116568	acg
ㄧㄝˋ-ㄌㄚ-ㄋㄚˋ	葉拉娜	-7.04116568	acg
ㄧㄝˋ-ㄩㄝˋ-ㄓㄨˇ	葉月渚	-7.04116568	acg
ㄧㄝˋ-ㄌㄧㄢˊ-ㄋㄚˋ	葉蓮娜	-7.04116568	acg
ㄧㄝˋ-ㄌㄢˊ-ㄙ-ㄒㄧㄚˊ-ㄍㄨˇ	葉藍斯峽谷	-6.17843815	acg
ㄧㄝˋ-ㄍㄨㄟˇ	葉鬼	-7.17149945	acg
ㄍㄜˇ-ㄎㄜˋ	葛克	-7.17149945	acg
ㄍㄜˇ-ㄦˊ	葛兒	-7.17149945	acg
ㄍㄜˇ-ㄌㄧˋ-ㄙ-ㄊㄢˇ	葛利斯坦	-6.60980192	acg
ㄍㄜˇ-ㄌㄧˋ-ㄍㄨㄛˇ	葛利果	-7.04116568	acg
ㄍㄜˇ-ㄌㄧˋ-ㄅㄧˇ	葛利比	-7.04116568	acg
ㄍㄜˇ-ㄌㄧˋ-ㄇㄨˋ-ㄌㄨㄛˊ-ㄎㄜˋ	葛利牧羅克	-6.17843815	acg
ㄍㄜˇ-ㄌㄧˋ-ㄙㄨㄛˇ	葛利索	-7.04116568	acg
ㄍㄜˇ-ㄌㄧˋ-ㄎㄜˋ	葛力克	-7.04116568	acg
ㄍㄜˇ-ㄌㄧˋ-ㄎㄜˋ-ㄎㄜˋ-ㄦˋ-ㄕˋ	葛力克克二世	-5.74707439	acg
ㄍㄜˇ-ㄩㄢˊ-ㄨㄟˋ-ㄌㄞˊ	葛原未來	-6.60980192	acg
ㄍㄜˇ-ㄔㄥˊ-ㄍㄤ-ㄊㄞˋ-ㄌㄤˊ	葛城剛太郎	-6.17843815	acg
ㄍㄜˇ-ㄋㄧˊ-ㄊㄧˊ-ㄙ	葛尼提斯	-6.60980192	acg
ㄍㄜˇ-ㄆㄧˋ-ㄌㄠˇ-ㄕ	葛屁老師	-6.60980192	acg
ㄍㄜˇ-ㄅㄚ-ㄧㄤˊ	葛巴揚	-7.04116568	acg
ㄍㄜˇ-ㄉㄜˊ-ㄧ-ㄈㄨˊ	葛德伊芙	-6.60980192	acg
ㄍㄜˇ-ㄣ	葛恩	-7.17149945	acg
ㄍㄜˇ-ㄌㄚ-ㄋㄧˊ	葛拉尼	-7.04116568	acg
ㄍㄜˇ-ㄌㄚ-ㄉㄜˊ	葛拉德	-7.04116568	acg
ㄍㄜˇ-ㄌㄤˇ	葛朗	-7.17149945	acg
ㄍㄜˇ-ㄌㄨㄛˋ-ㄈㄨ	葛洛夫	-7.04116568	acg
ㄍㄜˇ-ㄖㄨㄟˋ-ㄙ	葛瑞斯	-7.04116568	acg
ㄍㄜˇ-ㄖㄨㄟˋ-ㄙ-ㄆㄞˋ-ㄎㄜˋ	葛瑞絲派克	-6.17843815	acg
ㄍㄜˇ-ㄆㄧˇ-ㄉㄜˊ	葛痞德	-7.04116568	acg
ㄍㄜˇ-ㄋㄚˋ-ㄨ	葛納烏	-7.04116568	acg
ㄍㄜˇ-ㄙㄨㄛˇ	葛索	-7.17149945	acg
ㄍㄜˇ-ㄙㄨㄛˇ-ㄇㄚ-ㄇㄚ˙	葛索媽媽	-6.60980192	acg
ㄍㄜˇ-ㄖㄨㄛˋ-ㄒㄧ-ㄧㄚˋ	葛若西亞	-6.60980192	acg
ㄍㄜˇ-ㄌㄧˋ	葛莉	-7.17149945	acg
ㄍㄜˇ-ㄌㄧˋ-ㄙㄞˋ-ㄉㄚˊ	葛莉賽達	-6.60980192	acg
ㄍㄜˇ-ㄌㄞˊ-ㄙ	葛萊斯	-7.04116568	acg
ㄍㄜˇ-ㄧㄝˋ-ㄕㄡˋ	葛葉獸	-7.04116568	acg
ㄍㄜˇ-ㄧㄝˋ-ㄨˋ-ㄒㄧㄤ	葛葉霧香	-6.60980192	acg
ㄍㄜˇ-ㄌㄟˇ	葛蕾	-7.17149945	acg
ㄍㄜˇ-ㄌㄟˇ-ㄒㄧ-ㄧㄚˇ	葛蕾希亞	-6.60980192	acg
ㄍㄜˇ-ㄌㄢˊ	葛蘭	-7.17149945	acg
ㄍㄜˇ-ㄌㄢˊ-ㄅㄚ-ㄎㄚ-ㄈㄟ-ㄊㄧㄥ	葛蘭巴咖啡廳	-5.74707439	acg
ㄍㄜˇ-ㄌㄢˊ-ㄗ	葛蘭茲	-7.04116568	acg
ㄍㄜˇ-ㄌㄧˇ-ㄈㄣ	葛里芬	-7.04116568	acg
ㄍㄜˇ-ㄌㄟˊ	葛雷	-7.17149945	acg
ㄍㄜˇ-ㄌㄟˊ-ㄑㄧㄝ	葛雷切	-7.04116568	acg
ㄍㄜˇ-ㄌㄟˊ-ㄈㄨ	葛雷夫	-7.04116568	acg
ㄍㄜˇ-ㄌㄟˊ-ㄈㄨ-ㄖㄣˊ	葛雷夫人	-6.60980192	acg
ㄍㄜˇ-ㄌㄟˊ-ㄎㄡˋ	葛雷寇	-7.04116568	acg
ㄍㄜˇ-ㄌㄟˊ-ㄌㄚ-ㄧ-ㄕ	葛雷拉醫師	-6.17843815	acg
ㄍㄜˇ-ㄌㄟˊ-ㄙ-ㄌㄧˋ	葛雷斯利	-6.60980192	acg
ㄍㄜˇ-ㄌㄟˊ-ㄍㄨㄛˇ-ㄌㄧˇ	葛雷果里	-6.60980192	acg
ㄍㄜˇ-ㄌㄟˊ-ㄍㄨㄛˇ-ㄌㄧˇ-ㄡ	葛雷果里歐	-6.17843815	acg
ㄍㄜˇ-ㄌㄟˊ-ㄙㄣ	葛雷森	-7.04116568	acg
ㄍㄜˇ-ㄌㄟˊ-ㄨㄟˊ-ㄒㄧˊ-ㄍㄜˊ	葛雷維席格	-6.17843815	acg
ㄍㄜˇ-ㄌㄟˊ-ㄌㄧˇ-ㄡ	葛雷里歐	-6.60980192	acg
ㄍㄜˇ-ㄇㄚˇ-ㄌㄢˊ	葛馬藍	-7.04116568	acg
ㄍㄜˇ-ㄌㄧˊ-ㄊㄜˋ	葛麗特	-7.04116568	acg
ㄎㄨㄟˊ-ㄨㄟˇ-ㄒㄧㄤˊ	葵唯翔	-7.04116568	acg
ㄎㄨㄟˊ-ㄣ	葵恩	-7.17149945	acg
ㄎㄨㄟˊ-ㄙ	葵絲	-7.17149945	acg
ㄎㄨㄟˊ-ㄧㄠˊ	葵遙	-7.17149945	acg
ㄉㄧˋ-ㄧㄚˇ	蒂亞	-7.17149945	acg
ㄉㄧˋ-ㄧㄚˇ-ㄌㄚ	蒂亞拉	-7.04116568	acg
ㄉㄧˋ-ㄧㄚˇ-ㄇㄨˋ	蒂亞穆	-7.04116568	acg
ㄉㄧˋ-ㄊㄧˊ	蒂堤	-7.17149945	acg
ㄉㄧˋ-ㄊㄚˇ-ㄋㄧˊ-ㄧㄚˇ	蒂塔妮亞	-6.60980192	acg
ㄉㄧˋ-ㄇㄨˇ-ㄋㄧˊ	蒂姆妮	-7.04116568	acg
ㄉㄧˋ-ㄋㄚˋ	蒂娜	-7.17149945	acg
ㄉㄧˋ-ㄢ-ㄒㄧ	蒂安希	-7.04116568	acg
ㄉㄧˋ-ㄦˇ-ㄋㄧˊ-ㄦˇ	蒂爾妮爾	-6.60980192	acg
ㄉㄧˋ-ㄇㄚˇ-ㄒㄧ-ㄧㄚˋ	蒂瑪西亞	-6.60980192	acg
ㄉㄧˋ-ㄌㄚ-ㄍㄜ-ㄊㄢˇ	蒂菈歌坦	-6.60980192	acg
ㄉㄧˋ-ㄧㄚˇ	蒂雅	-7.17149945	acg
ㄉㄧˋ-ㄧㄚˇ-ㄋㄚˋ	蒂雅娜	-7.04116568	acg
ㄇㄥˊ-ㄎㄜˋ	蒙克	-7.17149945	acg
ㄇㄥˊ-ㄑㄧˊ	蒙其	-7.17149945	acg
ㄇㄥˊ-ㄎㄚˇ	蒙卡	-7.17149945	acg
ㄇㄥˊ-ㄊㄚˇ-ㄎㄜˋ	蒙塔克	-7.04116568	acg
ㄇㄥˊ-ㄊㄚˇ-ㄎㄜˋ-ㄕㄤ-ㄏㄨㄟˋ	蒙塔克商會	-6.17843815	acg
ㄇㄥˊ-ㄊㄚˇ-ㄉㄨㄛ	蒙塔多	-7.04116568	acg
ㄇㄥˊ-ㄒㄧㄚˋ	蒙夏	-7.17149945	acg
ㄇㄥˊ-ㄉㄨㄛ	蒙多	-7.17149945	acg
ㄇㄥˊ-ㄉㄨㄛ-ㄧ-ㄕㄥ	蒙多醫生	-6.60980192	acg
ㄇㄥˊ-ㄊㄞˋ-ㄍㄨˇ	蒙太古	-7.04116568	acg
ㄇㄥˊ-ㄊㄧˊ-ㄈㄚˇ	蒙提法	-7.04116568	acg
ㄇㄥˊ-ㄙ-ㄊㄚˇ	蒙斯塔	-7.04116568	acg
ㄇㄥˊ-ㄊㄞˋ	蒙泰	-7.17149945	acg
ㄙㄨㄢˋ-ㄕㄢ	蒜山	-7.17149945	acg
ㄆㄨˊ-ㄏㄨㄟˋ	蒲惠	-7.17149945	acg
ㄓㄥ-ㄑㄧˋ-ㄉㄨㄥˋ-ㄎㄨ	蒸汽洞窟	-6.60980192	acg
ㄓㄥ-ㄑㄧˋ-ㄋㄢˊ-ㄏㄞˊ	蒸汽男孩	-6.60980192	acg
ㄘㄤ-ㄋㄞˇ-ㄌㄧˊ-ㄇㄟˇ	蒼乃麗美	-6.60980192	acg
ㄘㄤ-ㄐㄧㄥˇ-ㄔㄤˊ-ㄒㄧㄚˋ	蒼井常夏	-6.60980192	acg
ㄘㄤ-ㄊㄧㄢ-ㄉㄜ˙-ㄧ-ㄒㄧㄡ-ㄐㄧㄚ-ㄦˇ-ㄉㄜˊ	蒼天的伊修加爾德	-5.74707439	acg
ㄘㄤ-ㄓㄠˇ-ㄊㄨㄥˊ-ㄧㄝˋ	蒼沼桐葉	-6.60980192	acg
ㄘㄤ-ㄌㄢˊ-ㄍㄤ-ㄊㄧㄝˇ-ㄓㄢˋ-ㄐㄧㄢˋ	蒼藍鋼鐵戰艦	-5.74707439	acg
ㄘㄤ-ㄌㄨㄥˊ-ㄒㄧㄚˊ-ㄎㄜˋ	蒼龍俠客	-6.60980192	acg
ㄍㄞˋ-ㄧㄚˇ-ㄓ-ㄎㄨㄤˊ	蓋亞之狂	-6.60980192	acg
ㄍㄞˋ-ㄧㄚˇ-ㄗㄨˊ	蓋亞族	-7.04116568	acg
ㄍㄞˋ-ㄧㄚˇ-ㄕㄡˋ	蓋亞獸	-7.04116568	acg
ㄍㄞˋ-ㄧㄚˇ-ㄐㄧˋ-ㄧˋ-ㄊㄧˇ	蓋亞記憶體	-6.17843815	acg
ㄍㄞˋ-ㄧㄚˇ-ㄍㄤ-ㄉㄢˋ	蓋亞鋼彈	-6.60980192	acg
ㄍㄞˋ-ㄅㄛˊ-ㄖㄨㄟˋ	蓋博瑞	-7.04116568	acg
ㄍㄞˋ-ㄍㄨˇ-ㄎㄜˋ	蓋古克	-7.04116568	acg
ㄍㄞˋ-ㄑㄧˊ-ㄕㄡˋ	蓋奇獸	-7.04116568	acg
ㄍㄞˋ-ㄉㄜˊ-ㄈㄨ	蓋德夫	-7.04116568	acg
ㄍㄞˋ-ㄣ-ㄗ-ㄅㄛˊ-ㄌㄨㄛˊ	蓋恩茲博羅	-6.17843815	acg
ㄍㄞˋ-ㄙ	蓋斯	-7.17149945	acg
ㄍㄞˋ-ㄆㄨˇ-ㄙ-ㄌㄟˊ	蓋普斯雷	-6.60980192	acg
ㄍㄞˋ-ㄅㄧˇ-ㄍㄞˋ-ㄅㄧˇ	蓋比蓋比	-6.60980192	acg
ㄍㄞˋ-ㄦˇ-ㄒㄧㄡ-ㄎㄚˇ	蓋爾修卡	-6.60980192	acg
ㄍㄞˋ-ㄦˇ-ㄙㄜˋ-ㄙㄣ	蓋爾瑟森	-6.60980192	acg
ㄍㄞˋ-ㄊㄜˋ	蓋特	-7.17149945	acg
ㄍㄞˋ-ㄊㄜˋ-ㄍㄨㄤ-ㄕㄨˋ	蓋特光束	-6.60980192	acg
ㄍㄞˋ-ㄊㄜˋ-ㄌㄧㄝˋ-ㄖˋ-ㄊㄢˊ	蓋特烈日彈	-6.17843815	acg
ㄍㄞˋ-ㄊㄜˋ-ㄌㄨˊ	蓋特爐	-7.04116568	acg
ㄍㄞˋ-ㄊㄜˋ-ㄒㄧㄢˋ	蓋特線	-7.04116568	acg
ㄍㄞˋ-ㄇㄚˇ-ㄊㄜˋ-ㄌㄧˋ-ㄧㄚˇ	蓋瑪特利亞	-6.17843815	acg
ㄍㄞˋ-ㄨㄚˇ-ㄌㄢˊ	蓋瓦蘭	-7.04116568	acg
ㄍㄞˋ-ㄨㄟˊ	蓋維	-7.17149945	acg
ㄍㄞˋ-ㄋㄨㄛˋ-ㄙㄞˋ-ㄎㄜˋ-ㄊㄜˋ	蓋諾賽克特	-6.17843815	acg
ㄍㄞˋ-ㄌㄧˇ-ㄇㄨˇ	蓋里姆	-7.04116568	acg
ㄍㄞˋ-ㄌㄧˇ-ㄡ	蓋里歐	-7.04116568	acg
ㄍㄞˋ-ㄇㄚˇ-ㄎㄜˋ	蓋馬克	-7.04116568	acg
ㄍㄞˋ-ㄌㄨˇ-ㄎㄚˇ-ㄇㄨˇ	蓋魯卡姆	-6.60980192	acg
ㄅㄟˋ-ㄧㄡ-ㄋㄧˊ-ㄊㄚˇ	蓓優妮塔	-6.60980192	acg
ㄅㄟˋ-ㄦˊ-ㄉㄢ-ㄉㄧˋ	蓓兒丹娣	-6.60980192	acg
ㄅㄟˋ-ㄅㄟˋ	蓓蓓	-7.17149945	acg
ㄌㄧㄢˊ-ㄏㄨㄚ-ㄊㄧㄠˇ-ㄓㄢˋ	蓮花挑戰	-6.60980192	acg
ㄇㄧㄝˋ-ㄕˋ-ㄕˊ-ㄉㄞˋ	蔑視時代	-6.60980192	acg
ㄇㄢˋ-ㄩㄝˋ-ㄇㄟˊ	蔓越梅	-7.04116568	acg
ㄕㄨ-ㄍㄨㄛˇ-ㄉㄧㄢˋ-ㄚ-ㄧˊ	蔬果店阿姨	-6.17843815	acg
ㄕㄨ-ㄘㄞˋ-ㄍㄨㄞˋ	蔬菜怪	-7.04116568	acg
ㄅㄧˋ-ㄇㄛˊ-ㄍㄤ-ㄉㄢˋ	蔽魔鋼彈	-6.60980192	acg
ㄒㄧㄠ-ㄧ-ㄎㄞˇ-ㄊㄜˋ	蕭伊凱特	-6.60980192	acg
ㄌㄟˇ-ㄧ-ㄒㄧ	蕾伊希	-7.04116568	acg
ㄌㄟˇ-ㄐㄧˊ-ㄋㄚˋ	蕾吉娜	-7.04116568	acg
ㄌㄟˇ-ㄇㄧ	蕾咪	-7.17149945	acg
ㄌㄟˇ-ㄋㄧˊ	蕾妮	-7.17149945	acg
ㄌㄟˇ-ㄣ	蕾恩	-7.17149945	acg
ㄌㄟˇ-ㄎㄜ-ㄧㄚˇ	蕾柯亞	-7.04116568	acg
ㄌㄟˇ-ㄡ-ㄋㄚˋ	蕾歐娜	-7.04116568	acg
ㄌㄟˇ-ㄆㄧˊ	蕾琵	-7.17149945	acg
ㄌㄟˇ-ㄊㄧˊ-ㄒㄧ-ㄧㄚˋ	蕾緹希婭	-6.60980192	acg
ㄌㄟˇ-ㄧㄣ	蕾茵	-7.17149945	acg
ㄌㄟˇ-ㄧㄣ-ㄋㄩˇ-ㄨㄤˊ	蕾茵女王	-6.60980192	acg
ㄌㄟˇ-ㄈㄟ-ㄧㄚˇ	蕾菲雅	-7.04116568	acg
ㄌㄟˇ-ㄉㄧˊ-ㄒㄧ-ㄧㄚˇ	蕾迪西雅	-6.60980192	acg
ㄅㄛˊ-ㄧㄥˇ-ㄗㄨˊ	薄影族	-7.04116568	acg
ㄨㄟˊ-ㄎㄜˇ-ㄙ	薇可絲	-7.04116568	acg
ㄨㄟˊ-ㄠˋ-ㄌㄧˊ-ㄊㄚˇ	薇奧麗塔	-6.60980192	acg
ㄨㄟˊ-ㄐㄧㄝˇ	薇姊	-7.17149945	acg
ㄨㄟˊ-ㄋㄚˋ	薇娜	-7.17149945	acg
ㄨㄟˊ-ㄆㄨˇ	薇普	-7.17149945	acg
ㄨㄟˊ-ㄍㄨㄛˇ	薇果	-7.17149945	acg
ㄨㄟˊ-ㄍㄜˊ-ㄋㄩˇ-ㄨㄤˊ	薇格女王	-6.60980192	acg
ㄨㄟˊ-ㄌㄧˋ-ㄅㄟˋ-ㄌㄧˋ	薇莉貝莉	-6.60980192	acg
ㄨㄟˊ-ㄨㄟˊ	薇薇	-7.17149945	acg
ㄨㄟˊ-ㄨㄟˊ-ㄡ	薇薇歐	-7.04116568	acg
ㄑㄧㄤˊ-ㄨㄟˊ-ㄒㄩㄝˊ-ㄩㄢˊ	薔薇學園	-6.60980192	acg
ㄑㄧㄤˊ-ㄨㄟˊ-ㄍㄤ-ㄉㄢˋ	薔薇鋼彈	-6.60980192	acg
ㄒㄩㄝ-ㄓㄚˊ-ㄦˇ	薛札爾	-7.04116568	acg
ㄒㄩㄝ-ㄌㄧㄣˊ-ㄉㄚˊ	薛琳達	-7.04116568	acg
ㄙㄚˋ-ㄏㄥ	薩亨	-7.17149945	acg
ㄙㄚˋ-ㄨˇ-ㄊㄜˋ	薩伍特	-7.04116568	acg
ㄙㄚˋ-ㄌㄨㄣˊ-ㄓ-ㄩㄢ	薩倫之淵	-6.60980192	acg
ㄙㄚˋ-ㄎㄜˋ-ㄐㄧㄚ-ㄋㄨㄥˊ	薩克加農	-6.60980192	acg
ㄙㄚˋ-ㄎㄜˋ-ㄧㄡ-ㄌㄧㄥˊ	薩克幽靈	-6.60980192	acg
ㄙㄚˋ-ㄎㄜˋ-ㄌㄢˊ	薩克蘭	-7.04116568	acg
ㄙㄚˋ-ㄎㄜˋ-ㄌㄟˊ	薩克雷	-7.04116568	acg
ㄙㄚˋ-ㄎㄜˋ-ㄌㄟˊ-ㄌㄨㄛˋ	薩克雷洛	-6.60980192	acg
ㄙㄚˋ-ㄎㄞˇ-ㄋㄚˋ	薩凱那	-7.04116568	acg
ㄙㄚˋ-ㄎㄚˇ-ㄌㄧˋ-ㄧㄚˇ	薩卡利亞	-6.60980192	acg
ㄙㄚˋ-ㄎㄚˇ-ㄌㄧˋ-ㄧㄚˇ-ㄓㄣˋ	薩卡利亞鎮	-6.17843815	acg
ㄙㄚˋ-ㄎㄚˇ-ㄒㄧㄥ	薩卡星	-7.04116568	acg
ㄙㄚˋ-ㄍㄨˇ	薩古	-7.17149945	acg
ㄙㄚˋ-ㄐㄧˊ	薩吉	-7.17149945	acg
ㄙㄚˋ-ㄏㄚ-ㄎㄜˋ	薩哈克	-7.04116568	acg
ㄙㄚˋ-ㄊㄚˇ	薩塔	-7.17149945	acg
ㄙㄚˋ-ㄇㄨˇ-ㄙ	薩姆斯	-7.04116568	acg
ㄙㄚˋ-ㄇㄨˇ-ㄓㄚˊ-ㄔㄚˊ	薩姆札查	-6.60980192	acg
ㄙㄚˋ-ㄇㄨˇ-ㄌㄧㄣˊ	薩姆林	-7.04116568	acg
ㄙㄚˋ-ㄅㄚ-ㄎㄨˋ-ㄅㄛˊ-ㄕˋ	薩巴酷博士	-6.17843815	acg
ㄙㄚˋ-ㄅㄨˋ	薩布	-7.17149945	acg
ㄙㄚˋ-ㄅㄨˋ-ㄋㄚˋ-ㄎㄜˋ	薩布那克	-6.60980192	acg
ㄙㄚˋ-ㄅㄨˋ-ㄌㄧˇ-ㄧㄝˊ	薩布里耶	-6.60980192	acg
ㄙㄚˋ-ㄌㄨˋ-ㄉㄜˊ	薩戮德	-7.04116568	acg
ㄙㄚˋ-ㄌㄚ-ㄇㄨˇ-ㄍㄨˇ-ㄕㄣˊ	薩拉姆骨神	-6.17843815	acg
ㄙㄚˋ-ㄌㄚ-ㄓㄚˊ	薩拉札	-7.04116568	acg
ㄙㄚˋ-ㄌㄚ-ㄇㄧˇ-ㄙ	薩拉米斯	-6.60980192	acg
ㄙㄚˋ-ㄌㄚ-ㄒㄩㄝˇ-ㄣ	薩拉雪恩	-6.60980192	acg
ㄙㄚˋ-ㄊㄧˊ	薩提	-7.17149945	acg
ㄙㄚˋ-ㄊㄧˊ-ㄙ-ㄌㄧˇ	薩提斯里	-6.60980192	acg
ㄙㄚˋ-ㄊㄧˊ-ㄨㄤ	薩提汪	-7.04116568	acg
ㄙㄚˋ-ㄊㄧˊ-ㄗ	薩提滋	-7.04116568	acg
ㄙㄚˋ-ㄉㄢˋ	薩旦	-7.17149945	acg
ㄙㄚˋ-ㄅㄧˇ	薩比	-7.17149945	acg
ㄙㄚˋ-ㄅㄧˇ-ㄋㄧˊ	薩比尼	-7.04116568	acg
ㄙㄚˋ-ㄨㄛˋ	薩沃	-7.17149945	acg
ㄙㄚˋ-ㄇㄢˇ-ㄕㄡˋ	薩滿獸	-7.04116568	acg
ㄙㄚˋ-ㄆㄢ-ㄊㄚˇ-ㄧㄣ	薩潘塔因	-6.60980192	acg
ㄙㄚˋ-ㄨ-ㄌㄨㄛˋ-ㄎㄜˋ	薩烏洛克	-6.60980192	acg
ㄙㄚˋ-ㄨ-ㄌㄨㄛˊ	薩烏羅	-7.04116568	acg
ㄙㄚˋ-ㄦˇ-ㄨㄚˇ	薩爾瓦	-7.04116568	acg
ㄙㄚˋ-ㄙㄜˋ-ㄌㄢˊ	薩瑟蘭	-7.04116568	acg
ㄙㄚˋ-ㄨㄚˇ-ㄌㄢˊ	薩瓦蘭	-7.04116568	acg
ㄙㄚˋ-ㄨㄟˊ-ㄙ	薩維斯	-7.04116568	acg
ㄙㄚˋ-ㄨㄟˊ-ㄌㄧˇ-ㄡ	薩維里歐	-6.60980192	acg
ㄙㄚˋ-ㄧㄝˊ-ㄦˇ-ㄚ-ㄅㄛ-ㄌㄨㄛˊ	薩耶爾阿波羅	-5.74707439	acg
ㄙㄚˋ-ㄘˊ	薩茨	-7.17149945	acg
ㄙㄚˋ-ㄋㄨㄛˋ-ㄙ	薩諾斯	-7.04116568	acg
ㄙㄚˋ-ㄅㄧㄣ-ㄋㄚˋ	薩賓娜	-7.04116568	acg
ㄙㄚˋ-ㄍㄤ	薩鋼	-7.17149945	acg
ㄙㄚˋ-ㄌㄨˇ-ㄍㄜ	薩魯哥	-7.04116568	acg
ㄙㄚˋ-ㄌㄨˇ-ㄈㄨ	薩魯夫	-7.04116568	acg
ㄙㄚˋ-ㄌㄨˇ-ㄉㄞˋ-ㄙ	薩魯戴斯	-6.60980192	acg
ㄒㄧㄣ-ㄑㄧˊ-ㄕㄢ-ㄒㄧㄠˇ-ㄏㄨㄚ	薪旗山小花	-6.17843815	acg
ㄕㄨˇ-ㄐㄧㄚˇ-ㄅㄠ-ㄏㄨㄢˋ	薯假包換	-6.60980192	acg
ㄒㄩㄣ-ㄍㄢˋ	薰幹	-7.17149945	acg
ㄒㄩㄣ-ㄕㄠ	薰梢	-7.17149945	acg
ㄒㄩㄣ-ㄒㄧㄤ-ㄏㄨㄚ-ㄉㄨㄛˇ-ㄌㄧㄣˇ-ㄖㄢˊ-ㄓㄢˋ-ㄈㄤˋ	薰香花朵凛然綻放	-5.74707439	acg
ㄌㄢˊ-ㄅㄛˊ-ㄊㄜˋ	藍伯特	-7.04116568	acg
ㄌㄢˊ-ㄅㄛˊ	藍博	-7.17149945	acg
ㄌㄢˊ-ㄩㄢˊ-ㄩˋ-ㄕㄨˋ	藍原裕樹	-6.60980192	acg
ㄌㄢˊ-ㄅㄠˇ-ㄅㄧˋ-ㄕㄚ-ㄐㄧˋ	藍寶必殺技	-6.17843815	acg
ㄌㄢˊ-ㄅㄠˇ-ㄕㄡˇ-ㄌㄧㄡˊ-ㄉㄢˋ	藍寶手榴彈	-6.17843815	acg
ㄌㄢˊ-ㄋㄧˊ	藍尼	-7.17149945	acg
ㄌㄢˊ-ㄆㄚˋ-ㄉㄜˊ	藍帕德	-7.04116568	acg
ㄌㄢˊ-ㄧㄥˇ	藍影	-7.17149945	acg
ㄌㄢˊ-ㄙ	藍斯	-7.17149945	acg
ㄌㄢˊ-ㄒㄧㄝ-ㄦˇ	藍歇爾	-7.04116568	acg
ㄌㄢˊ-ㄆㄛ	藍波	-7.17149945	acg
ㄌㄢˊ-ㄆㄛ-ㄑㄧㄡˊ	藍波球	-7.04116568	acg
ㄌㄢˊ-ㄆㄛ-ㄇㄛˊ-ㄕㄣˊ	藍波魔神	-6.60980192	acg
ㄌㄢˊ-ㄍㄤˇ-ㄏㄨˋ-ㄉㄨㄥˋ	藍港互動	-6.60980192	acg
ㄌㄢˊ-ㄗㄜˊ-ㄓㄣˋ	藍澤陣	-7.04116568	acg
ㄌㄢˊ-ㄧㄢˋ-ㄓㄢˋ-ㄏㄨㄣˊ	藍焰戰魂	-6.60980192	acg
ㄌㄢˊ-ㄓㄨㄚˇ-ㄐㄩˋ-ㄆㄠˋ	藍爪巨砲	-6.60980192	acg
ㄌㄢˊ-ㄧㄢˇ-ㄒㄧㄢ-ㄕㄥ	藍眼先生	-6.60980192	acg
ㄌㄢˊ-ㄨㄣˊ	藍紋	-7.17149945	acg
ㄌㄢˊ-ㄧˋ-ㄌㄟˊ-ㄊㄧㄥˊ	藍翼雷霆	-6.60980192	acg
ㄌㄢˊ-ㄙㄜˋ-ㄇㄧㄥˋ-ㄩㄣˋ	藍色命運	-6.60980192	acg
ㄌㄢˊ-ㄙㄜˋ-ㄜˋ-ㄌㄧㄥˊ	藍色惡靈	-6.60980192	acg
ㄌㄢˊ-ㄙㄜˋ-ㄖㄢˊ-ㄕㄠ-ㄕㄡˋ	藍色燃燒獸	-6.17843815	acg
ㄌㄢˊ-ㄙㄜˋ-ㄇㄟˊ-ㄍㄨㄟ-ㄈㄥ-ㄅㄠˋ	藍色玫瑰風暴	-5.74707439	acg
ㄌㄢˊ-ㄙㄜˋ-ㄐㄧㄡˋ-ㄕ	藍色鷲獅	-6.60980192	acg
ㄌㄢˊ-ㄞˋ-ㄙㄨ	藍艾蘇	-7.04116568	acg
ㄌㄢˊ-ㄑㄧㄤˊ-ㄨㄟˊ-ㄓ-ㄐㄧㄢˋ	藍薔薇之劍	-6.17843815	acg
ㄌㄢˊ-ㄒㄧㄝˇ-ㄨㄤˊ-ㄗˇ	藍血王子	-6.60980192	acg
ㄌㄢˊ-ㄇㄧˊ-ㄉㄠˇ	藍謎島	-7.04116568	acg
ㄌㄢˊ-ㄉㄠˋ-ㄦˇ	藍道爾	-7.04116568	acg
ㄌㄢˊ-ㄉㄚˊ-ㄑㄧㄠˊ	藍達喬	-7.04116568	acg
ㄌㄢˊ-ㄇㄛˋ-ㄈㄨ-ㄖㄣˊ	藍默夫人	-6.60980192	acg
ㄘㄤˊ-ㄓˇ-ㄕㄣˊ	藏紙神	-7.04116568	acg
ㄧˋ-ㄕㄨˋ-ㄊㄧㄢ-ㄘㄞˊ	藝術天才	-6.60980192	acg
ㄊㄥˊ-ㄋㄞˇ-ㄐㄧㄥˋ-ㄌㄧㄡˊ	藤乃靜留	-6.60980192	acg
ㄊㄥˊ-ㄐㄧㄥˇ-ㄑㄧ-ㄏㄞˇ	藤井七海	-6.60980192	acg
ㄊㄥˊ-ㄐㄧㄥˇ-ㄙ	藤井司	-7.04116568	acg
ㄊㄥˊ-ㄐㄧㄥˇ-ㄘㄠˇ-ㄆㄧㄥˊ	藤井草平	-6.60980192	acg
ㄊㄥˊ-ㄉㄞˋ-ㄨㄢˋ-ㄌㄧˇ	藤代萬里	-6.60980192	acg
ㄊㄥˊ-ㄩㄢˊ-ㄏㄨㄤˋ	藤原晃	-7.04116568	acg
ㄊㄥˊ-ㄩㄢˊ-ㄗㄨˇ-ㄏㄜˊ	藤原組合	-6.60980192	acg
ㄊㄥˊ-ㄩㄢˊ-ㄩˇ-ㄩㄝˋ	藤原羽月	-6.60980192	acg
ㄊㄥˊ-ㄩㄢˊ-ㄓㄠˋ	藤原肇	-7.04116568	acg
ㄊㄥˊ-ㄩㄢˊ-ㄌㄨㄥˊ-ㄓ-ㄐㄧㄝˋ	藤原龍之介	-6.17843815	acg
ㄊㄥˊ-ㄊㄤˊ-ㄧㄣˊ	藤堂吟	-7.04116568	acg
ㄊㄥˊ-ㄊㄤˊ-ㄒㄩㄢˊ	藤堂旋	-7.04116568	acg
ㄊㄥˊ-ㄊㄤˊ-ㄇㄟˇ-ㄕㄚ	藤堂美沙	-6.60980192	acg
ㄊㄥˊ-ㄐㄩ-ㄆㄥˊ	藤居朋	-7.04116568	acg
ㄊㄥˊ-ㄍㄤ-ㄌㄨㄥˊ-ㄉㄠˋ	藤岡隆道	-6.60980192	acg
ㄊㄥˊ-ㄉㄠˇ-ㄒㄧㄥˋ-ㄓㄨˋ	藤島幸助	-6.60980192	acg
ㄊㄥˊ-ㄇㄨˋ-ㄧㄡˊ-ㄗㄨㄛˋ	藤木遊作	-6.60980192	acg
ㄊㄥˊ-ㄅㄣˇ-ㄨˇ	藤本舞	-7.04116568	acg
ㄊㄥˊ-ㄅㄣˇ-ㄌㄧˇ-ㄋㄞˋ	藤本里奈	-6.60980192	acg
ㄊㄥˊ-ㄘㄨㄣ-ㄕㄥˇ-ㄨˊ	藤村省吾	-6.60980192	acg
ㄊㄥˊ-ㄆㄛ-ㄏㄨㄥˊ-ㄇㄧㄥˊ	藤波宏明	-6.60980192	acg
ㄊㄥˊ-ㄗㄜˊ-ㄏㄠˋ-ㄐㄧˋ	藤澤浩紀	-6.60980192	acg
ㄊㄥˊ-ㄊㄧㄢˊ-ㄧㄡ-ㄧ	藤田優衣	-6.60980192	acg
ㄊㄥˊ-ㄊㄧㄢˊ-ㄑㄧㄢˋ	藤田茜	-7.04116568	acg
ㄊㄥˊ-ㄋㄢˊ	藤男	-7.17149945	acg
ㄊㄥˊ-ㄐㄧㄢˋ-ㄌㄨˋ-ㄓㄠ-ㄌㄩˇ	藤見露召呂	-6.17843815	acg
ㄊㄥˊ-ㄍㄨˇ-ㄍㄨㄛˇ-ㄙㄨㄟˋ	藤谷果穗	-6.60980192	acg
ㄊㄥˊ-ㄐㄧ-ㄅㄨˋ-ㄦˋ-ㄒㄩㄥˊ	藤雞不二雄	-6.17843815	acg
ㄊㄥˊ-ㄐㄧ-ㄅㄨˊ-ㄦˋ-ㄒㄩㄥˊ	藤雞不二雄	-6.67843815	acg
ㄧㄠˋ-ㄕ-ㄙˋ-ㄎㄤ-ㄐㄧㄝˋ	藥師寺康介	-6.17843815	acg
ㄧㄠˋ-ㄕ-ㄕㄠˋ-ㄋㄩˇ-ㄉㄜ˙-ㄉㄨˊ-ㄩˇ	藥師少女的獨語	-5.74707439	acg
ㄧㄠˋ-ㄕㄨㄟˇ-ㄓˋ-ㄗㄨㄛˋ	藥水製作	-6.60980192	acg
ㄙㄨ-ㄊㄢˇ	蘇坦	-7.17149945	acg
ㄙㄨ-ㄓㄡ-ㄍㄨˇ-ㄔㄥˊ	蘇州古城	-6.60980192	acg
ㄙㄨ-ㄨㄣˋ	蘇汶	-7.17149945	acg
ㄙㄨ-ㄦˇ-ㄊㄜˋ	蘇爾特	-7.04116568	acg
ㄙㄨ-ㄖㄨㄟˋ-ㄇㄚˇ	蘇瑞瑪	-7.04116568	acg
ㄙㄨ-ㄨㄚˇ-ㄌㄨㄣˊ	蘇瓦倫	-7.04116568	acg
ㄙㄨ-ㄨㄚˇ-ㄦˇ	蘇瓦爾	-7.04116568	acg
ㄙㄨ-ㄎㄜ-ㄨㄟˊ-ㄧㄚˇ	蘇科維亞	-6.60980192	acg
ㄙㄨ-ㄌㄞˊ-ㄊㄚˇ	蘇萊塔	-7.04116568	acg
ㄙㄨ-ㄒㄧ	蘇西	-7.17149945	acg
ㄙㄨ-ㄋㄨㄛˋ-ㄆㄚˋ	蘇諾帕	-7.04116568	acg
ㄙㄨ-ㄙㄞˋ	蘇賽	-7.17149945	acg
ㄆㄧㄥˊ-ㄍㄨㄛˇ-ㄌㄞˊ-ㄍㄨㄛˋ-ㄐㄧㄝˊ	蘋果來過節	-6.17843815	acg
ㄆㄧㄥˊ-ㄍㄨㄛˇ-ㄐㄧㄚ-ㄦˊ	蘋果嘉兒	-6.60980192	acg
ㄆㄧㄥˊ-ㄍㄨㄛˇ-ㄐㄧㄚ-ㄉㄜ˙-ㄊㄨㄢˊ-ㄐㄩˋ	蘋果家的團聚	-5.74707439	acg
ㄆㄧㄥˊ-ㄍㄨㄛˇ-ㄏㄜˊ-ㄓㄢˋ	蘋果核戰	-6.60980192	acg
ㄆㄧㄥˊ-ㄍㄨㄛˇ-ㄉㄜ˙-ㄧㄡ-ㄔㄡˊ	蘋果的憂愁	-6.17843815	acg
ㄆㄧㄥˊ-ㄍㄨㄛˇ-ㄌㄧˊ-ㄌㄧˊ	蘋果麗麗	-6.60980192	acg
ㄆㄧㄣˊ-ㄍㄨㄛˇ-ㄌㄨㄥˊ	蘋裹龍	-7.04116568	acg
ㄇㄛˊ-ㄍㄨ-ㄉㄧˋ	蘑菇地	-7.04116568	acg
ㄌㄢˊ-ㄐㄧˊ-ㄌㄟˊ-ㄗ	蘭吉雷茲	-6.60980192	acg
ㄌㄢˊ-ㄐㄧˊ-ㄌㄟˊ-ㄗ-ㄓㄨ-ㄌㄧˊ-ㄧㄚˇ	蘭吉雷茲茱麗雅	-5.74707439	acg
ㄌㄢˊ-ㄑㄧˊ-ㄧㄚˇ	蘭奇亞	-7.04116568	acg
ㄌㄢˊ-ㄇㄨˇ-ㄎㄚˇ-ㄏㄢˊ	蘭姆卡韓	-6.60980192	acg
ㄌㄢˊ-ㄉㄠˇ	蘭島	-7.17149945	acg
ㄌㄢˊ-ㄅㄚ	蘭巴	-7.17149945	acg
ㄌㄢˊ-ㄉㄜˊ-ㄦˇ	蘭德爾	-7.04116568	acg
ㄌㄢˊ-ㄙ-ㄌㄨㄛˋ-ㄊㄜˋ-ㄑㄧˊ-ㄕˋ	蘭斯洛特騎士	-5.74707439	acg
ㄌㄢˊ-ㄈㄣ-ㄙㄜˋ-ㄦˇ	蘭芬瑟爾	-6.60980192	acg
ㄌㄢˊ-ㄗ-ㄏㄨㄚˊ-ㄙ	蘭茲華斯	-6.60980192	acg
ㄌㄢˊ-ㄈㄟ-ㄌㄧˋ	蘭菲莉	-7.04116568	acg
ㄌㄨㄛˊ-ㄌㄚ-ㄅㄟˋ-ㄌㄧˋ	蘿拉蓓莉	-6.60980192	acg
ㄌㄨㄛˊ-ㄌㄚ-ㄧ-ㄕㄥ	蘿拉醫生	-6.60980192	acg
ㄌㄨㄛˊ-ㄊㄜˋ	蘿特	-7.17149945	acg
ㄌㄨㄛˊ-ㄇㄚˇ-ㄌㄧˋ	蘿瑪莉	-7.04116568	acg
ㄌㄨㄛˊ-ㄇㄧˇ	蘿米	-7.17149945	acg
ㄌㄨㄛˊ-ㄙ-ㄓ-ㄧㄥˇ	蘿絲之影	-6.60980192	acg
ㄌㄨㄛˊ-ㄙ-ㄇㄚˇ-ㄌㄧˋ	蘿絲瑪莉	-6.60980192	acg
ㄌㄨㄛˊ-ㄕㄚ-ㄌㄧˋ-ㄧㄚˇ	蘿莎莉亞	-6.60980192	acg
ㄌㄨㄛˊ-ㄌㄟˇ-ㄊㄚˇ	蘿蕾塔	-7.04116568	acg
ㄌㄨㄛˊ-ㄒㄧ-ㄊㄚˇ	蘿西塔	-7.04116568	acg
ㄏㄨˇ-ㄒㄧㄠˋ-ㄨㄣˊ-ㄕㄣ	虎嘯紋身	-6.60980192	acg
ㄏㄨ-ㄓㄤˋ-ㄐㄧㄤ-ㄐㄧㄢ	虎杖將監	-6.60980192	acg
ㄏㄨ-ㄓㄤˋ-ㄧㄡ-ㄖㄣˊ	虎杖悠仁	-6.60980192	acg
ㄏㄨ-ㄕㄣˊ-ㄓㄢˋ-ㄕˋ	虎神戰士	-6.60980192	acg
ㄏㄨ-ㄑㄧㄢˊ-ㄌㄩㄝˋ-ㄉㄨㄛˊ-ㄓㄜˇ	虎鉗掠奪者	-6.17843815	acg
ㄏㄨ-ㄍㄡ-ㄓㄨㄥˋ	虎鉤眾	-7.04116568	acg
ㄏㄨ-ㄐㄧㄥ-ㄕㄡˋ	虎鯨獸	-7.04116568	acg
ㄔㄨˇ-ㄐㄩㄝˊ-ㄒㄧㄥˊ	處決型	-7.04116568	acg
ㄒㄩ-ㄎㄨㄥ-ㄌㄩㄝˋ-ㄕˊ-ㄓㄜˇ	虛空掠食者	-6.17843815	acg
ㄏㄨㄥˊ-ㄘㄞˇ-ㄌㄧㄡˋ-ㄏㄠˋ	虹彩六號	-6.60980192	acg
ㄏㄨㄥˊ-ㄌㄨㄥˊ-ㄨˇ	虹龍武	-7.04116568	acg
ㄨㄣˊ-ㄒㄧㄤ-ㄩㄥˇ-ㄕˋ	蚊香泳士	-6.60980192	acg
ㄕㄜˊ-ㄓ-ㄇㄨˋ-ㄏㄨㄟˋ-ㄌㄧˊ-ㄒㄧㄤ	蛇之目惠梨香	-5.74707439	acg
ㄕㄜˊ-ㄐㄧ-ㄓ-ㄨㄣˇ	蛇姬之吻	-6.60980192	acg
ㄕㄜˊ-ㄨㄟˇ-ㄨㄢˊ	蛇尾丸	-7.04116568	acg
ㄕㄜˊ-ㄅㄥ-ㄋㄞˇ-ㄧㄣ	蛇崩乃音	-6.60980192	acg
ㄕㄜˊ-ㄒㄧㄥˊ-ㄗㄨˊ	蛇形族	-7.04116568	acg
ㄕㄜˊ-ㄧㄥ-ㄒㄩㄥˊ	蛇英雄	-7.04116568	acg
ㄕㄜˊ-ㄒㄧㄝ-ㄕㄜˋ	蛇蠍社	-7.04116568	acg
ㄕㄜˊ-ㄐㄧ-ㄕㄡˋ	蛇雞獸	-7.04116568	acg
ㄕㄜˊ-ㄐㄧㄥˇ-ㄌㄨㄥˊ-ㄒㄧㄥˊ	蛇頸龍型	-6.60980192	acg
ㄕㄜˊ-ㄈㄚˇ-ㄇㄛˊ-ㄋㄩˇ-ㄙㄢ-ㄐㄧㄝˇ-ㄇㄟˋ	蛇髮魔女三姐妹	-5.74707439	acg
ㄕㄜˊ-ㄇㄛˊ-ㄗㄞˋ-ㄌㄧㄣˊ	蛇魔再臨	-6.60980192	acg
ㄉㄢˋ-ㄍㄠ-ㄅㄠˇ-ㄅㄠˇ	蛋糕寶寶	-6.60980192	acg
ㄉㄢˋ-ㄉㄢˋ-ㄕㄡˋ	蛋蛋獸	-7.04116568	acg
ㄉㄢˋ-ㄊㄡˊ	蛋頭	-7.17149945	acg
ㄉㄢˋ-ㄊㄡˊ-ㄅㄛˊ-ㄕˋ	蛋頭博士	-6.60980192	acg
ㄓㄨ-ㄇㄛˊ-ㄩㄝˋ	蛛魔月	-7.04116568	acg
ㄓˋ-ㄔㄨㄢ-ㄇㄧㄠˋ-ㄗˇ	蛭川妙子	-6.60980192	acg
ㄓˋ-ㄔㄨㄢ-ㄧㄚˇ-ㄇㄟˇ	蛭川雅美	-6.60980192	acg
ㄜˊ-ㄊㄧㄢ-ㄨㄢˊ	蛾天丸	-7.04116568	acg
ㄜˊ-ㄩˋ-ㄑㄧㄢˊ	蛾御前	-7.04116568	acg
ㄜˊ-ㄌㄨㄛˊ-ㄨㄢˊ	蛾羅丸	-7.04116568	acg
ㄈㄥ-ㄇㄧˋ-ㄒㄧㄥˋ-ㄩㄣˋ-ㄘㄠˇ	蜂蜜幸運草	-6.17843815	acg
ㄈㄥ-ㄇㄧˋ-ㄆㄞˋ	蜂蜜派	-7.04116568	acg
ㄓ-ㄓㄨ-ㄖㄣˊ-ㄐㄧㄥ-ㄑㄧˊ-ㄗㄞˋ-ㄑㄧˇ-ㄒㄧˋ-ㄌㄧㄝˋ	蜘蛛人驚奇再起系列	-5.74707439	acg
ㄓ-ㄓㄨ-ㄕㄡˋ	蜘蛛獸	-7.04116568	acg
ㄓ-ㄓㄨ-ㄍㄠ-ㄊㄚˇ	蜘蛛高塔	-6.60980192	acg
ㄇㄧˋ-ㄋㄚˋ	蜜娜	-7.17149945	acg
ㄇㄧˋ-ㄉㄜˊ-ㄖㄨㄟˇ	蜜德蕊	-7.04116568	acg
ㄇㄧˋ-ㄌㄚ	蜜拉	-7.17149945	acg
ㄇㄧˋ-ㄑㄧˊ	蜜琪	-7.17149945	acg
ㄇㄧˋ-ㄖㄨㄟˋ	蜜瑞	-7.17149945	acg
ㄇㄧˋ-ㄌㄟˇ-ㄋㄚˋ	蜜蕾娜	-7.04116568	acg
ㄇㄧˋ-ㄌㄟˇ-ㄙ	蜜蕾絲	-7.04116568	acg
ㄇㄧˋ-ㄨㄟˊ	蜜薇	-7.17149945	acg
ㄇㄧˋ-ㄆㄧㄥˊ-ㄍㄨㄛˇ-ㄩㄢˊ	蜜蘋果園	-6.60980192	acg
ㄇㄧˋ-ㄈㄥ-ㄕㄡˋ	蜜蜂獸	-7.04116568	acg
ㄇㄧˋ-ㄧㄚˇ	蜜雅	-7.17149945	acg
ㄑㄩㄢˊ-ㄔㄨㄢ-ㄒㄧㄣ-ㄧㄡˋ-ㄨㄟˋ-ㄇㄣˊ	蜷川新右衛門	-5.74707439	acg
ㄅㄧㄢ-ㄈㄨˊ-ㄒㄧㄚˊ-ㄉㄚˋ-ㄓㄢˋ-ㄖㄣˇ-ㄓㄜˇ-ㄍㄨㄟ	蝙蝠俠大戰忍者龜	-5.74707439	acg
ㄅㄧㄢ-ㄈㄨˊ-ㄒㄧㄚˊ-ㄉㄚˋ-ㄓㄢˋ-ㄐㄧˊ-ㄉㄨㄥˋ-ㄖㄣˊ	蝙蝠俠大戰急凍人	-5.74707439	acg
ㄅㄧㄢ-ㄈㄨˊ-ㄒㄧㄚˊ-ㄉㄚˋ-ㄒㄧㄢˇ-ㄕㄣˊ-ㄨㄟ	蝙蝠俠大顯神威	-5.74707439	acg
ㄅㄧㄢ-ㄈㄨˊ-ㄋㄩˇ-ㄏㄞˊ	蝙蝠女孩	-6.60980192	acg
ㄅㄧㄢ-ㄈㄨˊ-ㄐㄧ-ㄔㄜ	蝙蝠機車	-6.60980192	acg
ㄈㄨˊ-ㄈㄣˋ-ㄕㄡˋ	蝠鱝獸	-7.04116568	acg
ㄏㄚˊ-ㄏㄚˊ	蝦蝦	-7.17149945	acg
ㄏㄚˊ-ㄅㄚˋ	蝦霸	-7.17149945	acg
ㄏㄚˊ-ㄌㄨㄥˊ-ㄕㄡˋ	蝦龍獸	-7.04116568	acg
ㄉㄧㄝˊ-ㄨˇ-ㄧㄥ-ㄍㄜ	蝶舞鶯歌	-6.60980192	acg
ㄉㄧㄝˊ-ㄧㄝˇ-ㄧㄚˇ-ㄇㄟˇ	蝶野亞美	-6.60980192	acg
ㄉㄧㄝˊ-ㄧㄝˇ-ㄑㄧㄥˊ-ㄇㄟˇ	蝶野晴美	-6.60980192	acg
ㄍㄨㄚ-ㄋㄧㄡˊ-ㄙㄞˋ-ㄆㄠˇ	蝸牛賽跑	-6.60980192	acg
ㄍㄨㄚ-ㄍㄨㄚ	蝸蝸	-7.17149945	acg
ㄖㄨㄥˊ-ㄏㄜˊ-ㄐㄧㄣˋ-ㄏㄨㄚˋ	融合進化	-6.60980192	acg
ㄇㄚˇ-ㄧˇ-ㄑㄧˊ-ㄅㄧㄥ	螞蟻騎兵	-6.60980192	acg
ㄧㄥˊ-ㄍㄨㄤ-ㄕˊ	螢光石	-7.04116568	acg
ㄧㄥˊ-ㄇㄨˋ-ㄐㄧㄝˊ-ㄑㄩˇ	螢幕擷取	-6.60980192	acg
ㄧㄥˊ-ㄇㄨˋ-ㄇㄛˊ-ㄖㄣˊ	螢幕魔人	-6.60980192	acg
ㄧㄥˊ-ㄏㄨㄛˇ-ㄔㄨㄥˊ-ㄗㄞˋ-ㄇㄢˋ-ㄏㄨㄚˋ-ㄓㄨㄥ-ㄨㄟˊ-ㄋㄢˊ-ㄒㄧㄥˋ	螢火蟲在漫畫中為男性	-5.74707439	acg
ㄊㄤˊ-ㄌㄤˊ-ㄖㄣˊ	螳螂人	-7.04116568	acg
ㄊㄤˊ-ㄌㄤˊ-ㄕㄡˋ	螳螂獸	-7.04116568	acg
ㄊㄤˊ-ㄌㄤˊ-ㄏㄨㄤ-ㄩㄢˊ	螳螂荒原	-6.60980192	acg
ㄌㄨㄛˊ-ㄒㄩㄢˊ-ㄨㄢˊ	螺旋丸	-7.04116568	acg
ㄌㄨㄛˊ-ㄒㄩㄢˊ-ㄌㄨㄢˋ-ㄨㄢˊ	螺旋亂丸	-6.60980192	acg
ㄌㄨㄛˊ-ㄒㄩㄢˊ-ㄒㄧ-ㄨㄢˊ	螺旋吸丸	-6.60980192	acg
ㄌㄨㄛˊ-ㄒㄩㄢˊ-ㄧㄠˇ	螺旋咬	-7.04116568	acg
ㄌㄨㄛˊ-ㄒㄩㄢˊ-ㄉㄨㄛ-ㄌㄧㄢˊ-ㄨㄢˊ	螺旋多連丸	-6.17843815	acg
ㄌㄨㄛˊ-ㄒㄩㄢˊ-ㄕㄡˇ-ㄌㄧˇ-ㄐㄧㄢˋ	螺旋手裡劍	-6.17843815	acg
ㄌㄨㄛˊ-ㄒㄩㄢˊ-ㄇㄛˊ-ㄐㄧㄝˊ	螺旋摩羯	-6.60980192	acg
ㄌㄨㄛˊ-ㄒㄩㄢˊ-ㄧㄚˊ	螺旋牙	-7.04116568	acg
ㄌㄨㄛˊ-ㄒㄩㄢˊ-ㄈㄣˇ-ㄙㄨㄟˋ-ㄈㄟ-ㄑㄩㄢˊ	螺旋粉碎飛拳	-5.74707439	acg
ㄌㄨㄛˊ-ㄒㄩㄢˊ-ㄔㄠ-ㄉㄨㄛ-ㄌㄧㄢˊ-ㄨㄢˊ	螺旋超多連丸	-5.74707439	acg
ㄌㄨㄛˊ-ㄒㄩㄢˊ-ㄌㄨㄣˊ-ㄩˊ	螺旋輪虞	-6.60980192	acg
ㄌㄨㄛˊ-ㄒㄩㄢˊ-ㄌㄧㄢˊ-ㄨㄢˊ	螺旋連丸	-6.60980192	acg
ㄌㄨㄛˊ-ㄒㄩㄢˊ-ㄐㄧㄣ-ㄍㄤ-ㄈㄟ-ㄑㄩㄢˊ	螺旋金剛飛拳	-5.74707439	acg
ㄌㄨㄛˊ-ㄕㄨㄢ-ㄕㄡˋ	螺栓獸	-7.04116568	acg
ㄌㄨㄛˊ-ㄇㄣˊ	螺門	-7.17149945	acg
ㄇㄚˊ-ㄐㄩㄣˋ-ㄎㄜ	蟇郡苛	-7.04116568	acg
ㄓㄤ-ㄌㄤˊ-ㄈㄢˊ-ㄓˊ-ㄔㄤˇ	蟑螂繁殖場	-6.17843815	acg
ㄇㄤˇ-ㄊㄞˋ-ㄈㄨ	蟒太夫	-7.04116568	acg
ㄇㄤˇ-ㄘㄠˇ-ㄊㄧㄢˊ-ㄋㄢˊ	蟒草田男	-6.60980192	acg
ㄔㄨㄥˊ-ㄒㄧㄣ-ㄐㄩㄝˊ-ㄑㄧˇ	蟲心崛起	-6.60980192	acg
ㄔㄨㄥˊ-ㄓˊ-ㄉㄧˋ-ㄨㄤˇ	蟲殖地網	-6.60980192	acg
ㄔㄨㄥˊ-ㄑㄩㄣˊ-ㄔㄨㄥˊ-ㄏㄡˋ	蟲群蟲后	-6.60980192	acg
ㄔㄨㄥˊ-ㄘㄤˊ	蟲藏	-7.17149945	acg
ㄒㄧㄝˋ-ㄅㄠˇ-ㄊㄜˋ-ㄒㄩㄣˋ	蟹堡特訓	-6.60980192	acg
ㄒㄧㄝˋ-ㄌㄠˇ-ㄅㄢˇ-ㄉㄜ˙-ㄞˋ	蟹老闆的愛	-6.17843815	acg
ㄧˇ-ㄖㄣˊ	蟻人	-7.17149945	acg
ㄧˇ-ㄖㄣˊ-ㄩˇ-ㄏㄨㄤˊ-ㄈㄥ-ㄋㄩˇ	蟻人與黃蜂女	-5.74707439	acg
ㄒㄧㄝ-ㄕ-ㄕㄡˋ	蠍獅獸	-7.04116568	acg
ㄖㄨˊ-ㄔㄨㄥˊ-ㄕㄡˋ	蠕蟲獸	-7.04116568	acg
ㄌㄚˋ-ㄓㄨˊ-ㄕㄡˋ	蠟燭獸	-7.04116568	acg
ㄇㄢˊ-ㄅㄧㄥ	蠻兵	-7.17149945	acg
ㄇㄢˊ-ㄋㄧㄡˊ-ㄐㄩˊ-ㄓㄤˇ	蠻牛局長	-6.60980192	acg
ㄇㄢˊ-ㄋㄧㄡˊ-ㄋㄧㄡˊ-ㄉㄠˇ	蠻牛牛島	-6.60980192	acg
ㄇㄢˊ-ㄋㄧㄡˊ-ㄕㄡˋ	蠻牛獸	-7.04116568	acg
ㄇㄢˊ-ㄕㄡˋ-ㄆㄞˋ	蠻獸派	-7.04116568	acg
ㄇㄢˊ-ㄏㄨㄤ-ㄕㄨㄟˇ-ㄅㄚˋ	蠻荒水壩	-6.60980192	acg
ㄒㄧㄝˇ-ㄓ-ㄧㄥ-ㄒㄩㄥˊ	血之英雄	-6.60980192	acg
ㄒㄧㄝˇ-ㄒㄧㄥˋ-ㄕˋ-ㄈㄤˇ	血性噬放	-6.60980192	acg
ㄒㄧㄝˇ-ㄒㄧㄥˋ-ㄅㄠˋ-ㄗㄡˇ	血性暴走	-6.60980192	acg
ㄒㄧㄝˇ-ㄒㄧㄥˋ-ㄕˋ-ㄈㄤˋ	血性釋放	-6.60980192	acg
ㄒㄧㄝˇ-ㄩㄝˋ-ㄌㄧㄝˋ-ㄕㄚ	血月獵殺	-6.60980192	acg
ㄒㄧㄝˇ-ㄏㄜˊ-ㄔㄜ	血河車	-7.04116568	acg
ㄒㄧㄝˇ-ㄈㄚˇ-ㄕ	血法師	-7.04116568	acg
ㄒㄧㄝˇ-ㄐㄧㄢˋ-ㄧㄚˇ-ㄎㄜˋ-ㄏㄢˋ	血濺亞克漢	-6.17843815	acg
ㄒㄧㄝˇ-ㄖㄨㄥˊ-ㄌㄨˊ	血熔爐	-7.04116568	acg
ㄒㄧㄝˇ-ㄏㄨㄥˊ-ㄓ-ㄕㄨㄟˇ	血紅之水	-6.60980192	acg
ㄒㄧㄝˇ-ㄏㄨㄥˊ-ㄓ-ㄕˊ	血紅之石	-6.60980192	acg
ㄒㄧㄝˇ-ㄏㄨㄥˊ-ㄨㄟˊ-ㄦˇ	血紅維爾	-6.60980192	acg
ㄒㄧㄝˇ-ㄖㄡˋ-ㄉㄨㄛˋ-ㄑㄧㄝ-ㄓㄜˇ	血肉剁切者	-6.17843815	acg
ㄒㄧㄝˇ-ㄒㄧㄥ-ㄑㄧㄥˊ-ㄖㄣˊ-ㄐㄧㄝˊ	血腥情人節	-6.17843815	acg
ㄒㄧㄝˇ-ㄩˇ-ㄖㄨㄥˊ-ㄩˋ-ㄉㄜ˙-ㄕㄥˋ-ㄓㄢˋ	血與榮譽的聖戰	-5.74707439	acg
ㄒㄧㄝˇ-ㄙㄜˋ-ㄉㄢ-ㄋㄚˋ	血色丹娜	-6.60980192	acg
ㄒㄧㄝˇ-ㄙㄜˋ-ㄏㄞˇ-ㄨㄢ	血色海灣	-6.60980192	acg
ㄒㄧㄝˇ-ㄙㄜˋ-ㄑㄧㄢˊ-ㄒㄧㄥˊ-ㄓㄜˇ	血色潛行者	-6.17843815	acg
ㄒㄧㄝˇ-ㄙㄜˋ-ㄌㄧㄥˇ-ㄑㄩ	血色領區	-6.60980192	acg
ㄒㄧㄝˇ-ㄨㄟˋ	血衛	-7.17149945	acg
ㄒㄧㄝˇ-ㄇㄛˊ-ㄔㄨㄢˊ-ㄑㄧˊ	血魔傳奇	-6.60980192	acg
ㄒㄧㄝˇ-ㄇㄛˊ-ㄐㄧㄚˇ	血魔甲	-7.04116568	acg
ㄒㄧㄥˊ-ㄒㄧㄥˊ-ㄕˋ	行刑式	-7.04116568	acg
ㄒㄧㄥˊ-ㄒㄧㄥˊ-ㄕˋ-ㄎㄞˇ-ㄌㄞˊ-ㄦˇ	行刑式凱萊爾	-5.74707439	acg
ㄒㄧㄥˊ-ㄉㄨㄥˋ-ㄔㄨㄢˊ-ㄑㄧˊ	行動傳奇	-6.60980192	acg
ㄒㄧㄥˊ-ㄉㄨㄥˋ-ㄎㄚˇ	行動卡	-7.04116568	acg
ㄒㄧㄥˊ-ㄉㄨㄥˋ-ㄆㄧㄥˊ-ㄊㄞˊ	行動平台	-6.60980192	acg
ㄒㄧㄥˊ-ㄉㄨㄥˋ-ㄧㄥˋ-ㄩㄥˋ	行動應用	-6.60980192	acg
ㄒㄧㄥˊ-ㄉㄨㄥˋ-ㄅㄢˇ	行動版	-7.04116568	acg
ㄒㄧㄥˊ-ㄉㄨㄥˋ-ㄔㄢˇ-ㄆㄧㄣˇ	行動產品	-6.60980192	acg
ㄒㄧㄥˊ-ㄉㄨㄥˋ-ㄕㄜˋ-ㄐㄧㄠ	行動社交	-6.60980192	acg
ㄒㄧㄥˊ-ㄉㄨㄥˋ-ㄉㄨㄢ	行動端	-7.04116568	acg
ㄒㄧㄥˊ-ㄉㄨㄥˋ-ㄓㄨㄥ-ㄉㄨㄢ	行動終端	-6.60980192	acg
ㄒㄧㄥˊ-ㄉㄨㄥˋ-ㄖㄨㄢˇ-ㄊㄧˇ	行動軟體	-6.60980192	acg
ㄒㄧㄥˊ-ㄉㄨㄥˋ-ㄧㄡˊ-ㄒㄧˋ	行動遊戲	-6.60980192	acg
ㄒㄧㄥˊ-ㄉㄨㄥˋ-ㄅㄨˋ-ㄇㄣˊ	行動部門	-6.60980192	acg
ㄒㄧㄥˊ-ㄒㄧㄥ-ㄊㄨㄣ-ㄕˋ-ㄓㄜˇ	行星吞噬者	-6.17843815	acg
ㄒㄧㄥˊ-ㄒㄧㄥ-ㄈㄨˋ-ㄇㄛˊ	行星覆膜	-6.60980192	acg
ㄒㄧㄥˊ-ㄐㄧㄣˋ-ㄉㄜ˙-ㄧˋ-ㄐㄩㄣ	行進的疫軍	-6.17843815	acg
ㄐㄧㄝ-ㄨㄢˊ	街頑	-7.17149945	acg
ㄐㄧㄝ-ㄊㄡˊ-ㄍㄨㄥ-ㄧㄢˇ	街頭公演	-6.60980192	acg
ㄐㄧㄝ-ㄊㄡˊ-ㄎㄨㄞˋ-ㄉㄚˇ	街頭快打	-6.60980192	acg
ㄨㄟˋ-ㄙ-ㄐㄧ-ㄑㄧˋ-ㄖㄣˊ	衛司機器人	-6.17843815	acg
ㄨㄟˋ-ㄍㄨㄥ-ㄑㄧㄝ-ㄙˋ	衛宮切嗣	-6.60980192	acg
ㄨㄟˋ-ㄍㄨㄥ-ㄕˋ-ㄌㄤˊ	衛宮士郎	-6.60980192	acg
ㄨㄟˋ-ㄍㄨㄥ-ㄐㄧㄚ-ㄐㄧㄣ-ㄊㄧㄢ-ㄉㄜ˙-ㄘㄢ-ㄓㄨㄛ-ㄈㄥ-ㄐㄧㄥˇ	衛宮家今天的餐桌風景	-5.74707439	acg
ㄨㄟˋ-ㄙ	衛斯	-7.17149945	acg
ㄨㄟˋ-ㄙ-ㄇㄚˇ-ㄑㄩ	衛斯馬屈	-6.60980192	acg
ㄨㄟˋ-ㄒㄧㄥ-ㄕㄡˋ	衛星獸	-7.04116568	acg
ㄨㄟˋ-ㄨㄤˇ-ㄐㄧㄢ-ㄌㄧˇ	衛網監理	-6.60980192	acg
ㄨㄟˋ-ㄊㄥˊ-ㄇㄟˇ-ㄕㄚ-ㄒㄧ	衛藤美紗希	-6.17843815	acg
ㄨㄟˋ-ㄇㄣˊ-ㄏㄢˋ-ㄈㄨ	衛門和夫	-6.60980192	acg
ㄔㄨㄥ-ㄐㄧˊ-ㄨㄤˊ	衝擊王	-7.04116568	acg
ㄔㄨㄥ-ㄐㄧˊ-ㄉㄜ˙-ㄨㄟˇ-ㄅㄚ˙-ㄊㄨㄢˊ	衝擊的尾巴團	-5.74707439	acg
ㄔㄨㄥ-ㄈㄥ-ㄙˋ-ㄑㄩ-ㄌㄤˊ	衝鋒四驅郎	-6.17843815	acg
ㄔㄨㄥ-ㄈㄥ-ㄓㄢˋ-ㄕㄣˊ	衝鋒戰神	-6.60980192	acg
ㄔㄨㄥ-ㄈㄥ-ㄑㄧㄤ-ㄕㄜˋ-ㄐㄧˋ-ㄊㄨˊ	衝鋒槍設計圖	-5.74707439	acg
ㄔㄨㄥ-ㄈㄥ-ㄑㄧㄤ-ㄌㄟˋ	衝鋒槍類	-6.60980192	acg
ㄔㄨㄥ-ㄈㄥ-ㄇㄛˊ-ㄕˋ	衝鋒模式	-6.60980192	acg
ㄔㄨㄥ-ㄈㄥ-ㄧㄚ	衝鋒鴨	-7.04116568	acg
ㄧ-ㄈㄨ-ㄖㄣˊ	衣夫人	-7.04116568	acg
ㄧ-ㄍㄨㄟˋ-ㄕㄣˇ-ㄕㄣ˙	衣櫃嬸嬸	-6.60980192	acg
ㄅㄧㄠˇ-ㄧㄢˇ-ㄓㄨㄥ-ㄐㄧㄝˊ-ㄓㄜˇ	表演終結者	-6.17843815	acg
ㄅㄧㄠˇ-ㄌㄧˇ-ㄉㄜˊ-ㄓ-ㄓㄨˋ	表裏德之助	-6.17843815	acg
ㄉㄞˋ-ㄌㄤˊ-ㄉㄚˋ-ㄐㄧㄣˋ-ㄐㄧˊ	袋狼大進擊	-6.17843815	acg
ㄉㄞˋ-ㄊㄧㄢˊ-ㄌㄨㄥˊ-ㄓˋ	袋田隆治	-6.60980192	acg
ㄒㄧㄡˋ-ㄓㄣ-ㄍㄨˇ-ㄌㄜˋ-ㄕㄡˋ	袖珍古樂獸	-6.17843815	acg
ㄒㄧㄡˋ-ㄓㄣ-ㄕㄨˋ-ㄇㄚˇ-ㄅㄠˇ-ㄅㄟˋ	袖珍數碼寶貝	-5.74707439	acg
ㄒㄧㄡˋ-ㄅㄞˊ-ㄒㄩㄝˇ	袖白雪	-7.04116568	acg
ㄅㄟˋ-ㄆㄛˋ-ㄏㄨㄞˋ-ㄉㄜ˙-ㄉㄧㄢˋ-ㄘˊ-ㄓㄨㄤ-ㄓˋ	被破壞的電磁裝置	-5.74707439	acg
ㄅㄟˋ-ㄒㄩㄢˇ-ㄓㄠ	被選召	-7.04116568	acg
ㄅㄟˋ-ㄒㄩㄢˇ-ㄓㄠ-ㄉㄜ˙-ㄏㄞˊ-ㄗ˙-ㄇㄣˊ	被選召的孩子們	-5.74707439	acg
ㄘㄞˊ-ㄒㄧㄡˋ-ㄈㄤˇ-ㄨㄟˋ-ㄐㄧ-ㄍㄨㄢ	裁繡紡衛機關	-5.74707439	acg
ㄌㄧㄝˋ-ㄉㄧˋ-ㄏㄨ-ㄆㄠˋ	裂地虎砲	-6.60980192	acg
ㄌㄧㄝˋ-ㄆㄛˋ-ㄕㄡˋ	裂破獸	-7.04116568	acg
ㄌㄧㄝˋ-ㄌㄟˊ	裂雷	-7.17149945	acg
ㄌㄧˇ-ㄧㄝˋ	裏葉	-7.17149945	acg
ㄑㄧㄡˊ-ㄋㄧˊ	裘尼	-7.17149945	acg
ㄑㄧㄡˊ-ㄌㄚ-ㄙ-ㄊㄚˇ	裘拉斯塔	-6.60980192	acg
ㄑㄧㄡˊ-ㄙ	裘斯	-7.17149945	acg
ㄑㄧㄡˊ-ㄅㄧˇ	裘比	-7.17149945	acg
ㄑㄧㄡˊ-ㄦˇ	裘爾	-7.17149945	acg
ㄑㄧㄡˊ-ㄋㄚˋ	裘納	-7.17149945	acg
ㄑㄧㄡˊ-ㄉㄧˊ-ㄌㄨˇ-ㄐㄧㄣ	裘迪魯金	-6.60980192	acg
ㄑㄧㄡˊ-ㄌㄧˇ-ㄠˋ	裘里奧	-7.04116568	acg
ㄅㄨˇ-ㄐㄧˇ-ㄒㄧㄤ	補給箱	-7.04116568	acg
ㄅㄨˇ-ㄎㄜˋ-ㄅㄨˋ	補課部	-7.04116568	acg
ㄓㄨㄤ-ㄉㄚˋ-ㄖㄣˊ-ㄉㄡˋ-ㄑㄩㄢˇ	裝大人鬥犬	-6.17843815	acg
ㄓㄨㄤ-ㄐㄧㄚˇ-ㄐㄧㄣˋ-ㄏㄨㄚˋ	裝甲進化	-6.60980192	acg
ㄓㄨㄤ-ㄐㄧㄚˇ-ㄊㄧˇ	裝甲體	-7.04116568	acg
ㄓㄨㄤ-ㄗㄞˋ-ㄕ-ㄗ˙-ㄕㄡˋ	裝載獅子獸	-6.17843815	acg
ㄓㄨㄤ-ㄗㄞˋ-ㄩㄣˋ-ㄕㄨ-ㄐㄧ	裝載運輸機	-6.17843815	acg
ㄓˋ-ㄗㄨㄛˋ-ㄐㄧㄚ	製作家	-7.04116568	acg
ㄓˋ-ㄗㄨㄛˋ-ㄊㄨㄟ-ㄐㄧㄣˋ-ㄑㄧˋ	製作推進器	-6.17843815	acg
ㄓˋ-ㄗㄨㄛˋ-ㄍㄨㄥ-ㄐㄧˊ	製作攻擊	-6.60980192	acg
ㄓˋ-ㄗㄨㄛˋ-ㄨˇ-ㄑㄧˋ	製作武器	-6.60980192	acg
ㄓˋ-ㄗㄨㄛˋ-ㄖㄢˊ-ㄕㄠ-ㄍㄤ-ㄉㄢˋ	製作燃燒鋼彈	-5.74707439	acg
ㄓˋ-ㄗㄨㄛˋ-ㄍㄤ-ㄉㄢˋ	製作鋼彈	-6.60980192	acg
ㄓˋ-ㄗㄨㄛˋ-ㄊㄧㄝˇ-ㄑㄩㄢˊ	製作鐵拳	-6.60980192	acg
ㄈㄨˋ-ㄓˋ	複制	-7.17149945	acg
ㄈㄨˋ-ㄓˋ-ㄖㄣˊ-ㄐㄧˋ-ㄕㄨˋ	複製人技術	-6.17843815	acg
ㄈㄨˋ-ㄓˋ-ㄇㄛˊ-ㄗㄨˇ	複製模組	-6.60980192	acg
ㄈㄨˋ-ㄓˋ-ㄊㄧㄝ-ㄕㄤˋ-ㄕㄡˋ	複製貼上獸	-6.17843815	acg
ㄎㄨˋ-ㄎㄨˋ-ㄅㄠˇ	褲褲寶	-7.04116568	acg
ㄐㄧㄣ-ㄒㄧ-ㄕㄡˋ	襟蜥獸	-7.04116568	acg
ㄒㄧ-ㄓㄨˋ-ㄓˋ-ㄙㄨㄟˋ	西住志穗	-6.60980192	acg
ㄒㄧ-ㄓㄨˋ-ㄓㄣ-ㄙㄨㄟˋ	西住真穗	-6.60980192	acg
ㄒㄧ-ㄓㄨˋ-ㄇㄟˇ-ㄙㄨㄟˋ	西住美穗	-6.60980192	acg
ㄒㄧ-ㄎㄞˇ-ㄚ-ㄦˇ-ㄨㄤˊ-ㄍㄨㄛˊ	西凱阿爾王國	-5.74707439	acg
ㄒㄧ-ㄩㄢˊ-ㄅㄚ-ㄕˊ-ㄗˇ	西原八十子	-6.17843815	acg
ㄒㄧ-ㄩㄢˊ-ㄙˋ-ㄑㄧㄣˊ-ㄍㄜ	西園寺琴歌	-6.17843815	acg
ㄒㄧ-ㄩㄢˊ-ㄙˋ-ㄐㄧㄚˊ-ㄧ	西園寺莢一	-6.17843815	acg
ㄒㄧ-ㄩㄢˊ-ㄇㄟˇ-ㄩˊ	西園美魚	-6.60980192	acg
ㄒㄧ-ㄩㄢˊ-ㄇㄟˇ-ㄋㄧㄠˇ	西園美鳥	-6.60980192	acg
ㄒㄧ-ㄔㄥˊ-ㄐㄧㄡˇ-ㄌㄧㄡˊ-ㄕˊ	西城久留實	-6.17843815	acg
ㄒㄧ-ㄩˋ-ㄐㄧㄣˋ-ㄉㄧˋ	西域禁地	-6.60980192	acg
ㄒㄧ-ㄊㄤˊ-ㄖㄨㄥˊ-ㄐㄧˊ-ㄌㄤˊ	西堂榮吉郎	-6.17843815	acg
ㄒㄧ-ㄈㄨ-ㄊㄜˋ-ㄔㄜ-ㄓㄢˋ	西夫特車站	-6.17843815	acg
ㄒㄧ-ㄍㄨㄥ-ㄅㄚ-ㄓㄨㄥˋ-ㄗˇ	西宮八重子	-6.17843815	acg
ㄒㄧ-ㄍㄨㄥ-ㄒㄧㄠ-ㄗˇ	西宮硝子	-6.60980192	acg
ㄒㄧ-ㄍㄨㄥ-ㄇㄧˋ	西宮糸	-7.04116568	acg
ㄒㄧ-ㄍㄨㄥ-ㄐㄧㄝˊ-ㄒㄧㄢˊ	西宮結絃	-6.60980192	acg
ㄒㄧ-ㄨㄟˇ-ㄑㄧㄢ-ㄒㄧㄚˋ	西尾千夏	-6.60980192	acg
ㄒㄧ-ㄕㄢ-ㄐㄩ-ㄕˋ-ㄧㄡˊ	西山居世遊	-6.17843815	acg
ㄒㄧ-ㄈㄥ-ㄌㄧㄥˊ-ㄒㄧㄤ	西峰綾香	-6.60980192	acg
ㄒㄧ-ㄉㄠˇ-ㄉㄚˋ-ㄨˊ	西島大吾	-6.60980192	acg
ㄒㄧ-ㄉㄠˇ-ㄓㄠˋ	西島櫂	-7.04116568	acg
ㄒㄧ-ㄑㄧˊ-ㄧㄚˊ-ㄧ	西崎芽依	-6.60980192	acg
ㄒㄧ-ㄔㄨㄢ-ㄅㄠˇ-ㄋㄞˋ-ㄇㄟˇ	西川保奈美	-6.17843815	acg
ㄒㄧ-ㄅㄨˋ-ㄌㄧˋ-ㄢ-ㄋㄚˋ	西布莉安娜	-6.17843815	acg
ㄒㄧ-ㄈㄤ-ㄒㄧㄚˊ-ㄍㄨˇ	西方峽谷	-6.60980192	acg
ㄒㄧ-ㄈㄤ-ㄌㄢˊ	西方藍	-7.04116568	acg
ㄒㄧ-ㄌㄧㄣˊ-ㄋㄨㄛˋ-ㄔㄨㄢˊ-ㄓㄤˇ	西林諾船長	-6.17843815	acg
ㄒㄧ-ㄍㄜˊ	西格	-7.17149945	acg
ㄒㄧ-ㄍㄜˊ-ㄋㄨㄛˋ-ㄙ	西格諾斯	-6.60980192	acg
ㄒㄧ-ㄍㄜˊ-ㄌㄨˇ-ㄊㄜˋ	西格魯特	-6.60980192	acg
ㄒㄧ-ㄊㄧㄠˊ-ㄉㄚˋ-ㄏㄜˊ	西條大河	-6.60980192	acg
ㄒㄧ-ㄙㄣ-ㄧㄡˋ-ㄒㄧㄠˋ	西森柚咲	-6.60980192	acg
ㄒㄧ-ㄌㄧㄡˊ-ㄑㄩ	西流區	-7.04116568	acg
ㄒㄧ-ㄗㄜˊ-ㄧㄡ-ㄒㄧㄤ	西澤優香	-6.60980192	acg
ㄒㄧ-ㄦˇ-ㄅㄚ-ㄕㄤˋ-ㄒㄧㄠˋ	西爾巴上校	-6.17843815	acg
ㄒㄧ-ㄦˇ-ㄦˇ-ㄎㄜˋ	西爾爾克	-6.60980192	acg
ㄒㄧ-ㄦˇ-ㄈㄨˊ-ㄕㄡˋ	西爾芙獸	-6.60980192	acg
ㄒㄧ-ㄅㄢ-ㄧㄚˊ-ㄙㄢ-ㄕㄣ-ㄕˋ	西班牙三紳士	-5.74707439	acg
ㄒㄧ-ㄇㄚˇ	西瑪	-7.17149945	acg
ㄒㄧ-ㄍㄨㄚ-ㄍㄥˇ	西瓜梗	-7.04116568	acg
ㄒㄧ-ㄉㄥ	西登	-7.17149945	acg
ㄒㄧ-ㄙㄨㄛˇ	西索	-7.17149945	acg
ㄒㄧ-ㄐㄩㄢˋ-ㄉㄞˋ	西絹代	-7.04116568	acg
ㄒㄧ-ㄨㄟˊ-ㄊㄜˋ	西維特	-7.04116568	acg
ㄒㄧ-ㄌㄨㄛˊ-ㄅㄨˋ-ㄘㄨㄣ	西羅布村	-6.60980192	acg
ㄒㄧ-ㄌㄧˋ-ㄧㄚˇ	西莉亞	-7.04116568	acg
ㄒㄧ-ㄌㄧˋ-ㄎㄚˇ	西莉卡	-7.04116568	acg
ㄒㄧ-ㄍㄞˋ-ㄦˇ	西蓋爾	-7.04116568	acg
ㄒㄧ-ㄙㄨ	西蘇	-7.17149945	acg
ㄒㄧ-ㄋㄨㄛˋ	西諾	-7.17149945	acg
ㄒㄧ-ㄍㄨˇ-ㄒㄧㄚˊ	西谷霞	-7.04116568	acg
ㄒㄧ-ㄅㄟˋ-ㄦˇ	西貝爾	-7.04116568	acg
ㄒㄧ-ㄅㄧㄢ-ㄉㄨㄥˋ-ㄎㄨ-ㄉㄜ˙-ㄌㄠˇ-ㄆㄛˊ-ㄆㄛˊ	西邊洞窟的老婆婆	-5.74707439	acg
ㄒㄧ-ㄐㄩㄣˋ-ㄧㄡ-ㄗˇ	西郡優子	-6.60980192	acg
ㄒㄧ-ㄐㄩㄣˋ-ㄏㄠˊ	西郡豪	-7.04116568	acg
ㄒㄧ-ㄅㄨˋ-ㄏㄨㄤ-ㄧㄝˇ-ㄉㄚˋ-ㄑㄧㄤ-ㄎㄜˋ	西部荒野大槍客	-5.74707439	acg
ㄒㄧ-ㄌㄧˇ-ㄧㄚˇ-ㄊㄜˋ	西里亞特	-6.60980192	acg
ㄒㄧ-ㄧㄝˇ-ㄒㄧㄢ-ㄏㄨㄚ	西野仙花	-6.60980192	acg
ㄒㄧ-ㄧㄝˇ-ㄓㄣ-ㄖㄣˊ	西野真人	-6.60980192	acg
ㄧㄠˋ-ㄙㄞˋ-ㄧㄥ-ㄒㄩㄥˊ	要塞英雄	-6.60980192	acg
ㄐㄧㄢˋ-ㄒㄧˊ-ㄑㄧˊ-ㄕˋ	見習騎士	-6.60980192	acg
ㄇㄧˋ-ㄒㄧㄥ	覓星	-7.17149945	acg
ㄕˋ-ㄐㄩㄝˊ-ㄑㄩ-ㄉㄨㄥˋ-ㄑㄧˋ	視覺驅動器	-6.17843815	acg
ㄕˋ-ㄒㄩㄣˋ-ㄐㄧˋ-ㄧˋ-ㄊㄧˇ	視訊記憶體	-6.17843815	acg
ㄕˋ-ㄒㄩㄣˋ-ㄕㄨ-ㄖㄨˋ	視訊輸入	-6.60980192	acg
ㄕˋ-ㄒㄩㄣˋ-ㄕㄨ-ㄔㄨ	視訊輸出	-6.60980192	acg
ㄕˋ-ㄒㄩㄣˋ-ㄧㄡˊ-ㄒㄧˋ	視訊遊戲	-6.60980192	acg
ㄕˋ-ㄆㄧㄣˊ-ㄉㄠˋ	視頻道	-7.04116568	acg
ㄑㄧㄣ-ㄖㄜˋ-ㄊㄧㄢ-ㄊㄤˊ	親熱天堂	-6.60980192	acg
ㄑㄧㄣ-ㄖㄜˋ-ㄓㄢˋ-ㄕㄨˋ	親熱戰術	-6.60980192	acg
ㄑㄧㄣ-ㄖㄜˋ-ㄅㄠˋ-ㄌㄧˋ	親熱暴力	-6.60980192	acg
ㄑㄧㄣ-ㄑㄧㄣ-ㄇㄚˊ-ㄐㄧˊ	親親麻吉	-6.60980192	acg
ㄐㄩㄝˊ-ㄒㄧㄥˇ-ㄓ-ㄅㄞˇ-ㄏㄨㄚ-ㄏㄨㄚˊ-ㄦˇ-ㄗ	覺醒之百花華爾茲	-5.74707439	acg
ㄐㄩㄝˊ-ㄒㄧㄥˇ-ㄓ-ㄓㄢˋ-ㄈㄤˋ-ㄨㄛˇ-ㄒㄧㄣ-ㄏㄨㄚ	覺醒之綻放我心花	-5.74707439	acg
ㄐㄩㄝˊ-ㄒㄧㄥˇ-ㄐㄧㄝˊ-ㄆㄞ	覺醒節拍	-6.60980192	acg
ㄍㄨㄢ-ㄩㄝˋ-ㄒㄧㄠˇ-ㄋㄧㄠˇ	觀月小鳥	-6.60980192	acg
ㄍㄨㄢ-ㄋㄧㄠˇ-ㄌㄧㄥˋ	觀鳥令	-7.04116568	acg
ㄐㄧㄠˇ-ㄍㄨˇ	角古	-7.17149945	acg
ㄐㄧㄠˇ-ㄨ-ㄈㄨ-ㄖㄣˊ	角屋夫人	-6.60980192	acg
ㄐㄩㄝˊ-ㄙㄜˋ-ㄔㄨ-ㄗˋ-ㄉㄧㄢˋ-ㄗˇ-ㄧㄡˊ-ㄒㄧˋ	角色出自電子遊戲	-5.74707439	acg
ㄐㄩㄝˊ-ㄙㄜˋ-ㄉㄠˇ-ㄉㄨˊ	角色導讀	-6.60980192	acg
ㄐㄩㄝˊ-ㄙㄜˋ-ㄅㄢˋ-ㄧㄢˇ-ㄕㄡˋ	角色扮演獸	-6.17843815	acg
ㄐㄧㄠˇ-ㄍㄨˇ-ㄒㄧㄥˋ	角谷杏	-7.04116568	acg
ㄐㄧㄠˇ-ㄍㄨˇ-ㄓㄥˋ-ㄗㄨㄥ	角谷正宗	-6.60980192	acg
ㄐㄧㄠˇ-ㄧㄝˇ-ㄑㄧㄡ	角野秋	-7.04116568	acg
ㄐㄧㄝˇ-ㄧㄚ-ㄙㄨㄛ-ㄕㄡˋ	解壓縮獸	-6.60980192	acg
ㄐㄧㄝˇ-ㄕㄨㄛ-ㄕㄡˋ	解說獸	-7.04116568	acg
ㄐㄧㄝˇ-ㄇㄧˊ-ㄊㄧㄢ-ㄕˇ	解謎天使	-6.60980192	acg
ㄐㄧㄝˇ-ㄔㄨˊ-ㄏㄜˊ-ㄒㄧㄣ-ㄈㄤˊ-ㄅㄧˋ	解除核心防壁	-5.74707439	acg
ㄐㄧㄝˇ-ㄊㄧˇ-ㄕㄥˋ-ㄇㄨˇ	解體聖母	-6.60980192	acg
ㄔㄨˋ-ㄕㄡˇ-ㄍㄢˇ-ㄖㄢˇ	觸手感染	-6.60980192	acg
ㄔㄨˋ-ㄎㄨㄥˋ-ㄨㄚˇ-ㄌㄧˋ-ㄡ-ㄓˋ-ㄗㄠˋ	觸控瓦利歐製造	-5.74707439	acg
ㄧㄢˊ-ㄈㄥ-ㄌㄧˊ-ㄓㄥˋ	言峰璃正	-6.60980192	acg
ㄧㄢˊ-ㄧㄝˋ-ㄓ-ㄊㄧㄥˊ	言葉之庭	-6.60980192	acg
ㄧㄢˊ-ㄩˇ-ㄖㄨˊ-ㄑㄧˋ-ㄕㄨㄟˇ-ㄅㄢ-ㄩㄥˇ-ㄒㄧㄢˋ	言語如汽水般湧現	-5.74707439	acg
ㄐㄧˋ-ㄙㄨㄢˋ-ㄕㄡˋ	計算獸	-7.04116568	acg
ㄊㄠˇ-ㄧㄢˋ-ㄗˋ-ㄐㄧˇ-ㄨㄤˊ	討厭自己王	-6.17843815	acg
ㄊㄠˇ-ㄧㄢˋ-ㄍㄨㄟˇ-ㄩˇ-ㄇㄛˋ-ㄌㄧˋ-ㄇㄞˋ-ㄑㄧˊ	討厭鬼與莫莉麥琪	-5.74707439	acg
ㄒㄩㄣˋ-ㄌㄧㄢˋ-ㄅㄨˋ	訓練部	-7.04116568	acg
ㄐㄧˋ-ㄧˋ-ㄉㄚˋ-ㄓㄨㄟ-ㄅㄨˇ	記憶大追捕	-6.17843815	acg
ㄐㄧˋ-ㄧˋ-ㄧㄥˇ-ㄒㄧㄤˋ	記憶影像	-6.60980192	acg
ㄐㄧˋ-ㄧˋ-ㄑㄧㄥ-ㄐㄧㄝˊ-ㄍㄨㄥ	記憶清潔工	-6.17843815	acg
ㄓㄚˋ-ㄆㄧㄢˋ-ㄓ-ㄨㄤˊ	詐騙之王	-6.60980192	acg
ㄆㄧㄥˊ-ㄌㄨㄣˋ-ㄕㄡˋ	評論獸	-7.04116568	acg
ㄗㄨˇ-ㄓㄡˋ-ㄉㄜ˙-ㄔㄨㄢˊ-ㄕㄨㄛ	詛咒的傳說	-6.17843815	acg
ㄗㄨˇ-ㄓㄡˋ-ㄉㄜ˙-ㄧˊ-ㄕˋ	詛咒的儀式	-6.17843815	acg
ㄕ-ㄐㄧˋ-ㄓ-ㄓ	詩季織織	-6.60980192	acg
ㄕ-ㄎㄡˋ-ㄉㄧˋ	詩寇蒂	-7.04116568	acg
ㄕ-ㄧㄚˇ	詩雅	-7.17149945	acg
ㄕ-ㄧㄣ-ㄑㄧㄢ-ㄌㄧˇ	詩音千里	-6.60980192	acg
ㄍㄨㄟˇ-ㄧㄥˇ-ㄕㄚ-ㄕㄡˇ	詭影殺手	-6.60980192	acg
ㄒㄧㄤˊ-ㄒㄧˋ-ㄕㄤ-ㄏㄞˋ-ㄊㄧˊ-ㄕˋ	詳細傷害提示	-5.74707439	acg
ㄓㄢ-ㄇㄨˇ-ㄙㄣ	詹姆森	-7.04116568	acg
ㄉㄧㄠˋ-ㄓ-ㄓㄨㄤ	誂之裝	-7.04116568	acg
ㄎㄨㄚ-ㄓㄤ-ㄏㄢˋ-ㄅㄠˇ	誇張漢堡	-6.60980192	acg
ㄖㄣˋ-ㄉㄧㄥˋ-ㄑㄧㄡˊ	認定球	-7.04116568	acg
ㄕˋ-ㄩㄝ-ㄕㄥˋ-ㄌㄧˋ-ㄓ-ㄐㄧㄢˋ	誓約勝利之劍	-5.74707439	acg
ㄕˋ-ㄩㄝ-ㄒㄧㄥˊ	誓約型	-7.04116568	acg
ㄕˋ-ㄒㄧㄝˇ-ㄌㄨㄥˊ-ㄑㄧˊ-ㄕˋ	誓血龍騎士	-6.17843815	acg
ㄧㄡˋ-ㄉㄠˇ-ㄐㄧ-ㄑㄧˋ-ㄖㄣˊ	誘導機器人	-6.17843815	acg
ㄧㄡˋ-ㄆㄧㄢˋ-ㄓㄜˇ	誘騙者	-7.04116568	acg
ㄔㄥˊ-ㄗˇ	誠子	-7.17149945	acg
ㄨˋ-ㄏㄨㄟˋ-ㄧ-ㄔㄤˇ	誤會一場	-6.60980192	acg
ㄨˋ-ㄏㄨㄟˋ-ㄧˋ-ㄔㄤˇ	誤會一場	-7.10980192	acg
ㄊㄧㄠˊ-ㄓㄥˇ-ㄓㄜˇ	調整者	-7.04116568	acg
ㄊㄧㄠˊ-ㄅㄧㄢ-ㄧㄚˇ-ㄗˇ	調邊亞子	-6.60980192	acg
ㄉㄨㄥˇ-ㄕㄢ-ㄓㄣ-ㄕˊ	諌山真實	-6.60980192	acg
ㄓㄨ-ㄕˋ-ㄗˇ-ㄗˇ	諸事仔仔	-6.60980192	acg
ㄓㄨ-ㄕˋ-ㄇㄚ-ㄇㄚ˙	諸事媽媽	-6.60980192	acg
ㄓㄨ-ㄎㄜˋ	諸克	-7.17149945	acg
ㄓㄨ-ㄍㄤ-ㄐㄧㄡˇ-ㄓˋ	諸岡久志	-6.60980192	acg
ㄓㄨ-ㄒㄧㄥ-ㄏㄨㄤˊ-ㄌㄧˊ	諸星煌梨	-6.60980192	acg
ㄓㄨ-ㄒㄧㄥ-ㄉㄥ-ㄓˋ-ㄈㄨ	諸星登志夫	-6.17843815	acg
ㄓㄨ-ㄒㄧㄥ-ㄒㄧㄡˋ-ㄕㄨˋ	諸星秀樹	-6.60980192	acg
ㄓㄨ-ㄕㄣˊ-ㄓ-ㄉㄧˋ-ㄗㄨˇ-ㄚ-ㄇㄢˋ	諸神之地祖阿曼	-5.74707439	acg
ㄓㄨ-ㄕㄣˊ-ㄏㄨㄤˊ-ㄏㄨㄣ-ㄇㄛˊ-ㄕˋ	諸神黃昏模式	-5.74707439	acg
ㄓㄨ-ㄧㄝˋ	諸葉	-7.17149945	acg
ㄋㄨㄛˋ-ㄧ-ㄊㄨㄛ-ㄌㄚ	諾伊托拉	-6.60980192	acg
ㄋㄨㄛˋ-ㄎㄜˋ-ㄊㄚˇ-ㄦˇ	諾克塔爾	-6.60980192	acg
ㄋㄨㄛˋ-ㄎㄜˋ-ㄙㄚˋ-ㄙ	諾克薩斯	-6.60980192	acg
ㄋㄨㄛˋ-ㄎㄜˋ-ㄙㄚˋ-ㄙ-ㄗㄨㄥˇ-ㄕㄨㄞˋ	諾克薩斯總帥	-5.74707439	acg
ㄋㄨㄛˋ-ㄌㄧˋ-ㄙ	諾利斯	-7.04116568	acg
ㄋㄨㄛˋ-ㄍㄨˇ-ㄌㄢˊ	諾古蘭	-7.04116568	acg
ㄋㄨㄛˋ-ㄇㄨˇ-ㄖㄨㄟˋ-ㄍㄣ	諾姆瑞根	-6.60980192	acg
ㄋㄨㄛˋ-ㄣ	諾恩	-7.17149945	acg
ㄋㄨㄛˋ-ㄙ-ㄌㄚ	諾斯拉	-7.04116568	acg
ㄋㄨㄛˋ-ㄧˋ-ㄙ	諾易絲	-7.04116568	acg
ㄋㄨㄛˋ-ㄅㄧˇ-ㄌㄧˋ-ㄙ	諾比利斯	-6.60980192	acg
ㄋㄨㄛˋ-ㄆㄛ	諾波	-7.17149945	acg
ㄋㄨㄛˋ-ㄦˇ-ㄅㄚ	諾爾巴	-7.04116568	acg
ㄋㄨㄛˋ-ㄦˇ-ㄉㄜˊ	諾爾德	-7.04116568	acg
ㄋㄨㄛˋ-ㄦˇ-ㄇㄚˇ	諾爾瑪	-7.04116568	acg
ㄋㄨㄛˋ-ㄊㄜˋ-ㄌㄟˇ-ㄊㄜˋ	諾特蕾特	-6.60980192	acg
ㄋㄨㄛˋ-ㄋㄠˇ	諾瑙	-7.17149945	acg
ㄋㄨㄛˋ-ㄖㄨㄟˋ-ㄐㄧㄚ	諾瑞加	-7.04116568	acg
ㄋㄨㄛˋ-ㄨㄚˇ	諾瓦	-7.17149945	acg
ㄋㄨㄛˋ-ㄨㄚˇ-ㄍㄨˇ-ㄇㄢˋ	諾瓦古曼	-6.60980192	acg
ㄋㄨㄛˋ-ㄨㄚˇ-ㄍㄨㄤˇ-ㄔㄤˇ	諾瓦廣場	-6.60980192	acg
ㄋㄨㄛˋ-ㄞˋ-ㄦˊ	諾艾兒	-7.04116568	acg
ㄋㄨㄛˋ-ㄞˋ-ㄦˇ	諾艾爾	-7.04116568	acg
ㄋㄨㄛˋ-ㄌㄟˇ-ㄧㄚˇ	諾蕾雅	-7.04116568	acg
ㄋㄨㄛˋ-ㄌㄢˊ-ㄎㄚˇ-ㄌㄨˇ-ㄙ	諾蘭卡魯斯	-6.17843815	acg
ㄋㄨㄛˋ-ㄅㄟˋ-ㄦˇ-ㄍㄤ-ㄉㄢˋ	諾貝爾鋼彈	-6.17843815	acg
ㄋㄨㄛˋ-ㄅㄧㄢ-ㄊㄚˇ	諾邊塔	-7.04116568	acg
ㄋㄨㄛˋ-ㄌㄟˊ-ㄊㄜˋ	諾雷特	-7.04116568	acg
ㄋㄨㄛˋ-ㄌㄨˇ-ㄐㄧ-ㄧㄚˇ-ㄌㄧㄡˊ	諾魯基亞流	-6.17843815	acg
ㄋㄨㄛˋ-ㄌㄨˇ-ㄅㄨˋ	諾魯布	-7.04116568	acg
ㄇㄡˊ-ㄌㄩㄝˋ-ㄕㄡˋ	謀略獸	-7.04116568	acg
ㄇㄧˊ-ㄓ-ㄐㄧㄚˇ-ㄇㄧㄢˋ-ㄖㄣˊ	謎之假面人	-6.17843815	acg
ㄇㄧˊ-ㄓ-ㄕㄠˋ-ㄋㄧㄢˊ	謎之少年	-6.60980192	acg
ㄇㄧˊ-ㄧㄤˋ-ㄙㄣ-ㄌㄧㄣˊ	謎樣森林	-6.60980192	acg
ㄒㄧㄝˋ-ㄌㄜˋ-ㄉㄜˊ	謝勒德	-7.04116568	acg
ㄒㄧㄝˋ-ㄈㄨ	謝夫	-7.17149945	acg
ㄒㄧㄝˋ-ㄦˇ	謝爾	-7.17149945	acg
ㄒㄧㄝˋ-ㄦˇ-ㄐㄧˊ-ㄙ	謝爾吉斯	-6.60980192	acg
ㄒㄧㄝˋ-ㄦˇ-ㄏㄢˋ	謝爾汗	-7.04116568	acg
ㄒㄧㄝˋ-ㄦˇ-ㄉㄜ˙-ㄑㄧˊ-ㄏㄨㄢˋ-ㄒㄧㄢ-ㄐㄧㄥˋ	謝爾的奇幻仙境	-5.74707439	acg
ㄒㄧㄝˋ-ㄦˇ-ㄗ-ㄓㄣˋ	謝爾茲鎮	-6.60980192	acg
ㄒㄧㄝˋ-ㄏㄨㄚ-ㄓㄣ-ㄧㄤ	謝花真央	-6.60980192	acg
ㄒㄧㄝˋ-ㄌㄧˇ-ㄉㄢ	謝里丹	-7.04116568	acg
ㄇㄧㄡˋ-ㄌㄚ	謬拉	-7.17149945	acg
ㄇㄧㄡˋ-ㄌㄟˊ	謬雷	-7.17149945	acg
ㄓㄥˋ-ㄔㄥˊ-ㄙˋ	證城寺	-7.04116568	acg
ㄊㄢˊ-ㄧㄚˇ	譚雅	-7.17149945	acg
ㄆㄨˇ-ㄏㄢˋ-ㄐㄧㄤˋ	譜和匠	-7.04116568	acg
ㄐㄧㄥˇ-ㄅㄠˋ-ㄕㄡˋ	警報獸	-7.04116568	acg
ㄐㄧㄥˇ-ㄐㄧㄝˋ-ㄓˋ-ㄗㄨㄣ	警戒至尊	-6.60980192	acg
ㄉㄨˊ-ㄑㄧㄝ-ㄅㄢˇ	讀切版	-7.04116568	acg
ㄉㄨˊ-ㄒㄧㄣ-ㄍㄡˇ-ㄍㄡˇ	讀心狗狗	-6.60980192	acg
ㄉㄨˊ-ㄨㄛˇ-ㄉㄤˇ-ㄢˋ	讀我檔案	-6.60980192	acg
ㄅㄧㄢˋ-ㄏㄨㄚˋ-ㄒㄧˋ	變化系	-7.04116568	acg
ㄅㄧㄢˋ-ㄒㄧㄥˊ-ㄩˇ-ㄓㄡˋ-ㄉㄨㄣˋ	變形宇宙盾	-6.17843815	acg
ㄅㄧㄢˋ-ㄓㄨㄥˇ-ㄖㄣˊ-ㄌㄧㄥˇ-ㄒㄧㄡˋ	變種人領袖	-6.17843815	acg
ㄅㄧㄢˋ-ㄓㄨㄥˇ-ㄒㄧㄥˊ	變種型	-7.04116568	acg
ㄅㄧㄢˋ-ㄓㄨㄤ-ㄇㄧˊ-ㄍㄨㄥ	變裝迷宮	-6.60980192	acg
ㄅㄧㄢˋ-ㄕㄣ-ㄓㄡˋ-ㄩˇ-ㄨㄟˊ	變身咒語為	-6.17843815	acg
ㄅㄧㄢˋ-ㄕㄣ-ㄍㄨㄛˊ-ㄨㄤˊ	變身國王	-6.60980192	acg
ㄅㄧㄢˋ-ㄕㄣ-ㄕㄨˋ	變身術	-7.04116568	acg
ㄅㄧㄢˋ-ㄍㄜˊ-ㄓㄜˇ	變革者	-7.04116568	acg
ㄖㄤˋ-ㄐㄧㄣ-ㄊㄧㄢ-ㄕˋ-ㄨㄢˊ-ㄇㄟˇ-ㄉㄜ˙-ㄧ-ㄊㄧㄢ	讓今天是完美的一天	-5.74707439	acg
ㄖㄤˋ-ㄐㄧㄣ-ㄊㄧㄢ-ㄕˋ-ㄨㄢˊ-ㄇㄟˇ-ㄉㄜ˙-ㄧˋ-ㄊㄧㄢ	讓今天是完美的一天	-6.24707439	acg
ㄖㄤˋ-ㄨㄛˇ-ㄊㄧㄥ-ㄐㄧㄢˋ-ㄞˋ-ㄉㄜ˙-ㄍㄜ-ㄕㄥ	讓我聽見愛的歌聲	-5.74707439	acg
ㄗㄢˋ-ㄇㄟˇ-ㄇㄚˇ-ㄌㄧˋ-ㄧㄚˇ-ㄔㄨㄢˊ-ㄑㄧㄡˊ	讚美瑪莉亞傳球	-5.74707439	acg
ㄗㄢˋ-ㄇㄟˇ-ㄇㄚˇ-ㄌㄧˋ-ㄧㄚˇ-ㄐㄧㄝ-ㄑㄧㄡˊ	讚美瑪莉亞接球	-5.74707439	acg
ㄍㄨˇ-ㄧ	谷一	-7.17149945	acg
ㄍㄨˇ-ㄎㄡˇ-ㄕㄥˋ-ㄗˇ	谷口聖子	-6.60980192	acg
ㄍㄨˇ-ㄑㄧˊ-ㄌㄧㄥˊ-ㄋㄞˋ	谷崎玲奈	-6.60980192	acg
ㄍㄨˇ-ㄐㄧㄣ-ㄗˇ	谷津子	-7.04116568	acg
ㄉㄡˋ-ㄉㄧㄥ-ㄕㄡˋ	豆丁獸	-7.04116568	acg
ㄉㄡˋ-ㄊㄞˋ	豆太	-7.17149945	acg
ㄉㄡˋ-ㄔㄞˊ	豆柴	-7.17149945	acg
ㄉㄡˋ-ㄇㄧㄢˋ-ㄖㄣˊ	豆面人	-7.04116568	acg
ㄑㄧˇ-ㄈㄢˊ-ㄨㄤˇ-ㄌㄨㄛˋ	豈凡網絡	-6.60980192	acg
ㄈㄥ-ㄉㄠˇ-ㄧㄥ-ㄧ	豐島英一	-6.60980192	acg
ㄈㄥ-ㄔㄨㄢ-ㄒㄧㄤˊ-ㄊㄞˋ	豐川翔太	-6.60980192	acg
ㄈㄥ-ㄑㄩㄢˊ-ㄊㄞˊ	豐泉台	-7.04116568	acg
ㄈㄥ-ㄩㄢˊ-ㄉㄧˋ-ㄈㄤ	豐緣地方	-6.60980192	acg
ㄈㄥ-ㄩㄢˊ-ㄌㄧㄢˊ-ㄇㄥˊ	豐緣聯盟	-6.60980192	acg
ㄒㄧㄤˋ-ㄆㄚˋ	象帕	-7.17149945	acg
ㄏㄠˊ-ㄐㄧㄝˊ-ㄕˋ	豪傑式	-7.04116568	acg
ㄏㄠˊ-ㄌㄧˋ-ㄊㄜˋ	豪利特	-7.04116568	acg
ㄏㄠˊ-ㄍㄤ-ㄒㄩㄥˊ	豪剛雄	-7.04116568	acg
ㄏㄠˊ-ㄌㄧˋ	豪力	-7.17149945	acg
ㄏㄠˊ-ㄉㄜˊ-ㄙˋ-ㄑㄧㄥ-ㄗˇ	豪徳寺清子	-6.17843815	acg
ㄏㄠˊ-ㄦˇ-ㄨㄟ-ㄙ	豪爾威斯	-6.60980192	acg
ㄏㄠˊ-ㄌㄧㄡˊ-ㄌㄧㄡˊ	豪琉琉	-7.04116568	acg
ㄏㄠˊ-ㄏㄨㄚˊ-ㄐㄧㄥ-ㄉㄧㄢˇ-ㄑㄧㄤ-ㄗㄨˇ	豪華經典槍組	-5.74707439	acg
ㄓㄨ-ㄅㄚ-ㄐㄧㄝˋ-ㄕㄡˋ	豬八戒獸	-6.60980192	acg
ㄓㄨ-ㄋㄞˇ-ㄋㄞ˙	豬奶奶	-7.04116568	acg
ㄓㄨ-ㄎㄜˋ	豬客	-7.17149945	acg
ㄓㄨ-ㄕ-ㄕㄡˋ	豬屍獸	-7.04116568	acg
ㄓㄨ-ㄅㄨˋ-ㄌㄧㄣˊ	豬布林	-7.04116568	acg
ㄓㄨ-ㄅㄨˋ-ㄕㄡˋ	豬布獸	-7.04116568	acg
ㄓㄨ-ㄕㄡˋ-ㄑㄧㄥˋ-ㄧ	豬狩慶一	-6.60980192	acg
ㄓㄨ-ㄨㄤˊ-ㄕㄢ	豬王山	-7.04116568	acg
ㄓㄨ-ㄓㄨ-ㄖㄣˊ	豬豬人	-7.04116568	acg
ㄓㄨ-ㄊㄧˊ-ㄗㄨˇ	豬蹄組	-7.04116568	acg
ㄓㄨ-ㄓㄣˋ	豬陣	-7.17149945	acg
ㄅㄠˋ-ㄕˋ-ㄍㄤ-ㄉㄢˋ-ㄉㄚˊ-ㄨㄣˊ-ㄒㄧ	豹式鋼彈達文西	-5.74707439	acg
ㄅㄠˋ-ㄉㄚˊ	豹達	-7.17149945	acg
ㄇㄠ-ㄦˊ-ㄌㄧˋ-ㄒㄧㄢˇ-ㄐㄧˋ	貓兒歷險記	-6.17843815	acg
ㄇㄠ-ㄇㄧ-ㄧㄝˇ-ㄈㄥ-ㄎㄨㄤˊ	貓咪也瘋狂	-6.17843815	acg
ㄇㄠ-ㄅㄚ-ㄕˋ	貓巴士	-7.04116568	acg
ㄇㄠ-ㄒㄩㄥˊ-ㄉㄚˊ	貓熊達	-7.04116568	acg
ㄇㄠ-ㄊㄧㄢˊ-ㄨˇ	貓田舞	-7.04116568	acg
ㄇㄠ-ㄋㄢˊ-ㄐㄩㄝˊ	貓男爵	-7.04116568	acg
ㄇㄠ-ㄊㄡˊ-ㄧㄥ-ㄈㄚˇ-ㄊㄧㄥˊ	貓頭鷹法庭	-6.17843815	acg
ㄇㄠ-ㄕㄨˇ-ㄉㄚˋ-ㄓㄢˋ	貓鼠大戰	-6.60980192	acg
ㄅㄟˋ-ㄧㄚˇ-ㄙ	貝亞斯	-7.04116568	acg
ㄅㄟˋ-ㄌㄨㄣˊ-ㄒㄧㄠˇ-ㄐㄧㄝˇ	貝倫小姐	-6.60980192	acg
ㄅㄟˋ-ㄎㄜˋ-ㄋㄚˋ	貝克納	-7.04116568	acg
ㄅㄟˋ-ㄌㄧˋ	貝利	-7.17149945	acg
ㄅㄟˋ-ㄌㄧˋ-ㄧㄚˇ-ㄒㄧ-ㄒㄧㄝˇ-ㄇㄛˊ-ㄕㄡˋ	貝利亞吸血魔獸	-5.74707439	acg
ㄅㄟˋ-ㄌㄧˋ-ㄦˇ	貝利爾	-7.04116568	acg
ㄅㄟˋ-ㄌㄜˋ-ㄉㄧˋ	貝勒帝	-7.04116568	acg
ㄅㄟˋ-ㄐㄧˊ-ㄉㄚˊ-ㄨㄤˊ	貝吉達王	-6.60980192	acg
ㄅㄟˋ-ㄊㄚˇ-ㄕㄡˋ	貝塔獸	-7.04116568	acg
ㄅㄟˋ-ㄇㄨˇ-ㄌㄚ	貝姆拉	-7.04116568	acg
ㄅㄟˋ-ㄋㄚˋ-ㄊㄧˊ	貝娜提	-7.04116568	acg
ㄅㄟˋ-ㄊㄧㄥˊ	貝婷	-7.17149945	acg
ㄅㄟˋ-ㄋㄧˊ-ㄑㄧㄡ	貝尼丘	-7.04116568	acg
ㄅㄟˋ-ㄋㄧˊ-ㄊㄨㄛ	貝尼托	-7.04116568	acg
ㄅㄟˋ-ㄎㄨˋ-ㄉㄚˊ	貝庫達	-7.04116568	acg
ㄅㄟˋ-ㄎㄨˋ-ㄉㄚˊ-ㄉㄜ˙-ㄖㄡˋ-ㄆㄧㄠˋ	貝庫達的肉票	-5.74707439	acg
ㄅㄟˋ-ㄊㄨㄛ-ㄉㄧˋ-ㄐㄧㄚ	貝托蒂嘉	-6.60980192	acg
ㄅㄟˋ-ㄊㄨㄛ-ㄉㄧˋ-ㄐㄧㄚ-ㄉㄜ˙-ㄗˇ-ㄙˋ	貝托蒂嘉的子嗣	-5.74707439	acg
ㄅㄟˋ-ㄌㄚ-ㄉㄨㄛ-ㄋㄚˋ	貝拉多納	-6.60980192	acg
ㄅㄟˋ-ㄌㄚ-ㄉㄧˋ	貝拉蒂	-7.04116568	acg
ㄅㄟˋ-ㄙ-ㄆㄚˋ	貝斯帕	-7.04116568	acg
ㄅㄟˋ-ㄨㄤˋ	貝旺	-7.17149945	acg
ㄅㄟˋ-ㄍㄜˊ-ㄇㄢˋ	貝格曼	-7.04116568	acg
ㄅㄟˋ-ㄎㄜˊ-ㄕㄡˋ	貝殼獸	-7.04116568	acg
ㄅㄟˋ-ㄎㄜˊ-ㄅㄧˊ-ㄊㄧˋ-ㄕㄡˋ	貝殼鼻涕獸	-6.17843815	acg
ㄅㄟˋ-ㄌㄨㄛˋ-ㄙ	貝洛絲	-7.04116568	acg
ㄅㄟˋ-ㄌㄨㄛˋ-ㄗ	貝洛茲	-7.04116568	acg
ㄅㄟˋ-ㄦˇ-ㄊㄚˇ	貝爾塔	-7.04116568	acg
ㄅㄟˋ-ㄦˇ-ㄒㄧˊ-ㄡ	貝爾席歐	-6.60980192	acg
ㄅㄟˋ-ㄦˇ-ㄎㄨˋ-ㄌㄧˋ	貝爾庫利	-6.60980192	acg
ㄅㄟˋ-ㄦˇ-ㄎㄨˋ-ㄌㄧˋ-ㄏㄢˋ-ㄅㄟˇ-ㄓ-ㄅㄞˊ-ㄌㄨㄥˊ	貝爾庫利和北之白龍	-5.74707439	acg
ㄅㄟˋ-ㄦˇ-ㄊㄨˊ-ㄊㄥˊ	貝爾徒騰	-6.60980192	acg
ㄅㄟˋ-ㄦˇ-ㄊㄨㄛ-ㄊㄜˋ	貝爾托特	-6.60980192	acg
ㄅㄟˋ-ㄦˇ-ㄇㄟˊ-ㄦˇ	貝爾梅爾	-6.60980192	acg
ㄅㄟˋ-ㄦˇ-ㄇㄟˊ-ㄌㄧˋ-ㄧㄚˇ	貝爾梅莉亞	-6.17843815	acg
ㄅㄟˋ-ㄦˇ-ㄋㄚˋ	貝爾納	-7.04116568	acg
ㄅㄟˋ-ㄦˇ-ㄈㄟ-ㄍㄜ-ㄦˇ	貝爾菲戈爾	-6.17843815	acg
ㄅㄟˋ-ㄦˇ-ㄇㄥˊ-ㄒㄧㄢ-ㄕㄥ	貝爾蒙先生	-6.17843815	acg
ㄅㄟˋ-ㄦˇ-ㄇㄥˊ-ㄈㄨ-ㄖㄣˊ	貝爾蒙夫人	-6.17843815	acg
ㄅㄟˋ-ㄦˇ-ㄨㄟˊ-ㄙ	貝爾薇斯	-6.60980192	acg
ㄅㄟˋ-ㄊㄜˋ-ㄌㄨˇ-ㄐㄧˊ-ㄨ-ㄙ	貝特魯吉烏斯	-5.74707439	acg
ㄅㄟˋ-ㄌㄧㄣˊ-ㄉㄚˊ	貝琳達	-7.04116568	acg
ㄅㄟˋ-ㄖㄨㄟˋ-ㄎㄜˋ-ㄒㄧ-ㄉㄜˊ	貝瑞克希德	-6.17843815	acg
ㄅㄟˋ-ㄖㄨㄟˋ-ㄊㄚˇ	貝瑞塔	-7.04116568	acg
ㄅㄟˋ-ㄖㄨㄟˋ-ㄈㄨ-ㄖㄣˊ	貝瑞夫人	-6.60980192	acg
ㄅㄟˋ-ㄋㄚˋ-ㄉㄜˊ	貝納德	-7.04116568	acg
ㄅㄟˋ-ㄨㄟˊ-ㄉㄜˊ-ㄌㄟˊ-ㄅㄛˊ-ㄐㄩㄝˊ	貝維德雷伯爵	-5.74707439	acg
ㄅㄟˋ-ㄌㄨㄛˊ-ㄅㄚ	貝羅芭	-7.04116568	acg
ㄅㄟˋ-ㄉㄧˋ-ㄋㄨㄛˋ	貝蒂諾	-7.04116568	acg
ㄅㄟˋ-ㄨㄟˊ-ㄦˇ	貝薇爾	-7.04116568	acg
ㄅㄟˋ-ㄙㄚˋ-ㄌㄧㄡˊ-ㄕˋ	貝薩流士	-6.60980192	acg
ㄅㄟˋ-ㄌㄢˊ-ㄐㄧㄝˊ	貝蘭傑	-7.04116568	acg
ㄅㄟˋ-ㄒㄧ-ㄇㄛˊ-ㄙ	貝西摩斯	-6.60980192	acg
ㄅㄟˋ-ㄒㄧ-ㄇㄛˊ-ㄙ-ㄓ-ㄓㄨㄚˇ	貝西摩斯之爪	-5.74707439	acg
ㄅㄟˋ-ㄅㄟˋ-ㄦˇ	貝貝爾	-7.04116568	acg
ㄅㄟˋ-ㄅㄟˋ-ㄌㄨˇ	貝貝魯	-7.04116568	acg
ㄅㄟˋ-ㄌㄧˇ-ㄍㄨˇ-ㄉㄜˊ	貝里古德	-6.60980192	acg
ㄅㄟˋ-ㄌㄧˇ-ㄊㄚˇ-ㄙ	貝里塔斯	-6.60980192	acg
ㄅㄟˋ-ㄧㄚˇ-ㄊㄜˋ-ㄌㄧˇ-ㄒㄧㄝˋ	貝雅特里榭	-6.17843815	acg
ㄅㄟˋ-ㄌㄟˊ-ㄋㄧˊ-ㄎㄜˋ	貝雷尼克	-6.60980192	acg
ㄅㄟˋ-ㄌㄨˇ-ㄑㄧˊ	貝魯奇	-7.04116568	acg
ㄅㄟˋ-ㄌㄨˇ-ㄇㄟˊ-ㄅㄛˊ	貝魯梅伯	-6.60980192	acg
ㄈㄨˋ-ㄓㄞˋ-ㄍㄨㄢˇ-ㄐㄧㄚ	負債管家	-6.60980192	acg
ㄈㄨˋ-ㄏㄜˋ-ㄕˊ-ㄧㄢˋ-ㄐㄧㄝ-ㄉㄨㄢˋ	負荷實驗階段	-5.74707439	acg
ㄈㄨˋ-ㄇㄧㄢˋ-ㄕㄡˋ	負面獸	-7.04116568	acg
ㄈㄨˋ-ㄧㄣ-ㄉㄧㄠˋ	負音調	-7.04116568	acg
ㄘㄞˊ-ㄑㄧㄢˊ-ㄕˊ-ㄗˇ	財前時子	-6.60980192	acg
ㄘㄞˊ-ㄑㄧㄢˊ-ㄏㄨㄤˋ	財前晃	-7.04116568	acg
ㄘㄞˊ-ㄑㄧㄢˊ-ㄓㄨㄛˊ-ㄇㄛˊ	財前琢磨	-6.60980192	acg
ㄘㄞˊ-ㄑㄧㄢˊ-ㄎㄨㄟˊ	財前葵	-7.04116568	acg
ㄘㄞˊ-ㄐㄧㄣ-ㄍㄥ-ㄙㄢ	財津耕三	-6.60980192	acg
ㄍㄨㄥˋ-ㄙㄚˋ	貢薩	-7.17149945	acg
ㄊㄢ-ㄔ-ㄧㄝˊ-ㄧㄝˊ	貪吃爺爺	-6.60980192	acg
ㄊㄢ-ㄎㄣˇ-ㄑㄧˊ	貪啃奇	-7.04116568	acg
ㄍㄨㄢˋ-ㄐㄧㄥˇ-ㄅㄢˋ-ㄗㄨㄛˇ	貫井半左	-6.60980192	acg
ㄍㄨㄟˋ-ㄉㄨㄛ	貴多	-7.17149945	acg
ㄍㄨㄟˋ-ㄉㄠˇ	貴島	-7.17149945	acg
ㄍㄨㄟˋ-ㄗㄨˊ-ㄧㄚ	貴族鴨	-7.04116568	acg
ㄍㄨㄟˋ-ㄑㄧㄠˊ-ㄇㄚˊ-ㄇㄟˇ	貴橋麻美	-6.60980192	acg
ㄍㄨㄟˋ-ㄔㄨㄢˊ-ㄌㄧˇ	貴船理	-7.04116568	acg
ㄇㄞˇ-ㄒㄧㄚˋ-ㄒㄧㄥ-ㄒㄧㄥ-ㄉㄜ˙-ㄖˋ-ㄗ˙	買下星星的日子	-5.74707439	acg
ㄈㄟˋ-ㄐㄧㄚ	費加	-7.17149945	acg
ㄈㄟˋ-ㄐㄧㄚ-ㄒㄧㄥ-ㄌㄧㄢˊ-ㄐㄩㄣ	費加星聯軍	-6.17843815	acg
ㄈㄟˋ-ㄌㄜˋ-ㄙ-ㄕㄡˋ	費勒斯獸	-6.60980192	acg
ㄈㄟˋ-ㄋㄢˊ-ㄉㄧˊ-ㄙ	費南迪斯	-6.60980192	acg
ㄈㄟˋ-ㄐㄧˊ	費吉	-7.17149945	acg
ㄈㄟˋ-ㄐㄧˊ-ㄌㄚ	費吉拉	-7.04116568	acg
ㄈㄟˋ-ㄐㄧㄝˊ	費婕	-7.17149945	acg
ㄈㄟˋ-ㄌㄚ-ㄈㄢˊ-ㄉㄜˊ-ㄖㄨㄟˋ	費拉凡德瑞	-6.17843815	acg
ㄈㄟˋ-ㄙ-ㄐㄧㄝˊ-ㄌㄧˋ	費斯傑利	-6.60980192	acg
ㄈㄟˋ-ㄙ-ㄎㄜˋ	費斯克	-7.04116568	acg
ㄈㄟˋ-ㄙ-ㄊㄨㄛ-ㄙ	費斯托斯	-6.60980192	acg
ㄈㄟˋ-ㄌㄨㄛˋ-ㄆㄚˋ	費洛帕	-7.04116568	acg
ㄈㄟˋ-ㄦˇ-ㄐㄧㄝˇ-ㄇㄟˋ-ㄉㄜ˙-ㄐㄧㄝˇ-ㄇㄟˋ-ㄔㄨˊ-ㄍㄨㄟˋ	費爾姐妹的姐妹櫥柜	-5.74707439	acg
ㄈㄟˋ-ㄦˇ-ㄇㄧˇ	費爾米	-7.04116568	acg
ㄈㄟˋ-ㄅㄢ-ㄎㄜˋ	費班克	-7.04116568	acg
ㄈㄟˋ-ㄙㄞˋ-ㄦˇ	費賽爾	-7.04116568	acg
ㄈㄟˋ-ㄉㄧˊ-ㄋㄢˊ-ㄉㄨㄛ	費迪南多	-6.60980192	acg
ㄈㄟˋ-ㄌㄧˇ-ㄋㄧˊ	費里尼	-7.04116568	acg
ㄈㄟˋ-ㄒㄩㄝˇ	費雪	-7.17149945	acg
ㄈㄟˋ-ㄒㄩㄝˇ-ㄌㄩˋ-ㄕ	費雪律師	-6.60980192	acg
ㄈㄟˋ-ㄌㄨˇ-ㄒㄧ	費魯西	-7.04116568	acg
ㄏㄜˋ-ㄅㄛˊ-ㄊㄜˋ-ㄈㄨ-ㄖㄣˊ	賀伯特夫人	-6.17843815	acg
ㄏㄜˋ-ㄋㄧㄥˊ-ㄍㄜˊ	賀寧格	-7.04116568	acg
ㄗ-ㄒㄩㄣˋ-ㄧㄡˇ-ㄒㄧㄢˋ-ㄍㄨㄥ-ㄙ	資訊有限公司	-5.74707439	acg
ㄗ-ㄒㄩㄣˋ-ㄍㄨˇ-ㄈㄣˋ-ㄧㄡˇ-ㄒㄧㄢˋ-ㄍㄨㄥ-ㄙ	資訊股份有限公司	-5.74707439	acg
ㄐㄧㄚˇ-ㄎㄜˋ	賈克	-7.17149945	acg
ㄐㄧㄚˇ-ㄎㄜˋ-ㄘㄨㄣ-ㄓㄤˇ	賈克村長	-6.60980192	acg
ㄐㄧㄚˇ-ㄎㄚˇ-ㄐㄧㄝˊ-ㄎㄜˋ	賈卡傑克	-6.60980192	acg
ㄐㄧㄚˇ-ㄎㄚˇ-ㄌㄚ	賈卡拉	-7.04116568	acg
ㄐㄧㄚˇ-ㄅㄚ-ㄌㄧˇ	賈巴里	-7.04116568	acg
ㄐㄧㄚˇ-ㄅㄨˋ-ㄌㄧˋ-ㄧㄝˊ-ㄌㄧˇ	賈布利耶里	-6.17843815	acg
ㄐㄧㄚˇ-ㄅㄨˋ-ㄌㄚ	賈布拉	-7.04116568	acg
ㄐㄧㄚˇ-ㄅㄨˋ-ㄌㄨㄛˊ	賈布羅	-7.04116568	acg
ㄐㄧㄚˇ-ㄙ-ㄊㄜˋ	賈斯特	-7.04116568	acg
ㄐㄧㄚˇ-ㄙ-ㄌㄧˇ	賈斯里	-7.04116568	acg
ㄐㄧㄚˇ-ㄈㄤ-ㄈㄨˋ-ㄔㄡˊ-ㄐㄧˋ	賈方復仇記	-6.17843815	acg
ㄐㄧㄚˇ-ㄍㄨㄟˋ-ㄌㄧㄣˊ	賈桂琳	-7.04116568	acg
ㄐㄧㄚˇ-ㄌㄨㄛˋ-ㄋㄧˊ	賈洛尼	-7.04116568	acg
ㄐㄧㄚˇ-ㄦˇ-ㄉㄧˊ-ㄋㄨㄛˋ	賈爾迪諾	-6.60980192	acg
ㄐㄧㄚˇ-ㄇㄧˇ-ㄊㄨㄛ-ㄈㄨ	賈米托夫	-6.60980192	acg
ㄐㄧㄚˇ-ㄨㄟˊ-ㄦˇ	賈維爾	-7.04116568	acg
ㄐㄧㄚˇ-ㄇㄧˋ-ㄦˊ	賈蜜兒	-7.04116568	acg
ㄐㄧㄚˇ-ㄎㄨˋ-ㄨㄤˊ	賈酷王	-7.04116568	acg
ㄅㄧㄣ-ㄕˊ-ㄇㄛˋ-ㄎㄜˋ	賓什莫克	-6.60980192	acg
ㄅㄧㄣ-ㄐㄧㄚ	賓加	-7.17149945	acg
ㄅㄧㄣ-ㄗ	賓茲	-7.17149945	acg
ㄒㄧㄢˊ-ㄈㄟ-ㄒㄧㄥˊ	賢妃型	-7.04116568	acg
ㄒㄧㄢˊ-ㄈㄟ-ㄒㄧㄥˊ-ㄔˋ-ㄊㄧㄢ-ㄕˇ-ㄍㄤ-ㄉㄢˋ	賢妃型熾天使鋼彈	-5.74707439	acg
ㄒㄧㄢˊ-ㄓㄜˇ-ㄕㄡˋ	賢者獸	-7.04116568	acg
ㄇㄞˋ-ㄧ-ㄉㄠ	賣一刀	-7.04116568	acg
ㄇㄞˋ-ㄧˋ-ㄉㄠ	賣一刀	-7.54116568	acg
ㄇㄞˋ-ㄔㄚˋ	賣岔	-7.17149945	acg
ㄇㄞˋ-ㄧㄠˋ-ㄖㄣˊ	賣藥人	-7.04116568	acg
ㄉㄨˇ-ㄔㄥˊ-ㄈㄥ-ㄩㄣˊ	賭城風雲	-6.60980192	acg
ㄍㄡˋ-ㄇㄞˇ-ㄍㄨˋ-ㄉㄧㄥˋ-ㄒㄧㄥˊ-ㄐㄧ-ㄍㄨㄢ-ㄑㄧㄤ-ㄗˇ-ㄉㄢˋ	購買固定型機關槍子彈	-5.74707439	acg
ㄙㄞˋ-ㄧㄚˇ	賽亞	-7.17149945	acg
ㄙㄞˋ-ㄧ	賽伊	-7.17149945	acg
ㄙㄞˋ-ㄅㄛˊ-ㄌㄚ-ㄙ-ㄈㄨˇ-ㄔㄨㄥ	賽伯拉斯俯衝	-5.74707439	acg
ㄙㄞˋ-ㄈㄛˊ-ㄙ	賽佛斯	-7.04116568	acg
ㄙㄞˋ-ㄎㄜˋ-ㄙ	賽克斯	-7.04116568	acg
ㄙㄞˋ-ㄦˊ-ㄈㄟ	賽兒菲	-7.04116568	acg
ㄙㄞˋ-ㄈㄢˊ-ㄊㄧˊ-ㄙ	賽凡提斯	-6.60980192	acg
ㄙㄞˋ-ㄌㄜˋ-ㄙ	賽勒斯	-7.04116568	acg
ㄙㄞˋ-ㄅㄛˊ-ㄔㄨㄤˋ	賽博創	-7.04116568	acg
ㄙㄞˋ-ㄅㄛˊ-ㄊㄢˇ	賽博坦	-7.04116568	acg
ㄙㄞˋ-ㄅㄛˊ-ㄆㄤˊ-ㄎㄜˋ	賽博龐克	-6.60980192	acg
ㄙㄞˋ-ㄎㄜˇ-ㄍㄤ-ㄉㄢˋ	賽可鋼彈	-6.60980192	acg
ㄙㄞˋ-ㄉㄨㄛ	賽多	-7.17149945	acg
ㄙㄞˋ-ㄋㄚˋ	賽娜	-7.17149945	acg
ㄙㄞˋ-ㄐㄧˋ-ㄐㄩㄝˊ-ㄙㄞˋ	賽季決賽	-6.60980192	acg
ㄙㄞˋ-ㄐㄧˋ-ㄎㄞ-ㄇㄨˋ-ㄓㄢˋ	賽季開幕戰	-6.17843815	acg
ㄙㄞˋ-ㄅㄚ-ㄙ-ㄉㄧㄥ	賽巴斯丁	-6.60980192	acg
ㄙㄞˋ-ㄅㄚ-ㄙ-ㄒㄧㄠˇ-ㄗˇ	賽巴斯小子	-6.17843815	acg
ㄙㄞˋ-ㄅㄚ-ㄙ-ㄑㄧㄣ	賽巴斯欽	-6.60980192	acg
ㄙㄞˋ-ㄅㄚ-ㄙ-ㄊㄧㄥ	賽巴斯汀	-6.60980192	acg
ㄙㄞˋ-ㄅㄚ-ㄌㄨㄛˋ-ㄙ-ㄈㄨ-ㄖㄣˊ	賽巴洛斯夫人	-5.74707439	acg
ㄙㄞˋ-ㄅㄨˋ	賽布	-7.17149945	acg
ㄙㄞˋ-ㄒㄧ-ㄦˇ	賽希爾	-7.04116568	acg
ㄙㄞˋ-ㄒㄧˊ-ㄋㄧˊ	賽席妮	-7.04116568	acg
ㄙㄞˋ-ㄨㄣˊ-ㄕˇ-ㄊㄚˇ-ㄎㄜˋ	賽文史塔克	-6.17843815	acg
ㄙㄞˋ-ㄙ	賽斯	-7.17149945	acg
ㄙㄞˋ-ㄙ-ㄊㄧㄢ-ㄕˇ	賽斯天使	-6.60980192	acg
ㄙㄞˋ-ㄈㄚˇ	賽法	-7.17149945	acg
ㄙㄞˋ-ㄙ-ㄊㄜˋ-ㄌㄚ	賽絲特拉	-6.60980192	acg
ㄙㄞˋ-ㄨㄟˊ-ㄌㄧˇ-ㄋㄨㄛˋ	賽維里諾	-6.60980192	acg
ㄙㄞˋ-ㄌㄧˋ-ㄧㄝˊ	賽莉耶	-7.04116568	acg
ㄙㄞˋ-ㄈㄟ-ㄌㄧˋ-ㄧㄚˇ	賽菲利雅	-6.60980192	acg
ㄙㄞˋ-ㄈㄟ-ㄌㄨㄛˊ-ㄙ	賽菲羅斯	-6.60980192	acg
ㄙㄞˋ-ㄒㄧ-ㄌㄧˋ	賽西莉	-7.04116568	acg
ㄙㄞˋ-ㄔㄜ-ㄕㄡˋ	賽車獸	-7.04116568	acg
ㄙㄞˋ-ㄉㄧˊ-ㄙ	賽迪斯	-7.04116568	acg
ㄙㄞˋ-ㄧㄡˊ-ㄎㄜ-ㄐㄧˋ	賽遊科技	-6.60980192	acg
ㄙㄞˋ-ㄉㄚˊ-ㄙ	賽達斯	-7.04116568	acg
ㄙㄞˋ-ㄘㄞˇ-ㄓ	賽采之	-7.04116568	acg
ㄙㄞˋ-ㄌㄨˇ	賽魯	-7.17149945	acg
ㄙㄞˋ-ㄌㄨˇ-ㄎㄚˇ	賽魯卡	-7.04116568	acg
ㄙㄞˋ-ㄌㄨˇ-ㄕㄠˋ-ㄋㄧㄢˊ	賽魯少年	-6.60980192	acg
ㄙㄞˋ-ㄌㄨˇ-ㄌㄨˇ-ㄊㄜˋ	賽魯魯特	-6.60980192	acg
ㄙㄞˋ-ㄌㄧˊ-ㄙ-ㄊㄧㄥˊ	賽麗絲婷	-6.60980192	acg
ㄗㄥˋ-ㄩˇ-ㄋㄧˇ-ㄇㄢˇ-ㄇㄢˇ-ㄉㄜ˙-ㄓㄨˋ-ㄈㄨˊ	贈予你滿滿的祝福	-5.74707439	acg
ㄗㄢˋ-ㄉㄜˊ	贊德	-7.17149945	acg
ㄗㄢˋ-ㄣ	贊恩	-7.17149945	acg
ㄗㄢˋ-ㄙ-ㄎㄚˇ-ㄦˇ	贊斯卡爾	-6.60980192	acg
ㄗㄢˋ-ㄙ-ㄌㄨˇ	贊斯魯	-7.04116568	acg
ㄗㄢˋ-ㄍㄜˊ-ㄓㄠˇ-ㄗㄜˊ	贊格沼澤	-6.60980192	acg
ㄗㄢˋ-ㄊㄜˋ	贊特	-7.17149945	acg
ㄔˋ-ㄉㄨㄥ	赤冬	-7.17149945	acg
ㄔˋ-ㄖㄣˋ-ㄩㄥˇ-ㄍㄜˊ	赤刃勇格	-6.60980192	acg
ㄔˋ-ㄔㄥˊ-ㄇㄧˇ-ㄌㄧˋ-ㄧㄚˇ	赤城米莉亞	-6.17843815	acg
ㄔˋ-ㄔㄥˊ-ㄒㄧㄤˊ-ㄆㄧㄥˊ	赤城翔平	-6.60980192	acg
ㄔˋ-ㄊㄧˊ-ㄅㄚ-ㄙㄢ	赤堤八三	-6.60980192	acg
ㄔˋ-ㄊㄧˊ-ㄕˋ-ㄗ˙	赤堤柿子	-6.60980192	acg
ㄔˋ-ㄊㄧˊ-ㄌㄧˋ-ㄗ˙	赤堤栗子	-6.60980192	acg
ㄔˋ-ㄨㄞˋ-ㄎㄜˇ-ㄕˋ-ㄗˇ	赤外可視子	-6.17843815	acg
ㄔˋ-ㄕㄡˇ-ㄐㄧㄚˇ	赤手甲	-7.04116568	acg
ㄔˋ-ㄒㄧㄥ-ㄒㄧㄠˇ-ㄇㄟˊ	赤星小梅	-6.60980192	acg
ㄔˋ-ㄧㄢˋ-ㄕㄣˊ-ㄐㄩ	赤焰神駒	-6.60980192	acg
ㄔˋ-ㄖㄜˋ-ㄧㄤˊ-ㄊㄞˊ	赤熱陽台	-6.60980192	acg
ㄔˋ-ㄩˋ-ㄇㄛˊ-ㄌㄨㄥˊ	赤獄魔龍	-6.60980192	acg
ㄔˋ-ㄧㄢˇ-ㄉㄜ˙-ㄕㄚ-ㄙㄚˋ	赤眼的沙薩	-6.17843815	acg
ㄔˋ-ㄏㄨㄥˊ-ㄇㄚˇ-ㄒㄧˋ-ㄊㄨㄢˊ	赤紅馬戲團	-6.17843815	acg
ㄔˋ-ㄧˋ	赤翼	-7.17149945	acg
ㄔˋ-ㄙㄜˋ-ㄓㄢˋ-ㄒㄧㄢˋ	赤色戰線	-6.60980192	acg
ㄔˋ-ㄒㄧ-ㄧㄥ-ㄌㄧˊ-ㄏㄨㄚˊ	赤西瑛梨華	-6.17843815	acg
ㄔˋ-ㄇㄚˇ-ㄌㄧㄥˊ-ㄦˊ	赤馬零兒	-6.60980192	acg
ㄔˋ-ㄇㄚˇ-ㄌㄧㄥˊ-ㄌㄨㄛˊ	赤馬零羅	-6.60980192	acg
ㄔˋ-ㄍㄨㄟˇ	赤鬼	-7.17149945	acg
ㄏㄜˋ-ㄑㄧㄡ-ㄌㄧˋ	赫丘利	-7.04116568	acg
ㄏㄜˋ-ㄎㄜˋ-ㄌㄧㄣˊ	赫克林	-7.04116568	acg
ㄏㄜˋ-ㄌㄧˋ-ㄡ-ㄊㄜˋ-ㄌㄨㄛˋ-ㄆㄨˇ-ㄈㄨˊ-ㄓㄡˋ	赫利歐特洛普符咒	-5.74707439	acg
ㄏㄜˋ-ㄌㄧˋ-ㄒㄧˊ-ㄇㄨˇ	赫力席母	-6.60980192	acg
ㄏㄜˋ-ㄎㄚˇ-ㄊㄜˋ-ㄐㄩ-ㄐㄧˊ-ㄅㄨˋ-ㄑㄧㄤ	赫卡特狙擊步槍	-5.74707439	acg
ㄏㄜˋ-ㄍㄨˇ-ㄅㄚ-ㄎㄨˋ	赫古巴庫	-6.60980192	acg
ㄏㄜˋ-ㄇㄧˋ-ㄕˋ-ㄈㄟ-ㄧㄚˇ	赫密士菲亞	-6.17843815	acg
ㄏㄜˋ-ㄌㄚ-ㄙㄣ	赫拉森	-7.04116568	acg
ㄏㄜˋ-ㄇㄧㄣˇ-ㄦˇ-ㄠˋ-ㄋㄧˊ	赫敏爾奧尼	-6.17843815	acg
ㄏㄜˋ-ㄍㄣ	赫根	-7.17149945	acg
ㄏㄜˋ-ㄅㄧˇ	赫比	-7.17149945	acg
ㄏㄜˋ-ㄦˇ-ㄅㄛˊ-ㄕˋ	赫爾博士	-6.60980192	acg
ㄏㄜˋ-ㄦˇ-ㄠˋ-ㄙ-ㄊㄚˇ	赫爾奧斯塔	-6.17843815	acg
ㄏㄜˋ-ㄦˇ-ㄇㄛˊ-ㄌㄤˊ-ㄕㄡˋ	赫爾魔狼獸	-6.17843815	acg
ㄏㄜˋ-ㄊㄜˋ	赫特	-7.17149945	acg
ㄏㄜˋ-ㄙㄞˋ-ㄉㄜˊ	赫賽德	-7.04116568	acg
ㄏㄜˋ-ㄌㄨˇ-ㄙ-ㄐㄧㄚ-ㄊㄞˊ-ㄉㄧˋ	赫魯斯加臺地	-5.74707439	acg
ㄑㄧˇ-ㄕˇ-ㄓ-ㄋㄩˇ	起始之女	-6.60980192	acg
ㄑㄧˇ-ㄕˇ-ㄓ-ㄋㄢˊ	起始之男	-6.60980192	acg
ㄑㄧˇ-ㄕˇ-ㄔㄥˊ-ㄓㄣˋ	起始城鎮	-6.60980192	acg
ㄑㄧˇ-ㄕˇ-ㄍㄤ-ㄉㄢˋ	起始鋼彈	-6.60980192	acg
ㄔㄠ-ㄑㄧ-ㄌㄨㄥˊ-ㄓㄨ-ㄧㄥ-ㄒㄩㄥˊ	超七龍珠英雄	-5.74707439	acg
ㄔㄠ-ㄌㄨㄢˋ-ㄉㄡˋ	超亂鬥	-7.04116568	acg
ㄔㄠ-ㄖㄣˊ-ㄑㄧ-ㄏㄠˋ	超人七號	-6.60980192	acg
ㄔㄠ-ㄖㄣˊ-ㄓ-ㄒㄧㄥ	超人之星	-6.60980192	acg
ㄔㄠ-ㄖㄣˊ-ㄒㄩㄥ-ㄉㄧ˙	超人兄弟	-6.60980192	acg
ㄔㄠ-ㄖㄣˊ-ㄌㄧˋ-ㄅㄚˋ-ㄨㄤˊ-ㄓ-ㄇㄨˇ	超人力霸王之母	-5.74707439	acg
ㄔㄠ-ㄖㄣˊ-ㄌㄧˋ-ㄅㄚˋ-ㄨㄤˊ-ㄓ-ㄈㄨˋ	超人力霸王之父	-5.74707439	acg
ㄔㄠ-ㄖㄣˊ-ㄌㄧˋ-ㄅㄚˋ-ㄨㄤˊ-ㄧㄚˇ-ㄍㄜˊ	超人力霸王亞格	-5.74707439	acg
ㄔㄠ-ㄖㄣˊ-ㄌㄧˋ-ㄅㄚˋ-ㄨㄤˊ-ㄐㄧㄝˊ-ㄎㄜˋ	超人力霸王傑克	-5.74707439	acg
ㄔㄠ-ㄖㄣˊ-ㄌㄧˋ-ㄅㄚˋ-ㄨㄤˊ-ㄐㄧㄝˊ-ㄙ	超人力霸王傑斯	-5.74707439	acg
ㄔㄠ-ㄖㄣˊ-ㄌㄧˋ-ㄅㄚˋ-ㄨㄤˊ-ㄐㄧㄝˊ-ㄌㄨㄛˋ	超人力霸王傑洛	-5.74707439	acg
ㄔㄠ-ㄖㄣˊ-ㄌㄧˋ-ㄅㄚˋ-ㄨㄤˊ-ㄐㄧㄝˊ-ㄊㄜˋ	超人力霸王傑特	-5.74707439	acg
ㄔㄠ-ㄖㄣˊ-ㄌㄧˋ-ㄅㄚˋ-ㄨㄤˊ-ㄐㄧㄝˊ-ㄋㄨㄛˋ	超人力霸王傑諾	-5.74707439	acg
ㄔㄠ-ㄖㄣˊ-ㄌㄧˋ-ㄅㄚˋ-ㄨㄤˊ-ㄔㄨㄢˊ-ㄑㄧˊ	超人力霸王傳奇	-5.74707439	acg
ㄔㄠ-ㄖㄣˊ-ㄌㄧˋ-ㄅㄚˋ-ㄨㄤˊ-ㄕㄥˋ-ㄌㄧˋ	超人力霸王勝利	-5.74707439	acg
ㄔㄠ-ㄖㄣˊ-ㄌㄧˋ-ㄅㄚˋ-ㄨㄤˊ-ㄕˇ-ㄎㄠˇ-ㄊㄜˋ	超人力霸王史考特	-5.74707439	acg
ㄔㄠ-ㄖㄣˊ-ㄌㄧˋ-ㄅㄚˋ-ㄨㄤˊ-ㄑㄧㄠˊ-ㄋㄧˊ-ㄧㄚˇ-ㄙ	超人力霸王喬尼亞斯	-5.74707439	acg
ㄔㄠ-ㄖㄣˊ-ㄌㄧˋ-ㄅㄚˋ-ㄨㄤˊ-ㄉㄚˋ-ㄏㄜˊ	超人力霸王大河	-5.74707439	acg
ㄔㄠ-ㄖㄣˊ-ㄌㄧˋ-ㄅㄚˋ-ㄨㄤˊ-ㄊㄞˋ-ㄌㄤˊ	超人力霸王太郎	-5.74707439	acg
ㄔㄠ-ㄖㄣˊ-ㄌㄧˋ-ㄅㄚˋ-ㄨㄤˊ-ㄔㄚˊ-ㄎㄜˋ	超人力霸王察克	-5.74707439	acg
ㄔㄠ-ㄖㄣˊ-ㄌㄧˋ-ㄅㄚˋ-ㄨㄤˊ-ㄗㄨㄣ-ㄨㄤˊ	超人力霸王尊王	-5.74707439	acg
ㄔㄠ-ㄖㄣˊ-ㄌㄧˋ-ㄅㄚˋ-ㄨㄤˊ-ㄅㄨˋ-ㄌㄟˊ-ㄙㄚˋ	超人力霸王布雷薩	-5.74707439	acg
ㄔㄠ-ㄖㄣˊ-ㄌㄧˋ-ㄅㄚˋ-ㄨㄤˊ-ㄒㄧ-ㄎㄚˇ-ㄌㄧˋ	超人力霸王希卡利	-5.74707439	acg
ㄔㄠ-ㄖㄣˊ-ㄌㄧˋ-ㄅㄚˋ-ㄨㄤˊ-ㄆㄚˋ-ㄨㄚˇ-ㄉㄜˊ	超人力霸王帕瓦德	-5.74707439	acg
ㄔㄠ-ㄖㄣˊ-ㄌㄧˋ-ㄅㄚˋ-ㄨㄤˊ-ㄉㄧˋ-ㄋㄚˋ	超人力霸王帝納	-5.74707439	acg
ㄔㄠ-ㄖㄣˊ-ㄌㄧˋ-ㄅㄚˋ-ㄨㄤˊ-ㄧㄥˇ-ㄗ˙	超人力霸王影子	-5.74707439	acg
ㄔㄠ-ㄖㄣˊ-ㄌㄧˋ-ㄅㄚˋ-ㄨㄤˊ-ㄇㄟˊ-ㄅㄧˇ-ㄙ	超人力霸王梅比斯	-5.74707439	acg
ㄔㄠ-ㄖㄣˊ-ㄌㄧˋ-ㄅㄚˋ-ㄨㄤˊ-ㄓㄥˋ-ㄧˋ	超人力霸王正義	-5.74707439	acg
ㄔㄠ-ㄖㄣˊ-ㄌㄧˋ-ㄅㄚˋ-ㄨㄤˊ-ㄋㄢˊ-ㄏㄞˊ	超人力霸王男孩	-5.74707439	acg
ㄔㄠ-ㄖㄣˊ-ㄌㄧˋ-ㄅㄚˋ-ㄨㄤˊ-ㄆㄧˊ-ㄎㄜˋ-ㄊㄜˋ	超人力霸王皮克特	-5.74707439	acg
ㄔㄠ-ㄖㄣˊ-ㄌㄧˋ-ㄅㄚˋ-ㄨㄤˊ-ㄒㄧˋ-ㄌㄧㄝˋ	超人力霸王系列	-5.74707439	acg
ㄔㄠ-ㄖㄣˊ-ㄌㄧˋ-ㄅㄚˋ-ㄨㄤˊ-ㄋㄚˋ-ㄎㄜˋ-ㄙ	超人力霸王納克斯	-5.74707439	acg
ㄔㄠ-ㄖㄣˊ-ㄌㄧˋ-ㄅㄚˋ-ㄨㄤˊ-ㄌㄨㄛˊ-ㄅㄨˋ	超人力霸王羅布	-5.74707439	acg
ㄔㄠ-ㄖㄣˊ-ㄌㄧˋ-ㄅㄚˋ-ㄨㄤˊ-ㄋㄞˋ-ㄙ	超人力霸王耐斯	-5.74707439	acg
ㄔㄠ-ㄖㄣˊ-ㄌㄧˋ-ㄅㄚˋ-ㄨㄤˊ-ㄍㄜˇ-ㄌㄟˊ	超人力霸王葛雷	-5.74707439	acg
ㄔㄠ-ㄖㄣˊ-ㄌㄧˋ-ㄅㄚˋ-ㄨㄤˊ-ㄍㄞˋ-ㄧㄚˇ	超人力霸王蓋亞	-5.74707439	acg
ㄔㄠ-ㄖㄣˊ-ㄌㄧˋ-ㄅㄚˋ-ㄨㄤˊ-ㄨㄟˋ-ㄙ	超人力霸王衛司	-5.74707439	acg
ㄔㄠ-ㄖㄣˊ-ㄌㄧˋ-ㄅㄚˋ-ㄨㄤˊ-ㄋㄨㄛˋ-ㄧㄚˇ	超人力霸王諾亞	-5.74707439	acg
ㄔㄠ-ㄖㄣˊ-ㄌㄧˋ-ㄅㄚˋ-ㄨㄤˊ-ㄅㄟˋ-ㄌㄧˋ-ㄦˇ	超人力霸王貝利爾	-5.74707439	acg
ㄔㄠ-ㄖㄣˊ-ㄌㄧˋ-ㄅㄚˋ-ㄨㄤˊ-ㄔㄠ-ㄉㄡˋ-ㄕˋ-ㄐㄧ-ㄔㄨㄢˊ	超人力霸王超鬥士激傳	-5.74707439	acg
ㄔㄠ-ㄖㄣˊ-ㄌㄧˋ-ㄅㄚˋ-ㄨㄤˊ-ㄉㄧˊ-ㄎㄚˇ	超人力霸王迪卡	-5.74707439	acg
ㄔㄠ-ㄖㄣˊ-ㄌㄧˋ-ㄅㄚˋ-ㄨㄤˊ-ㄧㄣˊ-ㄏㄜˊ	超人力霸王銀河	-5.74707439	acg
ㄔㄠ-ㄖㄣˊ-ㄌㄧˋ-ㄅㄚˋ-ㄨㄤˊ-ㄧㄣˊ-ㄏㄜˊ-ㄕㄥˋ-ㄌㄧˋ	超人力霸王銀河勝利	-5.74707439	acg
ㄔㄠ-ㄖㄣˊ-ㄌㄧˋ-ㄅㄚˋ-ㄨㄤˊ-ㄧㄣˊ-ㄏㄜˊ-ㄉㄚˋ-ㄓㄢˋ	超人力霸王銀河大戰	-5.74707439	acg
ㄔㄠ-ㄖㄣˊ-ㄌㄧˋ-ㄅㄚˋ-ㄨㄤˊ-ㄧㄚˇ-ㄎㄜˋ	超人力霸王雅克	-5.74707439	acg
ㄔㄠ-ㄖㄣˊ-ㄌㄧˋ-ㄅㄚˋ-ㄨㄤˊ-ㄌㄟˊ-ㄐㄧㄝˊ	超人力霸王雷傑	-5.74707439	acg
ㄔㄠ-ㄖㄣˊ-ㄌㄧˋ-ㄅㄚˋ-ㄨㄤˊ-ㄌㄟˊ-ㄎㄜˋ-ㄌㄨㄛˋ-ㄙ	超人力霸王雷克洛斯	-5.74707439	acg
ㄔㄠ-ㄖㄣˊ-ㄌㄧˋ-ㄅㄚˋ-ㄨㄤˊ-ㄌㄟˊ-ㄡ	超人力霸王雷歐	-5.74707439	acg
ㄔㄠ-ㄖㄣˊ-ㄌㄧˋ-ㄅㄚˋ-ㄨㄤˊ-ㄌㄟˊ-ㄡ-ㄙ	超人力霸王雷歐斯	-5.74707439	acg
ㄔㄠ-ㄖㄣˊ-ㄌㄧˋ-ㄅㄚˋ-ㄨㄤˊ-ㄇㄚˇ-ㄎㄜˋ-ㄙ	超人力霸王馬克斯	-5.74707439	acg
ㄔㄠ-ㄖㄣˊ-ㄌㄧˋ-ㄅㄚˋ-ㄨㄤˊ-ㄍㄠ-ㄙ	超人力霸王高斯	-5.74707439	acg
ㄔㄠ-ㄖㄣˊ-ㄉㄚˋ-ㄓㄢˋ-ㄕˊ-ㄗˋ-ㄐㄩㄣ-ㄊㄨㄢˊ	超人大戰十字軍團	-5.74707439	acg
ㄔㄠ-ㄖㄣˊ-ㄊㄜˋ-ㄍㄨㄥ-ㄩˇ-ㄍㄤ-ㄊㄧㄝˇ-ㄖㄣˊ	超人特攻與鋼鐵人	-5.74707439	acg
ㄔㄠ-ㄖㄣˊ-ㄊㄜˋ-ㄍㄨㄥ-ㄉㄨㄟˋ	超人特攻隊	-6.17843815	acg
ㄔㄠ-ㄖㄣˊ-ㄨㄤˊ-ㄔㄠˊ	超人王朝	-6.60980192	acg
ㄔㄠ-ㄖㄣˊ-ㄉㄧˋ-ㄙㄢ-ㄐㄧˊ	超人第三集	-6.17843815	acg
ㄔㄠ-ㄖㄣˊ-ㄉㄧˋ-ㄦˋ-ㄐㄧˊ	超人第二集	-6.17843815	acg
ㄔㄠ-ㄓˊ-ㄅㄢˇ	超值版	-7.04116568	acg
ㄔㄠ-ㄅㄧㄥ-ㄐㄧ-ㄍㄨㄢ	超兵機關	-6.60980192	acg
ㄔㄠ-ㄏㄜˊ-ㄓㄨㄥˋ-ㄍㄨㄛˊ-ㄗㄨㄟˋ-ㄍㄠ-ㄧˋ-ㄏㄨㄟˋ	超合眾國最高議會	-5.74707439	acg
ㄔㄠ-ㄍㄜ	超哥	-7.17149945	acg
ㄔㄠ-ㄇㄥˋ	超夢	-7.17149945	acg
ㄔㄠ-ㄇㄥˋ-ㄉㄜ˙-ㄋㄧˋ-ㄒㄧˊ	超夢的逆襲	-6.17843815	acg
ㄔㄠ-ㄇㄥˋ-ㄐㄩㄝˊ-ㄒㄧㄥˇ	超夢覺醒	-6.60980192	acg
ㄔㄠ-ㄉㄚˋ-ㄒㄧㄥˊ-ㄔㄨㄟˊ-ㄇㄠˊ	超大型鎚矛	-6.17843815	acg
ㄔㄠ-ㄅㄟ-ㄍㄨㄢ-ㄨㄣˊ	超悲觀蚊	-6.60980192	acg
ㄔㄠ-ㄜˋ-ㄇㄛˊ-ㄕㄡˋ	超惡魔獸	-6.60980192	acg
ㄔㄠ-ㄜˋ-ㄇㄛˊ-ㄕㄡˋ-ㄉㄜ˙-ㄈㄢˇ-ㄐㄧˊ	超惡魔獸的反擊	-5.74707439	acg
ㄔㄠ-ㄕˊ-ㄎㄨㄥ-ㄓ-ㄧㄠˋ-ㄒㄧˋ-ㄌㄧㄝˋ	超時空之鑰系列	-5.74707439	acg
ㄔㄠ-ㄕˊ-ㄎㄨㄥ-ㄅㄠˇ-ㄇㄨˇ	超時空保姆	-6.17843815	acg
ㄔㄠ-ㄕˊ-ㄎㄨㄥ-ㄅㄛˊ-ㄕˋ	超時空博士	-6.17843815	acg
ㄔㄠ-ㄕˊ-ㄎㄨㄥ-ㄕㄨㄞˇ-ㄨㄟˇ	超時空甩尾	-6.17843815	acg
ㄔㄠ-ㄕˊ-ㄎㄨㄥ-ㄐㄧㄣˋ-ㄏㄨㄚˋ	超時空進化	-6.17843815	acg
ㄔㄠ-ㄕˊ-ㄎㄨㄥ-ㄑㄧˊ-ㄅㄧㄥ	超時空騎兵	-6.17843815	acg
ㄔㄠ-ㄏㄞˇ-ㄌㄨㄥˊ-ㄕㄡˋ	超海龍獸	-6.60980192	acg
ㄔㄠ-ㄐㄧ-ㄌㄧˋ-ㄓㄢˋ-ㄉㄡˋ-ㄔㄜ	超激力戰鬥車	-5.74707439	acg
ㄔㄠ-ㄖㄜˋ-ㄌㄧˋ-ㄓㄨㄟ-ㄑㄧˋ	超熱力追緝	-6.17843815	acg
ㄔㄠ-ㄧˋ-ㄩˋ-ㄍㄨㄥ-ㄓㄨˇ-ㄌㄧㄢˊ-ㄐㄧㄝˊ	超異域公主連結	-5.74707439	acg
ㄔㄠ-ㄧˋ-ㄒㄧㄤˋ-ㄓ-ㄇㄧˊ	超異象之謎	-6.17843815	acg
ㄔㄠ-ㄓˊ-ㄍㄢˇ	超直感	-7.04116568	acg
ㄔㄠ-ㄧㄥˋ-ㄓˊ-ㄖㄣˋ	超硬質刃	-6.60980192	acg
ㄔㄠ-ㄕㄣˊ-ㄐㄩˋ-ㄌㄨㄥˊ	超神巨龍	-6.60980192	acg
ㄔㄠ-ㄕㄣˊ-ㄓㄢˋ-ㄕˋ-ㄐㄩㄣ	超神戰士軍	-6.17843815	acg
ㄔㄠ-ㄐㄧˊ-ㄒㄧㄢ-ㄈㄥ	超級先鋒	-6.60980192	acg
ㄔㄠ-ㄐㄧˊ-ㄐㄧㄢˋ-ㄏㄠˊ-ㄔㄨㄢˊ	超級劍豪傳	-6.17843815	acg
ㄔㄠ-ㄐㄧˊ-ㄕˋ-ㄔㄤˊ-ㄑㄩㄢˋ	超級室長券	-6.17843815	acg
ㄔㄠ-ㄐㄧˊ-ㄒㄧㄠˇ-ㄊㄡ	超級小偷	-6.60980192	acg
ㄔㄠ-ㄐㄧˊ-ㄐㄩˋ-ㄒㄧㄥ	超級巨星	-6.60980192	acg
ㄔㄠ-ㄐㄧˊ-ㄎㄨㄞˋ-ㄆㄠˇ-ㄧㄚ	超級快跑鴨	-6.17843815	acg
ㄔㄠ-ㄐㄧˊ-ㄕㄡˇ-ㄓˇ-ㄑㄧㄠˊ	超級手指喬	-6.17843815	acg
ㄔㄠ-ㄐㄧˊ-ㄗㄨㄟˋ-ㄑㄧㄢˊ-ㄒㄧㄢˋ	超級最前線	-6.17843815	acg
ㄔㄠ-ㄐㄧˊ-ㄌㄧㄝˋ-ㄎㄨㄥ-ㄗㄨㄛˋ	超級烈空坐	-6.17843815	acg
ㄔㄠ-ㄐㄧˊ-ㄨˊ-ㄉㄧˊ-ㄑㄧㄝ-ㄍㄜ-ㄍㄨㄞˋ	超級無敵切割怪	-5.74707439	acg
ㄔㄠ-ㄐㄧˊ-ㄨˊ-ㄉㄧˊ-ㄌㄧˋ-ㄏㄞˋ-ㄆㄨ-ㄎㄜˋ-ㄆㄞˊ	超級無敵厲害撲克牌	-5.74707439	acg
ㄔㄠ-ㄐㄧˊ-ㄇㄚˇ-ㄌㄧˋ-ㄡ-ㄌㄜˋ-ㄩㄢˊ	超級瑪俐歐樂園	-5.74707439	acg
ㄔㄠ-ㄐㄧˊ-ㄇㄚˇ-ㄌㄧˋ-ㄡ-ㄔㄨㄤˋ-ㄗㄨㄛˋ-ㄐㄧㄚ	超級瑪利歐創作家	-5.74707439	acg
ㄔㄠ-ㄐㄧˊ-ㄇㄚˇ-ㄌㄧˋ-ㄡ-ㄆㄞˋ-ㄉㄨㄟˋ	超級瑪利歐派對	-5.74707439	acg
ㄔㄠ-ㄐㄧˊ-ㄇㄚˇ-ㄌㄧˋ-ㄡ-ㄎㄨˋ-ㄆㄠˇ	超級瑪利歐酷跑	-5.74707439	acg
ㄔㄠ-ㄐㄧˊ-ㄇㄚˇ-ㄌㄧˋ-ㄡ-ㄧㄣˊ-ㄏㄜˊ	超級瑪利歐銀河	-5.74707439	acg
ㄔㄠ-ㄐㄧˊ-ㄧㄥ-ㄒㄩㄥˊ-ㄇㄠˋ-ㄒㄧㄢˇ	超級英雄冒險	-5.74707439	acg
ㄔㄠ-ㄐㄧˊ-ㄧㄥ-ㄒㄩㄥˊ-ㄋㄩˇ-ㄏㄞˊ	超級英雄女孩	-5.74707439	acg
ㄔㄠ-ㄐㄧˊ-ㄍㄞˋ-ㄧ-ㄖㄣˊ	超級蓋伊人	-6.17843815	acg
ㄔㄠ-ㄐㄧˊ-ㄅㄧㄢ-ㄈㄨˊ-ㄔㄜ	超級蝙蝠車	-6.17843815	acg
ㄔㄠ-ㄐㄧˊ-ㄙㄞˋ-ㄧㄚˇ-ㄖㄣˊ-ㄙˋ	超級賽亞人四	-5.74707439	acg
ㄔㄠ-ㄐㄧˊ-ㄙㄞˋ-ㄧㄚˇ-ㄖㄣˊ-ㄙˋ-ㄨˋ-ㄉㄚˊ-ㄦˇ	超級賽亞人四悟達爾	-5.74707439	acg
ㄔㄠ-ㄐㄧˊ-ㄧㄣˊ-ㄏㄜˊ-ㄉㄚˋ-ㄍㄨㄞˋ-ㄕㄡˋ-ㄍㄜˊ-ㄉㄡˋ	超級銀河大怪獸格鬥	-5.74707439	acg
ㄔㄠ-ㄐㄧˊ-ㄏㄟ-ㄢˋ-ㄕㄚ-ㄕㄡˇ	超級黑暗殺手	-5.74707439	acg
ㄔㄠ-ㄐㄩㄝˊ-ㄋㄥˊ-ㄌㄧㄤˋ-ㄊㄢˊ	超絕能量彈	-6.17843815	acg
ㄔㄠ-ㄓㄜˇ-ㄌㄞˊ-ㄊㄧㄥ	超者萊汀	-6.60980192	acg
ㄔㄠ-ㄋㄥˊ-ㄋㄩˇ-ㄏㄞˊ	超能女孩	-6.60980192	acg
ㄔㄠ-ㄋㄥˊ-ㄒㄧㄠˇ-ㄇㄥˊ-ㄍㄨㄞˋ	超能小萌怪	-6.17843815	acg
ㄔㄠ-ㄋㄥˊ-ㄒㄧㄠˇ-ㄇㄚˇ	超能小馬	-6.60980192	acg
ㄔㄠ-ㄋㄥˊ-ㄇㄠ	超能貓	-7.04116568	acg
ㄔㄠ-ㄋㄥˊ-ㄐㄩˋ-ㄈㄥ	超能颶風	-6.60980192	acg
ㄔㄠ-ㄩㄝˋ-ㄕˊ-ㄎㄨㄥ-ㄉㄜ˙-ㄕㄠˋ-ㄋㄧㄢˊ-ㄌㄧㄝˋ-ㄖㄣˊ-ㄇㄣˊ	超越時空的少年獵人們	-5.74707439	acg
ㄔㄠ-ㄗㄞˋ-ㄐㄧㄥˋ-ㄐㄧㄝˋ	超載境界	-6.60980192	acg
ㄔㄠ-ㄓㄨㄢˇ-ㄙㄨˋ-ㄌㄧㄥˇ-ㄩˋ	超轉速領域	-6.17843815	acg
ㄔㄠ-ㄎㄨˋ-ㄉㄚˋ-ㄩㄝˋ-ㄊㄨㄢˊ	超酷大樂團	-6.17843815	acg
ㄔㄠ-ㄒㄧㄢˋ-ㄑㄧˊ-ㄓˋ-ㄕˋ	超限旗幟式	-6.17843815	acg
ㄔㄠ-ㄒㄧㄢˋ-ㄑㄧˊ-ㄓˋ-ㄅㄨˋ-ㄉㄨㄟˋ	超限旗幟部隊	-5.74707439	acg
ㄔㄠ-ㄉㄧㄢˋ-ㄘˊ-ㄆㄠˋ	超電磁砲	-6.60980192	acg
ㄔㄠ-ㄧㄣ-ㄈㄨˊ	超音蝠	-7.04116568	acg
ㄔㄠ-ㄉㄧㄥˇ-ㄐㄧˊ-ㄇㄛˊ-ㄕˋ	超頂極模式	-6.17843815	acg
ㄩㄝˋ-ㄋㄢˊ-ㄉㄚˋ-ㄓㄢˋ	越南大戰	-6.60980192	acg
ㄩㄝˋ-ㄕㄨㄟˇ-ㄑㄧ-ㄍㄨㄟ	越水七槻	-6.60980192	acg
ㄩㄝˋ-ㄧㄝˇ-ㄒㄧㄚˋ-ㄗˇ	越野夏子	-6.60980192	acg
ㄩㄝˋ-ㄧㄝˇ-ㄐㄧㄥ-ㄧㄥ-ㄙㄞˋ	越野菁英賽	-6.17843815	acg
ㄓㄠˋ-ㄎㄨㄟˊ-ㄏㄨㄢˋ	趙奎奐	-7.04116568	acg
ㄑㄩˋ-ㄍㄨㄞˋ-ㄕㄡˇ-ㄏㄨˋ-ㄒㄧㄢ	趣怪守護仙	-6.17843815	acg
ㄓˇ-ㄒㄧㄢˊ	趾鹹	-7.17149945	acg
ㄆㄠˇ-ㄆㄠˇ-ㄈㄟ-ㄊㄧㄢ-ㄔㄜ	跑跑飛天車	-6.17843815	acg
ㄆㄠˇ-ㄔㄜ-ㄌㄤˋ-ㄇㄢˋ-ㄌㄩˇ	跑車浪漫旅	-6.17843815	acg
ㄍㄣ-ㄉㄡˇ-ㄩㄣˊ	跟斗雲	-7.04116568	acg
ㄍㄣ-ㄅㄢ-ㄦˋ-ㄖㄣˊ-ㄗㄨˇ	跟班二人組	-6.17843815	acg
ㄍㄣ-ㄙㄨㄟˊ-ㄓㄜˇ	跟隨者	-7.04116568	acg
ㄌㄨˋ-ㄎㄜˋ-ㄒㄧ-ㄌㄟˊ	路克西雷	-6.60980192	acg
ㄌㄨˋ-ㄎㄚˇ-ㄌㄧˋ-ㄡ	路卡利歐	-6.60980192	acg
ㄌㄨˋ-ㄎㄚˇ-ㄦˇ	路卡爾	-7.04116568	acg
ㄌㄨˋ-ㄎㄚˇ-ㄉㄧˋ-ㄑㄧˇ-ㄔㄥˊ	路卡的啟程	-6.17843815	acg
ㄌㄨˋ-ㄎㄚˇ-ㄉㄧˋ-ㄒㄧㄚˋ-ㄊㄧㄢ	路卡的夏天	-6.17843815	acg
ㄌㄨˋ-ㄒㄧ-ㄙ	路希斯	-7.04116568	acg
ㄌㄨˋ-ㄉㄜˊ-ㄙ-ㄏㄨˊ	路德斯湖	-6.60980192	acg
ㄌㄨˋ-ㄉㄜˊ-ㄕㄡˋ	路德獸	-7.04116568	acg
ㄌㄨˋ-ㄧˋ-ㄐㄧˊ-ㄧㄤˊ-ㄌㄡˊ	路易吉洋樓	-6.17843815	acg
ㄌㄨˋ-ㄧˋ-ㄙ-ㄈㄨ-ㄖㄣˊ	路易斯夫人	-6.17843815	acg
ㄌㄨˋ-ㄒㄧㄝ	路歇	-7.17149945	acg
ㄌㄨˋ-ㄒㄧㄝ-ㄦˇ	路歇爾	-7.04116568	acg
ㄌㄨˋ-ㄋㄧㄝˋ-ㄙ	路涅斯	-7.04116568	acg
ㄌㄨˋ-ㄙㄜˋ	路瑟	-7.17149945	acg
ㄌㄨˋ-ㄑㄩㄥˊ	路瓊	-7.17149945	acg
ㄌㄨˋ-ㄒㄧ-ㄣ	路西恩	-7.04116568	acg
ㄌㄨˋ-ㄒㄧ-ㄈㄟ-ㄦˇ	路西菲爾	-6.60980192	acg
ㄊㄧㄠˋ-ㄊㄞˋ	跳太	-7.17149945	acg
ㄊㄧㄠˋ-ㄧㄞˊ-ㄓㄜˇ	跳崖者	-7.04116568	acg
ㄊㄧㄠˋ-ㄗㄠˇ-ㄊㄨㄢˊ-ㄓㄤˇ	跳蚤團長	-6.60980192	acg
ㄊㄧㄠˋ-ㄊㄧㄠˋ-ㄏㄨ-ㄌㄧˋ-ㄒㄧㄢˇ-ㄐㄧˋ	跳跳虎歷險記	-5.74707439	acg
ㄊㄧㄠˋ-ㄩㄝˋ-ㄑㄧㄤˊ-ㄏㄨㄚˋ	跳躍強化	-6.60980192	acg
ㄊㄧㄠˋ-ㄩㄝˋ-ㄊㄢˊ	跳躍彈	-7.04116568	acg
ㄊㄧㄠˋ-ㄩㄝˋ-ㄓㄜˇ-ㄏㄠˋ	跳躍者號	-6.60980192	acg
ㄊㄧ-ㄑㄧㄡˊ-ㄅㄧˇ-ㄙㄞˋ	踢球比賽	-6.60980192	acg
ㄊㄧ-ㄆㄧㄥˊ-ㄍㄨㄛˇ-ㄐㄧˋ	踢蘋果季	-6.60980192	acg
ㄊㄧ-ㄏㄨㄤˊ	踢蝗	-7.17149945	acg
ㄊㄧ-ㄊㄧ-ㄕㄡˋ	踢踢獸	-7.04116568	acg
ㄖㄡˊ-ㄌㄧㄣˋ-ㄓㄜˇ	蹂躪者	-7.04116568	acg
ㄩㄝˋ-ㄉㄨㄥˋ-ㄔㄨㄥ-ㄈㄥ	躍動衝鋒	-6.60980192	acg
ㄔㄜ-ㄏㄞˇ-ㄧㄣˋ	車海印	-7.04116568	acg
ㄔㄜ-ㄓㄢˋ-ㄓㄢˋ-ㄩㄢˊ	車站站員	-6.60980192	acg
ㄔㄜ-ㄋㄨㄛˋ-ㄅㄧˇ-ㄓ-ㄧㄥˇ	車諾比之影	-6.17843815	acg
ㄔㄜ-ㄌㄨㄣˊ-ㄒㄩㄢˊ-ㄓㄨㄢˇ-ㄐㄧㄣ-ㄍㄤ-ㄈㄟ-ㄑㄩㄢˊ	車輪旋轉金剛飛拳	-5.74707439	acg
ㄍㄨㄟˇ-ㄉㄠˋ-ㄒㄧㄥˊ	軌道型	-7.04116568	acg
ㄍㄨㄟˇ-ㄉㄠˋ-ㄉㄧㄢˋ-ㄊㄧ	軌道電梯	-6.60980192	acg
ㄐㄩㄣ-ㄉㄠ-ㄒㄧㄠˇ-ㄉㄨㄟˋ	軍刀小隊	-6.60980192	acg
ㄐㄩㄣ-ㄨˇ-ㄎㄜ-ㄐㄧˋ	軍武科技	-6.60980192	acg
ㄐㄩㄣ-ㄏㄨㄛˇ-ㄓ-ㄨㄤˊ	軍火之王	-6.60980192	acg
ㄐㄩㄣ-ㄩㄥˋ-ㄐㄧˊ-ㄆㄨˇ-ㄔㄜ	軍用吉普車	-6.17843815	acg
ㄐㄩㄣ-ㄌㄧㄣˊ-ㄊㄧㄢ-ㄒㄧㄚˋ	軍臨天下	-6.60980192	acg
ㄒㄩㄢ-ㄩㄢˊ-ㄕˊ-ㄙˋ-ㄑㄧㄝˊ-ㄇㄚˇ-ㄕㄡˋ	軒轅十四伽馬獸	-5.74707439	acg
ㄒㄩㄢ-ㄩㄢˊ-ㄕˊ-ㄙˋ-ㄕㄡˋ	軒轅十四獸	-6.17843815	acg
ㄖㄨㄢˇ-ㄖㄨㄢˇ-ㄆㄨ-ㄋㄧˊ-ㄔㄨㄥˇ-ㄨˋ-ㄒㄧㄠˇ-ㄐㄧㄥ-ㄌㄧㄥˊ	軟軟噗尼寵物小精靈	-5.74707439	acg
ㄖㄨㄢˇ-ㄊㄧˇ-ㄕˋ-ㄐㄧㄝˋ	軟體世界	-6.60980192	acg
ㄈㄨˇ-ㄉㄠˇ-ㄧㄥˋ-ㄩㄥˋ-ㄔㄥˊ-ㄒㄩˋ	輔導應用程序	-5.74707439	acg
ㄑㄧㄥ-ㄅㄛˊ-ㄉㄜ˙-ㄐㄧㄚˇ-ㄒㄧㄤˋ	輕薄的假象	-6.17843815	acg
ㄑㄧㄥ-ㄙㄨㄥ-ㄅㄞˇ-ㄏㄜˊ	輕鬆百合	-6.60980192	acg
ㄏㄨㄟ-ㄦˊ	輝兒	-7.17149945	acg
ㄏㄨㄟ-ㄧㄝˋ-ㄐㄧ-ㄒㄧㄤˇ-ㄖㄤˋ-ㄖㄣˊ-ㄍㄠˋ-ㄅㄞˊ	輝夜姬想讓人告白	-5.74707439	acg
ㄏㄨㄟ-ㄧㄠˋ-ㄐㄧ-ㄨˋ-ㄩˇ	輝耀姬物語	-6.17843815	acg
ㄌㄨㄣˊ-ㄐㄧㄝˊ	輪傑	-7.17149945	acg
ㄌㄨㄣˊ-ㄖㄨˋ-ㄉㄠˋ	輪入道	-7.04116568	acg
ㄌㄨㄣˊ-ㄉㄠˇ-ㄐㄩㄣ-ㄗˇ	輪島君子	-6.60980192	acg
ㄌㄨㄣˊ-ㄉㄠˇ-ㄅㄚ	輪島巴	-7.04116568	acg
ㄌㄨㄣˊ-ㄨㄛ	輪渦	-7.17149945	acg
ㄌㄨㄣˊ-ㄏㄨㄟˊ-ㄕㄡˋ	輪迴獸	-7.04116568	acg
ㄩˊ-ㄕㄨㄟˇ-ㄒㄧㄥˋ-ㄗˇ	輿水幸子	-6.60980192	acg
ㄓㄨㄢˇ-ㄧㄣˋ	轉印	-7.17149945	acg
ㄓㄨㄢˇ-ㄕㄥ-ㄕˋ-ㄏㄜˊ-ㄇㄨˇ-ㄨㄟˊ-ㄐㄧㄝˊ	轉生式荷姆薇潔	-5.74707439	acg
ㄏㄨㄥ-ㄒㄧㄡ-ㄉㄡˇ	轟修斗	-7.04116568	acg
ㄏㄨㄥ-ㄊㄧㄢ-ㄍㄠ-ㄒㄧㄠˋ-ㄕㄥ	轟天高校生	-6.17843815	acg
ㄏㄨㄥ-ㄐㄧˊ-ㄐㄧㄢˋ	轟擊劍	-7.04116568	acg
ㄏㄨㄥ-ㄐㄧˊ-ㄒㄧㄥˊ-ㄨㄞˋ-ㄍㄨㄚˋ-ㄓㄨㄤ-ㄅㄟˋ	轟擊型外掛裝備	-5.74707439	acg
ㄏㄨㄥ-ㄐㄧˊ-ㄒㄧㄥˊ-ㄊㄨㄟ-ㄐㄧㄣˋ-ㄑㄧˋ	轟擊型推進器	-5.74707439	acg
ㄏㄨㄥ-ㄐㄧˊ-ㄒㄧㄥˊ-ㄇㄞˋ-ㄔㄨㄥ-ㄍㄤ-ㄉㄢˋ	轟擊型脈衝鋼彈	-5.74707439	acg
ㄏㄨㄥ-ㄐㄧˊ-ㄉㄚˋ-ㄕ-ㄐㄧㄝˊ-ㄍㄤ	轟擊大師傑鋼	-5.74707439	acg
ㄏㄨㄥ-ㄓㄚˋ-ㄊㄢˊ-ㄌㄧˋ-ㄑㄧㄡˊ	轟炸彈力球	-6.17843815	acg
ㄏㄨㄥ-ㄓㄚˋ-ㄌㄟˊ-ㄊㄞˊ	轟炸擂台	-6.60980192	acg
ㄏㄨㄥ-ㄓㄚˋ-ㄔㄠ-ㄖㄣˊ	轟炸超人	-6.60980192	acg
ㄏㄨㄥ-ㄓㄚˋ-ㄌㄧㄥˇ-ㄩˋ	轟炸領域	-6.60980192	acg
ㄆㄟˋ-ㄊㄧㄢˊ-ㄓㄣ-ㄐㄧˋ	轡田真紀	-6.60980192	acg
ㄒㄧㄣ-ㄎㄜˋ-ㄌㄟˇ-ㄧㄚˇ	辛克蕾亞	-6.60980192	acg
ㄒㄧㄣ-ㄎㄚˇ	辛卡	-7.17149945	acg
ㄒㄧㄣ-ㄐㄧˊ-ㄇㄧˇ	辛吉米	-7.04116568	acg
ㄒㄧㄣ-ㄣ	辛恩	-7.17149945	acg
ㄒㄧㄣ-ㄌㄚ-ㄉㄥ	辛拉登	-7.04116568	acg
ㄒㄧㄣ-ㄆㄨˇ-ㄙㄣ-ㄐㄧㄚ-ㄊㄧㄥˊ-ㄉㄧㄢˋ-ㄧㄥˇ-ㄅㄢˇ	辛普森家庭電影版	-5.74707439	acg
ㄒㄧㄣ-ㄉㄨㄛˇ-ㄌㄧˋ	辛朵莉	-7.04116568	acg
ㄒㄧㄣ-ㄧㄥˊ	辛盈	-7.17149945	acg
ㄒㄧㄣ-ㄙㄞˋ-ㄒㄧ-ㄙ	辛賽西斯	-6.60980192	acg
ㄌㄚˋ-ㄇㄟˋ-ㄍㄠ-ㄒㄧㄠˋ-ㄕㄥ	辣妹高校生	-6.17843815	acg
ㄅㄢˋ-ㄍㄨㄥ-ㄕˋ-ㄍㄨㄥ-ㄈㄤˊ	辦公室攻防	-6.17843815	acg
ㄘˊ-ㄉㄧㄢˇ-ㄕㄡˋ	辭典獸	-7.04116568	acg
ㄔㄣˊ-ㄧˇ	辰已	-7.17149945	acg
ㄔㄣˊ-ㄙˋ-ㄉㄚˋ-ㄈㄨˇ	辰巳大輔	-6.60980192	acg
ㄋㄨㄥˊ-ㄉㄚˋ-ㄐㄩㄣˋ-ㄨˋ-ㄩˇ	農大菌物語	-6.17843815	acg
ㄕˊ-ㄖㄣˊ-ㄊㄞˋ-ㄌㄤˊ	辻仁太郎	-6.60980192	acg
ㄕˊ-ㄏㄨㄥˊ-ㄕㄨˋ	辻弘樹	-7.04116568	acg
ㄕˊ-ㄅㄣˇ-ㄒㄧㄚˋ-ㄈㄢˊ	辻本夏帆	-6.60980192	acg
ㄕˊ-ㄧㄝˇ-ㄓㄨ-ㄌㄧˇ	辻野朱里	-6.60980192	acg
ㄕˊ-ㄙˋ-ㄐㄧㄤ-ㄒㄧㄤ	辻飼姜香	-6.60980192	acg
ㄉㄚˊ-ㄦˇ-ㄇㄛˋ	达尔默	-7.04116568	acg
ㄒㄩㄣˋ-ㄧㄡˊ-ㄎㄜ-ㄐㄧˋ	迅遊科技	-6.60980192	acg
ㄒㄩㄣˋ-ㄌㄟˊ-ㄒㄧㄢ-ㄈㄥ	迅雷先鋒	-6.60980192	acg
ㄐㄧㄣˋ-ㄓㄢˋ-ㄨˇ-ㄑㄧˋ-ㄗㄨˇ-ㄏㄜˊ-ㄅㄠ	近戰武器組合包	-5.74707439	acg
ㄐㄧㄣˋ-ㄓㄢˋ-ㄨˇ-ㄑㄧˋ-ㄕㄜˋ-ㄐㄧˋ-ㄊㄨˊ	近戰武器設計圖	-5.74707439	acg
ㄐㄧㄣˋ-ㄓㄢˋ-ㄨˇ-ㄑㄧˋ-ㄌㄟˋ	近戰武器類	-6.17843815	acg
ㄐㄧㄣˋ-ㄊㄥˊ-ㄩㄥˇ-ㄔㄥˊ	近藤勇誠	-6.60980192	acg
ㄐㄧㄣˋ-ㄊㄥˊ-ㄧㄢˊ	近藤嚴	-7.04116568	acg
ㄐㄧㄣˋ-ㄊㄥˊ-ㄇㄧㄠˋ-ㄗˇ	近藤妙子	-6.60980192	acg
ㄐㄧㄣˋ-ㄊㄥˊ-ㄐㄧㄠˋ-ㄕㄡˋ	近藤教授	-6.60980192	acg
ㄐㄧㄣˋ-ㄨㄟˋ-ㄇㄟˇ-ㄋㄞˋ	近衛美奈	-6.60980192	acg
ㄐㄧㄚ-ㄐㄩˋ-ㄉㄡ-ㄒㄩㄢˊ-ㄕˋ	迦具都玄示	-6.17843815	acg
ㄐㄧㄚ-ㄠˋ-ㄕㄡˋ	迦奧獸	-7.04116568	acg
ㄐㄧㄚ-ㄠˋ-ㄐㄧㄚ-ㄕㄡˋ	迦奧迦獸	-6.60980192	acg
ㄐㄧㄚ-ㄌㄚ	迦拉	-7.17149945	acg
ㄐㄧㄚ-ㄉㄧˊ-ㄙ	迦迪斯	-7.04116568	acg
ㄉㄧˊ-ㄧㄚˇ-ㄅㄟˋ-ㄦˇ	迪亞貝爾	-6.60980192	acg
ㄉㄧˊ-ㄎㄜˋ-ㄙ	迪克斯	-7.04116568	acg
ㄉㄧˊ-ㄈㄢˊ-ㄙ	迪凡斯	-7.04116568	acg
ㄉㄧˊ-ㄎㄚˇ	迪卡	-7.17149945	acg
ㄉㄧˊ-ㄙ	迪司	-7.17149945	acg
ㄉㄧˊ-ㄧㄣ	迪因	-7.17149945	acg
ㄉㄧˊ-ㄊㄢˇ-ㄙ	迪坦斯	-7.04116568	acg
ㄉㄧˊ-ㄇㄛˋ	迪墨	-7.17149945	acg
ㄉㄧˊ-ㄇㄨˇ	迪姆	-7.17149945	acg
ㄉㄧˊ-ㄢ-ㄎㄚˇ	迪安卡	-7.04116568	acg
ㄉㄧˊ-ㄎㄨˋ	迪庫	-7.17149945	acg
ㄉㄧˊ-ㄣ	迪恩	-7.17149945	acg
ㄉㄧˊ-ㄍㄜ	迪戈	-7.17149945	acg
ㄉㄧˊ-ㄌㄚ-ㄗ	迪拉茲	-7.04116568	acg
ㄉㄧˊ-ㄌㄚ-ㄗ-ㄐㄧㄢˋ-ㄉㄨㄟˋ	迪拉茲艦隊	-6.17843815	acg
ㄉㄧˊ-ㄙ-ㄊㄜˋ-ㄌㄨㄥˊ	迪斯特龍	-6.60980192	acg
ㄉㄧˊ-ㄓㄚˊ-ㄙ-ㄊㄜˋ	迪札斯特	-6.60980192	acg
ㄉㄧˊ-ㄍㄜˊ-ㄇㄚˇ-ㄗㄜˊ-ㄋㄨㄥˊ	迪格馬澤農	-6.17843815	acg
ㄉㄧˊ-ㄡ	迪歐	-7.17149945	acg
ㄉㄧˊ-ㄡ-ㄙ	迪歐斯	-7.04116568	acg
ㄉㄧˊ-ㄦˇ-ㄎㄜˋ	迪爾克	-7.04116568	acg
ㄉㄧˊ-ㄦˇ-ㄊㄨˋ-ㄉㄜˊ-ㄕㄡˋ	迪爾兔德獸	-6.17843815	acg
ㄉㄧˊ-ㄊㄜˋ	迪特	-7.17149945	acg
ㄉㄧˊ-ㄊㄜˋ-ㄌㄚ	迪特拉	-7.04116568	acg
ㄉㄧˊ-ㄊㄜˋ-ㄌㄧˇ-ㄒㄧ	迪特里希	-6.60980192	acg
ㄉㄧˊ-ㄊㄜˋ-ㄇㄚˇ-ㄙ	迪特馬斯	-6.60980192	acg
ㄉㄧˊ-ㄨㄚˇ-ㄗ	迪瓦茲	-7.04116568	acg
ㄉㄧˊ-ㄨㄚˇ-ㄌㄚ	迪瓦菈	-7.04116568	acg
ㄉㄧˊ-ㄇㄨˋ-ㄒㄧㄡ	迪穆修	-7.04116568	acg
ㄉㄧˊ-ㄇㄧˇ	迪米	-7.17149945	acg
ㄉㄧˊ-ㄇㄧˇ-ㄐㄧㄠˋ-ㄌㄧㄢˋ-ㄐㄧ	迪米教練機	-6.17843815	acg
ㄉㄧˊ-ㄇㄧˇ-ㄨ-ㄍㄜ-ㄙ	迪米烏哥斯	-6.17843815	acg
ㄉㄧˊ-ㄇㄧˇ-ㄐㄧㄥˇ-ㄨㄟˋ-ㄐㄧ	迪米警衛機	-6.17843815	acg
ㄉㄧˊ-ㄇㄧˇ-ㄇㄚˇ-ㄎㄞˇ-ㄐㄧ	迪米馬鎧機	-6.17843815	acg
ㄉㄧˊ-ㄙㄨㄛˇ-ㄦˇ-ㄅㄚ-ㄉㄜˊ	迪索爾巴德	-6.17843815	acg
ㄉㄧˊ-ㄙ-ㄅㄧˇ-ㄧㄚˋ	迪絲比婭	-6.60980192	acg
ㄉㄧˊ-ㄌㄢˊ-ㄙㄚˋ	迪蘭薩	-7.04116568	acg
ㄉㄧˊ-ㄋㄨㄛˋ	迪諾	-7.17149945	acg
ㄉㄧˊ-ㄐㄧㄣ	迪金	-7.17149945	acg
ㄆㄛˋ-ㄐㄧˊ-ㄆㄠˋ-ㄅㄢ	迫擊砲班	-6.60980192	acg
ㄆㄛˋ-ㄕㄨㄟˇ-ㄎㄞ-ㄓˋ	迫水開治	-6.60980192	acg
ㄉㄧㄝˊ-ㄙ-ㄉㄜˊ-ㄅㄧˋ-ㄋㄧˊ-ㄍㄤ-ㄉㄜˊ	迭斯德畢尼岡德	-5.74707439	acg
ㄏㄨㄟˊ-ㄒㄩㄢˊ-ㄓˇ-ㄏㄨㄟ-ㄊㄧㄥˇ	迴旋指揮艇	-6.17843815	acg
ㄏㄨㄟˊ-ㄒㄩㄢˊ-ㄅㄧㄠ-ㄉㄨㄟˋ-ㄓㄤˇ	迴旋鏢隊長	-6.17843815	acg
ㄇㄧˊ-ㄋㄧˇ-ㄎㄚˇ-ㄦˇ-ㄆㄛ	迷你卡爾波	-6.17843815	acg
ㄇㄧˊ-ㄋㄧˇ-ㄉㄨㄛ-ㄌㄚ	迷你哆啦	-6.60980192	acg
ㄇㄧˊ-ㄋㄧˇ-ㄉㄧˋ-ㄊㄨˊ	迷你地圖	-6.60980192	acg
ㄇㄧˊ-ㄋㄧˇ-ㄆㄟˊ-ㄆㄛ	迷你培波	-6.60980192	acg
ㄇㄧˊ-ㄋㄧˇ-ㄉㄚˋ-ㄊㄡˊ-ㄕㄡˋ	迷你大頭獸	-6.17843815	acg
ㄇㄧˊ-ㄋㄧˇ-ㄅㄨˋ-ㄌㄨˇ-ㄋㄨㄛˋ	迷你布魯諾	-6.17843815	acg
ㄇㄧˊ-ㄋㄧˇ-ㄓㄢˋ-ㄓㄥ	迷你戰爭	-6.60980192	acg
ㄇㄧˊ-ㄔㄨㄣˊ-ㄐㄧㄝˇ	迷唇姐	-7.04116568	acg
ㄇㄧˊ-ㄍㄨㄥ-ㄉㄜ˙-ㄎㄢ	迷宮的栞	-6.60980192	acg
ㄇㄧˊ-ㄏㄨㄢˋ-ㄕㄡˋ	迷幻獸	-7.04116568	acg
ㄇㄧˊ-ㄘㄞˇ-ㄇㄞˋ-ㄍㄜˊ-ㄋㄨㄥˊ-ㄐㄩ-ㄐㄧˊ-ㄑㄧㄤ	迷彩麥格農狙擊槍	-5.74707439	acg
ㄇㄧˊ-ㄏㄨㄛˋ-ㄕㄣ-ㄑㄧㄡ	迷惑深丘	-6.60980192	acg
ㄇㄧˊ-ㄏㄨˊ-ㄊㄧㄢ-ㄕˇ	迷糊天使	-6.60980192	acg
ㄇㄧˊ-ㄏㄨˊ-ㄘㄢ-ㄊㄧㄥ	迷糊餐廳	-6.60980192	acg
ㄇㄧˊ-ㄊㄨˊ-ㄓ-ㄉㄧㄝˊ	迷途之蝶	-6.60980192	acg
ㄇㄧˊ-ㄨˋ-ㄑㄧㄢˊ-ㄒㄧˋ	迷霧前夕	-6.60980192	acg
ㄇㄧˊ-ㄨˋ-ㄙㄣ-ㄌㄧㄣˊ	迷霧森林	-6.60980192	acg
ㄇㄧˊ-ㄨˋ-ㄇㄧˋ-ㄈㄤ	迷霧秘坊	-6.60980192	acg
ㄓㄨㄟ-ㄅㄠˇ-ㄨㄟ-ㄌㄨㄥˊ	追寶威龍	-6.60980192	acg
ㄓㄨㄟ-ㄒㄩㄣˊ-ㄨˋ-ㄦˇ-ㄉㄜˊ	追尋兀爾德	-6.17843815	acg
ㄓㄨㄟ-ㄓㄨˊ-ㄈㄢˊ-ㄒㄧㄥ-ㄉㄜ˙-ㄏㄞˊ-ㄗ˙	追逐繁星的孩子	-5.74707439	acg
ㄙㄨㄥˋ-ㄉㄨㄥ-ㄖˋ	送冬日	-7.04116568	acg
ㄙㄨㄥˋ-ㄉㄨㄥ-ㄧㄥˊ-ㄔㄨㄣ	送冬迎春	-6.60980192	acg
ㄊㄠˊ-ㄓˇ	逃紙	-7.17149945	acg
ㄋㄧˋ-ㄌㄧㄡˊ-ㄒㄧㄚˊ	逆流俠	-7.04116568	acg
ㄋㄧˋ-ㄨㄤˊ	逆王	-7.17149945	acg
ㄋㄧˋ-ㄒㄧˊ-ㄉㄜ˙-ㄌㄨㄥˊ-ㄩㄥˇ-ㄕˋ	逆襲的龍勇士	-5.74707439	acg
ㄋㄧˋ-ㄓㄨㄢˇ-ㄉㄨㄟˋ-ㄐㄩㄝˊ	逆轉對決	-6.60980192	acg
ㄋㄧˋ-ㄓㄨㄢˇ-ㄐㄧㄢ-ㄉㄨ	逆轉監督	-6.60980192	acg
ㄋㄧˋ-ㄈㄚˇ-ㄐㄧㄝˊ-ㄌㄨㄛˊ	逆髮結羅	-6.60980192	acg
ㄓㄨˊ-ㄢˋ-ㄓㄜˇ	逐闇者	-7.04116568	acg
ㄉㄡˋ-ㄓ-ㄓㄨˋ	逗之助	-7.04116568	acg
ㄓㄜˋ-ㄍㄜ˙-ㄕˋ-ㄐㄧㄝˋ-ㄎㄠˋ-ㄑㄧㄢˊ-ㄏㄢˋ-ㄓˋ-ㄏㄨㄟˋ	這個世界靠錢和智慧	-5.74707439	acg
ㄓㄜˋ-ㄍㄜ˙-ㄇㄟˇ-ㄇㄧㄠˋ-ㄉㄜ˙-ㄕˋ-ㄐㄧㄝˋ	這個美妙的世界	-5.74707439	acg
ㄓㄜˋ-ㄐㄧㄡˋ-ㄕˋ-ㄕㄥ-ㄏㄨㄛˊ	這就是生活	-6.17843815	acg
ㄊㄨㄥ-ㄨㄤˇ-ㄐㄧㄠ-ㄒㄧㄤˇ-ㄑㄩˇ-ㄓ-ㄌㄨˋ	通往交響曲之路	-5.74707439	acg
ㄊㄨㄥ-ㄌㄧㄥˊ-ㄓ	通靈之	-7.04116568	acg
ㄔㄥˇ-ㄕㄥ	逞生	-7.17149945	acg
ㄙㄨˋ-ㄅㄛˊ-ㄌㄧˋ-ㄤˊ	速伯利昂	-6.60980192	acg
ㄙㄨˋ-ㄓㄢˋ-ㄒㄧㄥˊ	速戰型	-7.04116568	acg
ㄙㄨˋ-ㄍㄨㄥ-ㄒㄧㄡ-ㄌㄚ	速攻修拉	-6.60980192	acg
ㄙㄨˋ-ㄕㄨㄟˇ-ㄗㄡˋ	速水奏	-7.04116568	acg
ㄌㄧㄢˊ-ㄔㄥˊ-ㄩㄝˋ-ㄧㄢˋ	連城岳彥	-6.60980192	acg
ㄌㄧㄢˊ-ㄅㄨˋ-ㄌㄢˊ	連布蘭	-7.04116568	acg
ㄌㄧㄢˊ-ㄧㄚˊ	連牙	-7.17149945	acg
ㄌㄧㄢˊ-ㄏㄨㄢˊ-ㄕㄚ-ㄓㄣˋ	連環殺陣	-6.60980192	acg
ㄌㄧㄢˊ-ㄗ	連茲	-7.17149945	acg
ㄌㄧㄢˊ-ㄇㄟˋ-ㄔㄨ-ㄐㄧˊ	連袂出擊	-6.60980192	acg
ㄌㄧㄢˊ-ㄅㄤ-ㄖㄨㄢˇ-ㄐㄧㄢˋ	連邦軟件	-6.60980192	acg
ㄐㄧㄣˋ-ㄖㄨˋ-ㄩㄥˇ-ㄏㄥˊ-ㄓ-ㄉㄧˋ	進入永恆之地	-5.74707439	acg
ㄐㄧㄣˋ-ㄏㄨㄚˋ-ㄍㄨㄢˇ-ㄌㄧˇ-ㄓㄜˇ	進化管理者	-6.17843815	acg
ㄐㄧㄣˋ-ㄐㄧˊ-ㄉㄜ˙-ㄐㄩˋ-ㄖㄣˊ	進擊的巨人	-6.17843815	acg
ㄐㄧㄣˋ-ㄊㄥˊ-ㄌㄧㄥˊ-ㄗˇ	進藤玲子	-6.60980192	acg
ㄧˋ-ㄐㄧㄢˋ-ㄞˋ-ㄌㄧˊ-ㄎㄚˇ	逸見艾麗卡	-6.17843815	acg
ㄉㄨㄣˋ-ㄅㄧㄥ-ㄨㄟˋ	遁兵衛	-7.04116568	acg
ㄉㄨㄣˋ-ㄉㄧˋ-ㄕㄡˋ	遁地獸	-7.04116568	acg
ㄧㄡˊ-ㄗㄨㄛˇ-ㄕㄠ	遊佐梢	-7.04116568	acg
ㄧㄡˊ-ㄗㄨㄛˇ-ㄧㄝˋ-ㄩㄝˋ	遊佐葉月	-6.60980192	acg
ㄧㄡˊ-ㄨˊ	遊吾	-7.17149945	acg
ㄧㄡˊ-ㄐㄧㄚ-ㄨㄤˇ-ㄌㄨㄛˋ	遊家網絡	-6.60980192	acg
ㄧㄡˊ-ㄒㄧˋ-ㄕˋ	遊戲室	-7.04116568	acg
ㄧㄡˊ-ㄒㄧˋ-ㄕˊ-ㄎㄨㄤˋ-ㄓㄨˇ	遊戲實況主	-6.17843815	acg
ㄧㄡˊ-ㄒㄧˋ-ㄍㄢˇ	遊戲桿	-7.04116568	acg
ㄧㄡˊ-ㄒㄧˋ-ㄍㄨㄢˇ-ㄌㄧˇ-ㄩㄢˊ	遊戲管理員	-6.17843815	acg
ㄧㄡˊ-ㄒㄧˋ-ㄖㄨㄢˇ-ㄊㄧˇ-ㄈㄣ-ㄐㄧˊ-ㄍㄨㄢˇ-ㄌㄧˇ-ㄅㄢˋ-ㄈㄚˇ	遊戲軟體分級管理辦法	-5.74707439	acg
ㄧㄡˊ-ㄐㄧˊ-ㄕˋ	遊擊士	-7.04116568	acg
ㄧㄡˊ-ㄉㄡˇ	遊斗	-7.17149945	acg
ㄧㄡˊ-ㄗㄨˊ	遊族	-7.17149945	acg
ㄧㄡˊ-ㄗㄨˊ-ㄨㄤˇ-ㄌㄨㄛˋ	遊族網絡	-6.60980192	acg
ㄧㄡˊ-ㄧㄢˊ-ㄕㄜˋ	遊研社	-7.04116568	acg
ㄩㄣˋ-ㄉㄨㄥˋ-ㄉㄚˋ-ㄐㄧˊ-ㄐㄧㄣˇ	運動大集錦	-6.17843815	acg
ㄩㄣˋ-ㄊㄨˇ-ㄕㄣˊ-ㄍㄨㄥ	運土神功	-6.60980192	acg
ㄩㄣˋ-ㄊㄨˇ-ㄕㄣˊ-ㄊㄨㄥ	運土神通	-6.60980192	acg
ㄩㄣˋ-ㄕㄚ-ㄕㄣˊ-ㄍㄨㄥ	運沙神功	-6.60980192	acg
ㄩㄣˋ-ㄕㄚ-ㄕㄣˊ-ㄊㄨㄥ	運沙神通	-6.60980192	acg
ㄩㄣˋ-ㄇㄛˊ-ㄍㄤ-ㄉㄢˋ	運魔鋼彈	-6.60980192	acg
ㄍㄨㄛˋ-ㄗㄞˇ-ㄘㄜˋ-ㄕˋ	過載測試	-6.60980192	acg
ㄉㄠˋ-ㄎㄚˇ	道卡	-7.17149945	acg
ㄉㄠˋ-ㄇㄧㄥˊ-ㄙˋ-ㄢ-ㄉㄧˊ	道明寺安迪	-6.17843815	acg
ㄉㄠˋ-ㄇㄧㄥˊ-ㄙˋ-ㄍㄜ-ㄌㄧㄥˊ	道明寺歌鈴	-6.17843815	acg
ㄉㄠˋ-ㄍㄜˊ	道格	-7.17149945	acg
ㄉㄠˋ-ㄍㄜˊ-ㄌㄚ-ㄙ-ㄈㄨ-ㄖㄣˊ	道格拉斯夫人	-5.74707439	acg
ㄉㄠˋ-ㄩˇ-ㄍㄣ-ㄠˋ-ㄌㄚ	道羽根奧菈	-6.17843815	acg
ㄉㄠˋ-ㄓㄣˋ	道陣	-7.17149945	acg
ㄉㄠˋ-ㄕㄨㄣˋ-ㄐㄧㄢˋ-ㄐㄧ	道順健碁	-6.60980192	acg
ㄉㄠˋ-ㄉㄨㄣˋ-ㄐㄩㄝˊ-ㄎㄨˋ-ㄧ	道頓堀庫伊	-6.17843815	acg
ㄉㄠˋ-ㄌㄨˇ-ㄅㄧㄣ	道魯賓	-7.04116568	acg
ㄉㄠˋ-ㄌㄨˇ-ㄅㄧㄣ-ㄋㄩˇ-ㄨㄤˊ	道魯賓女王	-6.17843815	acg
ㄉㄚˊ-ㄗㄨㄛˇ-ㄋㄧㄝˋ	達佐孽	-7.04116568	acg
ㄉㄚˊ-ㄎㄜˋ-ㄏㄨㄛˋ	達克霍	-7.04116568	acg
ㄉㄚˊ-ㄌㄧˋ-ㄉㄚˊ	達利達	-7.04116568	acg
ㄉㄚˊ-ㄐㄧㄚ-ㄌㄧˇ-ㄠˋ-ㄙ	達加里奧斯	-6.17843815	acg
ㄉㄚˊ-ㄕㄨˊ	達叔	-7.17149945	acg
ㄉㄚˊ-ㄕㄨˊ-ㄊㄨˊ-ㄉㄠ	達叔屠刀	-6.60980192	acg
ㄉㄚˊ-ㄎㄜˇ-ㄋㄧˊ	達可尼	-7.04116568	acg
ㄉㄚˊ-ㄍㄜ-ㄙ-ㄊㄚˇ	達哥斯塔	-6.60980192	acg
ㄉㄚˊ-ㄊㄢˇ	達坦	-7.17149945	acg
ㄉㄚˊ-ㄋㄧˊ-ㄉㄚˊ-ㄋㄧˊ	達尼達尼	-6.60980192	acg
ㄉㄚˊ-ㄅㄨˋ-ㄉㄤ	達布當	-7.04116568	acg
ㄉㄚˊ-ㄌㄚ-ㄇㄨˇ	達拉姆	-7.04116568	acg
ㄉㄚˊ-ㄌㄚ-ㄌㄤˇ	達拉朗	-7.04116568	acg
ㄉㄚˊ-ㄌㄚ-ㄌㄤˇ-ㄉㄜ˙-ㄈㄟˋ-ㄒㄩ	達拉朗的廢墟	-5.74707439	acg
ㄉㄚˊ-ㄌㄚ-ㄌㄚˋ	達拉臘	-7.04116568	acg
ㄉㄚˊ-ㄙ-ㄉㄧˋ	達斯蒂	-7.04116568	acg
ㄉㄚˊ-ㄆㄨˇ-ㄌㄧˋ-ㄙ	達普利斯	-6.60980192	acg
ㄉㄚˊ-ㄆㄨˇ-ㄌㄚ	達普拉	-7.04116568	acg
ㄉㄚˊ-ㄅㄧˇ	達比	-7.17149945	acg
ㄉㄚˊ-ㄌㄨㄛˋ-ㄊㄜˋ	達洛特	-7.04116568	acg
ㄉㄚˊ-ㄦˇ-ㄨㄣˊ-ㄐㄧˊ	達爾文級	-6.60980192	acg
ㄉㄚˊ-ㄦˇ-ㄎㄣˇ	達爾肯	-7.04116568	acg
ㄉㄚˊ-ㄦˇ-ㄒㄧ-ㄧㄚˋ	達爾西亞	-6.60980192	acg
ㄉㄚˊ-ㄦˇ-ㄒㄧ-ㄇㄨˇ	達爾西姆	-6.60980192	acg
ㄉㄚˊ-ㄊㄜˋ	達特	-7.17149945	acg
ㄉㄚˊ-ㄖㄨㄟˋ-ㄨㄣˊ	達瑞文	-7.04116568	acg
ㄉㄚˊ-ㄖㄨㄟˋ-ㄙ	達瑞斯	-7.04116568	acg
ㄉㄚˊ-ㄇㄧˇ-ㄢ	達米安	-7.04116568	acg
ㄉㄚˊ-ㄋㄚˋ-ㄐㄧㄣ	達納金	-7.04116568	acg
ㄉㄚˊ-ㄙ-ㄑㄧˊ	達絲琪	-7.04116568	acg
ㄉㄚˊ-ㄗ-ㄋㄚˋ	達茲納	-7.04116568	acg
ㄉㄚˊ-ㄌㄧˋ	達莉	-7.17149945	acg
ㄉㄚˊ-ㄌㄧˋ-ㄧㄚˇ	達莉亞	-7.04116568	acg
ㄉㄚˊ-ㄏㄠ	達蒿	-7.17149945	acg
ㄉㄚˊ-ㄌㄢˊ-ㄉㄜ˙-ㄉㄚˋ-ㄓㄨˇ-ㄐㄧㄠˋ	達蘭的大主教	-5.74707439	acg
ㄉㄚˊ-ㄍㄨˇ	達谷	-7.17149945	acg
ㄉㄚˊ-ㄍㄨㄥˋ-ㄕㄡˋ	達貢獸	-7.04116568	acg
ㄉㄚˊ-ㄙㄞˋ-ㄦˇ	達賽爾	-7.04116568	acg
ㄉㄚˊ-ㄌㄧˇ-ㄅㄚ-ㄦˇ-ㄉㄧˊ	達里巴爾迪	-6.17843815	acg
ㄉㄚˊ-ㄌㄧˇ-ㄙ	達里斯	-7.04116568	acg
ㄉㄚˊ-ㄧㄚˇ-ㄎㄚˇ	達雅卡	-7.04116568	acg
ㄉㄚˊ-ㄌㄟˊ-ㄙ	達雷斯	-7.04116568	acg
ㄧㄠˊ-ㄎㄨㄥˋ-ㄑㄧˋ-ㄅㄨˋ-ㄐㄧㄢˋ-ㄧㄠ	遙控器不見妖	-5.74707439	acg
ㄧㄠˊ-ㄎㄨㄥˋ-ㄑㄧˋ-ㄅㄨˊ-ㄐㄧㄢˋ-ㄧㄠ	遙控器不見妖	-6.24707439	acg
ㄧㄠˊ-ㄎㄨㄥˋ-ㄍㄢˇ	遙控桿	-7.04116568	acg
ㄧㄠˊ-ㄒㄧㄤ	遙香	-7.17149945	acg
ㄒㄩㄣˋ-ㄨˇ-ㄌㄤˊ	遜五郎	-7.04116568	acg
ㄩㄢˇ-ㄅㄢˇ-ㄌㄧㄣˇ	遠坂凜	-7.04116568	acg
ㄩㄢˇ-ㄅㄢˇ-ㄕˊ-ㄔㄣˊ	遠坂時臣	-6.60980192	acg
ㄩㄢˇ-ㄅㄢˇ-ㄩㄥˇ-ㄖㄣˊ	遠坂永人	-6.60980192	acg
ㄩㄢˇ-ㄗㄨˇ-ㄊㄢ-ㄊㄡˊ	遠祖灘頭	-6.60980192	acg
ㄩㄢˇ-ㄉㄨㄢ-ㄐㄧㄝˊ-ㄔˊ	遠端劫持	-6.60980192	acg
ㄩㄢˇ-ㄊㄥˊ-ㄌㄧㄤˋ-ㄐㄧㄝˋ	遠藤亮介	-6.60980192	acg
ㄩㄢˇ-ㄧㄝˇ-ㄒㄧㄚˋ-ㄕㄨˋ	遠野夏樹	-6.60980192	acg
ㄩㄢˇ-ㄧㄝˇ-ㄖˋ-ㄏㄢˋ	遠野日和	-6.60980192	acg
ㄩㄢˇ-ㄧㄝˇ-ㄕㄨㄟˇ-ㄕㄨˋ	遠野水樹	-6.60980192	acg
ㄩㄢˇ-ㄧㄝˇ-ㄇㄟˇ-ㄓˇ	遠野美凪	-6.60980192	acg
ㄩㄢˇ-ㄧㄝˇ-ㄍㄨㄟˋ-ㄕㄨˋ	遠野貴樹	-6.60980192	acg
ㄧˊ-ㄌㄨㄛˋ-ㄅㄧㄢ-ㄐㄧㄥˋ	遺落邊境	-6.60980192	acg
ㄧˊ-ㄐㄧ-ㄔㄨㄢˊ-ㄑㄧˊ	遺跡傳奇	-6.60980192	acg
ㄇㄞˋ-ㄊㄚˇ	邁塔	-7.17149945	acg
ㄇㄞˋ-ㄨㄟ-ㄦˇ	邁威爾	-7.04116568	acg
ㄇㄞˋ-ㄐㄩㄝˊ-ㄕˋ	邁爵士	-7.04116568	acg
ㄇㄞˋ-ㄊㄜˋ-ㄎㄞˇ	邁特凱	-7.04116568	acg
ㄅㄧㄢ-ㄕㄨˊ	邊叔	-7.17149945	acg
ㄅㄧㄢ-ㄐㄧㄥˋ-ㄎㄞ-ㄊㄨㄛˋ-ㄆㄧㄥˊ-ㄇㄧㄣˊ	邊境開拓平民	-5.74707439	acg
ㄅㄧㄢ-ㄩㄢˊ-ㄐㄧㄣˋ-ㄉㄧˋ	邊緣禁地	-6.60980192	acg
ㄋㄚˋ-ㄐㄧ-ㄏㄨㄚˊ-ㄇㄧˇ-ㄐㄧ	那基華米基	-6.17843815	acg
ㄋㄚˋ-ㄑㄧˊ-ㄇㄨˇ	那奇姆	-7.04116568	acg
ㄋㄚˋ-ㄑㄧˊ-ㄙㄚ-ㄐㄧ-ㄅㄟ	那奇撒基卑	-6.17843815	acg
ㄋㄚˋ-ㄇㄨˇ	那姆	-7.17149945	acg
ㄋㄚˋ-ㄌㄚ	那拉	-7.17149945	acg
ㄋㄚˋ-ㄅㄧˇ	那比	-7.17149945	acg
ㄋㄚˋ-ㄐㄧㄚ	那迦	-7.17149945	acg
ㄋㄚˋ-ㄐㄧㄚ-ㄉㄜ˙-ㄒㄧㄥ-ㄑㄧˇ	那迦的興起	-6.17843815	acg
ㄅㄤ-ㄋㄧˊ	邦妮	-7.17149945	acg
ㄒㄧㄝˊ-ㄜˋ-ㄒㄧㄢ-ㄕㄥ	邪惡先生	-6.60980192	acg
ㄒㄧㄝˊ-ㄜˋ-ㄉㄧˊ-ㄎㄚˇ	邪惡迪卡	-6.60980192	acg
ㄒㄧㄝˊ-ㄕㄣˊ-ㄐㄧㄤˋ-ㄌㄧㄣˊ	邪神降臨	-6.60980192	acg
ㄒㄧㄝˊ-ㄕㄣˊ-ㄅㄚˋ-ㄑㄩㄢˊ	邪神霸權	-6.60980192	acg
ㄒㄧㄝˊ-ㄌㄧㄥˊ-ㄖㄨˋ-ㄑㄧㄣ	邪靈入侵	-6.60980192	acg
ㄒㄧㄝˊ-ㄇㄛˊ-ㄊㄧㄥˊ-ㄩㄢˊ	邪魔庭園	-6.60980192	acg
ㄒㄧㄝˊ-ㄇㄛˊ-ㄊㄨˊ	邪魔徒	-7.04116568	acg
ㄒㄧㄝˊ-ㄇㄛˊ-ㄊㄨˊ-ㄉㄚˋ-ㄙㄞˋ	邪魔徒大賽	-6.17843815	acg
ㄒㄧㄝˊ-ㄇㄛˊ-ㄕㄣˊ	邪魔神	-7.04116568	acg
ㄑㄧㄡ-ㄅㄧˇ-ㄡ	邱比歐	-7.04116568	acg
ㄑㄧㄡ-ㄅㄧˇ-ㄊㄜˋ-ㄍㄨㄥ-ㄩㄢˊ	邱比特公園	-6.17843815	acg
ㄑㄧㄡ-ㄈㄥ-ㄎㄞˇ	邱豐凱	-7.04116568	acg
ㄩˋ-ㄋㄞˇ	郁乃	-7.17149945	acg
ㄐㄧㄠ-ㄆㄨˇ-ㄩˇ-ㄓㄨ-ㄒㄧㄢˊ	郊普與洙賢	-6.17843815	acg
ㄏㄠˇ-ㄎㄜˋ-ㄅㄛˊ	郝刻薄	-7.04116568	acg
ㄏㄠˇ-ㄌㄧˋ-ㄌㄧˋ	郝莉莉	-7.04116568	acg
ㄏㄠˇ-ㄌㄞˊ-ㄊㄜˋ	郝萊特	-7.04116568	acg
ㄏㄠˇ-ㄖㄨㄥˊ-ㄅㄧㄥ	郝融冰	-7.04116568	acg
ㄅㄨˋ-ㄓㄨㄣˇ-ㄈㄤ-ㄅㄧˋ-ㄨㄤˊ-ㄍㄨㄛˊ	部準方畢王國	-5.74707439	acg
ㄅㄨˋ-ㄌㄨㄛˋ-ㄉㄜ˙-ㄉㄚˋ-ㄑㄧㄡˊ-ㄓㄤˇ	部落的大酋長	-5.74707439	acg
ㄅㄨˋ-ㄌㄨㄛˋ-ㄩㄢˇ-ㄓㄥ-ㄐㄩㄣ	部落遠征軍	-6.17843815	acg
ㄅㄨˋ-ㄉㄨㄟˋ-ㄐㄩˋ-ㄉㄧㄢˇ	部隊據點	-6.60980192	acg
ㄍㄨㄛ-ㄉㄨㄥˇ	郭董	-7.17149945	acg
ㄧㄡˊ-ㄐㄧㄢˋ-ㄕㄡˋ	郵件獸	-7.04116568	acg
ㄉㄡ-ㄗˇ	都子	-7.17149945	acg
ㄉㄨ-ㄕˋ-ㄓㄢˋ-ㄓㄥ	都市戰爭	-6.60980192	acg
ㄉㄡ-ㄖㄨㄟˋ-ㄦˇ	都瑞爾	-7.04116568	acg
ㄉㄡ-ㄔㄨˊ-ㄋㄞˇ	都雛乃	-7.04116568	acg
ㄜˋ-ㄦˇ	鄂爾	-7.17149945	acg
ㄉㄥˋ-ㄆㄣˊ-ㄊㄨㄟ-ㄊㄨㄛ-ㄓㄜˇ	鄧盆推託者	-6.17843815	acg
ㄌㄧㄣˊ-ㄐㄧㄚ-ㄋㄩˇ-ㄏㄞˊ	鄰家女孩	-6.60980192	acg
ㄑㄧㄡˊ-ㄌㄟˊ-ㄇㄨˇ	酋雷姆	-7.04116568	acg
ㄐㄧㄡˇ-ㄐㄧㄥˇ-ㄒㄧㄚˋ-ㄕㄨˋ	酒井夏樹	-6.60980192	acg
ㄐㄧㄡˇ-ㄐㄧㄥˇ-ㄓㄥˋ-ㄖㄣˊ	酒井正人	-6.60980192	acg
ㄐㄧㄡˇ-ㄐㄧㄥˇ-ㄧˋ-ㄖㄣˊ	酒井義人	-6.60980192	acg
ㄐㄧㄡˇ-ㄐㄧㄥˇ-ㄐㄧㄥˋ-ㄒㄧㄤ	酒井靜香	-6.60980192	acg
ㄐㄧㄡˇ-ㄐㄧˋ-ㄘㄞˇ-ㄧㄝˋ	酒寄彩葉	-6.60980192	acg
ㄎㄨˋ-ㄅㄧㄥ-ㄒㄧㄚˊ	酷冰俠	-7.04116568	acg
ㄎㄨˋ-ㄎㄚˇ-ㄎㄨˋ-ㄑㄧˊ	酷卡酷奇	-6.60980192	acg
ㄎㄨˋ-ㄏㄢˊ-ㄓㄢˋ-ㄕˋ	酷寒戰士	-6.60980192	acg
ㄎㄨˋ-ㄞˋ-ㄉㄧㄢˋ-ㄧㄥˇ-ㄉㄜ˙-ㄆㄤˊ-ㄆㄛ-ㄒㄧㄠˇ-ㄐㄧㄝˇ	酷愛電影的龐波小姐	-5.74707439	acg
ㄎㄨˋ-ㄌㄚ-ㄆㄧˊ-ㄎㄚˇ	酷拉皮卡	-6.60980192	acg
ㄎㄨˋ-ㄒㄩㄢˋ-ㄍㄨㄤ-ㄉㄧㄢˇ	酷炫光點	-6.60980192	acg
ㄎㄨˋ-ㄨ	酷烏	-7.17149945	acg
ㄎㄨˋ-ㄎㄨˋ-ㄐㄧㄝˇ-ㄐㄧㄚˋ-ㄉㄠˋ	酷酷姐駕到	-6.17843815	acg
ㄎㄨˋ-ㄌㄨˋ-ㄐㄧㄚ	酷露佳	-7.04116568	acg
ㄙㄨㄢ-ㄇㄟˊ-ㄔㄠ-ㄖㄣˊ	酸梅超人	-6.60980192	acg
ㄘㄨˋ-ㄅㄢˋ-ㄋㄧㄥˊ-ㄇㄥˊ	醋拌檸檬	-6.60980192	acg
ㄔㄡˇ-ㄅㄚ-ㄍㄨㄞˋ-ㄌㄜˋ-ㄩㄢˊ	醜八怪樂園	-6.17843815	acg
ㄔㄡˇ-ㄅㄚ-ㄍㄨㄞˋ-ㄏㄢˋ-ㄅㄠˇ	醜八怪漢堡	-6.17843815	acg
ㄔㄡˇ-ㄋㄢˊ-ㄓㄣ-ㄓㄢˋ-ㄕˋ	醜男真戰士	-6.17843815	acg
ㄧ-ㄌㄧㄠˊ-ㄕㄡˋ	醫療獸	-7.04116568	acg
ㄧ-ㄌㄧㄠˊ-ㄊㄧㄥˇ	醫療艇	-7.04116568	acg
ㄌㄧˇ-ㄧㄚˇ-ㄦˇ-ㄎㄜ	里亞爾柯	-6.60980192	acg
ㄌㄧˇ-ㄧㄚˇ-ㄗㄢˋ	里亞贊	-7.04116568	acg
ㄌㄧˇ-ㄐㄧㄝˊ	里傑	-7.17149945	acg
ㄌㄧˇ-ㄐㄧㄝˊ-ㄌㄨˇ	里傑魯	-7.04116568	acg
ㄌㄧˇ-ㄎㄜˋ-ㄉㄜˊ-ㄇㄨˇ	里克德姆	-6.60980192	acg
ㄌㄧˇ-ㄎㄜˋ-ㄉㄧˊ-ㄧㄚˇ-ㄙ	里克迪亞斯	-6.17843815	acg
ㄌㄧˇ-ㄈㄢˊ-ㄇㄨˋ	里凡穆	-7.04116568	acg
ㄌㄧˇ-ㄅㄠ-ㄣ	里包恩	-7.04116568	acg
ㄌㄧˇ-ㄎㄚˇ	里卡	-7.17149945	acg
ㄌㄧˇ-ㄢ	里安	-7.17149945	acg
ㄌㄧˇ-ㄒㄧ-ㄊㄧˊ-ㄧㄚˇ-ㄏㄠˋ-ㄘㄠ-ㄗㄨㄛˋ-ㄩㄢˊ	里希提亞號操作員	-5.74707439	acg
ㄌㄧˇ-ㄆㄨˇ-ㄙ	里普斯	-7.04116568	acg
ㄌㄧˇ-ㄆㄥˊ-ㄙ	里朋斯	-7.04116568	acg
ㄌㄧˇ-ㄉㄨˋ-ㄌㄧˋ-ㄎㄜˋ	里杜利克	-6.60980192	acg
ㄌㄧˇ-ㄎㄜ	里柯	-7.17149945	acg
ㄌㄧˇ-ㄍㄜˊ-ㄒㄧㄚˋ-ㄎㄜ	里格夏柯	-6.60980192	acg
ㄌㄧˇ-ㄡ-ㄦˇ	里歐爾	-7.04116568	acg
ㄌㄧˇ-ㄉㄧㄢˋ	里殿	-7.17149945	acg
ㄌㄧˇ-ㄋㄧㄝˋ-ㄦˇ	里涅爾	-7.04116568	acg
ㄌㄧˇ-ㄙㄨㄛˇ	里索	-7.17149945	acg
ㄌㄧˇ-ㄨㄟˊ	里維	-7.17149945	acg
ㄌㄧˇ-ㄞˋ-ㄌㄚ	里艾菈	-7.04116568	acg
ㄌㄧˇ-ㄒㄧ-ㄉㄧㄢˇ-ㄉㄚˊ-ㄦˇ	里西典達爾	-6.17843815	acg
ㄌㄧˇ-ㄌㄧˇ-ㄋㄧㄝˋ-ㄊㄜˋ	里里涅特	-6.60980192	acg
ㄓㄨㄥˋ-ㄌㄧˋ-ㄒㄧ-ㄧㄣˇ	重力吸引	-6.60980192	acg
ㄔㄨㄥˊ-ㄑㄧˇ-ㄕㄡˋ	重啟獸	-7.04116568	acg
ㄔㄨㄥˊ-ㄏㄨㄟˊ-ㄕㄚ-ㄌㄨˋ-ㄓㄢˋ-ㄔㄤˇ	重回殺戮戰場	-5.74707439	acg
ㄓㄨㄥˋ-ㄒㄧㄥˊ-ㄍㄤ-ㄉㄢˋ	重型鋼彈	-6.60980192	acg
ㄓㄨㄥˋ-ㄍㄨㄥ-ㄧㄝˋ-ㄧㄥ-ㄒㄩㄥˊ	重工業英雄	-6.17843815	acg
ㄔㄨㄥˊ-ㄅㄛˋ-ㄕㄜˋ-ㄧㄥˇ-ㄐㄧ	重播攝影機	-6.17843815	acg
ㄓㄨㄥˋ-ㄐㄧˊ-ㄒㄧㄥˊ	重擊型	-7.04116568	acg
ㄓㄨㄥˋ-ㄨˇ-ㄓㄨㄤ	重武裝	-7.04116568	acg
ㄓㄨㄥˋ-ㄑㄧㄥ-ㄍㄨㄤ-ㄕㄨˋ	重氫光束	-6.60980192	acg
ㄓㄨㄥˋ-ㄏㄨㄛˇ-ㄌㄧˋ-ㄒㄧㄥˊ	重火力型	-6.60980192	acg
ㄓㄨㄥˋ-ㄏㄨㄛˇ-ㄌㄧˋ-ㄇㄛˊ-ㄕˋ	重火力模式	-6.17843815	acg
ㄓㄨㄥˋ-ㄏㄨㄛˇ-ㄌㄧˋ-ㄏㄨㄥ-ㄐㄧˊ-ㄕㄡˇ-ㄑㄧㄤ	重火力轟擊手槍	-5.74707439	acg
ㄓㄨㄥˋ-ㄆㄠˋ-ㄓˇ-ㄏㄨㄟ-ㄍㄨㄢ	重炮指揮官	-6.17843815	acg
ㄔㄨㄥˊ-ㄕㄥ-ㄔㄨㄢˊ-ㄑㄧˊ	重生傳奇	-6.60980192	acg
ㄔㄨㄥˊ-ㄕㄥ-ㄈㄥˋ-ㄏㄨㄤˊ-ㄍㄤ-ㄉㄢˋ	重生鳳凰鋼彈	-5.74707439	acg
ㄓㄨㄥˋ-ㄐㄧㄚˇ-ㄒㄧ-ㄕㄡˋ	重甲蜥獸	-6.60980192	acg
ㄓㄨㄥˋ-ㄆㄠˋ-ㄖㄣˋ	重砲刃	-7.04116568	acg
ㄓㄨㄥˋ-ㄆㄠˋ-ㄒㄧㄥˊ-ㄍㄨㄥ-ㄐㄧˊ	重砲型攻擊	-6.17843815	acg
ㄓㄨㄥˋ-ㄆㄠˋ-ㄒㄧㄥˊ-ㄍㄨㄥ-ㄐㄧˊ-ㄍㄤ-ㄉㄢˋ	重砲型攻擊鋼彈	-5.74707439	acg
ㄓㄨㄥˋ-ㄆㄠˋ-ㄈㄟ-ㄋㄚˋ-ㄙ	重砲菲納斯	-6.17843815	acg
ㄓㄨㄥˋ-ㄓㄨㄤ-ㄒㄧㄥˊ-ㄗㄨㄛˇ-ㄨㄛˋ-ㄊㄜˋ	重裝型佐渥特	-5.74707439	acg
ㄓㄨㄥˋ-ㄓㄨㄤ-ㄍㄨㄥ-ㄔㄥˊ-ㄔㄜ	重裝工程車	-6.17843815	acg
ㄓㄨㄥˋ-ㄓㄨㄤ-ㄨˇ-ㄌㄧˋ	重裝武力	-6.60980192	acg
ㄓㄨㄥˋ-ㄓㄨㄤ-ㄨˊ-ㄨㄟˋ	重裝無畏	-6.60980192	acg
ㄓㄨㄥˋ-ㄓㄨㄤ-ㄍㄠ-ㄔㄨ-ㄌㄧˋ-ㄒㄧㄥˊ-ㄐㄧˊ-ㄇㄨˇ	重裝高出力型吉姆	-5.74707439	acg
ㄓㄨㄥˋ-ㄓㄨㄤ-ㄏㄟ-ㄑㄧˊ-ㄕˋ	重裝黑騎士	-6.17843815	acg
ㄓㄨㄥˋ-ㄧㄠˋ-ㄉㄜ˙-ㄕˋ-ㄨˋ	重要的事物	-6.17843815	acg
ㄓㄨㄥˋ-ㄔㄨㄟˊ-ㄨㄛˋ-ㄎㄜˋ	重錘沃克	-6.60980192	acg
ㄓㄨㄥˋ-ㄉㄨㄢˋ-ㄒㄧㄥˊ-ㄎㄚˇ-ㄦˇ-ㄅㄚ-ㄉㄧˊ	重鍛型卡爾巴迪	-5.74707439	acg
ㄓㄨㄥˋ-ㄉㄨㄢˋ-ㄒㄧㄥˊ-ㄓˋ-ㄇㄛˊ	重鍛型智魔	-6.17843815	acg
ㄓㄨㄥˋ-ㄉㄨㄢˋ-ㄒㄧㄥˊ-ㄓˋ-ㄇㄛˊ-ㄍㄤ-ㄉㄢˋ	重鍛型智魔鋼彈	-5.74707439	acg
ㄓㄨㄥˋ-ㄉㄨㄢˋ-ㄎㄞ-ㄈㄥ-ㄒㄧㄥˊ	重鍛開鋒型	-6.17843815	acg
ㄓㄨㄥˋ-ㄉㄨㄢˋ-ㄎㄞ-ㄈㄥ-ㄒㄧㄥˊ-ㄓˋ-ㄇㄛˊ	重鍛開鋒型智魔	-5.74707439	acg
ㄓㄨㄥˋ-ㄉㄨㄢˋ-ㄎㄞ-ㄈㄥ-ㄒㄧㄥˊ-ㄓˋ-ㄇㄛˊ-ㄍㄤ-ㄉㄢˋ	重鍛開鋒型智魔鋼彈	-5.74707439	acg
ㄧㄝˇ-ㄕㄤˋ-ㄨˇ-ㄗˇ	野上武子	-6.60980192	acg
ㄧㄝˇ-ㄋㄞˇ-ㄇㄟˇ	野乃美	-7.04116568	acg
ㄧㄝˇ-ㄖㄣˋ	野刃	-7.17149945	acg
ㄧㄝˇ-ㄈㄣ-ㄒㄧ-ㄇㄟˇ	野分析美	-6.60980192	acg
ㄧㄝˇ-ㄎㄡˇ-ㄕㄚ-ㄌㄨㄛˊ	野口沙羅	-6.60980192	acg
ㄧㄝˇ-ㄓㄢˋ-ㄊㄨㄛˋ-ㄏㄨㄤ-ㄓㄜˇ	野戰拓荒者	-6.17843815	acg
ㄧㄝˇ-ㄓㄢˋ-ㄐㄩㄣ-ㄧㄥˊ	野戰軍營	-6.60980192	acg
ㄧㄝˇ-ㄓㄢˋ-ㄊㄧㄝˇ-ㄑㄧㄠ	野戰鐵撬	-6.60980192	acg
ㄧㄝˇ-ㄓㄢˋ-ㄕㄢˇ-ㄌㄧㄥˊ	野戰閃靈	-6.60980192	acg
ㄧㄝˇ-ㄓㄢˋ-ㄈㄤˊ-ㄨㄟˋ-ㄓㄜˇ	野戰防衛者	-6.17843815	acg
ㄧㄝˇ-ㄅㄣˇ-ㄅㄛˊ-ㄓㄠ	野本博昭	-6.60980192	acg
ㄧㄝˇ-ㄘㄨㄣ-ㄒㄧㄠˇ-ㄊㄞˋ-ㄌㄤˊ	野村小太郎	-6.17843815	acg
ㄧㄝˇ-ㄓㄥˋ-ㄌㄧˋ	野正莉	-7.04116568	acg
ㄧㄝˇ-ㄅㄧˇ-ㄉㄚˋ-ㄓㄨˋ	野比大助	-6.60980192	acg
ㄧㄝˇ-ㄐㄧㄣ-ㄩㄢˊ-ㄐㄧㄤ	野津原將	-6.60980192	acg
ㄧㄝˇ-ㄏㄨㄛˇ-ㄕㄡˋ	野火獸	-7.04116568	acg
ㄧㄝˇ-ㄋㄧㄡˊ-ㄔㄨㄥ-ㄈㄥ-ㄑㄧㄤ	野牛衝鋒槍	-6.17843815	acg
ㄧㄝˇ-ㄍㄡˇ-ㄒㄧㄠˇ-ㄏㄟ	野狗小黑	-6.60980192	acg
ㄧㄝˇ-ㄑㄧㄡˊ-ㄔㄤˊ-ㄉㄚˇ-ㄨㄤˊ	野球長打王	-6.17843815	acg
ㄧㄝˇ-ㄘㄞˋ-ㄕㄡˋ	野菜獸	-7.04116568	acg
ㄧㄝˇ-ㄇㄢˊ-ㄓ-ㄒㄧㄥ	野蠻之星	-6.60980192	acg
ㄧㄝˇ-ㄇㄢˊ-ㄖㄣˋ-ㄨˋ	野蠻任務	-6.60980192	acg
ㄧㄝˇ-ㄓㄨ-ㄕㄡˋ	野豬獸	-7.04116568	acg
ㄧㄝˇ-ㄧㄝˇ-ㄍㄨㄥ	野野宮	-7.04116568	acg
ㄧㄝˇ-ㄧㄝˇ-ㄘㄨㄣ-ㄎㄨㄥ	野野村空	-6.60980192	acg
ㄧㄝˇ-ㄐㄧㄢ-ㄓㄣ-ㄓ-ㄗˇ	野間真知子	-6.17843815	acg
ㄧㄝˇ-ㄐㄧˋ-ㄑㄧˇ-ㄗˇ	野際啟子	-6.60980192	acg
ㄧㄝˇ-ㄍㄨㄟ-ㄨˇ-ㄗㄤˋ	野龜武藏	-6.60980192	acg
ㄌㄧㄤˋ-ㄗˇ-ㄕㄡˋ	量子獸	-7.04116568	acg
ㄌㄧㄤˋ-ㄗˇ-ㄌㄧㄝˋ-ㄏㄣˊ	量子裂痕	-6.60980192	acg
ㄌㄧㄤˋ-ㄔㄢˇ-ㄕˋ-ㄗㄨㄛˋ-ㄐㄧ	量產試作機	-6.17843815	acg
ㄐㄧㄣ-ㄅㄨˋ-ㄌㄧˇ	金不禮	-7.04116568	acg
ㄐㄧㄣ-ㄏㄞˋ	金亥	-7.17149945	acg
ㄐㄧㄣ-ㄐㄧㄝˊ-ㄅㄟˋ-ㄎㄜˋ	金傑貝克	-6.60980192	acg
ㄐㄧㄣ-ㄍㄨㄤ-ㄊㄧㄢ-ㄕㄣˊ-ㄓ-ㄋㄨˋ	金光天神之怒	-5.74707439	acg
ㄐㄧㄣ-ㄍㄨㄤ-ㄊㄧㄢ-ㄕㄣˊ-ㄓ-ㄏㄨㄛˇ	金光天神之火	-5.74707439	acg
ㄐㄧㄣ-ㄍㄨㄤ-ㄧㄝˋ-ㄏㄨㄛˇ	金光業火	-6.60980192	acg
ㄐㄧㄣ-ㄍㄨㄤ-ㄅㄠˋ-ㄐㄧˊ	金光爆擊	-6.60980192	acg
ㄐㄧㄣ-ㄎㄜˋ-ㄦˇ-ㄌㄨˊ-ㄅㄧˇ-ㄌㄜˋ-ㄩㄢˊ	金克爾盧比樂園	-5.74707439	acg
ㄐㄧㄣ-ㄎㄞˇ-ㄉㄨˋ	金凱杜	-7.04116568	acg
ㄐㄧㄣ-ㄍㄤ-ㄏㄨㄟˊ-ㄌㄧˋ-ㄉㄠ	金剛回力刀	-6.17843815	acg
ㄐㄧㄣ-ㄍㄤ-ㄅㄠˇ-ㄐㄧㄢˋ	金剛寶劍	-6.60980192	acg
ㄐㄧㄣ-ㄍㄤ-ㄓㄢˋ-ㄕˋ	金剛戰士	-6.60980192	acg
ㄐㄧㄣ-ㄍㄤ-ㄒㄩㄢˋ-ㄈㄥ	金剛旋風	-6.60980192	acg
ㄐㄧㄣ-ㄍㄤ-ㄒㄧㄥ	金剛星	-7.04116568	acg
ㄐㄧㄣ-ㄍㄤ-ㄔㄨˇ-ㄕㄡˋ	金剛杵獸	-6.60980192	acg
ㄐㄧㄣ-ㄍㄤ-ㄏㄨㄛˇ-ㄧㄢˋ	金剛火焰	-6.60980192	acg
ㄐㄧㄣ-ㄍㄤ-ㄕㄣˊ-ㄌㄧˋ	金剛神力	-6.60980192	acg
ㄐㄧㄣ-ㄍㄤ-ㄕㄣˊ-ㄧˋ	金剛神翼	-6.60980192	acg
ㄐㄧㄣ-ㄍㄤ-ㄏㄨㄟˊ-ㄒㄩㄢˊ-ㄊㄧ	金剛迴旋踢	-6.17843815	acg
ㄐㄧㄣ-ㄍㄤ-ㄓㄨㄟ	金剛錐	-7.04116568	acg
ㄐㄧㄣ-ㄍㄤ-ㄕㄢˇ-ㄉㄧㄢˋ	金剛閃電	-6.60980192	acg
ㄐㄧㄣ-ㄍㄤ-ㄈㄟ-ㄉㄠ	金剛飛刀	-6.60980192	acg
ㄐㄧㄣ-ㄍㄤ-ㄈㄟ-ㄉㄢˋ	金剛飛彈	-6.60980192	acg
ㄐㄧㄣ-ㄍㄤ-ㄈㄟ-ㄑㄩㄢˊ	金剛飛拳	-6.60980192	acg
ㄐㄧㄣ-ㄍㄤ-ㄈㄟ-ㄧˋ	金剛飛翼	-6.60980192	acg
ㄐㄧㄣ-ㄍㄤ-ㄈㄟ-ㄊㄧㄥˇ	金剛飛艇	-6.60980192	acg
ㄐㄧㄣ-ㄍㄤ-ㄈㄟ-ㄅㄧㄠ	金剛飛鏢	-6.60980192	acg
ㄐㄧㄣ-ㄐㄧㄚ	金加	-7.17149945	acg
ㄐㄧㄣ-ㄒㄩㄣ-ㄐㄧㄤˇ	金勳奬	-7.04116568	acg
ㄐㄧㄣ-ㄍㄡ	金勾	-7.17149945	acg
ㄐㄧㄣ-ㄎㄚˇ-ㄌㄧˋ-ㄡ-ㄕㄣˊ	金卡力歐神	-6.17843815	acg
ㄐㄧㄣ-ㄎㄚˇ-ㄈㄚˇ	金卡法	-7.04116568	acg
ㄐㄧㄣ-ㄩㄢˊ-ㄧㄡˋ-ㄓˋ	金原祐治	-6.60980192	acg
ㄐㄧㄣ-ㄍㄨˇ-ㄑㄧㄠˊ	金古喬	-7.04116568	acg
ㄐㄧㄣ-ㄓㄜˊ	金哲	-7.17149945	acg
ㄐㄧㄣ-ㄔㄥˊ-ㄈㄥ	金城楓	-7.04116568	acg
ㄐㄧㄣ-ㄊㄞˋ-ㄌㄨㄛˋ-ㄙ	金太洛斯	-6.60980192	acg
ㄐㄧㄣ-ㄈㄨ-ㄖㄣˊ	金夫人	-7.04116568	acg
ㄐㄧㄣ-ㄕˇ-ㄩㄢˊ	金始源	-7.04116568	acg
ㄐㄧㄣ-ㄗ˙-ㄧˋ	金子翼	-7.04116568	acg
ㄐㄧㄣ-ㄗˋ-ㄊㄚˇ-ㄕㄡˋ	金字塔獸	-6.60980192	acg
ㄐㄧㄣ-ㄕㄤˋ-ㄓˊ	金尚植	-7.04116568	acg
ㄐㄧㄣ-ㄕㄨˇ-ㄐㄩˋ-ㄌㄨㄥˊ-ㄕㄡˋ	金屬巨龍獸	-6.17843815	acg
ㄐㄧㄣ-ㄕㄨˇ-ㄏㄞˇ-ㄌㄨㄥˊ-ㄕㄡˋ	金屬海龍獸	-6.17843815	acg
ㄐㄧㄣ-ㄕㄨˇ-ㄕㄡˋ	金屬獸	-7.04116568	acg
ㄐㄧㄣ-ㄕㄢ-ㄖㄨㄢˇ-ㄐㄧㄢˋ	金山軟件	-6.60980192	acg
ㄐㄧㄣ-ㄓˇ-ㄍㄨㄤ-ㄕㄨˋ	金指光束	-6.60980192	acg
ㄐㄧㄣ-ㄒㄩㄢˋ-ㄈㄥ	金旋風	-7.04116568	acg
ㄐㄧㄣ-ㄒㄧㄥ-ㄦˋ-ㄕˋ	金星二式	-6.60980192	acg
ㄐㄧㄣ-ㄒㄧㄥ-ㄓㄢˋ-ㄐㄧˋ	金星戰記	-6.60980192	acg
ㄐㄧㄣ-ㄔㄨㄣ-ㄒㄧ-ㄇㄟˇ	金春希美	-6.60980192	acg
ㄐㄧㄣ-ㄕˊ	金時	-7.17149945	acg
ㄐㄧㄣ-ㄕˊ-ㄧㄥ-ㄗˇ	金時櫻子	-6.60980192	acg
ㄐㄧㄣ-ㄆㄨˇ-ㄌㄧˋ	金普利	-7.04116568	acg
ㄐㄧㄣ-ㄇㄨˋ-ㄒㄧ-ㄓ-ㄐㄧㄢˋ	金木樨之劍	-6.17843815	acg
ㄐㄧㄣ-ㄅㄣˇ-ㄏㄨㄥˊ-ㄗˇ	金本弘子	-6.60980192	acg
ㄐㄧㄣ-ㄍㄜˊ	金格	-7.17149945	acg
ㄐㄧㄣ-ㄓㄥˋ-ㄖˋ	金正日	-7.04116568	acg
ㄐㄧㄣ-ㄊㄞˋ	金泰	-7.17149945	acg
ㄐㄧㄣ-ㄏㄢˋ-ㄉㄨㄥˇ-ㄕˋ-ㄓㄤˇ	金漢董事長	-6.17843815	acg
ㄐㄧㄣ-ㄆㄞˊ-ㄕㄣˊ-ㄔㄨˊ	金牌神廚	-6.60980192	acg
ㄐㄧㄣ-ㄊㄧㄢˊ-ㄒㄩㄢˊ-ㄗㄤˋ	金田玄奘	-6.60980192	acg
ㄐㄧㄣ-ㄐㄧㄚˇ-ㄌㄨㄥˊ-ㄕㄡˋ	金甲龍獸	-6.60980192	acg
ㄐㄧㄣ-ㄖㄡˋ-ㄖㄣˊ	金肉人	-7.04116568	acg
ㄐㄧㄣ-ㄅㄟˋ-ㄍㄡ	金臂勾	-7.04116568	acg
ㄐㄧㄣ-ㄙㄜˋ-ㄍㄜ-ㄌㄟˊ	金色哥雷	-6.60980192	acg
ㄐㄧㄣ-ㄙㄜˋ-ㄒㄧㄥ-ㄍㄨㄤ-ㄇㄛˊ-ㄈㄚˇ	金色星光魔法	-5.74707439	acg
ㄐㄧㄣ-ㄉㄧˋ	金蒂	-7.17149945	acg
ㄐㄧㄣ-ㄆㄧㄥˊ-ㄍㄨㄛˇ	金蘋果	-7.04116568	acg
ㄐㄧㄣ-ㄒㄧㄝ-ㄕㄨㄤ-ㄐㄧˊ	金蠍雙擊	-6.60980192	acg
ㄐㄧㄣ-ㄐㄧㄠˇ-ㄕㄡˋ	金角獸	-7.04116568	acg
ㄐㄧㄣ-ㄉㄠˋ-ㄨㄣˊ-ㄧㄝˇ	金道文也	-6.60980192	acg
ㄐㄧㄣ-ㄑㄩㄝˋ-ㄓ-ㄧㄚˊ-ㄕㄥ	金雀枝芽生	-6.17843815	acg
ㄐㄧㄣ-ㄩˊ-ㄓㄨˋ-ㄧˋ-ㄅㄠˋ	金魚注意報	-6.17843815	acg
ㄐㄧㄣ-ㄩㄢ-ㄏㄨˊ	金鳶狐	-7.04116568	acg
ㄉㄧㄥ-ㄗ˙-ㄎㄨˋ-ㄒㄧㄢ-ㄕㄥ	釘子褲先生	-6.17843815	acg
ㄉㄧㄥ-ㄑㄧˊ-ㄧㄝˇ-ㄑㄧㄤˊ-ㄨㄟˊ	釘崎野薔薇	-6.17843815	acg
ㄓㄣ-ㄇㄨˋ-ㄈㄥˋ	針目縫	-7.04116568	acg
ㄊㄞˋ-ㄕ-ㄈㄨˋ	鈦師傅	-7.04116568	acg
ㄌㄧㄥˊ-ㄇㄨˋ-ㄐㄧㄥ-ㄗˇ	鈴木京子	-6.60980192	acg
ㄌㄧㄥˊ-ㄇㄨˋ-ㄑㄧㄢ-ㄉㄞˋ	鈴木千代	-6.60980192	acg
ㄌㄧㄥˊ-ㄇㄨˋ-ㄓㄣ-ㄌㄧˋ-ㄚ	鈴木真莉阿	-6.17843815	acg
ㄌㄧㄥˊ-ㄇㄨˋ-ㄍㄨㄟˋ-ㄗˇ	鈴木貴子	-6.60980192	acg
ㄌㄧㄥˊ-ㄧㄚˊ-ㄓ-ㄌㄩˇ	鈴芽之旅	-6.60980192	acg
ㄌㄧㄥˊ-ㄌㄨˋ-ㄕㄨㄛˋ-ㄧㄝˋ	鈴鹿朔夜	-6.60980192	acg
ㄍㄡ-ㄓㄠˇ-ㄕㄡˋ	鉤爪獸	-7.04116568	acg
ㄧㄣˊ-ㄖㄣˋ-ㄉㄚˋ-ㄕㄜˊ	銀刃大蛇	-6.60980192	acg
ㄧㄣˊ-ㄒㄩㄣ-ㄐㄧㄤˇ	銀勳奬	-7.04116568	acg
ㄧㄣˊ-ㄎㄚˇ-ㄉㄧㄢˇ-ㄕㄨˇ	銀卡點數	-6.60980192	acg
ㄧㄣˊ-ㄊㄧㄢ-ㄕˇ	銀天使	-7.04116568	acg
ㄧㄣˊ-ㄕㄡˇ-ㄑㄧㄤˊ-ㄋㄧˊ	銀手強尼	-6.60980192	acg
ㄧㄣˊ-ㄏㄜˊ-ㄓ-ㄌㄧˋ	銀河之力	-6.60980192	acg
ㄧㄣˊ-ㄏㄜˊ-ㄒㄧㄚˊ-ㄉㄠˋ	銀河俠盜	-6.60980192	acg
ㄧㄣˊ-ㄏㄜˊ-ㄇㄠˋ-ㄒㄧㄢˇ-ㄓㄢˋ-ㄐㄧˋ	銀河冒險戰記	-5.74707439	acg
ㄧㄣˊ-ㄏㄜˊ-ㄕㄥˋ-ㄌㄧˋ	銀河勝利	-6.60980192	acg
ㄧㄣˊ-ㄏㄜˊ-ㄓㄢˋ-ㄕˋ	銀河戰士	-6.60980192	acg
ㄧㄣˊ-ㄏㄜˊ-ㄔㄠ-ㄊㄜˋ-ㄎㄨㄞˋ-ㄌㄧㄝˋ-ㄔㄜ	銀河超特快列車	-5.74707439	acg
ㄧㄣˊ-ㄏㄜˊ-ㄈㄟ-ㄌㄨㄥˊ	銀河飛龍	-6.60980192	acg
ㄧㄣˊ-ㄏㄜˊ-ㄑㄧˊ-ㄕˋ-ㄔㄨㄢˊ	銀河騎士傳	-6.17843815	acg
ㄧㄣˊ-ㄊㄤ-ㄔˊ	銀湯匙	-7.04116568	acg
ㄧㄣˊ-ㄅㄞˊ-ㄕˊ-ㄗˋ-ㄐㄩㄣ	銀白十字軍	-6.17843815	acg
ㄧㄣˊ-ㄧˋ-ㄔㄠ-ㄖㄣˊ	銀翼超人	-6.60980192	acg
ㄧㄣˊ-ㄙㄜˋ-ㄓㄢˋ-ㄐㄧㄤˋ	銀色戰將	-6.60980192	acg
ㄧㄣˊ-ㄙㄜˋ-ㄕˊ-ㄓㄨㄥ	銀色時鐘	-6.60980192	acg
ㄧㄣˊ-ㄙㄜˋ-ㄔㄨㄥ-ㄌㄤˋ-ㄕㄡˇ	銀色衝浪手	-6.17843815	acg
ㄧㄣˊ-ㄓˋ-ㄌㄨˇ-ㄍㄜˊ	銀製魯格	-6.60980192	acg
ㄧㄣˊ-ㄐㄧㄠˇ-ㄕㄡˋ	銀角獸	-7.04116568	acg
ㄧㄣˊ-ㄏㄨㄟ-ㄩㄥˇ-ㄏㄥˊ	銀輝永恆	-6.60980192	acg
ㄧㄣˊ-ㄐㄧㄥˋ-ㄕㄡˋ	銀鏡獸	-7.04116568	acg
ㄧㄣˊ-ㄕㄢˇ-ㄉㄧㄢˋ	銀閃電	-7.04116568	acg
ㄧㄣˊ-ㄧㄥ-ㄓㄢˋ-ㄕˋ	銀鷹戰士	-6.60980192	acg
ㄧㄣˊ-ㄌㄨㄥˊ-ㄕㄡˋ	銀龍獸	-7.04116568	acg
ㄊㄨㄥˊ-ㄒㄩㄣ-ㄐㄧㄤˇ	銅勳奬	-7.04116568	acg
ㄊㄨㄥˊ-ㄏㄨ-ㄓㄣˋ-ㄋㄟˋ	銅虎陣內	-6.60980192	acg
ㄊㄨㄥˊ-ㄇㄛˊ-ㄒㄧㄤˋ	銅魔像	-7.04116568	acg
ㄒㄧㄢˊ-ㄨㄟˇ-ㄕㄜˊ	銜尾蛇	-7.04116568	acg
ㄖㄨㄟˋ-ㄦˊ	銳兒	-7.17149945	acg
ㄖㄨㄟˋ-ㄓㄨㄛˊ-ㄕㄡˋ	銳啄獸	-7.04116568	acg
ㄈㄥ-ㄌㄧˋ-ㄧㄣˊ-ㄖㄣˋ	鋒利銀刃	-6.60980192	acg
ㄐㄩˋ-ㄔˇ-ㄕㄡˋ	鋸齒獸	-7.04116568	acg
ㄐㄩˋ-ㄔˇ-ㄋㄧㄠˇ	鋸齒鳥	-7.04116568	acg
ㄍㄤ-ㄓ-ㄌㄧㄢˋ-ㄐㄧㄣ-ㄕㄨˋ-ㄕ	鋼之鍊金術師	-5.74707439	acg
ㄍㄤ-ㄖㄣˊ	鋼人	-7.17149945	acg
ㄍㄤ-ㄐㄧㄚ-ㄋㄨㄥˊ	鋼加農	-7.04116568	acg
ㄍㄤ-ㄊㄚˇ	鋼塔	-7.17149945	acg
ㄍㄤ-ㄊㄚˇ-ㄧ-ㄙㄜˋ-ㄈㄚˇ	鋼塔伊瑟法	-6.17843815	acg
ㄍㄤ-ㄒㄧㄠˇ-ㄊㄧㄝˇ	鋼小鐵	-7.04116568	acg
ㄍㄤ-ㄉㄢˋ-ㄙㄢ-ㄉㄞˋ	鋼彈三代	-6.60980192	acg
ㄍㄤ-ㄉㄢˋ-ㄔㄨㄤˋ-ㄏㄨㄞˋ-ㄓㄜˇ	鋼彈創壞者	-6.17843815	acg
ㄍㄤ-ㄉㄢˋ-ㄔㄨㄤˋ-ㄉㄡˋ-ㄩㄢˊ-ㄩˇ-ㄓㄡˋ	鋼彈創鬥元宇宙	-5.74707439	acg
ㄍㄤ-ㄉㄢˋ-ㄔㄨㄤˋ-ㄉㄡˋ-ㄒㄧˋ-ㄌㄧㄝˋ	鋼彈創鬥系列	-5.74707439	acg
ㄍㄤ-ㄉㄢˋ-ㄩㄥˇ-ㄕˋ	鋼彈勇士	-6.60980192	acg
ㄍㄤ-ㄉㄢˋ-ㄐㄧ-ㄉㄧˋ	鋼彈基地	-6.60980192	acg
ㄍㄤ-ㄉㄢˋ-ㄐㄧㄢ-ㄅㄧㄥ	鋼彈尖兵	-6.60980192	acg
ㄍㄤ-ㄉㄢˋ-ㄇㄛˊ-ㄒㄧㄥˊ-ㄌㄧㄢˊ-ㄒㄧㄢˋ-ㄉㄨㄟˋ-ㄓㄢˋ	鋼彈模型連線對戰	-5.74707439	acg
ㄍㄤ-ㄉㄢˋ-ㄐㄧ-ㄉㄡˋ	鋼彈激鬥	-6.60980192	acg
ㄍㄤ-ㄉㄢˋ-ㄐㄧ-ㄉㄡˋ-ㄩˇ-ㄓㄡˋ	鋼彈激鬥宇宙	-5.74707439	acg
ㄍㄤ-ㄉㄢˋ-ㄐㄧ-ㄉㄡˋ-ㄋㄧㄢˊ-ㄉㄞˋ-ㄐㄧˋ	鋼彈激鬥年代記	-5.74707439	acg
ㄍㄤ-ㄉㄢˋ-ㄐㄧ-ㄉㄡˋ-ㄏㄨㄟˋ-ㄓㄢˋ	鋼彈激鬥會戰	-5.74707439	acg
ㄍㄤ-ㄉㄢˋ-ㄉㄧㄠˋ-ㄔㄚˊ-ㄉㄨㄟˋ	鋼彈調查隊	-6.17843815	acg
ㄍㄤ-ㄆㄨˇ-ㄌㄚ	鋼普拉	-7.04116568	acg
ㄍㄤ-ㄨㄛˋ-ㄦˇ-ㄨㄚˇ	鋼沃爾瓦	-6.60980192	acg
ㄍㄤ-ㄧㄚˊ-ㄒㄩㄥˊ-ㄕ	鋼牙雄獅	-6.60980192	acg
ㄍㄤ-ㄑㄧㄣˊ-ㄍㄨㄞˋ	鋼琴怪	-7.04116568	acg
ㄍㄤ-ㄑㄧㄣˊ-ㄍㄨㄟˇ	鋼琴鬼	-7.04116568	acg
ㄍㄤ-ㄐㄧㄚˇ-ㄈㄟ-ㄌㄨㄥˊ-ㄕㄡˋ	鋼甲飛龍獸	-6.17843815	acg
ㄍㄤ-ㄏㄜˊ	鋼荷	-7.17149945	acg
ㄍㄤ-ㄉㄚˊ-ㄒㄧㄥ	鋼達星	-7.04116568	acg
ㄍㄤ-ㄧㄣˊ-ㄏㄜˊ	鋼銀河	-7.04116568	acg
ㄍㄤ-ㄊㄧㄝˇ-ㄓ-ㄒㄧㄣ	鋼鐵之心	-6.60980192	acg
ㄍㄤ-ㄊㄧㄝˇ-ㄖㄣˊ-ㄐㄩˋ-ㄔㄤˇ-ㄅㄢˇ	鋼鐵人劇場版	-5.74707439	acg
ㄍㄤ-ㄊㄧㄝˇ-ㄎㄜˋ-ㄨㄟˊ-ㄌㄚ	鋼鐵克維拉	-6.17843815	acg
ㄍㄤ-ㄊㄧㄝˇ-ㄐㄧㄚ-ㄌㄨˇ-ㄌㄨˇ	鋼鐵加魯魯	-6.17843815	acg
ㄍㄤ-ㄊㄧㄝˇ-ㄐㄧˊ-ㄎㄜˋ	鋼鐵吉克	-6.60980192	acg
ㄍㄤ-ㄊㄧㄝˇ-ㄨˋ-ㄎㄨㄥ-ㄕㄡˋ	鋼鐵悟空獸	-6.17843815	acg
ㄍㄤ-ㄊㄧㄝˇ-ㄞˋ-ㄍㄨㄛˊ-ㄓㄜˇ	鋼鐵愛國者	-6.17843815	acg
ㄍㄤ-ㄊㄧㄝˇ-ㄘㄢˊ-ㄧㄥˇ	鋼鐵殘影	-6.60980192	acg
ㄍㄤ-ㄊㄧㄝˇ-ㄧㄣˊ-ㄏㄜˊ-ㄉㄨㄟˋ	鋼鐵銀河隊	-6.17843815	acg
ㄍㄤ-ㄗㄨㄢ-ㄕㄡˋ	鋼鑽獸	-7.04116568	acg
ㄌㄨˋ-ㄧㄣ-ㄕㄡˋ	錄音獸	-7.04116568	acg
ㄑㄧㄢˊ-ㄅㄛˊ-ㄙ	錢伯斯	-7.04116568	acg
ㄑㄧㄢˊ-ㄉㄨㄛ-ㄉㄨㄛ	錢多多	-7.04116568	acg
ㄑㄧㄢˊ-ㄆㄛˊ-ㄆㄛ˙	錢婆婆	-7.04116568	acg
ㄑㄧㄢˊ-ㄕㄠˇ-ㄕㄠˇ	錢少少	-7.04116568	acg
ㄑㄧㄢˊ-ㄆㄚˋ	錢帕	-7.17149945	acg
ㄑㄧㄢˊ-ㄉㄜˊ-ㄌㄚ	錢德拉	-7.04116568	acg
ㄐㄧㄣˇ-ㄇㄨˋ-ㄑㄧㄢ-ㄕㄨˋ	錦木千束	-6.60980192	acg
ㄌㄧㄢˋ-ㄉㄢ-ㄕㄨˋ-ㄧㄢˊ-ㄐㄧㄡˋ-ㄏㄨㄟˋ	鍊丹術研究會	-5.74707439	acg
ㄌㄧㄢˋ-ㄐㄧㄣ-ㄌㄧㄢˊ-ㄇㄥˊ	鍊金聯盟	-6.60980192	acg
ㄌㄧㄢˋ-ㄐㄧㄣ-ㄑㄩ-ㄉㄨㄥˋ-ㄑㄧˋ	鍊金驅動器	-6.17843815	acg
ㄌㄧㄢˋ-ㄏㄨㄣˊ-ㄩˋ-ㄔㄤˊ	鍊魂獄長	-6.60980192	acg
ㄑㄧㄠ-ㄒㄧㄥˊ-ㄔㄨㄥˊ-ㄨˇ-ㄕˋ	鍬形蟲武士	-6.17843815	acg
ㄓㄨㄥ-ㄙ	鍾斯	-7.17149945	acg
ㄌㄧㄢˊ-ㄅㄣˇ-ㄌㄧˋ-ㄈㄨ	鎌本力夫	-6.60980192	acg
ㄌㄧㄢˊ-ㄔˊ	鎌池	-7.17149945	acg
ㄌㄧㄢˊ-ㄊㄧㄢˊ-ㄍㄨㄟˋ-ㄌㄧˇ-ㄗˇ	鎌田貴理子	-6.17843815	acg
ㄙㄨㄛˇ-ㄌㄧㄢˋ-ㄊㄧㄝˇ-ㄑㄧㄡˊ	鎖鏈鐵球	-6.60980192	acg
ㄎㄞˇ-ㄔㄨㄢˊ	鎧傳	-7.17149945	acg
ㄎㄞˇ-ㄐㄧㄚˇ-ㄐㄧㄚ-ㄌㄨˇ-ㄌㄨˇ	鎧甲加魯魯	-6.17843815	acg
ㄎㄞˇ-ㄐㄧㄚˇ-ㄐㄧㄚ-ㄌㄨˇ-ㄌㄨˇ-ㄕㄡˋ	鎧甲加魯魯獸	-5.74707439	acg
ㄎㄞˇ-ㄐㄧㄚˇ-ㄏㄜˊ-ㄊㄧˇ	鎧甲合體	-6.60980192	acg
ㄎㄞˇ-ㄐㄧㄚˇ-ㄨˇ-ㄕˋ	鎧甲武士	-6.60980192	acg
ㄎㄞˇ-ㄏㄨㄤˊ-ㄕㄡˋ	鎧皇獸	-7.04116568	acg
ㄓㄣˋ-ㄧㄚ-ㄓㄨㄤ-ㄩㄢˊ	鎮壓莊園	-6.60980192	acg
ㄓㄣˋ-ㄅㄠˋ-ㄏㄞˇ-ㄌㄨㄥˊ	鎮暴海龍	-6.60980192	acg
ㄓㄣˋ-ㄐㄧㄥˋ-ㄊㄜˋ-ㄑㄧㄣˊ-ㄗㄨˇ	鎮靜特勤組	-6.17843815	acg
ㄓㄣˋ-ㄏㄨㄣˊ-ㄑㄩㄢˇ-ㄍㄤ-ㄉㄢˋ	鎮魂犬鋼彈	-6.17843815	acg
ㄌㄧㄢˋ-ㄐㄩˋ-ㄖㄣˊ	鏈鋸人	-7.04116568	acg
ㄉㄧˊ-ㄇㄨˋ-ㄇㄟˇ-ㄆㄛ	鏑木美波	-6.60980192	acg
ㄐㄧㄥˋ-ㄗ˙-ㄖㄣˋ-ㄨˋ	鏡子任務	-6.60980192	acg
ㄐㄧㄥˋ-ㄗ˙-ㄔㄠ-ㄖㄣˊ	鏡子超人	-6.60980192	acg
ㄐㄧㄥˋ-ㄗ˙-ㄍㄨㄟˇ	鏡子鬼	-7.04116568	acg
ㄐㄧㄥˋ-ㄧㄥˇ-ㄕㄡˋ	鏡影獸	-7.04116568	acg
ㄐㄧㄥˋ-ㄓㄨㄚˇ	鏡爪	-7.17149945	acg
ㄌㄧㄢˊ-ㄉㄠ-ㄐㄩˋ-ㄕㄣˊ	鐮刀巨神	-6.60980192	acg
ㄌㄧㄢˊ-ㄍㄨˇ-ㄐㄧㄝˊ-ㄙㄣ	鐮骨傑森	-6.60980192	acg
ㄌㄧㄢˊ-ㄧㄡˋ	鐮鼬	-7.17149945	acg
ㄌㄟˊ-ㄕㄜˋ-ㄩㄝˋ-ㄉㄨㄥˋ-ㄕㄥ-ㄏㄨㄚˊ-ㄑㄧˋ	鐳射躍動昇華器	-5.74707439	acg
ㄊㄧㄝˇ-ㄖㄣˊ-ㄕˋ	鐵人式	-7.04116568	acg
ㄊㄧㄝˇ-ㄐㄧㄚˇ-ㄇㄧㄢˋ	鐵假面	-7.04116568	acg
ㄊㄧㄝˇ-ㄧˋ-ㄓㄢˋ-ㄐㄧㄥˇ	鐵弋戰警	-6.60980192	acg
ㄊㄧㄝˇ-ㄌㄤˊ-ㄏㄠˋ	鐵狼號	-7.04116568	acg
ㄊㄧㄝˇ-ㄌㄨㄥˊ-ㄗㄨˊ-ㄑㄧㄡˊ-ㄔㄤˇ	鐵籠足球場	-6.17843815	acg
ㄊㄧㄝˇ-ㄨㄢˋ-ㄋㄩˇ-ㄐㄧㄥˇ	鐵腕女警	-6.60980192	acg
ㄊㄧㄝˇ-ㄨㄢˋ-ㄊㄜˋ-ㄐㄧㄥˇ	鐵腕特警	-6.60980192	acg
ㄊㄧㄝˇ-ㄒㄧㄝˇ-ㄐㄩㄣ-ㄧㄥˊ	鐵血軍營	-6.60980192	acg
ㄊㄧㄝˇ-ㄨㄟˋ	鐵衛	-7.17149945	acg
ㄊㄧㄝˇ-ㄍㄡ-ㄔㄨㄢˊ-ㄓㄤˇ-ㄕㄡˋ	鐵鉤船長獸	-6.17843815	acg
ㄊㄧㄝˇ-ㄎㄞˇ-ㄆㄛˋ-ㄐㄩㄣ	鐵鎧破軍	-6.60980192	acg
ㄊㄧㄝˇ-ㄐㄧ-ㄕㄡˋ	鐵雞獸	-7.04116568	acg
ㄊㄧㄝˇ-ㄇㄧㄢˋ-ㄕㄡˋ	鐵面獸	-7.04116568	acg
ㄊㄧㄝˇ-ㄇㄛˊ-ㄒㄧㄤˋ	鐵魔像	-7.04116568	acg
ㄊㄧㄝˇ-ㄧㄥ	鐵鷹	-7.17149945	acg
ㄊㄧㄝˇ-ㄧㄥ-ㄕㄡˋ	鐵鷹獸	-7.04116568	acg
ㄊㄧㄝˇ-ㄏㄟ-ㄍㄢˋ-ㄘˋ-ㄌㄤˊ	鐵黑幹次郎	-6.17843815	acg
ㄊㄧㄝˇ-ㄓㄞ	鐵齋	-7.17149945	acg
ㄧㄠˋ-ㄕ˙-ㄊㄧㄢ-ㄕˇ-ㄕㄡˋ	鑰匙天使獸	-6.17843815	acg
ㄗㄨㄢˋ-ㄕˊ-ㄒㄩㄢˊ-ㄨㄛ	鑽石漩渦	-6.60980192	acg
ㄗㄨㄢˋ-ㄕˊ-ㄕㄢˇ-ㄍㄨㄤ	鑽石閃光	-6.60980192	acg
ㄗㄨㄢ-ㄊㄡˊ-ㄧㄢˇ-ㄕㄨˇ-ㄕㄡˋ	鑽頭鼴鼠獸	-6.17843815	acg
ㄔㄤˊ-ㄖㄣˋ	長刃	-7.17149945	acg
ㄔㄤˊ-ㄘˋ-ㄇㄧㄠ	長刺喵	-7.04116568	acg
ㄔㄤˊ-ㄧㄡˇ-ㄒㄧㄡ-ㄖㄣˊ	長友修人	-6.60980192	acg
ㄔㄤˊ-ㄈㄨˋ-ㄌㄧㄢˊ-ㄕˊ	長富蓮實	-6.60980192	acg
ㄔㄤˊ-ㄈㄥ-ㄇㄟˇ-ㄐㄧㄚ-ㄗˇ	長峰美加子	-6.17843815	acg
ㄔㄤˊ-ㄉㄠˇ-ㄇㄠˋ-ㄒㄩㄥˊ	長島茂雄	-6.60980192	acg
ㄔㄤˊ-ㄉㄠˇ-ㄘㄨㄥ	長嶋聰	-7.04116568	acg
ㄔㄤˊ-ㄇㄠˊ-ㄒㄧㄤˋ-ㄕㄡˋ	長毛象獸	-6.60980192	acg
ㄔㄤˊ-ㄌㄞˋ-ㄒㄧㄠˇ-ㄇㄧˋ	長瀨小糸	-6.60980192	acg
ㄔㄤˊ-ㄌㄞˋ-ㄓㄣ-ㄍㄨㄥ	長瀨真弓	-6.60980192	acg
ㄓㄤˇ-ㄧㄚˊ-ㄕㄡˋ	長牙獸	-7.04116568	acg
ㄔㄤˊ-ㄕㄥ-ㄅㄤ	長生幫	-7.04116568	acg
ㄔㄤˊ-ㄐㄧㄠˇ-ㄓ-ㄓㄨ	長腳蜘蛛	-6.60980192	acg
ㄔㄤˊ-ㄊㄨㄟˇ-ㄒㄧㄢ-ㄕㄥ	長腿先生	-6.60980192	acg
ㄔㄤˊ-ㄌㄧㄤˊ-ㄐㄧㄣˇ	長良菫	-7.04116568	acg
ㄔㄤˊ-ㄍㄨˇ-ㄔㄨㄢ-ㄉㄚˊ	長谷川達	-6.60980192	acg
ㄔㄤˊ-ㄍㄨˇ-ㄅㄨˋ-ㄨˇ-ㄓˋ	長谷部武志	-6.17843815	acg
ㄔㄤˊ-ㄐㄩˋ-ㄌㄧˊ-ㄑㄧㄤˇ-ㄒㄧㄥˊ-ㄓㄣ-ㄔㄚˊ-ㄈㄨˋ-ㄗㄨㄛˋ-ㄒㄧㄥˊ	長距離強行偵察複座型	-5.74707439	acg
ㄔㄤˊ-ㄔㄤˊ-ㄔㄨㄢˊ-ㄓㄤˇ	長長船長	-6.60980192	acg
ㄔㄤˊ-ㄇㄣˊ-ㄒㄧㄤ-ㄉㄞˋ-ㄗˇ	長門香代子	-6.17843815	acg
ㄔㄤˊ-ㄒㄩㄝ-ㄇㄠ	長靴貓	-7.04116568	acg
ㄔㄤˊ-ㄅㄧˊ-ㄕˋ	長鼻式	-7.04116568	acg
ㄔㄤˊ-ㄅㄧˊ-ㄅㄚ-ㄋㄚˋ-ㄋㄚˋ	長鼻芭娜娜	-6.17843815	acg
ㄇㄣˊ-ㄑㄧˊ	門淇	-7.17149945	acg
ㄇㄣˊ-ㄆㄧㄠˋ-ㄍㄞ-ㄍㄟˇ-ㄕㄟˊ	門票該給誰	-6.17843815	acg
ㄕㄢˇ-ㄌㄧㄤˋ-ㄍㄨㄤ-ㄉㄧㄢˇ	閃亮光點	-6.60980192	acg
ㄕㄢˇ-ㄌㄧㄤˋ-ㄒㄧㄝ-ㄗ˙-ㄏㄠˋ-ㄕˋ-ㄗㄨㄛˋ-ㄇㄛˊ-ㄋㄧˇ-ㄔㄜ	閃亮蠍子號試作模擬車	-5.74707439	acg
ㄕㄢˇ-ㄌㄧㄤˋ-ㄐㄧㄣ-ㄙㄜˋ-ㄔㄤˋ-ㄆㄢˊ	閃亮金色唱盤	-5.74707439	acg
ㄕㄢˇ-ㄌㄧㄤˋ-ㄕㄢˇ-ㄌㄧㄤˋ-ㄊㄨㄟ-ㄊㄜˋ	閃亮閃亮推特	-5.74707439	acg
ㄕㄢˇ-ㄍㄨㄤ-ㄓ-ㄏㄚ-ㄙㄚˋ-ㄨㄟˊ	閃光之哈薩維	-5.74707439	acg
ㄕㄢˇ-ㄍㄨㄤ-ㄕㄜˋ-ㄕㄡˇ	閃光射手	-6.60980192	acg
ㄕㄢˇ-ㄍㄨㄤ-ㄅㄠˋ-ㄌㄨㄥˊ-ㄕㄡˋ	閃光暴龍獸	-6.17843815	acg
ㄕㄢˇ-ㄐㄧˊ-ㄉㄧㄢˇ-ㄒㄧㄥˊ-ㄉㄨㄥˋ	閃擊點行動	-6.17843815	acg
ㄕㄢˇ-ㄧㄠˋ-ㄕㄤˋ-ㄕㄥ-ㄑㄧˋ-ㄌㄧㄡˊ	閃耀上升氣流	-5.74707439	acg
ㄕㄢˇ-ㄧㄠˋ-ㄐㄩˋ-ㄒㄧㄥ	閃耀巨星	-6.60980192	acg
ㄕㄢˇ-ㄧㄠˋ-ㄞˋ-ㄑㄧㄥˊ-ㄑㄧㄡ-ㄅㄧˇ-ㄊㄜˋ	閃耀愛情邱比特	-5.74707439	acg
ㄕㄢˇ-ㄧㄠˋ-ㄩˊ-ㄓㄨㄥ-ㄧㄢ-ㄓ-ㄑㄧㄤ	閃耀於終焉之槍	-5.74707439	acg
ㄕㄢˇ-ㄧㄠˋ-ㄎㄨㄟ-ㄐㄧㄚˇ	閃耀盔甲	-6.60980192	acg
ㄕㄢˇ-ㄧㄠˋ-ㄈㄟ-ㄌㄨㄥˊ	閃耀飛龍	-6.60980192	acg
ㄕㄢˇ-ㄧㄠˋ-ㄇㄛˊ-ㄧㄢˇ	閃耀魔眼	-6.60980192	acg
ㄕㄢˇ-ㄕㄢˇ-ㄌㄧㄤˋ-ㄐㄧㄥ-ㄐㄧㄥ	閃閃亮晶晶	-6.17843815	acg
ㄕㄢˇ-ㄌㄟˊ-ㄏㄢˋ-ㄐㄧㄤˋ	閃雷悍將	-6.60980192	acg
ㄕㄢˇ-ㄉㄧㄢˋ-ㄍㄨㄤ-ㄉㄧㄢˇ	閃電光點	-6.60980192	acg
ㄕㄢˇ-ㄉㄧㄢˋ-ㄐㄧˊ-ㄐㄧˊ	閃電急擊	-6.60980192	acg
ㄕㄢˇ-ㄉㄧㄢˋ-ㄍㄨㄞˋ-ㄇㄚˇ	閃電怪馬	-6.60980192	acg
ㄕㄢˇ-ㄉㄧㄢˋ-ㄅㄠˋ-ㄈㄥ	閃電暴風	-6.60980192	acg
ㄕㄢˇ-ㄉㄧㄢˋ-ㄇㄞˋ-ㄎㄨㄣ	閃電麥坤	-6.60980192	acg
ㄕㄢˇ-ㄌㄧㄥˊ-ㄏㄢˋ-ㄐㄧㄤˋ	閃靈悍將	-6.60980192	acg
ㄕㄢˇ-ㄌㄧㄥˊ-ㄌㄧㄝˋ-ㄕㄡˇ	閃靈獵手	-6.60980192	acg
ㄅㄧˋ-ㄙㄨㄛˇ-ㄎㄨㄥ-ㄐㄧㄢ	閉鎖空間	-6.60980192	acg
ㄎㄞ-ㄉㄧㄢˋ-ㄉㄚˊ-ㄖㄣˊ	開店達人	-6.60980192	acg
ㄎㄞ-ㄐㄧ-ㄕㄡˋ	開機獸	-7.04116568	acg
ㄎㄞ-ㄧㄢˇ-ㄓ-ㄕˊ-ㄧˇ-ㄉㄠˋ	開演之時已到	-5.74707439	acg
ㄎㄞ-ㄏㄨㄚ-ㄙㄢˇ	開花傘	-7.04116568	acg
ㄎㄞ-ㄎㄨㄛˋ-ㄊㄧㄢ-ㄎㄨㄥ	開闊天空	-6.60980192	acg
ㄒㄧㄢˊ-ㄏㄨㄤˋ-ㄕㄚ-ㄩˊ	閒晃鯊魚	-6.60980192	acg
ㄐㄧㄢ-ㄓㄨㄥ-ㄇㄟˇ-ㄌㄧˇ	間中美里	-6.60980192	acg
ㄐㄧㄢ-ㄍㄨㄥ-ㄐㄩㄣˋ-ㄗㄠˋ	間宮俊造	-6.60980192	acg
ㄐㄧㄢ-ㄍㄨㄥ-ㄑㄧㄢ-ㄓㄠ	間宮千昭	-6.60980192	acg
ㄐㄧㄢ-ㄍㄨㄥ-ㄈㄨ-ㄖㄣˊ	間宮夫人	-6.60980192	acg
ㄐㄧㄢ-ㄍㄨㄥ-ㄏㄨㄟˋ-ㄌㄧˇ-ㄒㄧㄤ	間宮繪理香	-6.17843815	acg
ㄐㄧㄢ-ㄊㄨㄥˊ-ㄧㄥ	間桐櫻	-7.04116568	acg
ㄐㄧㄢ-ㄊㄨㄥˊ-ㄗㄤˋ-ㄧㄢˋ	間桐臟硯	-6.60980192	acg
ㄐㄧㄢ-ㄩㄣˊ-ㄆㄧㄠ-ㄐㄧㄝˋ	間雲漂介	-6.60980192	acg
ㄇㄧㄣˇ-ㄅㄧㄥˇ-ㄐㄧㄡˇ	閔炳久	-7.04116568	acg
ㄈㄚˊ-ㄇㄣˊ-ㄕㄡˋ	閥門獸	-7.04116568	acg
ㄧㄢˊ-ㄇㄛˊ-ㄞˋ	閻魔愛	-7.04116568	acg
ㄢˋ-ㄧㄝˋ-ㄕㄣ-ㄉㄡ	闇夜深都	-6.60980192	acg
ㄢˋ-ㄧㄥˇ-ㄏㄨˋ-ㄏㄨㄢˋ	闇影互換	-6.60980192	acg
ㄢˋ-ㄧㄥˇ-ㄕˋ-ㄅㄧㄥ	闇影士兵	-6.60980192	acg
ㄢˋ-ㄧㄥˇ-ㄘㄨㄣˊ-ㄑㄩˇ	闇影存取	-6.60980192	acg
ㄢˋ-ㄧㄥˇ-ㄉㄠˇ	闇影島	-7.04116568	acg
ㄢˋ-ㄧㄥˇ-ㄔㄡ-ㄑㄩˇ	闇影抽取	-6.60980192	acg
ㄢˋ-ㄧㄥˇ-ㄘㄠ-ㄎㄨㄥˋ	闇影操控	-6.60980192	acg
ㄢˋ-ㄧㄥˇ-ㄕ-ㄓㄤ	闇影詩章	-6.60980192	acg
ㄢˋ-ㄩˋ-ㄧㄢˊ-ㄌㄨㄛˊ	闇獄閻羅	-6.60980192	acg
ㄢˋ-ㄕㄣˊ	闇神	-7.17149945	acg
ㄢˋ-ㄌㄢˊ-ㄓ-ㄩㄝˋ	闇藍之月	-6.60980192	acg
ㄢˋ-ㄏㄨㄣˊ-ㄕㄡ-ㄍㄜ-ㄓㄜˇ	闇魂收割者	-6.17843815	acg
ㄢˋ-ㄏㄨㄣˊ-ㄒㄧㄢˋ-ㄐㄧˋ	闇魂獻祭	-6.60980192	acg
ㄢˋ-ㄇㄚˊ-ㄌㄩˇ	闇麻呂	-7.04116568	acg
ㄢˋ-ㄏㄟ-ㄙㄢ-ㄊㄡˊ-ㄑㄩㄢˇ	闇黑三頭犬	-6.17843815	acg
ㄢˋ-ㄏㄟ-ㄐㄩˋ-ㄒㄧㄝˋ	闇黑巨蟹	-6.60980192	acg
ㄢˋ-ㄏㄟ-ㄐㄩˋ-ㄇㄛˊ	闇黑巨魔	-6.60980192	acg
ㄢˋ-ㄏㄟ-ㄉㄧˋ-ㄨㄤˊ	闇黑帝王	-6.60980192	acg
ㄢˋ-ㄏㄟ-ㄉㄧˋ-ㄨㄤˊ-ㄍㄞˇ-ㄐㄧㄣˋ-ㄌㄧㄥˊ-ㄐㄧㄢˋ	闇黑帝王改進零件	-5.74707439	acg
ㄢˋ-ㄏㄟ-ㄐㄧ-ㄒㄧㄝˋ-ㄖㄣˊ	闇黑機械人	-6.17843815	acg
ㄢˋ-ㄏㄟ-ㄨˇ-ㄕˋ	闇黑武士	-6.60980192	acg
ㄢˋ-ㄏㄟ-ㄨˇ-ㄕˋ-ㄉㄧˇ-ㄎㄤˋ	闇黑武士抵抗	-5.74707439	acg
ㄢˋ-ㄏㄟ-ㄨˇ-ㄕˋ-ㄗˋ-ㄖㄢˊ-ㄈㄤˊ-ㄏㄨˋ	闇黑武士自然防護	-5.74707439	acg
ㄢˋ-ㄏㄟ-ㄨˇ-ㄕˋ-ㄇㄛˊ-ㄈㄚˇ-ㄈㄢˇ-ㄕㄜˋ	闇黑武士魔法反射	-5.74707439	acg
ㄢˋ-ㄏㄟ-ㄏㄞˇ-ㄏㄨㄤˊ	闇黑海皇	-6.60980192	acg
ㄢˋ-ㄏㄟ-ㄎㄨㄤˊ-ㄋㄧㄡˊ	闇黑狂牛	-6.60980192	acg
ㄢˋ-ㄏㄟ-ㄕˊ-ㄒㄧㄤˋ-ㄍㄨㄟˇ	闇黑石像鬼	-6.17843815	acg
ㄢˋ-ㄏㄟ-ㄕㄨㄤ-ㄊㄡˊ-ㄌㄨㄥˊ	闇黑雙頭龍	-6.17843815	acg
ㄢˋ-ㄏㄟ-ㄐㄧㄠ-ㄌㄨㄥˊ	闇黑鮫龍	-6.60980192	acg
ㄢˋ-ㄏㄟ-ㄌㄨㄥˊ-ㄨㄤˊ	闇黑龍王	-6.60980192	acg
ㄢˋ-ㄌㄨㄥˊ-ㄐㄧˋ-ㄩㄢˊ	闇龍紀元	-6.60980192	acg
ㄍㄨㄢ-ㄧㄡˇ-ㄏㄨㄟˋ	關友惠	-7.04116568	acg
ㄍㄨㄢ-ㄎㄡˇ-ㄉㄨㄥ-ㄨˊ	關口東吾	-6.60980192	acg
ㄍㄨㄢ-ㄎㄡˇ-ㄔㄥˊ	關口誠	-7.04116568	acg
ㄍㄨㄢ-ㄋㄧˊ-ㄨㄟˊ-ㄦˇ	關妮薇爾	-6.60980192	acg
ㄍㄨㄢ-ㄍㄣ-ㄎㄤ-ㄕˇ	關根康史	-6.60980192	acg
ㄍㄨㄢ-ㄐㄧ-ㄕㄡˋ	關機獸	-7.04116568	acg
ㄍㄨㄢ-ㄩˋ-ㄇㄟˇ	關裕美	-7.04116568	acg
ㄅㄢˇ-ㄐㄧㄥˇ-ㄘㄡˋ	阪井湊	-7.04116568	acg
ㄅㄢˇ-ㄎㄡˇ-ㄍㄨㄟˋ-ㄌㄧˋ-ㄋㄞˋ	阪口桂利奈	-6.17843815	acg
ㄅㄢˇ-ㄇㄨˋ	阪木	-7.17149945	acg
ㄈㄤˊ-ㄩˋ-ㄌㄧˋ-ㄔㄤˇ	防禦力場	-6.60980192	acg
ㄚ-ㄕˊ-ㄈㄨˊ-ㄉㄜˊ	阿什弗德	-6.60980192	acg
ㄚ-ㄖㄣˊ	阿仁	-7.17149945	acg
ㄚ-ㄑㄧㄝˊ-ㄇㄣˊ-ㄋㄨㄥˊ-ㄐㄧˊ	阿伽門農級	-6.17843815	acg
ㄚ-ㄧ-ㄅㄚ	阿依巴	-7.04116568	acg
ㄚ-ㄒㄧㄡ-ㄌㄨㄛˊ-ㄇㄨˇ	阿修羅姆	-6.60980192	acg
ㄚ-ㄐㄧㄝˊ-ㄊㄜˋ-ㄕㄡˋ	阿傑特獸	-6.60980192	acg
ㄚ-ㄎㄜˋ	阿克	-7.17149945	acg
ㄚ-ㄎㄜˋ-ㄙ-ㄧㄚˇ-ㄈㄨˊ-ㄓㄡˋ	阿克斯亞符咒	-5.74707439	acg
ㄚ-ㄎㄜˋ-ㄇㄧˇ	阿克米	-7.04116568	acg
ㄚ-ㄎㄜˋ-ㄒㄧ-ㄙ	阿克西斯	-6.60980192	acg
ㄚ-ㄎㄜˋ-ㄌㄨˇ	阿克魯	-7.04116568	acg
ㄚ-ㄎㄞˇ	阿凱	-7.17149945	acg
ㄚ-ㄎㄞˇ-ㄦˇ	阿凱爾	-7.04116568	acg
ㄚ-ㄊㄨˊ	阿凸	-7.17149945	acg
ㄚ-ㄠ	阿凹	-7.17149945	acg
ㄚ-ㄋㄨˇ-ㄅㄧˇ-ㄙ	阿努比斯	-6.60980192	acg
ㄚ-ㄌㄜˋ-ㄊㄨㄛ-ㄌㄧˇ-ㄨˊ-ㄙ	阿勒托里吾斯	-5.74707439	acg
ㄚ-ㄋㄢˊ-ㄧㄥˊ	阿南迎	-7.04116568	acg
ㄚ-ㄎㄚˇ-ㄇㄢˋ	阿卡曼	-7.04116568	acg
ㄚ-ㄎㄚˇ-ㄏㄢˋ-ㄐㄧㄥ-ㄕㄣˊ-ㄅㄧㄥˋ-ㄩㄢˋ	阿卡漢精神病院	-5.74707439	acg
ㄚ-ㄎㄚˇ-ㄌㄧˋ	阿卡莉	-7.04116568	acg
ㄚ-ㄎㄚˇ-ㄇㄚˇ	阿卡馬	-7.04116568	acg
ㄚ-ㄐㄧˊ	阿吉	-7.17149945	acg
ㄚ-ㄏㄢˊ-ㄏㄠˋ	阿含號	-7.04116568	acg
ㄚ-ㄇㄡˊ	阿哞	-7.17149945	acg
ㄚ-ㄓㄜˊ-ㄍㄠ-ㄩㄢˊ	阿哲高原	-6.60980192	acg
ㄚ-ㄐㄧㄚ-ㄕㄚ	阿嘉莎	-7.04116568	acg
ㄚ-ㄍㄚ	阿嘎	-7.17149945	acg
ㄚ-ㄎㄨㄣ	阿坤	-7.17149945	acg
ㄚ-ㄐㄧ-ㄦˇ	阿基爾	-7.04116568	acg
ㄚ-ㄕㄡˋ-ㄆㄛˊ	阿壽婆	-7.04116568	acg
ㄚ-ㄊㄧㄢ-ㄅㄛ-ㄌㄨㄛˊ	阿天波羅	-6.60980192	acg
ㄚ-ㄎㄨㄚ-ㄨㄟˊ-ㄊㄜˋ	阿夸維特	-6.60980192	acg
ㄚ-ㄎㄨㄟˊ-ㄧㄚˇ	阿奎亞	-7.04116568	acg
ㄚ-ㄇㄨˇ-ㄇㄨˇ	阿姆姆	-7.04116568	acg
ㄚ-ㄓㄞˊ-ㄉㄜ˙-ㄌㄧㄢˋ-ㄞˋ-ㄊㄞˋ-ㄋㄢˊ	阿宅的戀愛太難	-5.74707439	acg
ㄚ-ㄢ-ㄩˇ-ㄐㄧㄝˊ-ㄊㄜˋ	阿安與傑特	-6.17843815	acg
ㄚ-ㄇㄧˋ-ㄨ-ㄍㄨ	阿密烏菇	-6.60980192	acg
ㄚ-ㄕㄤˋ	阿尚	-7.17149945	acg
ㄚ-ㄋㄧˊ	阿尼	-7.17149945	acg
ㄚ-ㄕㄢ-ㄍㄜ	阿山哥	-7.04116568	acg
ㄚ-ㄧㄢˊ	阿岩	-7.17149945	acg
ㄚ-ㄨㄟ	阿崴	-7.17149945	acg
ㄚ-ㄨㄟˊ-ㄘˊ	阿嵬茨	-7.04116568	acg
ㄚ-ㄅㄚ-ㄅㄚ	阿巴巴	-7.04116568	acg
ㄚ-ㄅㄚ-ㄑㄧㄤˊ	阿巴強	-7.04116568	acg
ㄚ-ㄅㄚ-ㄌㄞˊ	阿巴萊	-7.04116568	acg
ㄚ-ㄅㄚ-ㄌㄟˊ-ㄙ-ㄊㄜˋ	阿巴雷斯特	-6.17843815	acg
ㄚ-ㄅㄨˋ	阿布	-7.17149945	acg
ㄚ-ㄅㄨˋ-ㄌㄚ-ㄇㄨˇ	阿布拉姆	-6.60980192	acg
ㄚ-ㄅㄨˋ-ㄙ	阿布斯	-7.04116568	acg
ㄚ-ㄅㄨˋ-ㄉㄨˋ-ㄌㄚ	阿布杜拉	-6.60980192	acg
ㄚ-ㄅㄨˋ-ㄙㄚˋ-ㄌㄨㄛˊ-ㄇㄨˇ	阿布薩羅姆	-6.17843815	acg
ㄚ-ㄆㄚˋ-ㄑㄧˋ	阿帕契	-7.04116568	acg
ㄚ-ㄆㄚˋ-ㄅㄨˋ	阿帕布	-7.04116568	acg
ㄚ-ㄒㄧˊ-ㄇㄚˇ	阿席瑪	-7.04116568	acg
ㄚ-ㄈㄟˋ	阿廢	-7.17149945	acg
ㄚ-ㄍㄨㄤˇ	阿廣	-7.17149945	acg
ㄚ-ㄑㄧㄤˊ	阿強	-7.17149945	acg
ㄚ-ㄑㄧㄤˊ-ㄧ-ㄏㄠˋ	阿強一號	-6.60980192	acg
ㄚ-ㄑㄧㄤˊ-ㄧˊ-ㄏㄠˋ	阿強一號	-7.10980192	acg
ㄚ-ㄉㄜˊ-ㄇㄛˋ-ㄙ	阿德莫斯	-6.60980192	acg
ㄚ-ㄨˋ	阿悟	-7.17149945	acg
ㄚ-ㄘˊ-ㄍㄨˇ	阿慈谷	-7.04116568	acg
ㄚ-ㄇㄨˋ	阿慕	-7.17149945	acg
ㄚ-ㄊㄨㄛ-ㄏㄚ-ㄌㄢˊ	阿托哈蘭	-6.60980192	acg
ㄚ-ㄌㄚ-ㄉㄧㄥ-ㄏㄢˋ-ㄉㄚˋ-ㄉㄠˋ-ㄓ-ㄨㄤˊ	阿拉丁和大盜之王	-5.74707439	acg
ㄚ-ㄌㄚ-ㄅㄚ-ㄙ-ㄊㄢˇ	阿拉巴斯坦	-6.17843815	acg
ㄚ-ㄌㄚ-ㄅㄧˇ-ㄙ-ㄊㄜˋ-ㄊㄨㄥˊ-ㄇㄥˊ	阿拉比斯特同盟	-5.74707439	acg
ㄚ-ㄌㄚ-ㄅㄟˋ-ㄌㄨˇ	阿拉貝魯	-6.60980192	acg
ㄚ-ㄅㄞˋ-ㄉㄨㄛ-ㄙ-ㄍㄠ-ㄓㄨㄥ	阿拜多斯高中	-5.74707439	acg
ㄚ-ㄙ-ㄏㄚ	阿斯哈	-7.04116568	acg
ㄚ-ㄙ-ㄐㄧㄚ	阿斯嘉	-7.04116568	acg
ㄚ-ㄙ-ㄊㄚˇ-ㄕㄡˋ	阿斯塔獸	-6.60980192	acg
ㄚ-ㄙ-ㄌㄚ	阿斯拉	-7.04116568	acg
ㄚ-ㄙ-ㄇㄢˋ-ㄐㄧㄚ-ㄉㄚˊ-ㄦˇ	阿斯曼加達爾	-5.74707439	acg
ㄚ-ㄙ-ㄊㄜˋ-ㄌㄚ-ㄦˇ	阿斯特拉爾	-6.17843815	acg
ㄚ-ㄙ-ㄇㄚˇ	阿斯瑪	-7.04116568	acg
ㄚ-ㄙ-ㄅㄟˋ-ㄌㄨˇ	阿斯貝魯	-6.60980192	acg
ㄚ-ㄙ-ㄐㄧㄣ	阿斯金	-7.04116568	acg
ㄚ-ㄙ-ㄉㄨㄣˋ	阿斯頓	-7.04116568	acg
ㄚ-ㄔㄨㄣ	阿春	-7.17149945	acg
ㄚ-ㄇㄢˋ-ㄉㄚˊ	阿曼達	-7.04116568	acg
ㄚ-ㄅㄣˇ	阿本	-7.17149945	acg
ㄚ-ㄅㄣˇ-ㄐㄧㄚ-ㄋㄧㄝˋ	阿本加聶	-6.60980192	acg
ㄚ-ㄓㄚˊ-ㄉㄧˊ-ㄙ-ㄊㄢˇ	阿札迪斯坦	-6.17843815	acg
ㄚ-ㄉㄨˋ-ㄇㄚˇ	阿杜瑪	-7.04116568	acg
ㄚ-ㄙㄨㄥ	阿松	-7.17149945	acg
ㄚ-ㄍㄣ-ㄊㄚˇ-ㄇㄨˇ	阿根塔姆	-6.60980192	acg
ㄚ-ㄍㄜˊ	阿格	-7.17149945	acg
ㄚ-ㄊㄠˊ	阿桃	-7.17149945	acg
ㄚ-ㄐㄧㄝˊ	阿桔	-7.17149945	acg
ㄚ-ㄓㄥˋ	阿正	-7.17149945	acg
ㄚ-ㄅㄧˇ-ㄌㄨㄥˊ	阿比隆	-7.04116568	acg
ㄚ-ㄅㄧˇ-ㄌㄨㄥˊ-ㄉㄜ˙-ㄐㄧ-ㄧㄣ	阿比隆的基因	-5.74707439	acg
ㄚ-ㄅㄧˇ-ㄌㄨㄥˊ-ㄉㄜ˙-ㄍㄨˊ-ㄊㄡ˙	阿比隆的骨頭	-5.74707439	acg
ㄚ-ㄅㄛ-ㄌㄨㄛˊ-ㄓ-ㄋㄩˇ	阿波羅之女	-6.17843815	acg
ㄚ-ㄅㄛ-ㄌㄨㄛˊ-ㄕㄡˋ	阿波羅獸	-6.60980192	acg
ㄚ-ㄊㄞˋ	阿泰	-7.17149945	acg
ㄚ-ㄌㄨㄛˋ	阿洛	-7.17149945	acg
ㄚ-ㄈㄨˊ	阿浮	-7.17149945	acg
ㄚ-ㄗ-ㄌㄧˋ-ㄎㄚˇ	阿滋利卡	-6.60980192	acg
ㄚ-ㄇㄢˇ	阿滿	-7.17149945	acg
ㄚ-ㄐㄧㄠ	阿焦	-7.17149945	acg
ㄚ-ㄦˇ-ㄅㄟ-ㄙ-ㄇㄟˊ-ㄍㄨㄟ	阿爾卑斯玫瑰	-5.74707439	acg
ㄚ-ㄦˇ-ㄎㄚˇ-ㄋㄚˋ	阿爾卡娜	-6.60980192	acg
ㄚ-ㄦˇ-ㄒㄧㄚˋ-ㄉㄨㄛ	阿爾夏多	-6.60980192	acg
ㄚ-ㄦˇ-ㄅㄚ	阿爾巴	-7.04116568	acg
ㄚ-ㄦˇ-ㄅㄚ-ㄋㄚˋ	阿爾巴那	-6.60980192	acg
ㄚ-ㄦˇ-ㄈㄨˊ-ㄌㄧㄝˋ-ㄉㄜˊ	阿爾弗烈德	-6.17843815	acg
ㄚ-ㄦˇ-ㄈㄨˊ-ㄌㄧˇ-ㄉㄜˊ	阿爾弗里德	-6.17843815	acg
ㄚ-ㄦˇ-ㄈㄨˊ-ㄌㄟˊ-ㄉㄜˊ-ㄉㄚˋ-ㄉㄧˋ	阿爾弗雷德大帝	-5.74707439	acg
ㄚ-ㄦˇ-ㄉㄜˊ-ㄈㄨˊ-ㄓㄡˋ	阿爾德符咒	-6.17843815	acg
ㄚ-ㄦˇ-ㄍㄜ	阿爾戈	-7.04116568	acg
ㄚ-ㄦˇ-ㄇㄧㄣˇ	阿爾敏	-7.04116568	acg
ㄚ-ㄦˇ-ㄙ-ㄊㄨㄛ-ㄌㄟˊ-ㄇㄨˇ	阿爾斯托雷姆	-5.74707439	acg
ㄚ-ㄦˇ-ㄆㄨˇ-ㄏㄞˇ-ㄇㄨˇ	阿爾普海姆	-6.17843815	acg
ㄚ-ㄦˇ-ㄓㄚˊ-ㄊㄜˋ	阿爾札特	-6.60980192	acg
ㄚ-ㄦˇ-ㄎㄜ-ㄅㄚ-ㄌㄟˊ-ㄋㄨㄛˋ	阿爾柯巴雷諾	-5.74707439	acg
ㄚ-ㄦˇ-ㄍㄜˊ-ㄊㄜˋ	阿爾格特	-6.60980192	acg
ㄚ-ㄦˇ-ㄊㄜˋ-ㄇㄟˇ-ㄙ	阿爾特美斯	-6.17843815	acg
ㄚ-ㄦˇ-ㄈㄚˋ-ㄊㄜˋ	阿爾琺特	-6.60980192	acg
ㄚ-ㄦˇ-ㄨㄚˇ-ㄧㄚˇ-ㄌㄨㄥˊ	阿爾瓦亞隆	-6.17843815	acg
ㄚ-ㄦˇ-ㄨㄚˇ-ㄊㄜˋ-ㄌㄟˊ	阿爾瓦特雷	-6.17843815	acg
ㄚ-ㄦˇ-ㄊㄧˊ-ㄇㄧˇ-ㄒㄧ-ㄧㄚˋ	阿爾緹米西亞	-5.74707439	acg
ㄚ-ㄦˇ-ㄊㄧˊ-ㄇㄧˋ-ㄙ	阿爾緹蜜斯	-6.17843815	acg
ㄚ-ㄦˇ-ㄉㄧˋ-ㄋㄚˋ	阿爾蒂娜	-6.60980192	acg
ㄚ-ㄦˇ-ㄇㄚˇ-ㄎㄜˋ	阿爾馬克	-6.60980192	acg
ㄚ-ㄦˇ-ㄇㄚˇ-ㄉㄚˊ	阿爾馬達	-6.60980192	acg
ㄚ-ㄦˇ-ㄈㄥˊ-ㄙ	阿爾馮斯	-6.60980192	acg
ㄚ-ㄇㄥˇ	阿猛	-7.17149945	acg
ㄚ-ㄖㄨㄟˋ-ㄊㄨˊ-ㄕㄚ	阿瑞圖沙	-6.60980192	acg
ㄚ-ㄙㄜˋ-ㄇㄨˇ	阿瑟姆	-7.04116568	acg
ㄚ-ㄇㄚˇ-ㄈㄟ	阿瑪菲	-7.04116568	acg
ㄚ-ㄇㄚˇ-ㄙㄞˋ	阿瑪賽	-7.04116568	acg
ㄚ-ㄌㄧˊ	阿璃	-7.17149945	acg
ㄚ-ㄈㄚ	阿發	-7.17149945	acg
ㄚ-ㄓ-ㄆㄛ-ㄍㄠ-ㄩㄝˋ	阿知波皐月	-6.17843815	acg
ㄚ-ㄓ-ㄆㄛ-ㄧㄢˊ-ㄐㄧㄝˋ	阿知波研介	-6.17843815	acg
ㄚ-ㄅㄧˋ-ㄙ	阿碧絲	-7.04116568	acg
ㄚ-ㄆㄥˋ	阿碰	-7.17149945	acg
ㄚ-ㄑㄧˊ-ㄦˇ	阿祈爾	-7.04116568	acg
ㄚ-ㄈㄨˊ-ㄎㄨㄞˋ-ㄉㄚˇ	阿福快打	-6.60980192	acg
ㄚ-ㄐㄧ-ㄉㄨㄛ	阿積多	-7.04116568	acg
ㄚ-ㄍㄢ	阿竿	-7.17149945	acg
ㄚ-ㄇㄧˇ-ㄅㄚ-ㄅㄤ	阿米巴幫	-6.60980192	acg
ㄚ-ㄋㄚˋ-ㄅㄟˋ-ㄦˇ	阿納貝爾	-6.60980192	acg
ㄚ-ㄌㄨㄛˊ-ㄧ	阿羅伊	-7.04116568	acg
ㄚ-ㄌㄨㄛˊ-ㄌㄚ-ㄉㄧˋ-ㄑㄩ	阿羅拉地區	-6.17843815	acg
ㄚ-ㄌㄨㄛˊ-ㄇㄚˇ	阿羅瑪	-7.04116568	acg
ㄚ-ㄧㄝˊ-ㄕㄚ	阿耶莎	-7.04116568	acg
ㄚ-ㄧㄝ-ㄌㄨˇ-ㄍㄜ	阿耶魯戈	-6.60980192	acg
ㄚ-ㄗ-ㄐㄧ-ㄧㄚˇ-ㄌㄨㄛˋ	阿茲基亞洛	-6.17843815	acg
ㄚ-ㄗ-ㄑㄧˊ-ㄋㄚˋ	阿茲奇娜	-6.60980192	acg
ㄚ-ㄗ-ㄌㄚ-ㄨㄢˋ	阿茲拉萬	-6.60980192	acg
ㄚ-ㄗ-ㄋㄚˋ-ㄅㄨˋ-ㄦˇ	阿茲納布爾	-6.17843815	acg
ㄚ-ㄗ-ㄇㄛˋ-ㄉㄢ	阿茲莫丹	-6.60980192	acg
ㄚ-ㄗ-ㄌㄞˊ-ㄦˇ	阿茲萊爾	-6.60980192	acg
ㄚ-ㄌㄧˋ-ㄧㄚˇ	阿莉雅	-7.04116568	acg
ㄚ-ㄇㄛˋ-ㄉㄨㄛ-ㄨㄚˇ	阿莫多瓦	-6.60980192	acg
ㄚ-ㄈㄟ-ㄌㄢˊ-ㄉㄜˊ-ㄌㄚ	阿菲蘭德拉	-6.17843815	acg
ㄚ-ㄌㄞˊ-ㄌㄧˋ-ㄧㄚˇ	阿萊莉亞	-6.60980192	acg
ㄚ-ㄆㄨˊ	阿葡	-7.17149945	acg
ㄚ-ㄍㄞˋ-ㄦˇ	阿蓋爾	-7.04116568	acg
ㄚ-ㄌㄧㄢˊ-ㄅㄧˇ	阿蓮比	-7.04116568	acg
ㄚ-ㄙㄚˋ-ㄉㄨㄛ	阿薩多	-7.04116568	acg
ㄚ-ㄙㄚˋ-ㄌㄧˋ-ㄧㄚˇ	阿薩莉亞	-6.60980192	acg
ㄚ-ㄒㄩㄣ	阿薰	-7.17149945	acg
ㄚ-ㄏㄨㄟˇ	阿虫	-7.17149945	acg
ㄚ-ㄇㄧˋ-ㄉㄚˊ	阿蜜達	-7.04116568	acg
ㄚ-ㄉㄞˋ	阿袋	-7.17149945	acg
ㄚ-ㄑㄧㄡˊ-ㄌㄚ-ㄙ	阿裘拉司	-6.60980192	acg
ㄚ-ㄒㄧ-ㄇㄚˇ	阿西瑪	-7.04116568	acg
ㄚ-ㄐㄧㄢˋ-ㄌㄧˋ-ㄞˋ	阿見莉愛	-6.60980192	acg
ㄚ-ㄋㄨㄛˋ-ㄌㄨˇ-ㄉㄜˊ	阿諾魯德	-6.60980192	acg
ㄚ-ㄏㄜˊ	阿貉	-7.17149945	acg
ㄚ-ㄊㄢ	阿貪	-7.17149945	acg
ㄚ-ㄊㄢ-ㄒㄧㄥ-ㄖㄣˊ	阿貪星人	-6.60980192	acg
ㄚ-ㄌㄨˋ-ㄐㄧㄚ	阿路加	-7.04116568	acg
ㄚ-ㄐㄧㄚ-ㄇㄛˋ-ㄉㄨㄛ-ㄓ-ㄧㄢˇ	阿迦莫多之眼	-5.74707439	acg
ㄚ-ㄉㄚˊ-ㄧ-ㄗㄨˊ	阿達一族	-6.60980192	acg
ㄚ-ㄉㄚˊ-ㄧˋ-ㄗㄨˊ	阿達一族	-7.10980192	acg
ㄚ-ㄋㄚˋ-ㄎㄤ-ㄉㄚˊ-ㄅㄛˊ-ㄐㄩㄝˊ	阿那康達伯爵	-5.74707439	acg
ㄚ-ㄅㄤ-ㄚ-ㄎㄚˇ	阿邦阿卡	-6.60980192	acg
ㄚ-ㄅㄨˋ-ㄧㄚˇ-ㄔㄥˊ	阿部亞澄	-6.60980192	acg
ㄚ-ㄐㄧㄤˋ-ㄑㄧㄢˊ-ㄅㄟˋ	阿醬前輩	-6.60980192	acg
ㄚ-ㄌㄧˇ-ㄙㄜˋ-ㄇㄨˇ	阿里瑟姆	-6.60980192	acg
ㄚ-ㄧㄣˊ	阿銀	-7.17149945	acg
ㄚ-ㄒㄩㄝˇ	阿雪	-7.17149945	acg
ㄚ-ㄌㄟˊ-ㄎㄜˋ-ㄙ	阿雷克斯	-6.60980192	acg
ㄚ-ㄌㄟˊ-ㄈㄨ-ㄐㄧㄚ-ㄦˇ-ㄉㄜˊ-ㄈㄨˋ-ㄒㄧㄥ-ㄐㄧˋ	阿雷夫加爾德復興記	-5.74707439	acg
ㄚ-ㄌㄟˊ-ㄙ-ㄊㄜˋ	阿雷斯特	-6.60980192	acg
ㄚ-ㄌㄟˊ-ㄙㄤ-ㄉㄜˊ-ㄌㄨㄛˊ	阿雷桑德羅	-6.17843815	acg
ㄚ-ㄌㄟˊ-ㄌㄨˋ-ㄧㄚˇ	阿雷路亞	-6.60980192	acg
ㄚ-ㄌㄧㄥˊ-ㄙ-ㄉㄨㄣˋ	阿靈斯頓	-6.60980192	acg
ㄚ-ㄇㄚˇ-ㄓ-ㄕㄥ	阿馬之聲	-6.60980192	acg
ㄚ-ㄇㄚˇ-ㄌㄨˇ-ㄐㄧㄚ	阿馬魯迦	-6.60980192	acg
ㄚ-ㄌㄨˇ-ㄌㄨˇ-ㄧㄝˊ-ㄌㄧˇ	阿魯魯耶里	-6.17843815	acg
ㄚ-ㄧㄡˊ-ㄒㄧㄠˇ-ㄐㄧㄝˇ	阿魷小姐	-6.60980192	acg
ㄚ-ㄇㄧㄥˊ-ㄍㄡ	阿鳴溝	-7.04116568	acg
ㄚ-ㄌㄧˊ-ㄢ-ㄌㄨㄛˊ-ㄉㄜˊ	阿麗安蘿德	-6.17843815	acg
ㄚ-ㄇㄛˋ	阿默	-7.17149945	acg
ㄚ-ㄕㄨˇ	阿鼠	-7.17149945	acg
ㄊㄨㄛˊ-ㄌㄨㄛˊ-ㄓ-ㄕㄣˊ	陀螺之神	-6.60980192	acg
ㄊㄨㄛˊ-ㄌㄨㄛˊ-ㄕㄠˋ-ㄌㄧㄣˊ-ㄙˋ	陀螺少林寺	-6.17843815	acg
ㄊㄨㄛˊ-ㄌㄨㄛˊ-ㄅㄨˋ-ㄉㄨㄟˋ	陀螺部隊	-6.60980192	acg
ㄈㄨˋ-ㄇㄛˊ	附魔	-7.17149945	acg
ㄒㄧㄤˊ-ㄧㄠ-ㄕㄥˋ-ㄌㄧㄥˊ	降妖聖靈	-6.60980192	acg
ㄐㄧㄤˋ-ㄌㄧㄣˊ-ㄕㄣˊ-ㄗˇ	降臨神子	-6.60980192	acg
ㄐㄧㄤˋ-ㄩˇ-ㄍㄨㄞˋ	降雨怪	-7.04116568	acg
ㄒㄧㄢˋ-ㄉㄧㄥˋ-ㄓㄨㄢˇ-ㄏㄨㄢˋ	限定轉換	-6.60980192	acg
ㄩㄢˋ-ㄕㄥ-ㄐㄩˊ-ㄐㄩˊ-ㄓㄤˇ	院生局局長	-6.17843815	acg
ㄓㄣˋ-ㄋㄟˋ-ㄌㄜ˙-ㄆㄧㄥˊ	陣內了平	-6.60980192	acg
ㄓㄣˋ-ㄋㄟˋ-ㄔㄚˋ-ㄓㄨˋ	陣內侘助	-6.60980192	acg
ㄓㄣˋ-ㄋㄟˋ-ㄎㄜˋ-ㄧㄢˋ	陣內克彥	-6.60980192	acg
ㄓㄣˋ-ㄋㄟˋ-ㄉㄧㄢˇ-ㄗˇ	陣內典子	-6.60980192	acg
ㄓㄣˋ-ㄋㄟˋ-ㄐㄧㄚ-ㄋㄞˋ	陣內加奈	-6.60980192	acg
ㄓㄣˋ-ㄋㄟˋ-ㄊㄞˋ-ㄓㄨˋ	陣內太助	-6.60980192	acg
ㄓㄣˋ-ㄋㄟˋ-ㄋㄞˋ-ㄋㄞˋ	陣內奈奈	-6.60980192	acg
ㄓㄣˋ-ㄋㄟˋ-ㄖㄨㄥˊ	陣內榮	-7.04116568	acg
ㄓㄣˋ-ㄋㄟˋ-ㄌㄧˇ-ㄧ	陣內理一	-6.60980192	acg
ㄓㄣˋ-ㄋㄟˋ-ㄌㄧˇ-ㄒㄧㄤ	陣內理香	-6.60980192	acg
ㄓㄣˋ-ㄋㄟˋ-ㄧㄡˊ-ㄇㄟˇ	陣內由美	-6.60980192	acg
ㄓㄣˋ-ㄋㄟˋ-ㄓㄣ-ㄨˋ	陣內真悟	-6.60980192	acg
ㄓㄣˋ-ㄋㄟˋ-ㄓㄣ-ㄒㄩˋ	陣內真緒	-6.60980192	acg
ㄓㄣˋ-ㄋㄟˋ-ㄧㄡˋ-ㄆㄧㄥˊ	陣內祐平	-6.60980192	acg
ㄓㄣˋ-ㄋㄟˋ-ㄒㄧㄤˊ-ㄊㄞˋ	陣內翔太	-6.60980192	acg
ㄓㄣˋ-ㄋㄟˋ-ㄨㄢˋ-ㄗㄨㄛˋ	陣內萬作	-6.60980192	acg
ㄓㄣˋ-ㄋㄟˋ-ㄨㄢˋ-ㄓㄨˋ	陣內萬助	-6.60980192	acg
ㄓㄣˋ-ㄋㄟˋ-ㄨㄢˋ-ㄌㄧˇ-ㄗˇ	陣內萬理子	-6.17843815	acg
ㄓㄣˋ-ㄋㄟˋ-ㄌㄞˋ-ㄧㄢˋ	陣內賴彥	-6.60980192	acg
ㄓㄣˋ-ㄋㄟˋ-ㄅㄤ-ㄧㄢˋ	陣內邦彥	-6.60980192	acg
ㄓㄣˋ-ㄅㄧㄥ-ㄨㄟˋ	陣兵衛	-7.04116568	acg
ㄓㄣˋ-ㄉㄧˋ-ㄗㄨㄛˋ-ㄔㄥˊ	陣地作成	-6.60980192	acg
ㄓㄣˋ-ㄒㄧㄥˊ-ㄍㄨㄥ-ㄐㄧˊ	陣形攻擊	-6.60980192	acg
ㄓㄣˋ-ㄧㄝˇ-ㄒㄧㄡ-ㄆㄧㄥˊ	陣野修平	-6.60980192	acg
ㄔㄨˊ-ㄡˇ-ㄒㄧㄤˋ-ㄗㄨˇ-ㄏㄜˊ	除偶像組合	-6.17843815	acg
ㄔㄨˊ-ㄅㄠˋ-ㄓㄢˋ-ㄐㄧㄥˇ	除暴戰警	-6.60980192	acg
ㄧㄣ-ㄧㄥˇ-ㄕㄡˋ	陰影獸	-7.04116568	acg
ㄧㄣ-ㄧㄥˇ-ㄌㄨㄥˊ-ㄕㄡˋ	陰影龍獸	-6.60980192	acg
ㄧㄣ-ㄔㄣˊ-ㄍㄨㄞˋ	陰沉怪	-7.04116568	acg
ㄧㄣ-ㄔㄣˊ-ㄅㄛˊ-ㄇㄨˋ-ㄉㄜ˙-ㄏㄨㄟ-ㄒㄧㄝˊ-ㄑㄩˇ	陰沉薄暮的詼諧曲	-5.74707439	acg
ㄔㄣˊ-ㄓㄨㄥˋ-ㄏㄢˋ	陳仲翰	-7.04116568	acg
ㄔㄣˊ-ㄐㄧㄝˊ-ㄧˋ	陳傑義	-7.04116568	acg
ㄔㄣˊ-ㄎㄜˇ-ㄏㄢˋ	陳可漢	-7.04116568	acg
ㄔㄣˊ-ㄧㄠˊ	陳堯	-7.17149945	acg
ㄔㄣˊ-ㄋㄧㄢˋ	陳念	-7.17149945	acg
ㄔㄣˊ-ㄉㄧㄥˋ-ㄅㄟˇ	陳碇北	-7.04116568	acg
ㄔㄣˊ-ㄓˇ-ㄒㄧㄢˊ	陳趾鹹	-7.04116568	acg
ㄔㄣˊ-ㄒㄩㄝˇ-ㄌㄧㄣˊ	陳雪琳	-7.04116568	acg
ㄊㄠˊ-ㄒㄧㄣˋ-ㄒㄧ	陶信晰	-7.04116568	acg
ㄊㄠˊ-ㄊㄨˇ-ㄧˋ-ㄏㄨㄟˋ	陶土議會	-6.60980192	acg
ㄊㄠˊ-ㄊㄨˇ-ㄧˋ-ㄏㄨㄟˋ-ㄉㄜ˙-ㄙㄚˋ-ㄇㄢˇ	陶土議會的薩滿	-5.74707439	acg
ㄊㄠˊ-ㄉㄜˊ	陶德	-7.17149945	acg
ㄊㄠˊ-ㄣ-ㄙ	陶恩斯	-7.04116568	acg
ㄊㄠˊ-ㄌㄚ-ㄙ	陶拉斯	-7.04116568	acg
ㄒㄧㄢˋ-ㄐㄧㄥˇ-ㄉㄨㄟˋ	陷阱隊	-7.04116568	acg
ㄌㄨˋ-ㄎㄨˋ	陸庫	-7.17149945	acg
ㄌㄨˋ-ㄒㄧㄥˊ-ㄋㄧㄠˇ-ㄉㄚˋ-ㄙㄞˋ-ㄔㄜ	陸行鳥大賽車	-5.74707439	acg
ㄌㄨˋ-ㄇㄚˇ	陸馬	-7.17149945	acg
ㄌㄨˋ-ㄍㄨㄟ-ㄕㄡˋ	陸龜獸	-7.04116568	acg
ㄧㄤˊ-ㄋㄞˋ	陽奈	-7.17149945	acg
ㄧㄤˊ-ㄋㄞˋ-ㄨㄟˇ-ㄩㄢˊ-ㄓㄤˇ-ㄉㄜ˙-ㄕㄨˇ-ㄐㄧㄚˋ	陽奈委員長的暑假	-5.74707439	acg
ㄧㄤˊ-ㄎㄨㄟˊ	陽葵	-7.17149945	acg
ㄌㄨㄥˊ-ㄉㄨㄛ-ㄋㄧˊ-ㄧㄚˇ	隆多尼亞	-6.60980192	acg
ㄨㄟ-ㄑㄩˇ	隈取	-7.17149945	acg
ㄉㄨㄟˋ-ㄨˇ-ㄓˋ-ㄩˋ	隊伍治癒	-6.60980192	acg
ㄐㄧㄝ-ㄏㄨˋ-ㄒㄩㄝˇ	階戶雪	-7.04116568	acg
ㄩㄣˇ-ㄕˊ-ㄊㄧㄢ-ㄌㄨㄥˊ	隕石天龍	-6.60980192	acg
ㄙㄨㄟˊ-ㄕˋ-ㄌㄧㄢˋ-ㄕˋ	隨侍練士	-6.60980192	acg
ㄙㄨㄟˊ-ㄐㄧ-ㄉㄢ-ㄓㄨㄥ	隨機單中	-6.60980192	acg
ㄙㄨㄟˊ-ㄐㄧ-ㄚ-ㄈㄨˊ-ㄎㄨㄞˋ-ㄉㄚˇ	隨機阿福快打	-5.74707439	acg
ㄧㄣˇ-ㄒㄧㄥˊ-ㄧㄥ-ㄒㄩㄥˊ	隱形英雄	-6.60980192	acg
ㄓㄨㄣˇ-ㄌㄟˊ	隼雷	-7.17149945	acg
ㄑㄩㄝˋ-ㄑㄧㄡ	雀丘	-7.17149945	acg
ㄑㄩㄝˋ-ㄑㄧㄡ-ㄌㄧˋ	雀丘利	-7.04116568	acg
ㄑㄩㄝˋ-ㄋㄞˇ-ㄌㄟˋ	雀乃淚	-7.04116568	acg
ㄑㄩㄝˋ-ㄦˊ-ㄋㄨˇ-ㄒㄧ-ㄎㄚˇ	雀兒努西卡	-6.17843815	acg
ㄑㄩㄝˋ-ㄌㄧˋ	雀莉	-7.17149945	acg
ㄒㄩㄥˊ-ㄧㄥ-ㄍㄠ-ㄒㄧㄠˋ	雄英高校	-6.60980192	acg
ㄧㄚˇ-ㄦˊ-ㄅㄟˋ-ㄉㄜˊ	雅兒貝德	-6.60980192	acg
ㄧㄚˇ-ㄍㄜˋ-ㄆㄛ	雅各波	-7.04116568	acg
ㄧㄚˇ-ㄆㄚˋ-ㄆㄚˋ	雅帕帕	-7.04116568	acg
ㄧㄚˇ-ㄍㄜ	雅戈	-7.17149945	acg
ㄧㄚˇ-ㄌㄚ-ㄊㄚˇ	雅拉塔	-7.04116568	acg
ㄧㄚˇ-ㄉㄨㄛˇ-ㄌㄚ	雅朵拉	-7.04116568	acg
ㄧㄚˇ-ㄇㄚˇ-ㄐㄧㄣ	雅瑪津	-7.04116568	acg
ㄧㄚˇ-ㄓ	雅芝	-7.17149945	acg
ㄧㄚˇ-ㄈㄣ	雅芬	-7.17149945	acg
ㄧㄚˇ-ㄇㄛˋ	雅莫	-7.17149945	acg
ㄧㄚˇ-ㄈㄟ-ㄌㄢˊ-ㄉㄨㄛˇ-ㄌㄚ	雅菲蘭朵拉	-6.17843815	acg
ㄧㄚˇ-ㄌㄟˇ-ㄍㄜˊ-ㄌㄨㄛˊ-ㄕㄚ	雅蕾格羅莎	-6.17843815	acg
ㄧㄚˇ-ㄌㄧˇ	雅里	-7.17149945	acg
ㄧㄚˇ-ㄌㄧˇ-ㄢ-ㄌㄨㄛˋ-ㄉㄜˊ	雅里安洛德	-6.17843815	acg
ㄐㄧˊ-ㄓㄨˋ-ㄑㄩ	集住區	-7.04116568	acg
ㄓˋ-ㄊㄧㄢˊ	雉田	-7.17149945	acg
ㄓˋ-ㄐㄧ-ㄇㄧㄠ	雉雞喵	-7.04116568	acg
ㄉㄧㄠ-ㄨㄣˊ	雕紋	-7.17149945	acg
ㄕㄨㄤ-ㄖㄣˋ-ㄒㄧㄥˊ	雙刃型	-7.04116568	acg
ㄕㄨㄤ-ㄖㄣˋ-ㄋㄚˋ-ㄐㄧˊ	雙刃娜吉	-6.60980192	acg
ㄕㄨㄤ-ㄖㄣˋ-ㄨㄤˊ-ㄗㄨㄛˋ	雙刃王座	-6.60980192	acg
ㄕㄨㄤ-ㄊㄚˇ-ㄍㄤ-ㄍㄨㄥ	雙塔剛弓	-6.60980192	acg
ㄕㄨㄤ-ㄗˇ-ㄧㄣˊ-ㄌㄤˊ	雙子銀狼	-6.60980192	acg
ㄕㄨㄤ-ㄊㄢˊ-ㄨㄚˇ-ㄙ	雙彈瓦斯	-6.60980192	acg
ㄕㄨㄤ-ㄔˊ-ㄧㄝˋ-ㄧㄥ	雙持夜鷹	-6.60980192	acg
ㄕㄨㄤ-ㄔˊ-ㄅㄞˊ-ㄧㄣˊ-ㄨ-ㄗ	雙持白銀烏茲	-5.74707439	acg
ㄕㄨㄤ-ㄆㄠˋ-ㄒㄧㄥˊ	雙砲型	-7.04116568	acg
ㄕㄨㄤ-ㄆㄠˋ-ㄒㄧㄥˊ-ㄈㄟ-ㄒㄧㄥˊ-ㄒㄧㄥˊ-ㄊㄞˋ	雙砲型飛行形態	-5.74707439	acg
ㄕㄨㄤ-ㄍㄨㄢˇ-ㄒㄧㄢˋ-ㄉㄢˋ-ㄑㄧㄤ	雙管霰彈槍	-6.17843815	acg
ㄕㄨㄤ-ㄧˋ-ㄜˋ-ㄇㄛˊ	雙翼惡魔	-6.60980192	acg
ㄕㄨㄤ-ㄅㄠ-ㄊㄞ-ㄒㄩㄥ-ㄉㄧ˙	雙胞胎兄弟	-6.17843815	acg
ㄕㄨㄤ-ㄧㄝˋ-ㄒㄧㄥˋ	雙葉杏	-7.04116568	acg
ㄕㄨㄤ-ㄧㄥˊ-ㄇㄨˋ	雙螢幕	-7.04116568	acg
ㄕㄨㄤ-ㄍㄨㄢˋ-ㄉㄧㄥ	雙貫釘	-7.04116568	acg
ㄕㄨㄤ-ㄔㄠ-ㄓˊ-ㄅㄢˇ	雙超值版	-6.60980192	acg
ㄕㄨㄤ-ㄗㄨˊ-ㄈㄟ-ㄌㄨㄥˊ	雙足飛龍	-6.60980192	acg
ㄕㄨㄤ-ㄉㄠˋ-ㄏㄢˊ	雙道寒	-7.04116568	acg
ㄕㄨㄤ-ㄉㄠˋ-ㄧㄢˊ	雙道炎	-7.04116568	acg
ㄕㄨㄤ-ㄔㄨㄥˊ-ㄍㄨㄤ-ㄓ-ㄇㄟˇ-ㄕㄠˋ-ㄋㄩˇ-ㄑㄩㄢˊ-ㄐㄧˊ	雙重光之美少女拳擊	-5.74707439	acg
ㄕㄨㄤ-ㄔㄨㄥˊ-ㄊㄧㄢ-ㄨㄤˊ	雙重天王	-6.60980192	acg
ㄕㄨㄤ-ㄔㄨㄥˊ-ㄔㄨㄥ-ㄘˋ	雙重衝刺	-6.60980192	acg
ㄕㄨㄤ-ㄔㄨㄥˊ-ㄌㄨㄥˊ-ㄐㄩㄢˇ-ㄈㄥ-ㄒㄧˋ-ㄊㄨㄥˇ	雙重龍捲風系統	-5.74707439	acg
ㄕㄨㄤ-ㄒㄩㄥˊ-ㄓㄥ-ㄈㄥ	雙雄爭鋒	-6.60980192	acg
ㄕㄨㄤ-ㄊㄡˊ-ㄑㄩㄢˇ	雙頭犬	-7.04116568	acg
ㄕㄨㄤ-ㄊㄡˊ-ㄕㄡˋ	雙頭獸	-7.04116568	acg
ㄕㄨㄤ-ㄊㄡˊ-ㄔㄤˊ-ㄑㄧㄤ	雙頭長槍	-6.60980192	acg
ㄕㄨㄤ-ㄩˊ-ㄌㄧˇ	雙魚理	-7.04116568	acg
ㄔㄨˊ-ㄒㄧ	雛希	-7.17149945	acg
ㄔㄨˊ-ㄏㄜˊ-ㄒㄧㄤˊ	雛河翔	-7.04116568	acg
ㄔㄨˊ-ㄊㄧㄢˊ	雛田	-7.17149945	acg
ㄔㄨˊ-ㄧㄥ-ㄙㄨˋ-ㄧㄤˊ-ㄗˇ	雛罌粟洋子	-6.17843815	acg
ㄔㄨˊ-ㄧㄥ-ㄙㄨˋ-ㄍㄤˇ	雛罌粟港	-6.60980192	acg
ㄗㄚˊ-ㄏㄨㄟˋ-ㄊㄨˋ	雜燴兔	-7.04116568	acg
ㄗㄚˊ-ㄘㄠˇ-ㄍㄨㄞˋ	雜草怪	-7.04116568	acg
ㄗㄚˊ-ㄏㄜˋ-ㄖㄤˋ-ㄦˋ	雜賀讓二	-6.60980192	acg
ㄐㄧ-ㄕㄣˇ	雞嬸	-7.17149945	acg
ㄌㄧˊ-ㄔㄤˇ-ㄧㄡ-ㄏㄨㄟˋ-ㄐㄩㄢˇ-ㄕㄥˋ-ㄅㄞˋ-ㄅㄨˊ-ㄐㄧˋ	離場優惠卷勝敗不計	-5.74707439	acg
ㄌㄧˊ-ㄔㄤˇ-ㄧㄡ-ㄏㄨㄟˋ-ㄐㄩㄢˇ-ㄕㄥˋ-ㄅㄞˋ-ㄅㄨˋ-ㄐㄧˋ	離場優惠卷勝敗不計	-6.24707439	acg
ㄌㄧˊ-ㄔㄤˇ-ㄑㄩㄢˊ-ㄧㄡ-ㄏㄨㄟˋ-ㄑㄩㄢˋ	離場全優惠券	-5.74707439	acg
ㄌㄧˊ-ㄗˇ-ㄋㄥˊ-ㄩㄢˊ	離子能原	-6.60980192	acg
ㄌㄧˊ-ㄗˇ-ㄕㄢˇ-ㄧㄠˋ-ㄊㄚˇ	離子閃耀塔	-6.17843815	acg
ㄌㄧˊ-ㄒㄧㄢˋ-ㄕㄡˋ	離線獸	-7.04116568	acg
ㄋㄢˊ-ㄅㄛ-ㄉㄚˋ-ㄒㄧㄡˋ	難波大秀	-6.60980192	acg
ㄋㄢˊ-ㄅㄛ-ㄒㄧㄠˋ-ㄇㄟˇ	難波笑美	-6.60980192	acg
ㄋㄢˊ-ㄅㄛ-ㄐㄧㄣ-ㄊㄞˋ-ㄌㄤˊ	難波金太郎	-6.17843815	acg
ㄩˇ-ㄉㄧˋ	雨地	-7.17149945	acg
ㄩˇ-ㄔㄥˊ-ㄌㄧㄡˊ-ㄌㄧˊ	雨城琉璃	-6.60980192	acg
ㄩˇ-ㄍㄨㄥ-ㄩㄥˇ-ㄑㄧˋ	雨宮勇氣	-6.60980192	acg
ㄩˇ-ㄧㄢˋ	雨宴	-7.17149945	acg
ㄩˇ-ㄆㄧ-ㄕㄡˋ	雨披獸	-7.04116568	acg
ㄩˇ-ㄍㄜˊ	雨格	-7.17149945	acg
ㄒㄩㄝˇ-ㄖㄣˊ-ㄆㄤˋ-ㄆㄤˋ	雪人胖胖	-6.60980192	acg
ㄒㄩㄝˇ-ㄅㄛˊ-ㄊㄜˋ	雪伯特	-7.04116568	acg
ㄒㄩㄝˇ-ㄌㄨㄣˊ	雪倫	-7.17149945	acg
ㄒㄩㄝˇ-ㄔㄨㄟ-ㄧㄡˋ-ㄐㄧㄥ	雪吹右京	-6.60980192	acg
ㄒㄩㄝˇ-ㄍㄨㄛˊ-ㄌㄧㄝˋ-ㄔㄜ	雪國列車	-6.60980192	acg
ㄒㄩㄝˇ-ㄉㄧˋ-ㄕㄥ-ㄘㄨㄣˊ	雪地生存	-6.60980192	acg
ㄒㄩㄝˇ-ㄔㄥˊ-ㄊㄞˋ-ㄌㄤˊ	雪城太郎	-6.60980192	acg
ㄒㄩㄝˇ-ㄔㄥˊ-ㄨㄣˊ	雪城文	-7.04116568	acg
ㄒㄩㄝˇ-ㄔㄥˊ-ㄗㄠˇ-ㄇㄧㄠˊ	雪城早苗	-6.60980192	acg
ㄒㄩㄝˇ-ㄅㄠˇ-ㄉㄜ˙-ㄘㄨㄥˊ-ㄑㄧㄢˊ-ㄘㄨㄥˊ-ㄑㄧㄢˊ	雪寳的從前從前	-5.74707439	acg
ㄒㄩㄝˇ-ㄅㄠˇ	雪寶	-7.17149945	acg
ㄒㄩㄝˇ-ㄅㄠˇ-ㄉㄜ˙-ㄐㄧㄚ-ㄐㄧㄝˊ-ㄇㄠˋ-ㄒㄧㄢˇ	雪寶的佳節冒險	-5.74707439	acg
ㄒㄩㄝˇ-ㄌㄚ	雪拉	-7.17149945	acg
ㄒㄩㄝˇ-ㄌㄚ-ㄗㄚ-ㄉㄜˊ	雪拉紮德	-6.60980192	acg
ㄒㄩㄝˇ-ㄖㄢˇ-ㄐㄩˊ-ㄌㄧˇ	雪染菊理	-6.60980192	acg
ㄒㄩㄝˇ-ㄦˇ-ㄆㄚˋ	雪爾帕	-7.04116568	acg
ㄒㄩㄝˇ-ㄌㄧㄣˊ-ㄉㄨㄣˋ	雪琳頓	-7.04116568	acg
ㄒㄩㄝˇ-ㄌㄠˇ-ㄕ	雪老師	-7.04116568	acg
ㄒㄩㄝˇ-ㄌㄧˋ-ㄈㄨ-ㄖㄣˊ	雪莉夫人	-6.60980192	acg
ㄒㄩㄝˇ-ㄌㄧˋ-ㄅㄨˋ-ㄌㄞˊ-ㄊㄜˋ	雪莉布萊特	-6.17843815	acg
ㄒㄩㄝˇ-ㄧㄝˇ-ㄅㄞˇ-ㄒㄧㄤ-ㄌㄧˇ	雪野百香里	-6.17843815	acg
ㄒㄩㄝˇ-ㄇㄛˊ-ㄕㄣˊ	雪魔神	-7.04116568	acg
ㄒㄩㄝˇ-ㄌㄨˇ-ㄇㄧ	雪魯咪	-7.04116568	acg
ㄩㄣˊ-ㄓ-ㄨㄤˊ-ㄍㄨㄛˊ	雲之王國	-6.60980192	acg
ㄩㄣˊ-ㄓ-ㄉㄡ	雲之都	-7.04116568	acg
ㄩㄣˊ-ㄐㄧㄥˇ-ㄧㄠˊ-ㄐㄩㄝˊ	雲井堯覺	-6.60980192	acg
ㄩㄣˊ-ㄋㄧˊ-ㄌㄨˋ	雲妮露	-7.04116568	acg
ㄩㄣˊ-ㄅㄠˇ	雲寶	-7.17149945	acg
ㄩㄣˊ-ㄅㄠˇ-ㄎㄠˇ-ㄌㄧˋ-ㄕˇ	雲寶考歷史	-6.17843815	acg
ㄩㄣˊ-ㄅㄠˇ-ㄉㄞˋ-ㄑㄧㄢˋ	雲寶黛茜	-6.60980192	acg
ㄩㄣˊ-ㄉㄨㄢ-ㄔㄨˊ-ㄘㄨㄣˊ	雲端儲存	-6.60980192	acg
ㄩㄣˊ-ㄉㄨㄢ-ㄍㄨㄥ-ㄋㄥˊ	雲端功能	-6.60980192	acg
ㄩㄣˊ-ㄉㄨㄢ-ㄘㄨㄣˊ-ㄉㄤˇ	雲端存檔	-6.60980192	acg
ㄩㄣˊ-ㄉㄨㄢ-ㄆㄧㄥˊ-ㄊㄞˊ	雲端平台	-6.60980192	acg
ㄩㄣˊ-ㄉㄨㄢ-ㄈㄨˊ-ㄨˋ	雲端服務	-6.60980192	acg
ㄩㄣˊ-ㄉㄨㄢ-ㄅㄢˇ	雲端版	-7.04116568	acg
ㄩㄣˊ-ㄉㄨㄢ-ㄧㄡˊ-ㄒㄧˋ	雲端遊戲	-6.60980192	acg
ㄩㄣˊ-ㄩㄣˊ	雲雲	-7.17149945	acg
ㄩㄣˊ-ㄌㄨㄥˊ-ㄙˋ-ㄋㄞˋ-ㄊㄜˋ	雲龍寺奈特	-6.17843815	acg
ㄌㄧㄥˊ-ㄧ	零伊	-7.17149945	acg
ㄌㄧㄥˊ-ㄗㄨㄛˇ-ㄓㄨˋ	零佐助	-7.04116568	acg
ㄌㄧㄥˊ-ㄌㄧㄝˋ-ㄔㄜ	零列車	-7.04116568	acg
ㄌㄧㄥˊ-ㄕㄣˊ	零神	-7.17149945	acg
ㄌㄧㄥˊ-ㄇㄧㄠˇ-ㄔㄨ-ㄕㄡˇ	零秒出手	-6.60980192	acg
ㄌㄟˊ-ㄑㄧㄡ	雷丘	-7.17149945	acg
ㄌㄟˊ-ㄧ	雷伊	-7.17149945	acg
ㄌㄟˊ-ㄅㄛˊ-ㄌㄧˋ-ㄗ	雷伯力茲	-6.60980192	acg
ㄌㄟˊ-ㄐㄧㄝˊ	雷傑	-7.17149945	acg
ㄌㄟˊ-ㄍㄨㄤ-ㄉㄚˋ-ㄊㄧㄥ	雷光大廳	-6.60980192	acg
ㄌㄟˊ-ㄍㄨㄤ-ㄍㄨㄟ-ㄌㄞˊ	雷光歸來	-6.60980192	acg
ㄌㄟˊ-ㄍㄨㄤ-ㄕㄡˋ	雷光獸	-7.04116568	acg
ㄌㄟˊ-ㄎㄜˋ-ㄉㄨㄛ	雷克多	-7.04116568	acg
ㄌㄟˊ-ㄎㄜˋ-ㄙ-ㄅㄛˊ-ㄕˋ	雷克思博士	-6.17843815	acg
ㄌㄟˊ-ㄎㄜˋ-ㄙ-ㄧㄢˊ-ㄐㄧㄡˋ-ㄕˋ	雷克斯研究室	-5.74707439	acg
ㄌㄟˊ-ㄎㄜˋ-ㄦˇ-ㄙ-ㄉㄜ˙-ㄈㄤ-ㄕˊ	雷克爾斯的方石	-5.74707439	acg
ㄌㄟˊ-ㄎㄜˋ-ㄌㄧˇ-ㄈㄨ-ㄒㄩㄣ-ㄐㄩㄝˊ	雷克里夫勳爵	-5.74707439	acg
ㄌㄟˊ-ㄐㄧㄚ	雷加	-7.17149945	acg
ㄌㄟˊ-ㄎㄚˇ	雷卡	-7.17149945	acg
ㄌㄟˊ-ㄍㄨˇ-ㄌㄨㄛˋ-ㄙ	雷古洛斯	-6.60980192	acg
ㄌㄟˊ-ㄐㄧˊ-ㄙ	雷吉思	-7.04116568	acg
ㄌㄟˊ-ㄐㄧˊ-ㄡ-ㄕˇ-ㄉㄚˊ	雷吉歐史達	-6.17843815	acg
ㄌㄟˊ-ㄐㄧ-ㄦˇ-ㄙ	雷基爾斯	-6.60980192	acg
ㄌㄟˊ-ㄈㄨ	雷夫	-7.17149945	acg
ㄌㄟˊ-ㄇㄨˇ	雷姆	-7.17149945	acg
ㄌㄟˊ-ㄕㄜˋ-ㄧㄣˇ-ㄉㄠˇ-ㄉㄠˇ-ㄉㄢˋ	雷射引導導彈	-5.74707439	acg
ㄌㄟˊ-ㄕㄜˋ-ㄔㄠ-ㄖㄣˊ	雷射超人	-6.60980192	acg
ㄌㄟˊ-ㄕㄜˋ-ㄧㄥ	雷射鷹	-7.04116568	acg
ㄌㄟˊ-ㄋㄧˊ-ㄎㄜˋ-ㄉㄨㄣˋ	雷尼克頓	-6.60980192	acg
ㄌㄟˊ-ㄍㄤ-ㄋㄚˋ	雷岡納	-7.04116568	acg
ㄌㄟˊ-ㄅㄚ-ㄌㄨㄛˋ	雷巴洛	-7.04116568	acg
ㄌㄟˊ-ㄉㄜˊ-ㄡ	雷德歐	-7.04116568	acg
ㄌㄟˊ-ㄉㄜˊ-ㄊㄨㄥˇ-ㄕㄨㄞˋ	雷德統帥	-6.60980192	acg
ㄌㄟˊ-ㄉㄜˊ-ㄈㄟ-ㄦˇ	雷德菲爾	-6.60980192	acg
ㄌㄟˊ-ㄣ-ㄘㄨㄣ-ㄓㄤˇ	雷恩村長	-6.60980192	acg
ㄌㄟˊ-ㄊㄨㄛ-ㄐㄧㄠ	雷托教	-7.04116568	acg
ㄌㄟˊ-ㄙ	雷斯	-7.17149945	acg
ㄌㄟˊ-ㄙ-ㄔㄨㄟˊ-ㄉㄜˊ-ㄊㄢˋ-ㄓㄤˇ	雷斯垂德探長	-5.74707439	acg
ㄌㄟˊ-ㄙ-ㄊㄜˋ	雷斯特	-7.04116568	acg
ㄌㄟˊ-ㄇㄧㄥˊ-ㄙ	雷明斯	-7.04116568	acg
ㄌㄟˊ-ㄆㄨˇ-ㄗㄨˊ	雷普族	-7.04116568	acg
ㄌㄟˊ-ㄍㄜˊ-ㄦˇ	雷格爾	-7.04116568	acg
ㄌㄟˊ-ㄍㄜˊ-ㄋㄚˋ-ㄉㄜˊ	雷格納德	-6.60980192	acg
ㄌㄟˊ-ㄙㄣ-ㄩˇ-ㄌㄚ-ㄎㄚˇ-ㄙㄞ	雷森與拉卡塞	-5.74707439	acg
ㄌㄟˊ-ㄡ-ㄌㄧˋ	雷歐力	-7.04116568	acg
ㄌㄟˊ-ㄡ-ㄏㄚ-ㄊㄜˋ	雷歐哈特	-6.60980192	acg
ㄌㄟˊ-ㄡ-ㄋㄚˋ	雷歐娜	-7.04116568	acg
ㄌㄟˊ-ㄡ-ㄦˇ	雷歐爾	-7.04116568	acg
ㄌㄟˊ-ㄅㄧˇ-ㄧㄚˇ	雷比亞	-7.04116568	acg
ㄌㄟˊ-ㄅㄧˇ-ㄧㄚˇ-ㄉㄜ˙-ㄊㄧˇ-ㄧㄝˋ	雷比亞的體液	-5.74707439	acg
ㄌㄟˊ-ㄅㄧˇ-ㄧㄚˇ-ㄐㄧㄣˋ-ㄏㄨㄚˋ-ㄊㄧˇ	雷比亞進化體	-5.74707439	acg
ㄌㄟˊ-ㄅㄧˇ-ㄒㄧ	雷比西	-7.04116568	acg
ㄌㄟˊ-ㄉㄥ	雷燈	-7.17149945	acg
ㄌㄟˊ-ㄐㄩㄝˊ-ㄕㄨˋ-ㄨㄟˋ	雷爵數位	-6.60980192	acg
ㄌㄟˊ-ㄐㄩㄝˊ-ㄨㄤˇ-ㄌㄨㄛˋ	雷爵網絡	-6.60980192	acg
ㄌㄟˊ-ㄕㄡˋ-ㄉㄨㄥˋ-ㄒㄩㄝˋ	雷獸洞穴	-6.60980192	acg
ㄌㄟˊ-ㄨㄤˊ-ㄗㄞˋ-ㄌㄧㄣˊ	雷王再臨	-6.60980192	acg
ㄌㄟˊ-ㄨㄤˊ-ㄉㄠˇ	雷王島	-7.04116568	acg
ㄌㄟˊ-ㄇㄧㄣˊ	雷玟	-7.17149945	acg
ㄌㄟˊ-ㄎㄜ-ㄕㄚˋ	雷珂煞	-7.04116568	acg
ㄌㄟˊ-ㄙㄜˋ	雷瑟	-7.17149945	acg
ㄌㄟˊ-ㄕˇ	雷矢	-7.17149945	acg
ㄌㄟˊ-ㄕㄣˊ-ㄓ-ㄓㄢˋ	雷神之戰	-6.60980192	acg
ㄌㄟˊ-ㄕㄣˊ-ㄐㄧ-ㄍㄨㄤ-ㄆㄛˋ	雷神激光破	-6.17843815	acg
ㄌㄟˊ-ㄕㄣˊ-ㄕㄡˋ	雷神獸	-7.04116568	acg
ㄌㄟˊ-ㄕㄣˊ-ㄨㄤˊ	雷神王	-7.04116568	acg
ㄌㄟˊ-ㄕㄣˊ-ㄙㄨㄛˇ-ㄦˇ-ㄑㄧㄢˊ-ㄔㄨㄢˊ	雷神索爾前傳	-5.74707439	acg
ㄌㄟˊ-ㄕㄣˊ-ㄏㄠˋ	雷神號	-7.04116568	acg
ㄌㄟˊ-ㄇㄧˇ	雷米	-7.17149945	acg
ㄌㄟˊ-ㄋㄚˋ-ㄉㄨㄛ	雷納多	-7.04116568	acg
ㄌㄟˊ-ㄋㄚˋ-ㄊㄜˋ	雷納特	-7.04116568	acg
ㄌㄟˊ-ㄨㄟˊ	雷維	-7.17149945	acg
ㄌㄟˊ-ㄨㄥ-ㄏㄚ-ㄊㄜˋ	雷翁哈特	-6.60980192	acg
ㄌㄟˊ-ㄌㄠˇ-ㄅㄚˋ	雷老爸	-7.04116568	acg
ㄌㄟˊ-ㄐㄧㄢˋ	雷艦	-7.17149945	acg
ㄌㄟˊ-ㄗ	雷茲	-7.17149945	acg
ㄌㄟˊ-ㄍㄜˇ-ㄦˇ	雷葛爾	-7.04116568	acg
ㄌㄟˊ-ㄇㄥˊ-ㄙ-ㄌㄧㄥˋ-ㄍㄨㄢ	雷蒙司令官	-6.17843815	acg
ㄌㄟˊ-ㄋㄨㄛˋ-ㄙ	雷諾斯	-7.04116568	acg
ㄌㄟˊ-ㄋㄨㄛˋ-ㄗ-ㄐㄩˊ-ㄓㄤˇ	雷諾茲局長	-6.17843815	acg
ㄌㄟˊ-ㄅㄟˋ-ㄌㄧˇ-ㄡ	雷貝里歐	-6.60980192	acg
ㄌㄟˊ-ㄙㄞˋ-ㄅㄨˋ-ㄙ	雷賽布斯	-6.60980192	acg
ㄌㄟˊ-ㄉㄧˊ-ㄧㄝˊ	雷迪耶	-7.04116568	acg
ㄌㄟˊ-ㄉㄚˊ-ㄋㄧˊ-ㄧㄚˇ	雷達尼亞	-6.60980192	acg
ㄌㄟˊ-ㄇㄣˊ-ㄉㄧㄢˋ-ㄑㄧˋ	雷門電氣	-6.60980192	acg
ㄌㄟˊ-ㄉㄧㄢˋ-ㄌㄧㄥˇ-ㄩˋ	雷電領域	-6.60980192	acg
ㄌㄟˊ-ㄊㄧㄥˊ-ㄓ-ㄧㄢˇ	雷霆之眼	-6.60980192	acg
ㄌㄟˊ-ㄊㄧㄥˊ-ㄓ-ㄧㄢˇ-ㄎㄨㄥˋ-ㄓˋ-ㄑㄧˋ	雷霆之眼控制器	-5.74707439	acg
ㄌㄟˊ-ㄊㄧㄥˊ-ㄖㄣˋ-ㄨˋ	雷霆任務	-6.60980192	acg
ㄌㄟˊ-ㄊㄧㄥˊ-ㄊㄧㄢ-ㄌㄨㄥˊ	雷霆天龍	-6.60980192	acg
ㄌㄟˊ-ㄊㄧㄥˊ-ㄓㄡˋ-ㄩˋ-ㄓㄢˋ-ㄒㄧㄢˋ	雷霆宙域戰線	-5.74707439	acg
ㄌㄟˊ-ㄊㄧㄥˊ-ㄓㄢˋ-ㄍㄡˇ	雷霆戰狗	-6.60980192	acg
ㄌㄟˊ-ㄊㄧㄥˊ-ㄓㄢˋ-ㄉㄨㄟˋ	雷霆戰隊	-6.60980192	acg
ㄌㄟˊ-ㄊㄧㄥˊ-ㄨㄤˊ-ㄗㄨㄛˋ	雷霆王座	-6.60980192	acg
ㄌㄟˊ-ㄊㄧㄥˊ-ㄓㄨㄥ-ㄐㄧㄝˊ-ㄓㄜˇ	雷霆終結者	-6.17843815	acg
ㄌㄟˊ-ㄊㄧㄥˊ-ㄇㄛˊ-ㄌㄨㄥˊ	雷霆魔龍	-6.60980192	acg
ㄌㄟˊ-ㄊㄧㄥˊ-ㄩˊ-ㄧㄥ	雷霆魚鷹	-6.60980192	acg
ㄌㄟˊ-ㄌㄨˇ-ㄍㄣ	雷魯根	-7.04116568	acg
ㄌㄟˊ-ㄋㄧㄠˇ-ㄕㄡˋ	雷鳥獸	-7.04116568	acg
ㄌㄟˊ-ㄌㄨㄥˊ-ㄕㄡˋ	雷龍獸	-7.04116568	acg
ㄉㄧㄢˋ-ㄍㄨㄤ-ㄎㄨㄞˋ-ㄔㄜ-ㄒㄧㄚˊ	電光快車俠	-6.17843815	acg
ㄉㄧㄢˋ-ㄍㄨㄤ-ㄅㄠˋ-ㄌㄨㄥˊ-ㄕㄡˋ	電光暴龍獸	-6.17843815	acg
ㄉㄧㄢˋ-ㄍㄨㄤ-ㄉㄨˊ-ㄌㄨㄥˊ-ㄗㄨㄢ	電光毒龍鑽	-6.17843815	acg
ㄉㄧㄢˋ-ㄍㄨㄤ-ㄉㄨˊ-ㄐㄧㄠˇ-ㄕㄡˋ	電光獨角獸	-6.17843815	acg
ㄉㄧㄢˋ-ㄍㄨㄤ-ㄕㄡˋ	電光獸	-7.04116568	acg
ㄉㄧㄢˋ-ㄍㄨㄤ-ㄧㄢˇ	電光眼	-7.04116568	acg
ㄉㄧㄢˋ-ㄍㄨㄤ-ㄔㄠ-ㄖㄣˊ-ㄍㄨˇ-ㄌㄧˋ-ㄊㄜˋ	電光超人古立特	-5.74707439	acg
ㄉㄧㄢˋ-ㄍㄨㄤ-ㄌㄟˊ-ㄊㄧㄥˊ	電光雷霆	-6.60980192	acg
ㄉㄧㄢˋ-ㄍㄨㄤ-ㄍㄨˇ-ㄌㄨㄥˊ	電光骨龍	-6.60980192	acg
ㄉㄧㄢˋ-ㄌㄧㄝˋ-ㄔㄜ	電列車	-7.04116568	acg
ㄉㄧㄢˋ-ㄌㄧˋ-ㄖㄣˊ	電力人	-7.04116568	acg
ㄉㄧㄢˋ-ㄗˇ-ㄐㄧㄝˇ-ㄇㄚˇ-ㄑㄧˋ	電子解碼器	-6.17843815	acg
ㄉㄧㄢˋ-ㄗˇ-ㄧㄡˊ-ㄒㄧˋ-ㄖㄨㄢˇ-ㄐㄧㄢˋ	電子遊戲軟件	-5.74707439	acg
ㄉㄧㄢˋ-ㄗˇ-ㄌㄨㄥˊ-ㄕㄡˋ	電子龍獸	-6.60980192	acg
ㄉㄧㄢˋ-ㄧㄥˇ-ㄐㄧˊ-ㄊㄨㄢˊ	電影集團	-6.60980192	acg
ㄉㄧㄢˋ-ㄐㄧˊ-ㄧㄥ-ㄒㄩㄥˊ	電擊英雄	-6.60980192	acg
ㄉㄧㄢˋ-ㄐㄧˊ-ㄏㄠˋ	電擊號	-7.04116568	acg
ㄉㄧㄢˋ-ㄐㄧˊ-ㄍㄤ-ㄉㄢˋ	電擊鋼彈	-6.60980192	acg
ㄉㄧㄢˋ-ㄑㄧㄤ-ㄌㄧㄢˇ	電槍臉	-7.04116568	acg
ㄉㄧㄢˋ-ㄐㄧ-ㄍㄨㄥ-ㄔㄥˊ-ㄙㄨㄛˇ	電機工程所	-6.17843815	acg
ㄉㄧㄢˋ-ㄔˊ-ㄕㄡˋ	電池獸	-7.04116568	acg
ㄉㄧㄢˋ-ㄅㄛ-ㄒㄧㄠˇ-ㄍㄨㄟˇ	電波小鬼	-6.60980192	acg
ㄉㄧㄢˋ-ㄅㄛ-ㄍㄨㄞˋ	電波怪	-7.04116568	acg
ㄉㄧㄢˋ-ㄅㄛ-ㄕㄣˊ	電波神	-7.04116568	acg
ㄉㄧㄢˋ-ㄐㄧㄤ-ㄕㄡˇ-ㄌㄧㄡˊ-ㄉㄢˋ	電漿手榴彈	-6.17843815	acg
ㄉㄧㄢˋ-ㄐㄧㄤ-ㄌㄨˊ	電漿爐	-7.04116568	acg
ㄉㄧㄢˋ-ㄖㄜˋ-ㄔㄚ	電熱叉	-7.04116568	acg
ㄉㄧㄢˋ-ㄖㄜˋ-ㄈㄨˇ	電熱斧	-7.04116568	acg
ㄉㄧㄢˋ-ㄖㄜˋ-ㄍㄨㄣˋ	電熱棍	-7.04116568	acg
ㄉㄧㄢˋ-ㄖㄜˋ-ㄍㄠˇ	電熱鎬	-7.04116568	acg
ㄉㄧㄢˋ-ㄖㄜˋ-ㄔㄢˇ	電熱鏟	-7.04116568	acg
ㄉㄧㄢˋ-ㄘˊ-ㄅㄛ-ㄊㄡˊ-ㄕˋ	電磁波頭飾	-6.17843815	acg
ㄉㄧㄢˋ-ㄐㄧㄥˋ-ㄕˋ-ㄐㄧㄝˋ-ㄅㄟ	電競世界盃	-6.17843815	acg
ㄉㄧㄢˋ-ㄒㄧㄢˋ-ㄕㄤˋ-ㄉㄜ˙-ㄋㄧㄠˇ	電線上的鳥	-6.17843815	acg
ㄉㄧㄢˋ-ㄋㄠˇ-ㄕㄤˋ	電腦上	-7.04116568	acg
ㄉㄧㄢˋ-ㄋㄠˇ-ㄓㄨㄥ	電腦中	-7.04116568	acg
ㄉㄧㄢˋ-ㄋㄠˇ-ㄓㄨˇ	電腦主	-7.04116568	acg
ㄉㄧㄢˋ-ㄋㄠˇ-ㄙˋ-ㄈㄨˊ-ㄑㄧˋ	電腦伺服器	-6.17843815	acg
ㄉㄧㄢˋ-ㄋㄠˇ-ㄍㄨㄥ-ㄙ	電腦公司	-6.60980192	acg
ㄉㄧㄢˋ-ㄋㄠˇ-ㄉㄜ˙	電腦的	-7.04116568	acg
ㄉㄧㄢˋ-ㄋㄠˇ-ㄧㄢˊ-ㄐㄧㄡˋ-ㄕㄜˋ	電腦研究社	-6.17843815	acg
ㄉㄧㄢˋ-ㄋㄠˇ-ㄧㄢˊ-ㄐㄧㄡˋ-ㄕㄜˋ-ㄕㄜˋ-ㄓㄤˇ	電腦研究社社長	-5.74707439	acg
ㄉㄧㄢˋ-ㄋㄠˇ-ㄔㄠ-ㄖㄣˊ-ㄌㄧˋ-ㄌㄧㄤˋ-ㄩㄥˇ-ㄕˋ	電腦超人力量勇士	-5.74707439	acg
ㄉㄧㄢˋ-ㄋㄠˇ-ㄅㄨˋ	電腦部	-7.04116568	acg
ㄉㄧㄢˋ-ㄋㄠˇ-ㄐㄧㄣ-ㄍㄤ	電腦金剛	-6.60980192	acg
ㄉㄧㄢˋ-ㄕˋ-ㄉㄨㄥˋ-ㄏㄨㄚˋ	電視動畫	-6.60980192	acg
ㄉㄧㄢˋ-ㄕˋ-ㄒㄧㄣ-ㄨㄣˊ-ㄓㄨˇ-ㄅㄛˋ	電視新聞主播	-5.74707439	acg
ㄉㄧㄢˋ-ㄏㄨㄚˋ-ㄕㄡˋ	電話獸	-7.04116568	acg
ㄉㄧㄢˋ-ㄏㄨㄚˋ-ㄔㄨㄥˊ	電話蟲	-7.04116568	acg
ㄉㄧㄢˋ-ㄩˋ-ㄆㄢˋ-ㄎㄜˋ-ㄏㄨㄥˊ	電馭叛客紅	-6.17843815	acg
ㄓㄣˋ-ㄊㄧㄢ-ㄌㄨㄥˊ-ㄆㄠˋ	震天龍砲	-6.60980192	acg
ㄓㄣˋ-ㄉㄤˋ-ㄆㄛ	震盪波	-7.04116568	acg
ㄏㄨㄛˋ-ㄎㄜˋ-ㄞˋ	霍克愛	-7.04116568	acg
ㄏㄨㄛˋ-ㄌㄧˋ	霍利	-7.17149945	acg
ㄏㄨㄛˋ-ㄑㄧˊ-ㄙㄣ-ㄐㄧㄠˋ-ㄕㄡˋ	霍奇森教授	-6.17843815	acg
ㄏㄨㄛˋ-ㄣ-ㄏㄞˇ-ㄇㄨˇ	霍恩海姆	-6.60980192	acg
ㄏㄨㄛˋ-ㄊㄨㄛ	霍托	-7.17149945	acg
ㄏㄨㄛˋ-ㄍㄜˊ-ㄏㄨㄚˊ-ㄗ-ㄉㄜ˙-ㄔㄨㄢˊ-ㄔㄥˊ	霍格華茲的傳承	-5.74707439	acg
ㄏㄨㄛˋ-ㄅㄧˇ	霍比	-7.17149945	acg
ㄏㄨㄛˋ-ㄌㄨㄛˋ-ㄨㄟˊ-ㄗ	霍洛維茲	-6.60980192	acg
ㄏㄨㄛˋ-ㄇㄧˇ	霍米	-7.17149945	acg
ㄏㄨㄛˋ-ㄌㄨㄛˊ	霍羅	-7.17149945	acg
ㄏㄨㄛˋ-ㄏㄨㄚˊ	霍華	-7.17149945	acg
ㄏㄨㄛˋ-ㄌㄢˊ-ㄉㄜˊ	霍蘭德	-7.04116568	acg
ㄏㄨㄛˋ-ㄏㄨㄛˋ-ㄧ-ㄇㄧˇ-ㄋㄚˋ	霍霍伊米娜	-6.17843815	acg
ㄋㄧˊ-ㄋㄧˊ	霓霓	-7.17149945	acg
ㄕㄨㄤ-ㄓ-ㄞ-ㄕㄤ	霜之哀傷	-6.60980192	acg
ㄕㄨㄤ-ㄩㄝˋ-ㄇㄟˇ-ㄐㄧㄚ	霜月美佳	-6.60980192	acg
ㄕㄨㄤ-ㄉㄢˋ-ㄞˇ-ㄖㄣˊ	霜誕矮人	-6.60980192	acg
ㄒㄧㄚˊ-ㄉㄚˋ-ㄌㄨˋ-ㄌㄧㄡˊ-ㄌㄧˊ-ㄑㄧㄢ-ㄉㄞˋ	霞大路瑠璃千代	-5.74707439	acg
ㄨˋ-ㄉㄠˇ-ㄐㄧㄚ-ㄋㄞˇ	霧島佳乃	-6.60980192	acg
ㄨˋ-ㄉㄠˇ-ㄧㄡˋ-ㄐㄧㄚ	霧島柚佳	-6.60980192	acg
ㄨˋ-ㄉㄠˇ-ㄊㄠˊ-ㄐㄧㄚ	霧島桃佳	-6.60980192	acg
ㄨˋ-ㄉㄠˇ-ㄕㄥˋ	霧島聖	-7.04116568	acg
ㄨˋ-ㄑㄧˊ	霧崎	-7.17149945	acg
ㄨˋ-ㄏㄨㄢˋ	霧幻	-7.17149945	acg
ㄨˋ-ㄩㄝˋ-ㄨㄟˋ-ㄇㄚˊ	霧越未麻	-6.60980192	acg
ㄒㄧㄢˋ-ㄉㄢˋ-ㄑㄧㄤ-ㄕㄜˋ-ㄐㄧˋ-ㄊㄨˊ	霰彈槍設計圖	-5.74707439	acg
ㄒㄧㄢˋ-ㄉㄢˋ-ㄑㄧㄤ-ㄌㄟˋ	霰彈槍類	-6.60980192	acg
ㄒㄧㄢˋ-ㄉㄢˋ-ㄇㄛˊ-ㄕˋ	霰彈模式	-6.60980192	acg
ㄌㄨˋ-ㄎㄜˋ-ㄌㄞˊ-ㄦˇ	露克萊爾	-6.60980192	acg
ㄌㄨˋ-ㄋㄚˋ	露娜	-7.17149945	acg
ㄌㄨˋ-ㄋㄚˋ-ㄇㄚˇ-ㄌㄧˋ-ㄧㄚˇ	露娜瑪莉亞	-6.17843815	acg
ㄌㄨˋ-ㄆㄨˇ-ㄙ-ㄌㄟˊ-ㄑㄧˊ-ㄋㄚˋ	露普絲雷其娜	-5.74707439	acg
ㄌㄨˋ-ㄇㄨˋ-ㄒㄧㄤ-ㄌㄧㄥˊ	露木香玲	-6.60980192	acg
ㄌㄨˋ-ㄅㄧˇ-ㄋㄚˋ	露比娜	-7.04116568	acg
ㄌㄨˋ-ㄧㄥˊ-ㄌㄧˋ-ㄒㄧㄢˇ-ㄐㄧˋ	露營歷險記	-6.17843815	acg
ㄌㄨˋ-ㄑㄧˊ-ㄢ-ㄋㄚˋ	露琪安娜	-6.60980192	acg
ㄌㄨˋ-ㄇㄧˇ	露米	-7.17149945	acg
ㄌㄨˋ-ㄇㄧˇ-ㄦˇ	露米爾	-7.04116568	acg
ㄌㄨˋ-ㄒㄧ-ㄎㄚˇ	露西卡	-7.04116568	acg
ㄌㄨˋ-ㄒㄧ-ㄡ-ㄌㄚ	露西歐拉	-6.60980192	acg
ㄌㄨˋ-ㄧㄚˇ	露雅	-7.17149945	acg
ㄌㄨˋ-ㄌㄨˋ-ㄗˇ	露露子	-7.04116568	acg
ㄅㄚˋ-ㄊㄨˊ-ㄎㄜˋ	霸圖克	-7.04116568	acg
ㄅㄚˋ-ㄗˇ	霸子	-7.17149945	acg
ㄅㄚˋ-ㄒㄧㄣ-ㄙㄞ	霸新塞	-7.04116568	acg
ㄅㄚˋ-ㄑㄩㄢˊ-ㄓㄥ-ㄉㄨㄛˊ	霸權爭奪	-6.60980192	acg
ㄅㄚˋ-ㄨㄤˊ-ㄓㄨㄚˇ	霸王爪	-7.04116568	acg
ㄅㄚˋ-ㄊㄧˇ	霸體	-7.17149945	acg
ㄅㄚˋ-ㄊㄧˇ-ㄓㄨㄤ-ㄐㄧㄚˇ	霸體裝甲	-6.60980192	acg
ㄆㄧ-ㄌㄚ	霹拉	-7.17149945	acg
ㄆㄧ-ㄌㄧˋ-ㄏㄢˋ-ㄐㄧㄤˋ	霹靂悍將	-6.60980192	acg
ㄆㄧ-ㄌㄧˋ-ㄓㄢˋ-ㄐㄧㄥˇ	霹靂戰警	-6.60980192	acg
ㄆㄧ-ㄌㄧˋ-ㄖˋ-ㄍㄨㄤ-ㄏㄠˋ	霹靂日光號	-6.17843815	acg
ㄆㄧ-ㄌㄧˋ-ㄎㄨˋ-ㄌㄜˋ-ㄇㄠ	霹靂酷樂貓	-6.17843815	acg
ㄆㄧ-ㄌㄧˋ-ㄉㄧㄢˋ-ㄑㄧㄡˊ	霹靂電球	-6.60980192	acg
ㄌㄧㄥˊ-ㄩˋ-ㄕ	靈喻師	-7.04116568	acg
ㄌㄧㄥˊ-ㄍㄢˇ-ㄔㄥˊ-ㄓㄣ	靈感成真	-6.60980192	acg
ㄌㄧㄥˊ-ㄍㄜˊ-ㄙ	靈格斯	-7.04116568	acg
ㄌㄧㄥˊ-ㄏㄡˊ-ㄕㄡˋ	靈猴獸	-7.04116568	acg
ㄌㄧㄥˊ-ㄧˋ-ㄐㄧㄠˋ-ㄕ-ㄕㄣˊ-ㄇㄟˊ	靈異教師神眉	-5.74707439	acg
ㄌㄧㄥˊ-ㄧˋ-ㄌㄧㄝˋ-ㄖㄣˊ	靈異獵人	-6.60980192	acg
ㄌㄧㄥˊ-ㄧˋ-ㄅㄨˋ	靈異部	-7.04116568	acg
ㄌㄧㄥˊ-ㄧˋ-ㄩㄢˋ	靈異院	-7.04116568	acg
ㄌㄧㄥˊ-ㄏㄨㄚ-ㄐㄧˋ	靈花祭	-7.04116568	acg
ㄌㄧㄥˊ-ㄧㄠˋ-ㄏㄨㄢˋ-ㄐㄧㄥˋ	靈藥幻境	-6.60980192	acg
ㄌㄧㄥˊ-ㄉㄧㄝˊ	靈蝶	-7.17149945	acg
ㄌㄧㄥˊ-ㄒㄧㄥˊ-ㄓㄜˇ	靈行者	-7.04116568	acg
ㄌㄧㄥˊ-ㄊㄨㄥ-ㄓㄜˇ	靈通者	-7.04116568	acg
ㄌㄧㄥˊ-ㄏㄨㄣˊ-ㄐㄧㄚ-ㄙㄨˋ	靈魂加速	-6.60980192	acg
ㄌㄧㄥˊ-ㄏㄨㄣˊ-ㄅㄠˇ-ㄕˊ	靈魂寶石	-6.60980192	acg
ㄌㄧㄥˊ-ㄏㄨㄣˊ-ㄐㄧˊ-ㄓㄨㄢˇ-ㄨㄢ	靈魂急轉彎	-6.17843815	acg
ㄌㄧㄥˊ-ㄏㄨㄣˊ-ㄌㄧㄝˋ-ㄕˊ	靈魂獵食	-6.60980192	acg
ㄌㄧㄥˊ-ㄏㄨㄣˊ-ㄕㄚ-ㄍㄨˇ	靈魂砂谷	-6.60980192	acg
ㄌㄧㄥˊ-ㄏㄨㄣˊ-ㄈㄢ-ㄧˋ-ㄐㄧ	靈魂翻譯機	-6.17843815	acg
ㄌㄧㄥˊ-ㄋㄧㄠˇ	靈鳥	-7.17149945	acg
ㄑㄧㄥ-ㄓ-ㄑㄩ-ㄇㄛˊ-ㄕ	青之驅魔師	-6.17843815	acg
ㄑㄧㄥ-ㄕㄠˋ-ㄋㄩˇ-ㄉㄢˋ-ㄊㄡˊ	青少女彈頭	-6.17843815	acg
ㄑㄧㄥ-ㄕㄠˋ-ㄋㄧㄢˊ-ㄆㄧㄠˋ-ㄒㄩㄢˇ-ㄐㄧㄤˇ	青少年票選獎	-5.74707439	acg
ㄑㄧㄥ-ㄕㄢ-ㄑㄧˇ	青山綺	-7.04116568	acg
ㄑㄧㄥ-ㄔㄨㄣ-ㄓ-ㄒㄧㄤ	青春之箱	-6.60980192	acg
ㄑㄧㄥ-ㄔㄨㄣ-ㄨˊ-ㄇㄧˋ-ㄩˇ	青春無密語	-6.17843815	acg
ㄑㄧㄥ-ㄔㄨㄣ-ㄊㄜˋ-ㄊㄧㄠˊ-ㄈㄥ-ㄇㄧˋ-ㄋㄧㄥˊ-ㄇㄥˊ-ㄙㄨ-ㄉㄚˇ	青春特調蜂蜜檸檬蘇打	-5.74707439	acg
ㄑㄧㄥ-ㄔㄨㄣ-ㄧㄤˇ-ㄔㄥˊ-ㄐㄧˋ	青春養成記	-6.17843815	acg
ㄑㄧㄥ-ㄇㄨˋ-ㄗㄨㄥ-ㄊㄞˋ	青木宗太	-6.60980192	acg
ㄑㄧㄥ-ㄇㄨˋ-ㄅㄞˇ-ㄅㄞˇ	青木百百	-6.60980192	acg
ㄑㄧㄥ-ㄐㄧㄠ-ㄍㄨㄞˋ	青椒怪	-7.04116568	acg
ㄑㄧㄥ-ㄐㄧㄠ-ㄊㄧˇ-ㄘㄠ	青椒體操	-6.60980192	acg
ㄑㄧㄥ-ㄓㄠˇ-ㄧㄣ-ㄌㄧㄡˊ	青沼音瑠	-6.60980192	acg
ㄑㄧㄥ-ㄧㄝˋ-ㄕˊ-ㄐㄧㄝˊ	青葉時節	-6.60980192	acg
ㄑㄧㄥ-ㄧㄝˋ-ㄓ-ㄏㄨㄚ	青葉知花	-6.60980192	acg
ㄑㄧㄥ-ㄨㄚ-ㄨㄤˊ-ㄗˇ	青蛙王子	-6.60980192	acg
ㄑㄧㄥ-ㄊㄨㄥˊ-ㄆㄠˋ	青銅炮	-7.04116568	acg
ㄑㄧㄥ-ㄓˋ	青雉	-7.17149945	acg
ㄑㄧㄥ-ㄌㄨㄥˊ-ㄙㄢ-ㄌㄤˊ	青龍三郎	-6.60980192	acg
ㄐㄧㄥˋ-ㄧㄥˇ-ㄊㄜˋ-ㄨˋ	靚影特務	-6.60980192	acg
ㄐㄧㄥˋ-ㄏㄞˇ-ㄇㄨˋ-ㄧㄝˋ	靜海木葉	-6.60980192	acg
ㄈㄟ-ㄈㄢˊ-ㄓ-ㄉㄧˋ	非凡之地	-6.60980192	acg
ㄈㄟ-ㄘㄨㄣˊ-ㄩˊ-ㄘˇ-ㄕˋ-ㄓ-ㄏㄨㄢˋ-ㄇㄚˇ	非存於此世之幻馬	-5.74707439	acg
ㄈㄟ-ㄔㄤˊ-ㄓㄠˋ-ㄐㄧˊ	非常召集	-6.60980192	acg
ㄈㄟ-ㄔㄤˊ-ㄋㄢˊ-ㄋㄩˇ	非常男女	-6.60980192	acg
ㄈㄟ-ㄓㄡ-ㄕㄚ-ㄅㄚ-ㄋㄚˋ-ㄍㄨㄛˊ-ㄗㄨㄥˇ-ㄊㄨㄥˇ	非洲沙巴那國總統	-5.74707439	acg
ㄈㄟ-ㄓㄡ-ㄌㄧㄢˊ-ㄏㄜˊ	非洲聯合	-6.60980192	acg
ㄈㄟ-ㄗˋ-ㄩㄢˋ-ㄉㄜ˙-ㄅㄨˋ-ㄙˇ-ㄇㄠˋ-ㄒㄧㄢˇ-ㄓㄜˇ	非自願的不死冒險者	-5.74707439	acg
ㄈㄟ-ㄓㄨㄥˋ-ㄓㄨㄤ-ㄨㄟˋ	非重莊衛	-6.60980192	acg
ㄇㄧㄢˋ-ㄐㄩˋ-ㄋㄢˊ	面具男	-7.04116568	acg
ㄢ-ㄓ-ㄐㄧㄥˇ-ㄗˇ	鞍知景子	-6.60980192	acg
ㄅㄧㄢ-ㄉㄠ	鞭刀	-7.17149945	acg
ㄅㄧㄢ-ㄎㄨㄤˊ	鞭狂	-7.17149945	acg
ㄨㄟˊ-ㄉㄜˊ-ㄐㄧㄤ-ㄐㄩㄣ	韋德將軍	-6.60980192	acg
ㄨㄟˊ-ㄣ-ㄅㄛˊ-ㄍㄜˊ	韋恩伯格	-6.60980192	acg
ㄨㄟˊ-ㄙ-ㄎㄚˇ-ㄇㄨˇ	韋斯卡姆	-6.60980192	acg
ㄏㄢˊ-ㄉㄚˋ-ㄈㄨ	韓大夫	-7.04116568	acg
ㄏㄢˊ-ㄙㄜˋ-ㄉㄨㄣˋ	韓瑟頓	-7.04116568	acg
ㄏㄢˊ-ㄙㄨㄥˋ-ㄧ	韓頌伊	-7.04116568	acg
ㄐㄧㄡˇ-ㄑㄧˊ-ㄊㄞˋ-ㄊㄞˋ	韮崎太太	-6.60980192	acg
ㄧㄣ-ㄩㄝˋ-ㄆㄞˋ-ㄉㄨㄟˋ	音樂派對	-6.60980192	acg
ㄧㄣ-ㄩㄝˋ-ㄕㄡˋ	音樂獸	-7.04116568	acg
ㄧㄣ-ㄩㄝˋ-ㄉㄜ˙-ㄍㄨㄛˇ-ㄕˊ	音樂的果實	-6.17843815	acg
ㄧㄣ-ㄨˊ	音無	-7.17149945	acg
ㄧㄣ-ㄨˊ-ㄔㄨ-ㄧㄣ	音無初音	-6.60980192	acg
ㄧㄣ-ㄨˊ-ㄈㄨˋ-ㄇㄟˇ-ㄗˇ	音無富美子	-6.17843815	acg
ㄧㄣ-ㄨˊ-ㄒㄧㄠˇ-ㄧㄝˋ	音無小夜	-6.60980192	acg
ㄧㄣ-ㄈㄨˊ-ㄓㄢˋ-ㄕˋ	音符戰士	-6.60980192	acg
ㄧㄣ-ㄩˇ	音羽	-7.17149945	acg
ㄧㄣ-ㄕˋ-ㄒㄩㄣˋ	音視訊	-7.04116568	acg
ㄧㄣ-ㄉㄧㄠˋ-ㄐㄧㄥ-ㄌㄧㄥˊ	音調精靈	-6.60980192	acg
ㄧㄣ-ㄙㄨˋ-ㄐㄧㄚ-ㄋㄨㄥˊ-ㄆㄠˋ	音速加農砲	-6.17843815	acg
ㄧㄣ-ㄙㄨˋ-ㄓㄢˋ-ㄕㄣˊ	音速戰神	-6.60980192	acg
ㄧㄣ-ㄙㄨˋ-ㄐㄧㄚ-ㄠˋ-ㄐㄧㄚ-ㄕㄡˋ	音速迦奧迦獸	-5.74707439	acg
ㄧㄣ-ㄙㄨˋ-ㄈㄟ-ㄧˋ	音速飛翼	-6.60980192	acg
ㄧㄣ-ㄐㄧㄝ-ㄏㄜˊ	音階盒	-7.04116568	acg
ㄒㄧㄤˇ-ㄨㄟˇ-ㄕㄜˊ-ㄒㄧㄥˊ-ㄉㄨㄥˋ	響尾蛇行動	-6.17843815	acg
ㄉㄧㄥˇ-ㄐㄧㄢ-ㄇㄧㄥˊ-ㄧ	頂尖明醫	-6.60980192	acg
ㄉㄧㄥˇ-ㄐㄧˊ-ㄇㄛˊ-ㄕˋ	頂極模式	-6.60980192	acg
ㄒㄧㄤˋ-ㄇㄚˇ-ㄉㄧˋ	項馬第	-7.04116568	acg
ㄕㄨㄣˋ-ㄈㄥ-ㄦˇ-ㄧㄥ-ㄒㄩㄥˊ	順風耳英雄	-6.17843815	acg
ㄒㄩ-ㄐㄧㄢˋ-ㄌㄧㄥˊ	須見玲	-7.04116568	acg
ㄒㄩ-ㄏㄜˋ-ㄍㄨㄟ-ㄐㄧㄝˋ	須賀圭介	-6.60980192	acg
ㄒㄩ-ㄏㄜˋ-ㄒㄧㄚˋ-ㄇㄟˇ	須賀夏美	-6.60980192	acg
ㄒㄩ-ㄏㄜˋ-ㄇㄧㄥˊ-ㄖˋ-ㄏㄨㄚ	須賀明日花	-6.17843815	acg
ㄒㄩ-ㄏㄜˋ-ㄇㄥˊ-ㄏㄨㄚ	須賀萌花	-6.60980192	acg
ㄒㄩ-ㄒㄧㄤ-ㄔㄜˋ-ㄆㄧㄥˊ	須鄉徹平	-6.60980192	acg
ㄙㄨㄥˋ-ㄕ	頌施	-7.17149945	acg
ㄩˋ-ㄓ-ㄕㄡˋ	預知獸	-7.04116568	acg
ㄩˋ-ㄕˋ-ㄓ-ㄏㄨㄚ	預示之花	-6.60980192	acg
ㄩˋ-ㄕˋ-ㄓㄜˇ	預示者	-7.04116568	acg
ㄩˋ-ㄧㄢˊ-ㄓㄜˇ-ㄈㄟˋ-ㄌㄨㄣˊ	預言者費倫	-6.17843815	acg
ㄨㄢˊ-ㄆㄧˊ-ㄊㄧㄠˋ-ㄊㄧㄠˋ-ㄉㄥ	頑皮跳跳燈	-6.17843815	acg
ㄨㄢˊ-ㄆㄧˊ-ㄌㄟˊ-ㄊㄢˊ	頑皮雷彈	-6.60980192	acg
ㄨㄢˊ-ㄊㄨㄥˊ-ㄙㄢ-ㄖㄣˊ-ㄗㄨˇ	頑童三人組	-6.17843815	acg
ㄉㄨㄣˋ-ㄐㄧㄚˇ	頓甲	-7.17149945	acg
ㄌㄧㄥˇ-ㄩˋ-ㄓㄢˇ-ㄎㄞ	領域展開	-6.60980192	acg
ㄌㄧㄥˇ-ㄒㄧㄡˋ-ㄕㄡˋ	領袖獸	-7.04116568	acg
ㄊㄡˊ-ㄐㄧㄣ-ㄨㄚˇ-ㄉㄡˋ-ㄌㄨˇ-ㄉㄧˊ	頭巾瓦豆魯迪	-5.74707439	acg
ㄊㄡˊ-ㄨㄥ	頭翁	-7.17149945	acg
ㄊㄡˊ-ㄓㄨㄟ	頭錐	-7.17149945	acg
ㄜˋ-ㄇㄣˊ	顎門	-7.17149945	acg
ㄩㄢˋ-ㄨㄤˋ-ㄉㄚˋ-ㄙㄞˋ	願望大賽	-6.60980192	acg
ㄩㄢˋ-ㄨㄤˋ-ㄑㄩ-ㄉㄨㄥˋ-ㄑㄧˋ	願望驅動器	-6.17843815	acg
ㄩㄢˋ-ㄕㄣˊ	願神	-7.17149945	acg
ㄌㄟˋ-ㄅㄧˇ-ㄉㄧㄢˋ	類比墊	-7.04116568	acg
ㄌㄟˋ-ㄅㄧˇ-ㄎㄨㄥˋ-ㄓˋ-ㄍㄢˇ	類比控制桿	-6.17843815	acg
ㄌㄟˋ-ㄅㄧˇ-ㄧㄠˊ-ㄍㄢˇ	類比搖桿	-6.60980192	acg
ㄌㄟˋ-ㄅㄧˇ-ㄘㄠ-ㄗㄨㄛˋ-ㄍㄢˇ	類比操作桿	-6.17843815	acg
ㄌㄟˋ-ㄅㄧˇ-ㄘㄠ-ㄗㄨㄥˋ-ㄍㄢˇ	類比操縱桿	-6.17843815	acg
ㄌㄟˋ-ㄅㄧˇ-ㄍㄢˇ	類比桿	-7.04116568	acg
ㄌㄟˋ-ㄅㄧˇ-ㄏㄨㄚˊ-ㄉㄧㄢˋ	類比滑墊	-6.60980192	acg
ㄌㄟˋ-ㄅㄧˇ-ㄏㄨㄚˊ-ㄍㄢˇ	類比滑桿	-6.60980192	acg
ㄌㄟˋ-ㄅㄧˇ-ㄧㄡˊ-ㄒㄧˋ-ㄍㄢˇ	類比遊戲桿	-6.17843815	acg
ㄌㄟˋ-ㄅㄧˇ-ㄧㄠˊ-ㄎㄨㄥˋ-ㄍㄢˇ	類比遙控桿	-6.17843815	acg
ㄓㄢˋ-ㄌㄧˋ-ㄕㄨㄟˇ-ㄒㄧㄥ	顫慄水星	-6.60980192	acg
ㄈㄥ-ㄓ-ㄕㄠˋ-ㄋㄧㄢˊ	風之少年	-6.60980192	acg
ㄈㄥ-ㄓ-ㄘㄞˇ	風之彩	-7.04116568	acg
ㄈㄥ-ㄓ-ㄌㄩˋ-ㄉㄨㄥˋ	風之律動	-6.60980192	acg
ㄈㄥ-ㄓ-ㄍㄨˇ	風之谷	-7.04116568	acg
ㄈㄥ-ㄘㄤ-ㄇㄥˊ	風倉萌	-7.04116568	acg
ㄈㄥ-ㄨˇ	風午	-7.17149945	acg
ㄈㄥ-ㄐㄧㄣˇ	風堇	-7.17149945	acg
ㄈㄥ-ㄏㄨˋ-ㄐㄧㄥ-ㄐㄧㄝˋ	風戶京介	-6.60980192	acg
ㄈㄥ-ㄅㄠˋ-ㄒㄧㄥˊ-ㄏㄞˇ-ㄧㄣ-ㄉㄜˊ-ㄌㄧˇ	風暴型海因德里	-5.74707439	acg
ㄈㄥ-ㄅㄠˋ-ㄋㄩˇ-ㄕㄣˊ	風暴女神	-6.60980192	acg
ㄈㄥ-ㄅㄠˋ-ㄐㄧˋ-ㄐㄧㄝˊ	風暴季節	-6.60980192	acg
ㄈㄥ-ㄅㄠˋ-ㄒㄩㄣˊ-ㄧˋ-ㄏㄠˋ	風暴巡曳號	-6.17843815	acg
ㄈㄥ-ㄅㄠˋ-ㄌㄧㄝˋ-ㄐㄧㄡˇ-ㄐㄧㄡˇ-ㄈㄤ	風暴烈酒酒坊	-5.74707439	acg
ㄈㄥ-ㄅㄠˋ-ㄨㄤˊ	風暴王	-7.04116568	acg
ㄈㄥ-ㄅㄠˋ-ㄆㄛˋ-ㄏㄨㄞˋ-ㄓㄜˇ	風暴破壞者	-6.17843815	acg
ㄈㄥ-ㄅㄠˋ-ㄑㄩㄣˊ-ㄕㄢ	風暴群山	-6.60980192	acg
ㄈㄥ-ㄅㄠˋ-ㄧㄠˋ-ㄙㄞˋ	風暴要塞	-6.60980192	acg
ㄈㄥ-ㄙˇ	風死	-7.17149945	acg
ㄈㄥ-ㄕㄨㄟˇ-ㄕˋ-ㄐㄧㄚ	風水釋迦	-6.60980192	acg
ㄈㄥ-ㄕ-ㄕㄡˋ	風獅獸	-7.04116568	acg
ㄈㄥ-ㄨㄤˊ-ㄐㄧㄝˊ-ㄐㄧㄝˋ	風王結界	-6.60980192	acg
ㄈㄥ-ㄌㄨㄛˊ-ㄐㄩㄣˋ-ㄙ	風羅俊司	-6.60980192	acg
ㄈㄥ-ㄏㄨㄚ-ㄓㄣ-ㄅㄞˊ	風花真白	-6.60980192	acg
ㄈㄥ-ㄐㄧㄢˋ-ㄧ-ㄌㄤˇ	風見一朗	-6.60980192	acg
ㄈㄥ-ㄐㄧㄢˋ-ㄧˋ-ㄌㄤˇ	風見一朗	-7.10980192	acg
ㄈㄥ-ㄐㄧㄢˋ-ㄔㄨ-ㄙㄨㄟˋ	風見初穗	-6.60980192	acg
ㄈㄥ-ㄐㄧㄢˋ-ㄓˋ-ㄌㄤˊ	風見志郎	-6.60980192	acg
ㄈㄥ-ㄐㄧㄢˋ-ㄓㄣ-ㄙㄨㄟˋ	風見真穗	-6.60980192	acg
ㄈㄥ-ㄐㄧㄢˋ-ㄕㄨㄣˋ	風見瞬	-7.04116568	acg
ㄈㄥ-ㄐㄧㄢˋ-ㄧㄚˇ-ㄖㄣˊ	風見雅人	-6.60980192	acg
ㄈㄥ-ㄐㄧㄢˋ-ㄐㄩㄣˋ	風見駿	-7.04116568	acg
ㄈㄥ-ㄩˇ-ㄉㄚˋ-ㄕㄨˋ	風語大樹	-6.60980192	acg
ㄈㄥ-ㄑㄧˇ-ㄩㄣˊ-ㄩㄥˇ-ㄉㄜ˙-ㄐㄧㄣ-ㄇㄠˊ-ㄩㄥˇ-ㄓㄜˇ	風起雲湧的金矛勇者	-5.74707439	acg
ㄈㄥ-ㄧㄝˇ-ㄍㄨㄤ-ㄧㄥ	風野光瑛	-6.60980192	acg
ㄈㄥ-ㄧㄝˇ-ㄑㄧㄢˇ-ㄘㄨㄥ	風野淺蔥	-6.60980192	acg
ㄈㄥ-ㄐㄧㄢ-ㄧㄥ-ㄧㄢˋ	風間英彥	-6.60980192	acg
ㄈㄥ-ㄒㄩㄝˇ-ㄓ-ㄒㄧㄣ	風雪之心	-6.60980192	acg
ㄈㄥ-ㄇㄛˊ-ㄕㄡˋ	風魔獸	-7.04116568	acg
ㄙㄚˋ-ㄊㄞˋ	颯太	-7.17149945	acg
ㄐㄩˋ-ㄈㄥ-ㄌㄧˋ-ㄕˋ	颶風力士	-6.60980192	acg
ㄐㄩˋ-ㄈㄥ-ㄕㄜˋ-ㄇㄣˊ	颶風射門	-6.60980192	acg
ㄐㄩˋ-ㄈㄥ-ㄧㄣ-ㄙㄨˋ	颶風音速	-6.60980192	acg
ㄅㄧㄠ-ㄏㄢˋ-ㄕㄜˋ-ㄐㄧㄤ	飆悍射將	-6.60980192	acg
ㄅㄧㄠ-ㄈㄥ-ㄗㄞˋ-ㄑㄧˇ	飆風再起	-6.60980192	acg
ㄈㄟ-ㄨㄢˊ	飛丸	-7.17149945	acg
ㄈㄟ-ㄉㄠ-ㄊㄡˊ-ㄓˊ-ㄔㄜ	飛刀投擲車	-6.17843815	acg
ㄈㄟ-ㄒㄧㄤˋ-ㄓㄨㄥ-ㄉㄧㄢˇ	飛向終點	-6.60980192	acg
ㄈㄟ-ㄊㄢˇ	飛坦	-7.17149945	acg
ㄈㄟ-ㄊㄧㄢ-ㄕㄠˋ-ㄋㄩˇ-ㄓㄨ	飛天少女豬	-6.17843815	acg
ㄈㄟ-ㄊㄧㄢ-ㄐㄧㄝ-ㄌㄧˋ-ㄉㄨㄟˋ	飛天接力隊	-6.17843815	acg
ㄈㄟ-ㄊㄧㄢ-ㄕㄣˊ-ㄐㄧ-ㄉㄨㄟˋ	飛天神機隊	-6.17843815	acg
ㄈㄟ-ㄊㄧㄢ-ㄧˋ-ㄏㄠˋ	飛天翼號	-6.60980192	acg
ㄈㄟ-ㄊㄧㄢ-ㄊㄨㄟˇ	飛天腿	-7.04116568	acg
ㄈㄟ-ㄊㄧㄢ-ㄇㄢˊ-ㄋㄧㄡˊ	飛天蠻牛	-6.60980192	acg
ㄈㄟ-ㄉㄢˋ-ㄆㄠˋ-ㄊㄞˊ	飛彈砲台	-6.60980192	acg
ㄈㄟ-ㄙ	飛斯	-7.17149945	acg
ㄈㄟ-ㄇㄟˊ	飛梅	-7.17149945	acg
ㄈㄟ-ㄙㄨㄛˇ-ㄍㄡ-ㄓㄠˇ	飛索鉤爪	-6.60980192	acg
ㄈㄟ-ㄒㄧㄤˊ-ㄏㄨㄛˇ	飛翔火	-7.04116568	acg
ㄈㄟ-ㄊㄨㄟˇ-ㄌㄤˊ	飛腿郎	-7.04116568	acg
ㄈㄟ-ㄊㄧㄥˇ-ㄕㄡˋ	飛艇獸	-7.04116568	acg
ㄈㄟ-ㄏㄨ-ㄕㄡˋ	飛虎獸	-7.04116568	acg
ㄈㄟ-ㄈㄥ-ㄕㄡˋ	飛蜂獸	-7.04116568	acg
ㄈㄟ-ㄇㄤˇ	飛蟒	-7.17149945	acg
ㄈㄟ-ㄇㄤˇ-ㄕˋ	飛蟒式	-7.04116568	acg
ㄈㄟ-ㄔㄨㄥˊ-ㄕㄡˋ	飛蟲獸	-7.04116568	acg
ㄈㄟ-ㄒㄧㄥˊ-ㄉㄚˋ-ㄌㄧㄢˇ-ㄅㄧㄥ-ㄕㄜˋ-ㄐㄧˊ	飛行大臉兵射擊	-5.74707439	acg
ㄈㄟ-ㄒㄧㄥˊ-ㄒㄧㄥˊ-ㄊㄞˋ	飛行形態	-6.60980192	acg
ㄈㄟ-ㄒㄧㄥˊ-ㄇㄨˇ-ㄐㄧㄢˋ	飛行母艦	-6.60980192	acg
ㄈㄟ-ㄒㄧㄥˊ-ㄏㄞˇ-ㄗㄟˊ-ㄊㄨㄢˊ	飛行海賊團	-6.17843815	acg
ㄈㄟ-ㄒㄧㄥˊ-ㄏㄜˊ-ㄌㄢˊ-ㄖㄣˊ	飛行荷蘭人	-6.17843815	acg
ㄈㄟ-ㄇㄠ-ㄕㄡˋ	飛貓獸	-7.04116568	acg
ㄈㄟ-ㄩㄝˋ-ㄒㄧㄥˊ-ㄊㄞˋ	飛躍形態	-6.60980192	acg
ㄈㄟ-ㄍㄨㄛˋ-ㄕㄢ	飛過山	-7.04116568	acg
ㄈㄟ-ㄋㄚˋ-ㄌㄨˇ	飛那魯	-7.04116568	acg
ㄈㄟ-ㄐㄩˋ	飛鋸	-7.17149945	acg
ㄈㄟ-ㄊㄡˊ-ㄍㄣ	飛頭根	-7.04116568	acg
ㄈㄟ-ㄇㄚˇ-ㄐㄧˊ	飛馬級	-7.04116568	acg
ㄈㄟ-ㄇㄚˇ-ㄏㄠˋ	飛馬號	-7.04116568	acg
ㄈㄟ-ㄩˊ-ㄕㄨˋ-ㄨㄟˋ	飛魚數位	-6.60980192	acg
ㄈㄟ-ㄋㄧㄠˇ-ㄓㄣ-ㄋㄧˊ	飛鳥珍妮	-6.60980192	acg
ㄈㄟ-ㄋㄧㄠˇ-ㄓㄣ	飛鳥真	-7.04116568	acg
ㄈㄟ-ㄋㄧㄠˇ-ㄇㄚˇ-ㄐㄧˋ	飛鳥馬季	-6.60980192	acg
ㄈㄟ-ㄧㄥ-ㄕˊ-ㄗˋ-ㄍㄨㄥ	飛鷹十字弓	-6.17843815	acg
ㄈㄟ-ㄕㄨˇ-ㄕㄡˋ	飛鼠獸	-7.04116568	acg
ㄈㄟ-ㄌㄨㄥˊ-ㄓㄢˋ-ㄐㄧˋ	飛龍戰記	-6.60980192	acg
ㄕˊ-ㄖㄣˊ-ㄧㄠ-ㄌㄧㄝˋ-ㄊㄡˊ-ㄗㄨˊ	食人妖獵頭族	-5.74707439	acg
ㄕˊ-ㄖㄣˊ-ㄧㄠ-ㄈㄨˊ-ㄑㄧˊ-ㄕˋ	食人妖蝠騎士	-5.74707439	acg
ㄕˊ-ㄇㄥˋ-ㄕㄡˋ	食夢獸	-7.04116568	acg
ㄕˊ-ㄋㄠˇ-ㄔㄨㄥˊ	食腦蟲	-7.04116568	acg
ㄐㄧ-ㄜˋ-ㄧㄡˊ-ㄒㄧˋ	飢餓遊戲	-6.60980192	acg
ㄐㄧ-ㄜˋ-ㄧㄡˊ-ㄒㄧˋ-ㄇㄛˊ-ㄕˋ	飢餓遊戲模式	-5.74707439	acg
ㄐㄧ-ㄜˋ-ㄕˊ-ㄖㄣˊ-ㄇㄛˊ	飢餓食人魔	-6.17843815	acg
ㄈㄢˋ-ㄉㄠˇ-ㄓㄣ-ㄓˋ	飯島真治	-6.60980192	acg
ㄈㄢˋ-ㄓㄠˇ-ㄔㄥˊ-ㄘˋ-ㄌㄤˊ	飯沼誠次郎	-6.17843815	acg
ㄈㄢˋ-ㄍㄤ-ㄕㄡˇ	飯綱守	-7.04116568	acg
ㄧㄤˇ-ㄗˇ-ㄅㄨˋ-ㄐㄧㄠ-ㄕㄟˊ-ㄓ-ㄍㄨㄛˋ	養子不教誰之過	-5.74707439	acg
ㄜˋ-ㄌㄤˊ-ㄔㄨㄢˊ-ㄕㄨㄛ-ㄒㄧˋ-ㄌㄧㄝˋ-ㄨˇ-ㄑㄧˋ	餓狼傳說系列武器	-5.74707439	acg
ㄜˋ-ㄌㄤˊ-ㄉㄨㄢˇ-ㄉㄠ	餓狼短刀	-6.60980192	acg
ㄍㄨㄢˇ-ㄕˊ-ㄧㄚˇ-ㄐㄧˋ	館石亞季	-6.60980192	acg
ㄕㄡˇ-ㄊㄥˊ-ㄎㄨㄟˊ	首藤葵	-7.04116568	acg
ㄕㄡˇ-ㄌㄧㄥˇ-ㄎㄚˇ-ㄌㄨㄛˋ-ㄙ	首領卡洛斯	-6.17843815	acg
ㄒㄧㄤ-ㄅㄢˇ-ㄒㄧㄚˋ-ㄇㄟˇ	香坂夏美	-6.60980192	acg
ㄒㄧㄤ-ㄊㄧˊ	香堤	-7.17149945	acg
ㄒㄧㄤ-ㄗˇ	香子	-7.17149945	acg
ㄒㄧㄤ-ㄔㄨㄣ-ㄧㄡ-ㄋㄞˋ	香春優奈	-6.60980192	acg
ㄒㄧㄤ-ㄉㄨㄛˇ-ㄌㄚ	香朵拉	-7.04116568	acg
ㄒㄧㄤ-ㄉㄧˊ-ㄧㄚˇ	香狄亞	-7.04116568	acg
ㄒㄧㄤ-ㄊㄧㄢˊ-ㄒㄩㄣ	香田薰	-7.04116568	acg
ㄇㄚˇ-ㄊㄚ-ㄉㄨㄛ-ㄌㄚ	馬他哆啦	-6.60980192	acg
ㄇㄚˇ-ㄒㄧㄡ-ㄇㄚˇ	馬修瑪	-7.04116568	acg
ㄇㄚˇ-ㄌㄨㄣˊ	馬倫	-7.17149945	acg
ㄇㄚˇ-ㄌㄨㄣˊ-ㄅㄚ	馬倫巴	-7.04116568	acg
ㄇㄚˇ-ㄎㄜˋ-ㄒㄧ-ㄇㄨˇ	馬克希姆	-6.60980192	acg
ㄇㄚˇ-ㄎㄜˋ-ㄙㄚˋ-ㄋㄧˊ	馬克薩尼	-6.60980192	acg
ㄇㄚˇ-ㄎㄜˋ-ㄒㄧ-ㄇㄧˇ-ㄌㄧˋ-ㄢ	馬克西米利安	-5.74707439	acg
ㄇㄚˇ-ㄎㄞˇ-ㄌㄧˋ	馬凱莉	-7.04116568	acg
ㄇㄚˇ-ㄌㄧˋ-ㄅㄠˇ	馬利堡	-7.04116568	acg
ㄇㄚˇ-ㄌㄧˋ-ㄧㄝˊ	馬利耶	-7.04116568	acg
ㄇㄚˇ-ㄌㄧˋ-ㄑㄧㄠˊ-ㄧㄚˇ	馬力喬亞	-6.60980192	acg
ㄇㄚˇ-ㄋㄨˇ-ㄙ	馬努斯	-7.04116568	acg
ㄇㄚˇ-ㄌㄜˋ-ㄅㄨˋ-ㄌㄤˇ-ㄑㄧˋ	馬勒布朗契	-6.17843815	acg
ㄇㄚˇ-ㄎㄚˇ-ㄡ	馬卡歐	-7.04116568	acg
ㄇㄚˇ-ㄎㄚˇ-ㄌㄨㄥˊ	馬卡隆	-7.04116568	acg
ㄇㄚˇ-ㄎㄚˇ-ㄌㄨㄥˊ-ㄌㄧˋ-ㄓㄨㄚˇ	馬卡龍利爪	-6.17843815	acg
ㄇㄚˇ-ㄍㄨˇ-ㄨㄚˇ-ㄦˇ	馬古瓦爾	-6.60980192	acg
ㄇㄚˇ-ㄎㄜˇ-ㄉㄨˋ-ㄐㄧㄚ-ㄌㄨˇ	馬可度加魯	-6.17843815	acg
ㄇㄚˇ-ㄐㄧˊ-ㄌㄧˋ-ㄈㄨ	馬吉利夫	-6.60980192	acg
ㄇㄚˇ-ㄐㄧˊ-ㄏㄚ-ㄌㄨˇ	馬吉哈魯	-6.60980192	acg
ㄇㄚˇ-ㄐㄧˊ-ㄙ	馬吉斯	-7.04116568	acg
ㄇㄚˇ-ㄏㄚ-ㄉㄨㄣˋ	馬哈頓	-7.04116568	acg
ㄇㄚˇ-ㄐㄧ-ㄙ	馬基斯	-7.04116568	acg
ㄇㄚˇ-ㄐㄧㄢ	馬堅	-7.17149945	acg
ㄇㄚˇ-ㄔㄤˇ-ㄉㄨㄣ-ㄧㄝˇ	馬場敦也	-6.60980192	acg
ㄇㄚˇ-ㄑㄧˋ-ㄙ	馬契斯	-7.04116568	acg
ㄇㄚˇ-ㄑㄧˋ-ㄌㄨㄛˊ	馬契羅	-7.04116568	acg
ㄇㄚˇ-ㄉㄨˋ-ㄋㄚˋ	馬度納	-7.04116568	acg
ㄇㄚˇ-ㄉㄨˋ-ㄋㄚˋ-ㄍㄨㄥ-ㄈㄤˊ	馬度納工房	-6.17843815	acg
ㄇㄚˇ-ㄎㄨˋ-ㄇㄚˇ-ㄏㄨㄥˊ	馬庫馬洪	-6.60980192	acg
ㄇㄚˇ-ㄊㄧㄥˊ-ㄍㄨㄤ-ㄏㄨㄥˊ	馬庭光弘	-6.60980192	acg
ㄇㄚˇ-ㄑㄧㄚˋ-ㄨㄟˊ-ㄌㄧˋ	馬恰維利	-6.60980192	acg
ㄇㄚˇ-ㄌㄚ-ㄅㄚ-ㄦˇ	馬拉巴爾	-6.60980192	acg
ㄇㄚˇ-ㄌㄚ-ㄙㄞˋ	馬拉賽	-7.04116568	acg
ㄇㄚˇ-ㄊㄧˊ-ㄧㄚˇ-ㄙ	馬提亞斯	-6.60980192	acg
ㄇㄚˇ-ㄨㄣˊ	馬文	-7.17149945	acg
ㄇㄚˇ-ㄙ	馬斯	-7.17149945	acg
ㄇㄚˇ-ㄙ-ㄎㄚˇ-ㄌㄟˊ-ㄉㄜˊ	馬斯卡雷德	-6.17843815	acg
ㄇㄚˇ-ㄙ-ㄍㄨˇ-ㄌㄟˊ-ㄆㄨˇ	馬斯古雷普	-6.17843815	acg
ㄇㄚˇ-ㄙ-ㄊㄢˇ-ㄍㄨˇ	馬斯坦古	-6.60980192	acg
ㄇㄚˇ-ㄙ-ㄊㄜˋ-ㄕㄥ-ㄅㄛˊ-ㄕˋ	馬斯特生博士	-5.74707439	acg
ㄇㄚˇ-ㄌㄧㄣˊ	馬林	-7.17149945	acg
ㄇㄚˇ-ㄌㄧㄣˊ-ㄈㄨˊ-ㄊㄜˋ	馬林福特	-6.60980192	acg
ㄇㄚˇ-ㄎㄜ-ㄨㄚˇ-ㄉㄨㄛ	馬柯瓦多	-6.60980192	acg
ㄇㄚˇ-ㄍㄜˊ-ㄧㄚˇ-ㄋㄚˋ-ㄎㄜˋ-ㄔㄣˊ-ㄕㄚ-ㄒㄧㄥˊ	馬格亞納克辰砂型	-5.74707439	acg
ㄇㄚˇ-ㄍㄜˊ-ㄧㄚˇ-ㄋㄚˋ-ㄎㄜˋ	馬格亞那克	-6.17843815	acg
ㄇㄚˇ-ㄒㄧㄝ	馬歇	-7.17149945	acg
ㄇㄚˇ-ㄕㄚ-ㄌㄧˋ-ㄎㄜˋ	馬沙利克	-6.60980192	acg
ㄇㄚˇ-ㄈㄚˇ-ㄊㄧˊ	馬法提	-7.04116568	acg
ㄇㄚˇ-ㄈㄚˇ-ㄉㄧˊ	馬法狄	-7.04116568	acg
ㄇㄚˇ-ㄋㄧㄝˋ-ㄑㄧㄣ	馬涅欽	-7.04116568	acg
ㄇㄚˇ-ㄩㄢ-ㄑㄧㄢ-ㄒㄧㄚˋ	馬渕千夏	-6.60980192	acg
ㄇㄚˇ-ㄦˇ-ㄉㄢ	馬爾丹	-7.04116568	acg
ㄇㄚˇ-ㄦˇ-ㄎㄚˇ-ㄌㄜˋ	馬爾卡勒	-6.60980192	acg
ㄇㄚˇ-ㄦˇ-ㄍㄜ	馬爾哥	-7.04116568	acg
ㄇㄚˇ-ㄦˇ-ㄑㄧˊ-ㄡ	馬爾奇歐	-6.60980192	acg
ㄇㄚˇ-ㄦˇ-ㄑㄧˊ-ㄡ-ㄉㄠˇ-ㄕ	馬爾奇歐導師	-5.74707439	acg
ㄇㄚˇ-ㄦˇ-ㄑㄧˊ-ㄋㄚˋ	馬爾奇納	-6.60980192	acg
ㄇㄚˇ-ㄦˇ-ㄊㄚˋ-ㄓ-ㄧㄥ	馬爾拓之鷹	-6.17843815	acg
ㄇㄚˇ-ㄦˇ-ㄋㄚˊ-ㄉㄚˊ	馬爾拿達	-6.60980192	acg
ㄇㄚˇ-ㄦˇ-ㄓㄚˊ-ㄏㄚ	馬爾札哈	-6.60980192	acg
ㄇㄚˇ-ㄦˇ-ㄅㄤ	馬爾邦	-7.04116568	acg
ㄇㄚˇ-ㄖㄨㄟˋ-ㄍㄜˊ	馬瑞格	-7.04116568	acg
ㄇㄚˇ-ㄅㄞˊ-ㄈㄨˊ	馬白福	-7.04116568	acg
ㄇㄚˇ-ㄎㄜ-ㄌㄟˊ	馬科雷	-7.04116568	acg
ㄇㄚˇ-ㄌㄧˋ-ㄎㄜˋ	馬立克	-7.04116568	acg
ㄇㄚˇ-ㄌㄧˋ-ㄏㄤ	馬立夯	-7.04116568	acg
ㄇㄚˇ-ㄎㄣˇ-ㄐㄧˊ	馬肯吉	-7.04116568	acg
ㄇㄚˇ-ㄉㄧˋ-ㄦˇ	馬蒂爾	-7.04116568	acg
ㄇㄚˇ-ㄉㄧˋ-ㄌㄧˇ-ㄡ	馬蒂里歐	-6.60980192	acg
ㄇㄚˇ-ㄕㄨˋ-ㄆㄠˇ-ㄈㄚˇ	馬術跑法	-6.60980192	acg
ㄇㄚˇ-ㄒㄧ-ㄎㄚˇ-ㄎㄜˋ	馬西卡克	-6.60980192	acg
ㄇㄚˇ-ㄒㄧ-ㄍㄜˊ-ㄌㄧˋ-ㄙ	馬西格利斯	-6.17843815	acg
ㄇㄚˇ-ㄒㄧ-ㄌㄧˇ-ㄊㄜˋ-ㄅㄛˊ-ㄕˋ	馬西里特博士	-5.74707439	acg
ㄇㄚˇ-ㄋㄨㄛˋ-ㄙㄣ	馬諾森	-7.04116568	acg
ㄇㄚˇ-ㄋㄨㄛˋ-ㄙㄣ-ㄒㄧˋ-ㄊㄨㄥˇ	馬諾森系統	-6.17843815	acg
ㄇㄚˇ-ㄏㄜˋ-ㄅㄞˋ-ㄗ	馬赫拜茲	-6.60980192	acg
ㄇㄚˇ-ㄉㄧˊ-ㄋㄧˊ	馬迪尼	-7.04116568	acg
ㄇㄚˇ-ㄉㄚˊ-ㄐㄧㄚ-ㄙ-ㄐㄧㄚ-ㄉㄜ˙-ㄑㄧˋ-ㄜˊ	馬達加斯加的企鵝	-5.74707439	acg
ㄇㄚˇ-ㄉㄚˊ-ㄉㄚˋ-ㄕ	馬達大師	-6.60980192	acg
ㄇㄚˇ-ㄌㄧˇ-ㄧㄚˇ-ㄋㄨㄛˋ	馬里亞諾	-6.60980192	acg
ㄇㄚˇ-ㄌㄧˇ-ㄧㄚˇ-ㄋㄨㄛˋ-ㄇㄨˇ-ㄑㄧㄣ	馬里亞諾母親	-5.74707439	acg
ㄇㄚˇ-ㄌㄧˇ-ㄡ	馬里歐	-7.04116568	acg
ㄇㄚˇ-ㄌㄧㄥˊ-ㄕㄨˇ-ㄒㄧㄢ-ㄕㄥ	馬鈴薯先生	-6.17843815	acg
ㄇㄚˇ-ㄌㄧㄥˊ-ㄕㄨˇ-ㄕㄡˋ	馬鈴薯獸	-6.60980192	acg
ㄇㄚˇ-ㄌㄟˊ-ㄋㄧㄝˋ	馬雷涅	-7.04116568	acg
ㄇㄚˇ-ㄌㄨˇ-ㄎㄜˋ	馬魯克	-7.04116568	acg
ㄇㄚˇ-ㄌㄨˇ-ㄉㄚˊ	馬魯達	-7.04116568	acg
ㄇㄚˇ-ㄉㄞˋ-ㄦˊ	馬黛兒	-7.04116568	acg
ㄩˋ-ㄇㄛˊ-ㄊㄧㄢ-ㄕˇ-ㄉㄨㄟˋ	馭魔天使隊	-6.17843815	acg
ㄈㄥˊ-ㄣ-ㄈㄚˇ-ㄦˇ-ㄒㄧ-ㄧㄚˋ	馮恩法爾西亞	-5.74707439	acg
ㄈㄥˊ-ㄌㄨㄛˋ-ㄉㄜˊ	馮洛德	-7.04116568	acg
ㄔˊ-ㄏㄜˊ-ㄘㄞˋ-ㄘㄞˋ-ㄗˇ	馳河菜菜子	-6.17843815	acg
ㄒㄩㄣˊ-ㄌㄨˋ-ㄒㄩㄝˇ-ㄑㄧㄠ	馴鹿雪橇	-6.60980192	acg
ㄐㄩ-ㄑㄧˊ-ㄒㄧㄣ-ㄘˋ-ㄌㄤˊ	駒崎新次郎	-6.17843815	acg
ㄐㄩ-ㄗㄜˊ-ㄋㄞˇ-ㄧ	駒澤乃依	-6.60980192	acg
ㄐㄩ-ㄗㄜˊ-ㄌㄟˊ	駒澤雷	-7.04116568	acg
ㄐㄧㄚˋ-ㄕˇ-ㄐㄩㄣ-ㄍㄨㄢ-ㄉㄜ˙-ㄐㄩㄣ-ㄆㄞˊ	駕駛軍官的軍牌	-5.74707439	acg
ㄏㄞˋ-ㄎㄜˋ-ㄖㄣˋ-ㄨˋ	駭客任務	-6.60980192	acg
ㄏㄞˋ-ㄎㄜˋ-ㄖㄨˋ-ㄑㄧㄣ	駭客入侵	-6.60980192	acg
ㄏㄞˋ-ㄎㄜˋ-ㄕㄡˋ	駭客獸	-7.04116568	acg
ㄐㄩㄣˋ-ㄏㄜˊ-ㄘˋ-ㄌㄤˊ	駿河次郎	-6.60980192	acg
ㄐㄩㄣˋ-ㄏㄜˊ-ㄌㄧㄡˊ-ㄋㄞˋ	駿河留奈	-6.60980192	acg
ㄑㄧˊ-ㄔㄥˊ-ㄓㄢˋ-ㄐㄧㄚˇ	騎乘戰甲	-6.60980192	acg
ㄑㄧˊ-ㄅㄧㄥ-ㄒㄧㄥˊ-ㄙㄡ-ㄇㄛˊ	騎兵型搜魔	-6.17843815	acg
ㄑㄧˊ-ㄅㄧㄥ-ㄒㄧㄥˊ-ㄙㄡ-ㄇㄛˊ-ㄍㄤ-ㄉㄢˋ	騎兵型搜魔鋼彈	-5.74707439	acg
ㄑㄧˊ-ㄕˋ-ㄖㄣˊ	騎士人	-7.04116568	acg
ㄑㄧˊ-ㄕˋ-ㄎㄡˇ-ㄐㄧㄠˊ-ㄕㄡˋ	騎士口嚼獸	-6.17843815	acg
ㄑㄧˊ-ㄕˋ-ㄉㄚˋ-ㄊㄠˊ-ㄕㄚ	騎士大逃殺	-6.17843815	acg
ㄑㄧˊ-ㄕˋ-ㄒㄩㄝˊ-ㄩㄢˊ	騎士學園	-6.60980192	acg
ㄑㄧˊ-ㄕˋ-ㄕˋ	騎士式	-7.04116568	acg
ㄑㄧˊ-ㄕˋ-ㄕˋ-ㄍㄜˊ-ㄌㄟˊ-ㄗ	騎士式格雷茲	-5.74707439	acg
ㄑㄧˊ-ㄕˋ-ㄊㄧ	騎士踢	-7.04116568	acg
ㄑㄧˊ-ㄕ-ㄓ-ㄉㄠˋ	騎師之道	-6.60980192	acg
ㄆㄧㄢˋ-ㄈㄨˊ-ㄒㄧㄚˊ	騙蝠俠	-7.04116568	acg
ㄊㄥˊ-ㄨˇ-ㄕㄨˋ-ㄇㄚˇ	騰武數碼	-6.60980192	acg
ㄑㄩ-ㄈㄨˊ-ㄓㄢˋ-ㄧˋ	驅蝠戰役	-6.60980192	acg
ㄑㄩ-ㄓㄨˊ-ㄒㄧㄥˊ-ㄑㄩㄢˊ-ㄊㄧㄢ-ㄕˇ-ㄍㄤ-ㄉㄢˋ	驅逐型權天使鋼彈	-5.74707439	acg
ㄑㄩ-ㄏㄨㄣˊ	驅魂	-7.17149945	acg
ㄑㄩ-ㄇㄛˊ-ㄓㄜˇ-ㄓˊ-ㄓㄠˋ	驅魔者執照	-6.17843815	acg
ㄑㄩ-ㄇㄛˊ-ㄕㄥˋ-ㄑㄧㄤ	驅魔聖槍	-6.60980192	acg
ㄑㄩ-ㄇㄛˊ-ㄕㄥˋ-ㄑㄧˊ	驅魔聖祈	-6.60980192	acg
ㄒㄧㄠ-ㄩㄥˇ-ㄩㄢˇ-ㄓㄥ-ㄐㄩㄣ	驍勇遠征軍	-6.17843815	acg
ㄐㄧㄥ-ㄒㄧˇ-ㄆㄞˋ-ㄉㄨㄟˋ	驚喜派對	-6.60980192	acg
ㄐㄧㄥ-ㄒㄧㄚˋ-ㄉㄚˋ-ㄕ	驚嚇大師	-6.60980192	acg
ㄐㄧㄥ-ㄒㄧㄚˋ-ㄜˋ	驚嚇鱷	-7.04116568	acg
ㄐㄧㄥ-ㄑㄧˊ-ㄒㄧㄢ-ㄕㄥ	驚奇先生	-6.60980192	acg
ㄐㄧㄥ-ㄑㄧˊ-ㄗㄞˋ-ㄑㄧˇ-ㄒㄧˋ-ㄌㄧㄝˋ	驚奇再起系列	-5.74707439	acg
ㄐㄧㄥ-ㄑㄧˊ-ㄔㄥˊ-ㄅㄠˇ	驚奇城堡	-6.60980192	acg
ㄐㄧㄥ-ㄑㄧˊ-ㄕㄠˋ-ㄋㄩˇ	驚奇少女	-6.60980192	acg
ㄐㄧㄥ-ㄑㄧˊ-ㄇㄢˋ-ㄏㄨㄚˋ	驚奇漫畫	-6.60980192	acg
ㄐㄧㄥ-ㄑㄧˊ-ㄉㄜ˙-ㄈㄚˇ-ㄗㄜˊ	驚奇的法則	-6.17843815	acg
ㄐㄧㄥ-ㄑㄧˊ-ㄕㄢˇ-ㄉㄧㄢˋ-ㄒㄩㄝˊ-ㄩㄢˋ	驚奇閃電學院	-5.74707439	acg
ㄐㄧㄥ-ㄑㄧˊ-ㄉㄨㄟˋ-ㄓㄤˇ	驚奇隊長	-6.60980192	acg
ㄐㄧㄥ-ㄅㄠˋ-ㄌㄧㄝˋ-ㄔㄜ	驚爆列車	-6.60980192	acg
ㄐㄧㄥ-ㄅㄠˋ-ㄨㄟˊ-ㄐㄧ	驚爆危機	-6.60980192	acg
ㄐㄧㄥ-ㄅㄠˋ-ㄐㄧㄝˊ-ㄩㄣˋ-ㄓㄢˋ	驚爆捷運戰	-6.17843815	acg
ㄐㄧㄥ-ㄧˋ-ㄏㄨㄥˊ-ㄓㄢˋ-ㄕˋ-ㄍㄤ-ㄉㄢˋ	驚異紅戰士鋼彈	-5.74707439	acg
ㄐㄧㄥ-ㄏㄞˋ-ㄍㄨˇ-ㄅㄠˇ	驚駭古堡	-6.60980192	acg
ㄐㄧㄥ-ㄐㄧㄥ	驚驚	-7.17149945	acg
ㄗㄡˋ-ㄙˇ-ㄐㄩˋ-ㄇㄠˊ	驟死巨矛	-6.60980192	acg
ㄤ-ㄗㄤ-ㄉㄢ	骯髒丹	-7.04116568	acg
ㄤ-ㄗㄤ-ㄆㄠˋ-ㄆㄠˋ	骯髒泡泡	-6.60980192	acg
ㄕㄞˇ-ㄉㄨㄥˋ-ㄖㄣˊ-ㄕㄥ-ㄏㄠˇ-ㄩㄣˋ-ㄉㄠˋ	骰動人生好運道	-5.74707439	acg
ㄎㄨ-ㄌㄡˊ-ㄆㄛˊ	骷髏婆	-7.04116568	acg
ㄎㄨ-ㄌㄡˊ-ㄐㄧㄢ-ㄅㄧㄥ	骷髏尖兵	-6.60980192	acg
ㄎㄨ-ㄌㄡˊ-ㄐㄩˋ-ㄒㄧ-ㄕㄡˋ	骷髏巨犀獸	-6.17843815	acg
ㄎㄨ-ㄌㄡˊ-ㄅㄠˋ-ㄌㄨㄥˊ-ㄕㄡˋ	骷髏暴龍獸	-6.17843815	acg
ㄎㄨ-ㄌㄡˊ-ㄑㄧˊ-ㄕˋ-ㄕㄡˋ	骷髏騎士獸	-6.17843815	acg
ㄏㄞˊ-ㄍㄨˇ-ㄌㄧㄝˋ-ㄕㄚ-ㄓㄜˇ	骸骨獵殺者	-6.17843815	acg
ㄊㄧˇ-ㄩˋ-ㄐㄧㄠˋ-ㄕ	體育教師	-6.60980192	acg
ㄊㄧˇ-ㄋㄥˊ-ㄑㄧㄤˊ-ㄏㄨㄚˋ-ㄐㄧㄣˋ-ㄧㄠˋ	體能強化禁藥	-5.74707439	acg
ㄊㄧˇ-ㄋㄥˊ-ㄑㄧㄤˊ-ㄏㄨㄚˋ-ㄐㄧㄣˋ-ㄧㄠˋ-ㄉㄜ˙-ㄧㄤˋ-ㄅㄣˇ	體能強化禁藥的樣本	-5.74707439	acg
ㄍㄠ-ㄘㄤ-ㄍㄨㄢˋ-ㄧㄝˋ	高倉冠葉	-6.60980192	acg
ㄍㄠ-ㄘㄤ-ㄐㄧㄢˋ-ㄕㄢ	高倉劍山	-6.60980192	acg
ㄍㄠ-ㄘㄤ-ㄑㄧㄢ-ㄐㄧㄤ-ㄇㄟˇ	高倉千江美	-6.17843815	acg
ㄍㄠ-ㄘㄤ-ㄐㄧㄥ-ㄇㄚˇ	高倉晶馬	-6.60980192	acg
ㄍㄠ-ㄘㄤ-ㄧㄤˊ-ㄑㄧㄡˊ	高倉陽毬	-6.60980192	acg
ㄍㄠ-ㄠˋ-ㄉㄢˇ	高傲丼	-7.04116568	acg
ㄍㄠ-ㄠˋ-ㄓˋ-ㄐㄧ	高傲雉雞	-6.60980192	acg
ㄍㄠ-ㄒㄧㄢ-ㄕㄥ	高先生	-7.04116568	acg
ㄍㄠ-ㄅㄢˇ-ㄧㄡˋ-ㄇㄚˇ	高坂祐馬	-6.60980192	acg
ㄍㄠ-ㄩㄢˊ-ㄈㄥ	高垣楓	-7.04116568	acg
ㄍㄠ-ㄔㄥˊ-ㄓㄤˋ-ㄕˋ-ㄌㄤˇ	高城丈士朗	-6.17843815	acg
ㄍㄠ-ㄧㄚ-ㄎㄨˇ-ㄌㄧˋ-ㄆㄚˋ	高壓苦力怕	-6.17843815	acg
ㄍㄠ-ㄢˋ-ㄗˇ	高岸梓	-7.04116568	acg
ㄍㄠ-ㄈㄥ-ㄋㄨㄛˋ-ㄧㄚˇ	高峰諾亞	-6.60980192	acg
ㄍㄠ-ㄉㄠˇ-ㄌㄧˊ-ㄇㄟˇ	高島麗美	-6.60980192	acg
ㄍㄠ-ㄐㄧㄢˋ-ㄒㄧ	高建熙	-7.04116568	acg
ㄍㄠ-ㄎㄨㄞˋ-ㄌㄜˋ-ㄩㄢˊ	高快樂園	-6.60980192	acg
ㄍㄠ-ㄒㄧㄥˋ-ㄋㄥˊ-ㄍㄜˇ-ㄎㄜˋ	高性能葛克	-6.17843815	acg
ㄍㄠ-ㄒㄧㄥˋ-ㄋㄥˊ-ㄇㄥˊ-ㄎㄜˋ	高性能蒙克	-6.17843815	acg
ㄍㄠ-ㄒㄧㄥˋ-ㄋㄥˊ-ㄊㄡˊ-ㄋㄠˇ	高性能頭腦	-6.17843815	acg
ㄍㄠ-ㄒㄧ-ㄊㄢˊ-ㄕㄥ-ㄘㄨㄣˊ-ㄅㄟˋ-ㄒㄧㄣ	高攜彈生存背心	-5.74707439	acg
ㄍㄠ-ㄨㄣˊ	高文	-7.17149945	acg
ㄍㄠ-ㄇㄧㄥˊ-ㄏㄨㄢˋ	高明煥	-7.04116568	acg
ㄍㄠ-ㄇㄢˋ	高曼	-7.17149945	acg
ㄍㄠ-ㄇㄨˋ-ㄓㄣ-ㄊㄞˋ	高木真太	-6.60980192	acg
ㄍㄠ-ㄒㄧㄠˋ-ㄐㄧㄢˋ-ㄉㄨㄟˋ	高校艦隊	-6.60980192	acg
ㄍㄠ-ㄌㄧˊ-ㄊㄞˋ-ㄌㄤˊ	高梨太郎	-6.60980192	acg
ㄍㄠ-ㄙㄣ-ㄌㄢˊ-ㄗˇ	高森藍子	-6.60980192	acg
ㄍㄠ-ㄍㄨㄟ-ㄓ-ㄓ	高槻枝織	-6.60980192	acg
ㄍㄠ-ㄑㄧㄠˊ-ㄧㄡˇ-ㄇㄟˇ	高橋友美	-6.60980192	acg
ㄍㄠ-ㄑㄧㄠˊ-ㄒㄧ	高橋希	-7.04116568	acg
ㄍㄠ-ㄑㄧㄠˊ-ㄏㄨㄟˋ	高橋惠	-7.04116568	acg
ㄍㄠ-ㄑㄧㄠˊ-ㄌㄧˇ-ㄗˇ	高橋禮子	-6.60980192	acg
ㄍㄠ-ㄑㄧㄠˊ-ㄌㄧㄤˊ-ㄊㄞˋ	高橋良太	-6.60980192	acg
ㄍㄠ-ㄑㄧㄥ-ㄕㄨㄟˇ-ㄌㄧˋ-ㄋㄞˋ	高清水莉奈	-6.17843815	acg
ㄍㄠ-ㄌㄞˋ-ㄙㄨㄥˋ-ㄘˋ-ㄌㄤˊ	高瀨宋次郎	-6.17843815	acg
ㄍㄠ-ㄅㄠˋ-ㄕㄡˇ-ㄌㄧㄡˊ-ㄉㄢˋ	高爆手榴彈	-6.17843815	acg
ㄍㄠ-ㄦˇ-ㄈㄨ-ㄨˋ-ㄩˇ	高爾夫物語	-6.17843815	acg
ㄍㄠ-ㄦˇ-ㄙ-ㄐㄧ	高爾斯基	-6.60980192	acg
ㄍㄠ-ㄊㄧㄢˊ-ㄓㄥˋ-ㄒㄩㄥˊ	高田正雄	-6.60980192	acg
ㄍㄠ-ㄊㄧㄢˊ-ㄨˇ	高田舞	-7.04116568	acg
ㄍㄠ-ㄊㄧㄢˊ-ㄌㄧˊ-ㄋㄚˋ	高田麗娜	-6.60980192	acg
ㄍㄠ-ㄉㄥ-ㄨㄟ-ㄦˇ	高登威爾	-6.60980192	acg
ㄍㄠ-ㄎㄜ-ㄐㄧˋ-ㄑㄧㄤˊ-ㄌㄧˋ-ㄘˊ-ㄊㄧㄝˇ	高科技強力磁鐵	-5.74707439	acg
ㄍㄠ-ㄉㄥˇ-ㄉㄨㄢˇ-ㄐㄧㄢˋ	高等短劍	-6.60980192	acg
ㄍㄠ-ㄉㄥˇ-ㄊㄨˊ-ㄐㄧˊ-ㄌㄨㄥˊ-ㄕㄡˋ	高等突擊龍獸	-5.74707439	acg
ㄍㄠ-ㄐㄧˊ-ㄓˋ-ㄌㄧㄠˊ-ㄑㄩㄢˋ	高級治療券	-6.17843815	acg
ㄍㄠ-ㄗ	高茲	-7.17149945	acg
ㄍㄠ-ㄔㄚˋ-ㄇㄛˊ-ㄨㄤˊ	高衩魔王	-6.60980192	acg
ㄍㄠ-ㄓㄢ	高詹	-7.17149945	acg
ㄍㄠ-ㄊㄢˊ	高譚	-7.17149945	acg
ㄍㄠ-ㄊㄢˊ-ㄕˋ	高譚市	-7.04116568	acg
ㄍㄠ-ㄊㄢˊ-ㄕˋ-ㄊㄨˊ-ㄨㄟˊ	高譚市突圍	-6.17843815	acg
ㄍㄠ-ㄒㄧㄣ-ㄉㄨˋ-ㄎㄡˇ	高辛渡口	-6.60980192	acg
ㄍㄠ-ㄇㄚˇ	高馬	-7.17149945	acg
ㄍㄠ-ㄋㄧㄠˇ-ㄧㄠˊ-ㄗˇ	高鳥瑤子	-6.60980192	acg
ㄌㄧㄝˋ-ㄍㄡˇ-ㄕㄡˋ	鬣狗獸	-7.04116568	acg
ㄉㄡˋ-ㄓ-ㄕㄨ	鬥之書	-7.04116568	acg
ㄉㄡˋ-ㄕˋ-ㄐㄧㄥ-ㄕㄣˊ	鬥士精神	-6.60980192	acg
ㄉㄡˋ-ㄐㄧㄤ-ㄉㄞˋ-ㄇㄛˊ-ㄙ	鬥將戴摩斯	-6.17843815	acg
ㄉㄡˋ-ㄋㄧㄡˊ-ㄕˋ-ㄕㄡˋ	鬥牛士獸	-6.60980192	acg
ㄉㄡˋ-ㄑㄧㄡˊ-ㄦˊ-ㄊㄢˊ-ㄆㄧㄥˊ	鬥球兒彈平	-6.17843815	acg
ㄉㄡˋ-ㄈㄥ	鬥蜂	-7.17149945	acg
ㄍㄨㄟˇ-ㄨㄢˊ-ㄇㄥˇ	鬼丸猛	-7.04116568	acg
ㄍㄨㄟˇ-ㄓㄨㄥˇ-ㄏㄠˊ	鬼塚豪	-7.04116568	acg
ㄍㄨㄟˇ-ㄨ-ㄓㄞˊ-ㄉㄧˇ	鬼屋宅邸	-6.60980192	acg
ㄍㄨㄟˇ-ㄧㄥˇ	鬼影	-7.17149945	acg
ㄍㄨㄟˇ-ㄧㄥˇ-ㄕㄜˋ-ㄇㄣˊ	鬼影射門	-6.60980192	acg
ㄍㄨㄟˇ-ㄧㄥˇ-ㄕㄨㄣˋ-ㄅㄨˋ	鬼影瞬步	-6.60980192	acg
ㄍㄨㄟˇ-ㄋㄨˋ-ㄔㄨㄢ-ㄐㄧㄚ-ㄔㄥˊ	鬼怒川佳澄	-6.17843815	acg
ㄍㄨㄟˇ-ㄌㄚ-ㄒㄧㄡˋ	鬼拉袖	-7.04116568	acg
ㄍㄨㄟˇ-ㄅㄨˋ-ㄧ-ㄒㄧ-ㄙ	鬼步伊西斯	-6.17843815	acg
ㄍㄨㄟˇ-ㄑㄧˋ-ㄙˇ-ㄕˋ	鬼泣死士	-6.60980192	acg
ㄍㄨㄟˇ-ㄉㄥ-ㄨㄢˊ	鬼燈丸	-7.04116568	acg
ㄍㄨㄟˇ-ㄆㄞˊ-ㄕㄡˋ	鬼牌獸	-7.04116568	acg
ㄍㄨㄟˇ-ㄇㄤˇ	鬼蟒	-7.17149945	acg
ㄍㄨㄟˇ-ㄇㄧˊ-ㄘㄤˊ-ㄇㄛˊ-ㄕˋ	鬼迷藏模式	-6.17843815	acg
ㄍㄨㄟˇ-ㄊㄡˊ-ㄇㄧㄥˊ-ㄌㄧˇ	鬼頭明里	-6.60980192	acg
ㄍㄨㄟˇ-ㄏㄨㄣˊ-ㄓ-ㄉㄧˋ	鬼魂之地	-6.60980192	acg
ㄍㄨㄟˇ-ㄏㄨㄣˊ-ㄕㄡˋ	鬼魂獸	-7.04116568	acg
ㄍㄨㄟˇ-ㄌㄨㄥˊ-ㄩㄢˋ-ㄍㄠ-ㄩㄝˋ	鬼龍院皐月	-6.17843815	acg
ㄍㄨㄟˇ-ㄌㄨㄥˊ-ㄩㄢˋ-ㄌㄨㄛˊ-ㄒㄧㄠˇ	鬼龍院羅曉	-6.17843815	acg
ㄏㄨㄣˊ-ㄋㄥˊ-ㄓ-ㄌㄧˋ-ㄕㄠ-ㄆㄧㄥˊ	魂能之力燒瓶	-5.74707439	acg
ㄏㄨㄣˊ-ㄌㄧㄥˊ-ㄕ	魂靈師	-7.04116568	acg
ㄏㄨㄣˊ-ㄍㄨㄢˇ-ㄙㄚˋ-ㄊㄞˋ	魂館颯太	-6.60980192	acg
ㄇㄟˋ-ㄌㄞˊ	魅來	-7.17149945	acg
ㄇㄟˋ-ㄏㄨㄛˋ-ㄋㄩˇ-ㄨˊ	魅惑女巫	-6.60980192	acg
ㄇㄟˋ-ㄧㄣ	魅音	-7.17149945	acg
ㄇㄟˋ-ㄇㄛˊ-ㄍㄤ-ㄉㄢˋ	魅魔鋼彈	-6.60980192	acg
ㄨㄟˋ-ㄨㄚˇ-ㄑㄧˊ	魏瓦奇	-7.04116568	acg
ㄇㄛˊ-ㄦˋ-ㄉㄞˋ	魔二代	-7.04116568	acg
ㄇㄛˊ-ㄖㄣˊ-ㄓㄣ-ㄊㄢˋ-ㄋㄠˇ-ㄋㄧㄝˋ-ㄋㄧㄝˋ-ㄌㄨㄛˊ	魔人偵探腦嚙涅羅	-5.74707439	acg
ㄇㄛˊ-ㄖㄣˊ-ㄐㄧㄡ-ㄐㄧㄡ	魔人啾啾	-6.60980192	acg
ㄇㄛˊ-ㄖㄣˊ-ㄐㄧㄚˇ-ㄎㄜˋ	魔人賈克	-6.60980192	acg
ㄇㄛˊ-ㄒㄧㄤˋ-ㄕㄡˋ	魔像獸	-7.04116568	acg
ㄇㄛˊ-ㄅㄧㄥ-ㄐㄧㄥ-ㄊㄧㄢ-ㄌㄨˋ	魔兵驚天錄	-6.17843815	acg
ㄇㄛˊ-ㄐㄧㄢˋ-ㄨㄚˇ-ㄌㄢˊ-ㄇㄨˇ	魔劍瓦蘭姆	-6.17843815	acg
ㄇㄛˊ-ㄌㄧˋ-ㄈㄨˋ-ㄩˇ	魔力賦予	-6.60980192	acg
ㄇㄛˊ-ㄍㄨˇ-ㄕㄢ-ㄍㄨㄥ	魔古山宮	-6.60980192	acg
ㄇㄛˊ-ㄊㄨˇ-ㄍㄨㄟˇ-ㄇㄧㄢˋ-ㄗㄨˊ	魔土鬼面卒	-6.17843815	acg
ㄇㄛˊ-ㄩˋ-ㄏㄨㄢˋ-ㄐㄧㄥˋ-ㄓ-ㄩˋ-ㄒㄧㄝˇ-ㄓㄢˋ-ㄔㄤˇ	魔域幻境之浴血戰場	-5.74707439	acg
ㄇㄛˊ-ㄩˋ-ㄧㄡ-ㄌㄧㄥˊ	魔域幽靈	-6.60980192	acg
ㄇㄛˊ-ㄑㄧˊ-ㄕㄠˋ-ㄋㄧㄢˊ	魔奇少年	-6.60980192	acg
ㄇㄛˊ-ㄋㄩˇ-ㄎㄚˇ-ㄌㄚ	魔女卡拉	-6.60980192	acg
ㄇㄛˊ-ㄋㄩˇ-ㄉㄨㄛ-ㄌㄨㄥˊ	魔女多隆	-6.60980192	acg
ㄇㄛˊ-ㄋㄩˇ-ㄓㄞˊ-ㄐㄧˊ-ㄅㄧㄢˋ	魔女宅急便	-6.17843815	acg
ㄇㄛˊ-ㄋㄩˇ-ㄕㄣˇ-ㄆㄢˋ-ㄓㄜˇ	魔女審判者	-6.17843815	acg
ㄇㄛˊ-ㄋㄩˇ-ㄌㄢˊ	魔女嵐	-7.04116568	acg
ㄇㄛˊ-ㄋㄩˇ-ㄅㄨˋ-ㄌㄧˋ-ㄇㄚˇ	魔女布莉瑪	-6.17843815	acg
ㄇㄛˊ-ㄋㄩˇ-ㄎㄨˋ-ㄌㄨㄛˋ-ㄙ	魔女庫洛斯	-6.17843815	acg
ㄇㄛˊ-ㄋㄩˇ-ㄊㄨㄛ-ㄌㄚ	魔女拖拉	-6.60980192	acg
ㄇㄛˊ-ㄋㄩˇ-ㄊㄨㄛ-ㄊㄨㄛ-ㄌㄚ-ㄌㄚ	魔女拖拖拉拉	-5.74707439	acg
ㄇㄛˊ-ㄋㄩˇ-ㄙㄨㄥ	魔女松	-7.04116568	acg
ㄇㄛˊ-ㄋㄩˇ-ㄇㄟˊ	魔女梅	-7.04116568	acg
ㄇㄛˊ-ㄋㄩˇ-ㄉㄜ˙-ㄎㄠˇ-ㄧㄢˋ	魔女的考驗	-6.17843815	acg
ㄇㄛˊ-ㄋㄩˇ-ㄓㄨˊ	魔女竹	-7.04116568	acg
ㄇㄛˊ-ㄋㄩˇ-ㄇㄧˇ-ㄌㄚ	魔女米拉	-6.60980192	acg
ㄇㄛˊ-ㄋㄩˇ-ㄌㄧˋ-ㄋㄚˋ	魔女莉娜	-6.60980192	acg
ㄇㄛˊ-ㄋㄩˇ-ㄕㄚ-ㄌㄧˋ-ㄅㄢ	魔女莎莉班	-6.17843815	acg
ㄇㄛˊ-ㄋㄩˇ-ㄐㄧㄢˋ-ㄒㄧˊ-ㄕㄥ	魔女見習生	-6.17843815	acg
ㄇㄛˊ-ㄋㄩˇ-ㄌㄧˇ-ㄉㄜˊ	魔女里德	-6.60980192	acg
ㄇㄛˊ-ㄋㄩˇ-ㄌㄨˋ-ㄎㄚˇ	魔女露卡	-6.60980192	acg
ㄇㄛˊ-ㄋㄩˇ-ㄒㄧㄤ-ㄘㄠˇ	魔女香草	-6.60980192	acg
ㄇㄛˊ-ㄋㄩˇ-ㄌㄧˊ-ㄌㄧˊ-ㄎㄚˇ	魔女麗麗卡	-6.17843815	acg
ㄇㄛˊ-ㄐㄧㄤ	魔將	-7.17149945	acg
ㄇㄛˊ-ㄐㄧㄤ-ㄐㄧˊ-ㄏㄨㄟˋ	魔將集會	-6.60980192	acg
ㄇㄛˊ-ㄉㄠˇ-ㄕㄠˋ-ㄋㄧㄢˊ	魔導少年	-6.60980192	acg
ㄇㄛˊ-ㄉㄠˇ-ㄅㄧˋ-ㄐㄧㄥ-ㄕㄡˋ	魔導碧晶獸	-6.17843815	acg
ㄇㄛˊ-ㄋㄧˊ-ㄋㄧˊ	魔尼尼	-7.04116568	acg
ㄇㄛˊ-ㄉㄧˋ-ㄏㄞˇ-ㄉㄜˊ-ㄌㄚ	魔帝海德拉	-6.17843815	acg
ㄇㄛˊ-ㄏㄨㄢˋ-ㄊㄧㄢ-ㄍㄡˇ	魔幻天狗	-6.60980192	acg
ㄇㄛˊ-ㄏㄨㄢˋ-ㄎㄨㄥ-ㄐㄧㄢ-ㄇㄛˊ-ㄕˋ	魔幻空間模式	-5.74707439	acg
ㄇㄛˊ-ㄏㄨㄢˋ-ㄓㄨㄥ-ㄐㄧㄝˊ-ㄓㄢˇ-ㄐㄧˊ	魔幻終結斬擊	-5.74707439	acg
ㄇㄛˊ-ㄏㄨㄢˋ-ㄨˇ-ㄊㄞˊ	魔幻舞台	-6.60980192	acg
ㄇㄛˊ-ㄏㄨㄢˋ-ㄈㄟ-ㄧˋ	魔幻飛翼	-6.60980192	acg
ㄇㄛˊ-ㄊㄢˊ-ㄕㄡˋ	魔彈獸	-7.04116568	acg
ㄇㄛˊ-ㄒㄧㄥˊ-ㄋㄩˇ	魔形女	-7.04116568	acg
ㄇㄛˊ-ㄐㄧㄥ-ㄊㄚˇ	魔晶塔	-7.04116568	acg
ㄇㄛˊ-ㄐㄧㄥ-ㄊㄚˇ-ㄎㄨㄥˋ-ㄓˋ-ㄧˊ	魔晶塔控制儀	-5.74707439	acg
ㄇㄛˊ-ㄐㄧㄥ-ㄙㄨㄟˋ-ㄆㄧㄢˋ	魔晶碎片	-6.60980192	acg
ㄇㄛˊ-ㄅㄧˇ-ㄙ	魔比斯	-7.04116568	acg
ㄇㄛˊ-ㄈㄚˇ-ㄕˋ-ㄐㄧㄝˋ	魔法世界	-6.60980192	acg
ㄇㄛˊ-ㄈㄚˇ-ㄑㄧㄠˋ-ㄐㄧㄚ-ㄖㄣˊ	魔法俏佳人	-6.17843815	acg
ㄇㄛˊ-ㄈㄚˇ-ㄔㄨˊ-ㄘㄤˊ-ㄕˋ	魔法儲藏室	-6.17843815	acg
ㄇㄛˊ-ㄈㄚˇ-ㄍㄜ	魔法哥	-7.04116568	acg
ㄇㄛˊ-ㄈㄚˇ-ㄊㄧㄢ-ㄕˇ-ㄙㄢ-ㄖㄣˊ-ㄗㄨˇ	魔法天使三人組	-5.74707439	acg
ㄇㄛˊ-ㄈㄚˇ-ㄧㄠ-ㄐㄧㄥ-ㄋㄩˇ-ㄏㄞˊ	魔法妖精女孩	-5.74707439	acg
ㄇㄛˊ-ㄈㄚˇ-ㄉㄨㄟˋ-ㄐㄩㄝˊ	魔法對決	-6.60980192	acg
ㄇㄛˊ-ㄈㄚˇ-ㄒㄧㄠˇ-ㄊㄧㄢ-ㄕˇ	魔法小天使	-6.17843815	acg
ㄇㄛˊ-ㄈㄚˇ-ㄕㄠˋ-ㄋㄩˇ-ㄋㄞˋ-ㄧㄝˋ	魔法少女奈葉	-5.74707439	acg
ㄇㄛˊ-ㄈㄚˇ-ㄕㄠˋ-ㄋㄩˇ-ㄒㄧㄠˇ-ㄩㄢˊ	魔法少女小圓	-5.74707439	acg
ㄇㄛˊ-ㄈㄚˇ-ㄕㄠˋ-ㄋㄩˇ-ㄕㄚ-ㄅㄧㄣ-ㄋㄚˋ	魔法少女莎賓娜	-5.74707439	acg
ㄇㄛˊ-ㄈㄚˇ-ㄕㄠˋ-ㄋㄧㄢˊ-ㄐㄧㄚˇ-ㄒㄧㄡ	魔法少年賈修	-5.74707439	acg
ㄇㄛˊ-ㄈㄚˇ-ㄕ-ㄕˋ-ㄐㄧㄝˋ	魔法師世界	-6.17843815	acg
ㄇㄛˊ-ㄈㄚˇ-ㄇㄠˋ-ㄉㄜ˙-ㄍㄨㄥ-ㄗㄨㄛˋ-ㄕˋ	魔法帽的工作室	-5.74707439	acg
ㄇㄛˊ-ㄈㄚˇ-ㄌㄩˋ-ㄕˋ-ㄨˋ-ㄙㄨㄛˇ	魔法律事務所	-5.74707439	acg
ㄇㄛˊ-ㄈㄚˇ-ㄌㄚ-ㄌㄚ	魔法拉拉	-6.60980192	acg
ㄇㄛˊ-ㄈㄚˇ-ㄍㄨㄞˇ-ㄓㄤˋ	魔法拐杖	-6.60980192	acg
ㄇㄛˊ-ㄈㄚˇ-ㄒㄩㄢˋ-ㄈㄥ	魔法旋風	-6.60980192	acg
ㄇㄛˊ-ㄈㄚˇ-ㄍㄨㄛˇ-ㄕˊ	魔法果實	-6.60980192	acg
ㄇㄛˊ-ㄈㄚˇ-ㄙㄣ-ㄌㄧㄣˊ	魔法森林	-6.60980192	acg
ㄇㄛˊ-ㄈㄚˇ-ㄑㄧˋ-ㄆㄠˋ	魔法氣泡	-6.60980192	acg
ㄇㄛˊ-ㄈㄚˇ-ㄕㄨㄟˇ-ㄍㄨㄛˇ-ㄌㄢˊ	魔法水果籃	-6.17843815	acg
ㄇㄛˊ-ㄈㄚˇ-ㄇㄢˇ-ㄨ	魔法滿屋	-6.60980192	acg
ㄇㄛˊ-ㄈㄚˇ-ㄑㄧㄡˊ	魔法球	-7.04116568	acg
ㄇㄛˊ-ㄈㄚˇ-ㄐㄧㄣˋ-ㄕㄨ-ㄇㄨˋ-ㄌㄨˋ	魔法禁書目錄	-5.74707439	acg
ㄇㄛˊ-ㄈㄚˇ-ㄇㄣˊ-ㄧㄥ-ㄒㄩㄥˊ-ㄓˋ	魔法門英雄誌	-5.74707439	acg
ㄇㄛˊ-ㄈㄚˇ-ㄓㄣˋ-ㄉㄨ-ㄕˋ	魔法陣都市	-6.17843815	acg
ㄇㄛˊ-ㄈㄚˇ-ㄈㄥ-ㄩㄣˊ-ㄏㄨㄟˋ	魔法風雲會	-6.17843815	acg
ㄇㄛˊ-ㄈㄚˇ-ㄑㄧˊ-ㄕˋ-ㄌㄟˊ-ㄚ-ㄙ	魔法騎士雷阿斯	-5.74707439	acg
ㄇㄛˊ-ㄑㄧㄤˊ-ㄖㄣˊ-ㄡˇ	魔牆人偶	-6.60980192	acg
ㄇㄛˊ-ㄨˋ-ㄌㄧㄝˋ-ㄖㄣˊ	魔物獵人	-6.60980192	acg
ㄇㄛˊ-ㄌㄤˊ	魔狼	-7.17149945	acg
ㄇㄛˊ-ㄌㄤˊ-ㄕㄡˋ	魔狼獸	-7.04116568	acg
ㄇㄛˊ-ㄕㄡˋ-ㄔㄥˊ-ㄑㄩㄣˊ	魔獸成群	-6.60980192	acg
ㄇㄛˊ-ㄕㄡˋ-ㄓㄥ-ㄅㄚˋ	魔獸爭霸	-6.60980192	acg
ㄇㄛˊ-ㄨㄤˊ-ㄇㄛˊ-ㄕˋ	魔王模式	-6.60980192	acg
ㄇㄛˊ-ㄨㄤˊ-ㄌㄧㄢˊ-ㄉㄠ	魔王鐮刀	-6.60980192	acg
ㄇㄛˊ-ㄨㄤˊ-ㄎㄨ-ㄌㄡˊ-ㄍㄤ-ㄉㄢˋ	魔王骷髏鋼彈	-5.74707439	acg
ㄇㄛˊ-ㄍㄢ-ㄋㄚˋ	魔甘娜	-7.04116568	acg
ㄇㄛˊ-ㄕㄣˊ-ㄨˇ-ㄊㄡˊ-ㄌㄨㄥˊ	魔神五頭龍	-6.17843815	acg
ㄇㄛˊ-ㄕㄣˊ-ㄋㄠˇ-ㄉㄜ˙-ㄍㄨㄥ-ㄐㄧˊ	魔神腦的攻擊	-5.74707439	acg
ㄇㄛˊ-ㄇㄟˇ	魔美	-7.17149945	acg
ㄇㄛˊ-ㄕㄨˋ-ㄕˋ-ㄡ-ㄈㄟ	魔術士歐菲	-6.17843815	acg
ㄇㄛˊ-ㄕㄨˋ-ㄕ-ㄊㄧㄢ-ㄕˇ	魔術師天使	-6.17843815	acg
ㄇㄛˊ-ㄕㄨˋ-ㄨㄢˋ-ㄋㄥˊ-ㄍㄨㄥ-ㄌㄩㄝˋ-ㄕㄨ	魔術萬能攻略書	-5.74707439	acg
ㄇㄛˊ-ㄔㄠ-ㄖㄣˊ	魔超人	-7.04116568	acg
ㄇㄛˊ-ㄧㄣˇ-ㄕ	魔隱師	-7.04116568	acg
ㄇㄛˊ-ㄩㄣˊ-ㄊㄧㄢ	魔雲天	-7.04116568	acg
ㄇㄛˊ-ㄌㄟˊ-ㄐㄧ	魔雷基	-7.04116568	acg
ㄇㄛˊ-ㄇㄚˇ-ㄕㄡˋ	魔馬獸	-7.04116568	acg
ㄇㄛˊ-ㄉㄡˋ-ㄎㄞˇ-ㄙㄚˋ	魔鬥凱薩	-6.60980192	acg
ㄇㄛˊ-ㄍㄨㄟˇ-ㄕㄤˋ-ㄐㄧㄤˋ	魔鬼上將	-6.60980192	acg
ㄇㄛˊ-ㄍㄨㄟˇ-ㄙ-ㄌㄧㄥˋ	魔鬼司令	-6.60980192	acg
ㄇㄛˊ-ㄍㄨㄟˇ-ㄕㄡˋ	魔鬼獸	-7.04116568	acg
ㄇㄛˊ-ㄍㄨㄟˇ-ㄐㄧㄣ-ㄖㄡˋ-ㄖㄣˊ	魔鬼筋肉人	-6.17843815	acg
ㄇㄛˊ-ㄌㄨㄥˊ-ㄅㄠˇ-ㄍㄨㄢˋ	魔龍寶冠	-6.60980192	acg
ㄩˊ-ㄓㄨˋ-ㄊㄚˋ-ㄧㄝˇ	魚住拓也	-6.60980192	acg
ㄩˊ-ㄍㄨˇ-ㄓㄣ-ㄌㄧˇ	魚谷真理	-6.60980192	acg
ㄩˊ-ㄍㄨˇ-ㄌㄨㄥˊ	魚谷隆	-7.04116568	acg
ㄌㄨˇ-ㄧ-ㄕㄢˋ-ㄅㄤ	魯伊善邦	-6.60980192	acg
ㄌㄨˇ-ㄆㄟˋ	魯佩	-7.17149945	acg
ㄌㄨˇ-ㄒㄧㄡ-ㄌㄚ	魯修拉	-7.04116568	acg
ㄌㄨˇ-ㄎㄜˋ-ㄌㄧˋ-ㄌㄧˋ	魯克莉莉	-6.60980192	acg
ㄌㄨˇ-ㄋㄟˋ-ㄊㄜˋ	魯內特	-7.04116568	acg
ㄌㄨˇ-ㄎㄞˇ-ㄒㄧㄢ-ㄕㄥ	魯凱先生	-6.60980192	acg
ㄌㄨˇ-ㄎㄚˇ	魯卡	-7.17149945	acg
ㄌㄨˇ-ㄐㄧˊ-ㄙ	魯吉斯	-7.04116568	acg
ㄌㄨˇ-ㄈㄨ	魯夫	-7.17149945	acg
ㄌㄨˇ-ㄑㄧˊ-ㄢ-ㄋㄨㄛˋ	魯奇安諾	-6.60980192	acg
ㄌㄨˇ-ㄑㄧˊ-ㄋㄨㄛˋ	魯奇諾	-7.04116568	acg
ㄌㄨˇ-ㄋㄧˊ-ㄦˇ	魯尼爾	-7.04116568	acg
ㄌㄨˇ-ㄙ	魯斯	-7.17149945	acg
ㄌㄨˇ-ㄙ-ㄊㄜˋ	魯斯特	-7.04116568	acg
ㄌㄨˇ-ㄙ-ㄌㄧˇ-ㄧㄚˇ	魯斯里亞	-6.60980192	acg
ㄌㄨˇ-ㄨㄤˋ	魯望	-7.17149945	acg
ㄌㄨˇ-ㄈㄚˇ-ㄙ	魯法斯	-7.04116568	acg
ㄌㄨˇ-ㄖㄡˋ	魯肉	-7.17149945	acg
ㄌㄨˇ-ㄖㄡˋ-ㄨㄤˊ	魯肉王	-7.04116568	acg
ㄌㄨˇ-ㄞˋ-ㄌㄧˋ	魯艾利	-7.04116568	acg
ㄌㄨˇ-ㄇㄤˇ-ㄍㄨㄞˋ	魯莽怪	-7.04116568	acg
ㄌㄨˇ-ㄕㄜˊ-ㄒㄩㄥˊ-ㄏㄨㄤˊ-ㄐㄧㄡˇ	魯蛇雄黃酒	-6.17843815	acg
ㄌㄨˇ-ㄒㄧ-ㄌㄨˇ	魯西魯	-7.04116568	acg
ㄌㄨˇ-ㄌㄨˋ-ㄒㄧㄡ	魯路修	-7.04116568	acg
ㄌㄨˇ-ㄍㄠ-ㄧㄣ	魯高因	-7.04116568	acg
ㄌㄨˇ-ㄌㄨˇ	魯魯	-7.17149945	acg
ㄅㄠˋ-ㄇㄢˋ	鮑曼	-7.17149945	acg
ㄅㄠˋ-ㄅㄧˇ	鮑比	-7.17149945	acg
ㄅㄠˋ-ㄒㄧ-ㄧㄚˋ	鮑西婭	-7.04116568	acg
ㄨㄟˇ-ㄩˊ-ㄕㄡˋ-ㄙ-ㄍㄨㄞˋ-ㄕㄡˋ	鮪魚壽司怪獸	-5.74707439	acg
ㄐㄧㄠ-ㄉㄠˇ-ㄍㄨㄥ-ㄗ˙	鮫島弓子	-6.60980192	acg
ㄍㄨㄟ-ㄩˊ-ㄌㄨㄢˇ-ㄕㄡˋ-ㄙ-ㄍㄨㄞˋ-ㄕㄡˋ	鮭魚卵壽司怪獸	-5.74707439	acg
ㄒㄧㄢ-ㄒㄧㄝˇ-ㄍㄥ-ㄧ	鮮血更衣	-6.60980192	acg
ㄒㄧㄢ-ㄒㄧㄝˇ-ㄏㄨㄤˊ-ㄏㄡˋ	鮮血皇后	-6.60980192	acg
ㄒㄧㄢ-ㄒㄧㄝˇ-ㄏㄨㄤˊ-ㄏㄡˋ-ㄍㄞˇ-ㄐㄧㄣˋ-ㄌㄧㄥˊ-ㄐㄧㄢˋ	鮮血皇后改進零件	-5.74707439	acg
ㄌㄧˇ-ㄒㄧㄚˋ	鯉夏	-7.17149945	acg
ㄕㄚ-ㄒㄧㄥ	鯊星	-7.17149945	acg
ㄉㄧㄠ-ㄌㄧㄤˊ-ㄧㄡ-ㄧ	鯛良優一	-6.60980192	acg
ㄐㄧㄥ-ㄩˊ-ㄏㄠˋ-ㄍㄤˇ-ㄎㄡˇ	鯨魚號港口	-6.17843815	acg
ㄋㄧㄢˇ-ㄅㄟˋ-ㄍㄠ-ㄇㄧㄥˊ	鯰貝高明	-6.60980192	acg
ㄑㄧˊ-ㄆㄧㄢˋ	鰭片	-7.17149945	acg
ㄌㄧㄣˊ-ㄉㄚˋ-ㄖㄣˊ	鱗大人	-7.04116568	acg
ㄓㄣ-ㄩˊ-ㄐㄧˊ	鱵魚級	-7.04116568	acg
ㄋㄧㄠˇ-ㄅㄢˇ	鳥坂	-7.17149945	acg
ㄐㄧㄡ-ㄍㄨˇ-ㄒㄧˊ-ㄌㄧㄣˊ	鳩谷席林	-6.60980192	acg
ㄐㄧㄡ-ㄍㄨˇ-ㄇㄧˋ-ㄑㄧˊ	鳩谷蜜琪	-6.60980192	acg
ㄐㄧㄡ-ㄉㄚˊ	鳩達	-7.17149945	acg
ㄈㄥˋ-ㄏㄨㄤˊ-ㄨㄢˊ-ㄌㄧˇ	鳳凰丸禮	-6.60980192	acg
ㄈㄥˋ-ㄏㄨㄤˊ-ㄓㄢˋ-ㄐㄧ	鳳凰戰機	-6.60980192	acg
ㄈㄥˋ-ㄏㄨㄤˊ-ㄉㄨˊ-ㄧㄚˊ	鳳凰毒牙	-6.60980192	acg
ㄈㄥˋ-ㄏㄨㄤˊ-ㄈㄟ-ㄧˋ-ㄍㄤ-ㄉㄢˋ	鳳凰飛翼鋼彈	-5.74707439	acg
ㄈㄥˋ-ㄒㄧㄠˇ-ㄕㄥ	鳳曉生	-7.04116568	acg
ㄈㄥˋ-ㄒㄧㄤ-ㄇㄧㄠˊ	鳳香苗	-7.04116568	acg
ㄈㄥˋ-ㄌㄧˊ-ㄏㄨㄚ	鳳麗花	-7.04116568	acg
ㄇㄧㄥˊ-ㄓ-ㄓㄨˋ	鳴之助	-7.04116568	acg
ㄇㄧㄥˊ-ㄖㄣˊ	鳴人	-7.17149945	acg
ㄇㄧㄥˊ-ㄅㄢˇ-ㄎㄨㄟˊ	鳴坂葵	-7.04116568	acg
ㄇㄧㄥˊ-ㄅㄢˇ-ㄒㄧㄥˊ-ㄖㄣˊ	鳴坂行人	-6.60980192	acg
ㄅㄠˇ-ㄩˇ-ㄑㄧㄠˇ-ㄏㄞˇ	鴇羽巧海	-6.60980192	acg
ㄅㄠˇ-ㄩˇ-ㄨˇ-ㄧ	鴇羽舞衣	-6.60980192	acg
ㄍㄨ-ㄍㄨ	鴣姑	-7.17149945	acg
ㄧㄚ-ㄋㄞˇ-ㄑㄧㄠˊ	鴨乃橋	-7.04116568	acg
ㄏㄨㄥˊ-ㄕㄤˋ-ㄌㄜ˙-ㄐㄧㄢˋ	鴻上了見	-6.60980192	acg
ㄏㄨㄥˊ-ㄕㄤˋ-ㄕㄥˋ	鴻上聖	-7.04116568	acg
ㄏㄜˋ-ㄒㄧㄢ-ㄖㄣˊ	鶴仙人	-7.04116568	acg
ㄏㄜˋ-ㄌㄞˊ-ㄇㄧㄣˊ-ㄗˇ	鶴來民子	-6.60980192	acg
ㄏㄜˋ-ㄐㄧㄢˋ-ㄓ-ㄌㄧˋ-ㄗˇ	鶴見知利子	-6.17843815	acg
ㄐㄧㄡˋ-ㄨㄟˇ-ㄑㄧ-ㄌㄤˊ	鷲尾七郎	-6.60980192	acg
ㄐㄧㄡˋ-ㄕ	鷲獅	-7.17149945	acg
ㄐㄧㄡˋ-ㄇㄟˇ	鷲美	-7.17149945	acg
ㄧㄥ-ㄓ-ㄐㄧㄝˋ	鷹之介	-7.04116568	acg
ㄧㄥ-ㄈㄨˋ-ㄕˋ-ㄑㄧㄝˊ-ㄗ˙	鷹富士茄子	-6.17843815	acg
ㄧㄥ-ㄕ-ㄕˊ-ㄕ-ㄌㄨㄛˋ-ㄉㄜ˙-ㄅㄠˇ-ㄗㄤˋ	鷹獅石失落的寶藏	-5.74707439	acg
ㄧㄥ-ㄐㄧㄠˇ-ㄨㄤˇ-ㄌㄨㄛˋ	鷹角網絡	-6.60980192	acg
ㄌㄨˋ-ㄩㄝˋ-ㄗ˙	鷺月子	-7.04116568	acg
ㄌㄨˋ-ㄗㄜˊ-ㄨㄣˊ-ㄒㄧㄤ	鷺澤文香	-6.60980192	acg
ㄌㄨˋ-ㄗㄜˊ-ㄧㄤˊ-ㄗˇ	鷺澤陽子	-6.60980192	acg
ㄧㄥ-ㄨˇ-ㄆㄛ-ㄉㄧˋ	鸚鵡波弟	-6.60980192	acg
ㄧㄥ-ㄨˇ-ㄨㄤˊ	鸚鵡王	-7.04116568	acg
ㄧㄢˊ-ㄓ-ㄏㄤˊ	鹽之杭	-7.04116568	acg
ㄧㄢˊ-ㄐㄧㄣ-ㄩㄢˊ	鹽津元	-7.04116568	acg
ㄧㄢˊ-ㄊㄧㄢˊ-ㄅㄛˊ-ㄏㄢˋ	鹽田博和	-6.60980192	acg
ㄧㄢˊ-ㄐㄧㄢˋ-ㄓㄡ-ㄗˇ	鹽見周子	-6.60980192	acg
ㄌㄨˋ-ㄐㄧㄡˇ	鹿久	-7.17149945	acg
ㄌㄨˋ-ㄉㄞˋ	鹿代	-7.17149945	acg
ㄌㄨˋ-ㄓㄠˇ-ㄧㄥˊ-ㄗˇ	鹿沼螢子	-6.60980192	acg
ㄌㄨˋ-ㄇㄨˋ-ㄩㄢˊ	鹿目圓	-7.04116568	acg
ㄌㄨˋ-ㄇㄠˊ-ㄨㄟˊ-ㄊㄨㄥˊ-ㄉㄡˇ	鹿矛圍桐斗	-6.17843815	acg
ㄌㄨˋ-ㄐㄧㄠˇ-ㄍㄤ-ㄕˋ	鹿角剛士	-6.60980192	acg
ㄌㄨˋ-ㄧㄚ	鹿鴉	-7.17149945	acg
ㄑㄧˊ-ㄌㄧㄣˊ-ㄨㄢˊ	麒麟丸	-7.04116568	acg
ㄑㄧˊ-ㄌㄧㄣˊ-ㄕㄡˋ	麒麟獸	-7.04116568	acg
ㄌㄧˊ-ㄐㄧㄚ-ㄨㄚˊ-ㄨㄚ˙	麗佳娃娃	-6.60980192	acg
ㄌㄧˊ-ㄋㄧˊ	麗妮	-7.17149945	acg
ㄌㄧˊ-ㄅㄧˇ-ㄧㄚˇ	麗比雅	-7.04116568	acg
ㄌㄧˊ-ㄕㄢ-ㄓㄨㄛˊ	麗珊卓	-7.04116568	acg
ㄌㄧˊ-ㄓㄨ	麗珠	-7.17149945	acg
ㄌㄧˊ-ㄇㄡˊ-ㄧㄝˊ-ㄦˊ	麗繆耶兒	-6.60980192	acg
ㄌㄧˊ-ㄇㄡˊ-ㄧㄝˊ-ㄦˊ-ㄍㄜˊ-ㄒㄧㄚˋ	麗繆耶兒閣下	-5.74707439	acg
ㄌㄧˊ-ㄕㄚ	麗莎	-7.17149945	acg
ㄌㄧˊ-ㄧㄝˋ-ㄋㄚˋ	麗葉娜	-7.04116568	acg
ㄌㄧˊ-ㄉㄧˊ	麗迪	-7.17149945	acg
ㄇㄞˋ-ㄑㄧㄡ-ㄌㄧㄡˊ-ㄕˋ	麥丘留士	-6.60980192	acg
ㄇㄞˋ-ㄉㄢ-ㄌㄠˊ	麥丹勞	-7.04116568	acg
ㄇㄞˋ-ㄎㄜˋ-ㄋㄧˊ-ㄦˇ	麥克尼爾	-6.60980192	acg
ㄇㄞˋ-ㄎㄜˋ-ㄅㄨˋ-ㄌㄞˊ-ㄉㄜˊ	麥克布萊德	-6.17843815	acg
ㄇㄞˋ-ㄎㄜˋ-ㄅㄨˋ-ㄌㄞˊ-ㄉㄜˊ-ㄈㄨ-ㄖㄣˊ	麥克布萊德夫人	-5.74707439	acg
ㄇㄞˋ-ㄎㄜˋ-ㄙㄨㄥ	麥克松	-7.04116568	acg
ㄇㄞˋ-ㄎㄜˋ-ㄅㄢ-ㄣ-ㄒㄧㄢ-ㄕㄥ	麥克班恩先生	-5.74707439	acg
ㄇㄞˋ-ㄎㄜˋ-ㄋㄚˋ-ㄦˇ	麥克納爾	-6.60980192	acg
ㄇㄞˋ-ㄎㄜˋ-ㄈㄟ-ㄉㄢˋ	麥克飛彈	-6.60980192	acg
ㄇㄞˋ-ㄎㄜˋ-ㄇㄚˇ-ㄉㄨㄛ	麥克馬多	-6.60980192	acg
ㄇㄞˋ-ㄎㄚˇ-ㄋㄚˊ-ㄒㄧˊ	麥卡拿錫	-6.60980192	acg
ㄇㄞˋ-ㄎㄜˇ-ㄞˋ-ㄌㄤˇ-ㄙㄞˋ	麥可艾朗賽	-6.17843815	acg
ㄇㄞˋ-ㄐㄧˊ-ㄌㄧˋ-ㄙ	麥吉利斯	-6.60980192	acg
ㄇㄞˋ-ㄎㄨㄣ	麥坤	-7.17149945	acg
ㄇㄞˋ-ㄉㄚˋ-ㄕㄨˊ	麥大叔	-7.04116568	acg
ㄇㄞˋ-ㄉㄚˋ-ㄐㄧㄠˇ	麥大角	-7.04116568	acg
ㄇㄞˋ-ㄊㄨㄛ-ㄕˊ	麥托什	-7.04116568	acg
ㄇㄞˋ-ㄌㄚ-ㄙ	麥拉斯	-7.04116568	acg
ㄇㄞˋ-ㄙ	麥斯	-7.17149945	acg
ㄇㄞˋ-ㄙ-ㄨㄟ-ㄦˇ	麥斯威爾	-6.60980192	acg
ㄇㄞˋ-ㄙ-ㄇㄚˇ	麥斯瑪	-7.04116568	acg
ㄇㄞˋ-ㄍㄜˊ-ㄋㄨㄥˊ-ㄡ-ㄙㄜˋ-ㄙ	麥格農歐瑟斯	-5.74707439	acg
ㄇㄞˋ-ㄍㄜˊ-ㄋㄨㄥˊ-ㄐㄩ-ㄐㄧˊ-ㄑㄧㄤ	麥格農狙擊槍	-5.74707439	acg
ㄇㄞˋ-ㄇㄚˇ-ㄒㄧ	麥瑪西	-7.04116568	acg
ㄇㄞˋ-ㄇㄚˇ-ㄒㄧ-ㄕㄜˋ-ㄇㄣˊ	麥瑪西射門	-6.17843815	acg
ㄇㄞˋ-ㄎㄠˇ-ㄇㄧˇ-ㄎㄜˋ	麥考米克	-6.60980192	acg
ㄇㄞˋ-ㄎㄣˇ-ㄑㄧˊ-ㄈㄨ-ㄖㄣˊ	麥肯齊夫人	-6.17843815	acg
ㄇㄞˋ-ㄗ-ㄧㄚˇ	麥茲亞	-7.04116568	acg
ㄇㄞˋ-ㄒㄧ-ㄇㄛˋ-ㄈㄨ	麥西莫夫	-6.60980192	acg
ㄇㄧㄢˋ-ㄓㄨㄥˇ-ㄩˇ-ㄉㄢˋ-ㄐㄧ	麵種與蛋姬	-6.17843815	acg
ㄇㄚˊ-ㄌㄧˋ-ㄧㄚˇ	麻利亞	-7.04116568	acg
ㄇㄚˊ-ㄕㄥ-ㄧㄚˇ-ㄗˇ	麻生亞子	-6.60980192	acg
ㄇㄚˊ-ㄅㄞˊ	麻白	-7.17149945	acg
ㄇㄚˊ-ㄙㄨ-ㄙㄨ-ㄏㄞˇ-ㄉㄞˋ	麻酥酥海帶	-6.17843815	acg
ㄏㄨㄤˊ-ㄊㄨˇ-ㄕㄨˋ-ㄧㄠ	黃土樹妖	-6.60980192	acg
ㄏㄨㄤˊ-ㄏㄨㄣ-ㄍㄨㄥ-ㄓㄨˇ	黃昏公主	-6.60980192	acg
ㄏㄨㄤˊ-ㄏㄨㄣ-ㄌㄩˇ-ㄉㄧㄢˋ	黃昏旅店	-6.60980192	acg
ㄏㄨㄤˊ-ㄉㄨㄥ-ㄒㄧㄡˋ	黃東秀	-7.04116568	acg
ㄏㄨㄤˊ-ㄌㄧㄣˊ-ㄞˋ-ㄌㄟˊ-ㄋㄚˋ	黃林艾雷娜	-6.17843815	acg
ㄏㄨㄤˊ-ㄌㄩˋ-ㄐㄧㄡˇ-ㄩㄢˇ	黃綠久遠	-6.60980192	acg
ㄏㄨㄤˊ-ㄐㄧㄣ-ㄓ-ㄒㄧㄤ	黃金之鄉	-6.60980192	acg
ㄏㄨㄤˊ-ㄐㄧㄣ-ㄅㄧㄥ-ㄈㄥ	黃金兵蜂	-6.60980192	acg
ㄏㄨㄤˊ-ㄐㄧㄣ-ㄕˋ-ㄒㄧㄝˇ-ㄌㄧㄡˊ-ㄆㄠˋ	黃金噬血榴炮	-5.74707439	acg
ㄏㄨㄤˊ-ㄐㄧㄣ-ㄆㄣ-ㄑㄩㄢˊ	黃金噴泉	-6.60980192	acg
ㄏㄨㄤˊ-ㄐㄧㄣ-ㄍㄨㄛˊ-ㄇㄥˇ-ㄕㄡˋ	黃金國猛獸	-6.17843815	acg
ㄏㄨㄤˊ-ㄐㄧㄣ-ㄍㄨㄛˊ-ㄐㄩㄣ-ㄊㄨㄢˊ	黃金國軍團	-6.17843815	acg
ㄏㄨㄤˊ-ㄐㄧㄣ-ㄔㄥˊ-ㄇㄧˋ-ㄅㄠˇ	黃金城秘寶	-6.17843815	acg
ㄏㄨㄤˊ-ㄐㄧㄣ-ㄧㄝˋ-ㄧㄥ	黃金夜鷹	-6.60980192	acg
ㄏㄨㄤˊ-ㄐㄧㄣ-ㄕㄣˇ-ㄆㄢˋ-ㄓ-ㄧㄢˇ	黃金審判之眼	-5.74707439	acg
ㄏㄨㄤˊ-ㄐㄧㄣ-ㄐㄩˋ-ㄌㄨㄥˊ	黃金巨龍	-6.60980192	acg
ㄏㄨㄤˊ-ㄐㄧㄣ-ㄓㄥ-ㄈㄨˊ-ㄓㄜˇ	黃金征服者	-6.17843815	acg
ㄏㄨㄤˊ-ㄐㄧㄣ-ㄜˋ-ㄇㄛˊ	黃金惡魔	-6.60980192	acg
ㄏㄨㄤˊ-ㄐㄧㄣ-ㄨㄣˊ-ㄇㄧㄥˊ	黃金文明	-6.60980192	acg
ㄏㄨㄤˊ-ㄐㄧㄣ-ㄨㄣˊ-ㄇㄧㄥˊ-ㄓ-ㄩㄥˇ-ㄔㄨㄤˇ-ㄏㄨㄤˊ-ㄐㄧㄣ-ㄔㄥˊ	黃金文明之勇闖黃金城	-5.74707439	acg
ㄏㄨㄤˊ-ㄐㄧㄣ-ㄨㄣˊ-ㄇㄧㄥˊ-ㄓ-ㄨㄟˊ-ㄐㄧ-ㄙˋ-ㄈㄨˊ	黃金文明之危機四伏	-5.74707439	acg
ㄏㄨㄤˊ-ㄐㄧㄣ-ㄨㄣˊ-ㄇㄧㄥˊ-ㄓ-ㄉㄚˋ-ㄋㄨˋ-ㄕㄣˊ	黃金文明之大怒神	-5.74707439	acg
ㄏㄨㄤˊ-ㄐㄧㄣ-ㄨㄣˊ-ㄇㄧㄥˊ-ㄓ-ㄚ-ㄗ-ㄊㄜˋ-ㄎㄜˋ	黃金文明之阿茲特克	-5.74707439	acg
ㄏㄨㄤˊ-ㄐㄧㄣ-ㄨㄣˊ-ㄇㄧㄥˊ-ㄓ-ㄏㄨㄤˊ-ㄐㄧㄣ-ㄗㄨㄛˋ-ㄅㄧㄠ	黃金文明之黃金座標	-5.74707439	acg
ㄏㄨㄤˊ-ㄐㄧㄣ-ㄐㄧˊ-ㄉㄠˋ-ㄎㄨㄤˊ-ㄊㄨˊ	黃金極道狂徒	-5.74707439	acg
ㄏㄨㄤˊ-ㄐㄧㄣ-ㄏㄥˊ-ㄙㄠˇ-ㄑㄧㄢ-ㄐㄩㄣ	黃金橫掃千軍	-5.74707439	acg
ㄏㄨㄤˊ-ㄐㄧㄣ-ㄐㄧㄢ-ㄇㄧㄝˋ-ㄓㄜˇ	黃金殲滅者	-6.17843815	acg
ㄏㄨㄤˊ-ㄐㄧㄣ-ㄐㄧˊ-ㄈㄥ-ㄌㄧㄝˋ-ㄧㄥ	黃金疾風獵鷹	-5.74707439	acg
ㄏㄨㄤˊ-ㄐㄧㄣ-ㄧㄢˇ-ㄐㄧㄥˋ-ㄕㄜˊ	黃金眼鏡蛇	-6.17843815	acg
ㄏㄨㄤˊ-ㄐㄧㄣ-ㄕㄣˊ-ㄉㄜ˙-ㄊㄧㄝˇ-ㄑㄩㄢˊ	黃金神的鐵拳	-5.74707439	acg
ㄏㄨㄤˊ-ㄐㄧㄣ-ㄈㄟˊ-ㄈㄟˊ	黃金肥肥	-6.60980192	acg
ㄏㄨㄤˊ-ㄐㄧㄣ-ㄍㄤ-ㄊㄧㄝˇ-ㄓ-ㄒㄧㄣ	黃金鋼鐵之心	-5.74707439	acg
ㄏㄨㄤˊ-ㄐㄧㄣ-ㄕㄢˇ-ㄌㄧㄥˊ-ㄌㄧㄝˋ-ㄕㄡˇ	黃金閃靈獵手	-5.74707439	acg
ㄏㄨㄤˊ-ㄐㄧㄣ-ㄢˋ-ㄧㄥˇ-ㄌㄧㄝˋ-ㄖㄣˊ	黃金闇影獵人	-5.74707439	acg
ㄏㄨㄤˊ-ㄐㄧㄣ-ㄕㄨㄤ-ㄗˇ-ㄧㄣˊ-ㄌㄤˊ	黃金雙子銀狼	-5.74707439	acg
ㄏㄨㄤˊ-ㄐㄧㄣ-ㄈㄟ-ㄉㄢˋ	黃金飛彈	-6.60980192	acg
ㄏㄨㄤˊ-ㄐㄧㄣ-ㄌㄨˇ-ㄍㄜˊ	黃金魯格	-6.60980192	acg
ㄏㄨㄤˊ-ㄐㄧㄣ-ㄈㄥˋ-ㄏㄨㄤˊ	黃金鳯凰	-6.60980192	acg
ㄏㄨㄤˊ-ㄐㄧㄣ-ㄏㄟ-ㄢˋ-ㄑㄧˊ-ㄕˋ	黃金黑暗騎士	-5.74707439	acg
ㄏㄨㄤˊ-ㄐㄧㄣ-ㄅㄧˊ-ㄊㄧˋ-ㄕㄡˋ	黃金鼻涕獸	-6.17843815	acg
ㄏㄨㄤˊ-ㄔㄤˊ-ㄌㄞˋ-ㄔㄡˊ	黃長瀨紬	-6.60980192	acg
ㄋㄧㄢˊ-ㄉㄚ-ㄉㄚ-ㄉㄜ˙-ㄐㄧㄝˇ-ㄐㄧㄝˇ	黏答答的姊姊	-5.74707439	acg
ㄏㄟ-ㄐㄧㄥˇ-ㄏㄨˋ-ㄌㄨㄥˊ-ㄘˋ	黑井戶瀧次	-6.17843815	acg
ㄏㄟ-ㄒㄧㄢ-ㄕㄥ	黑先生	-7.04116568	acg
ㄏㄟ-ㄊㄨˋ-ㄗ˙	黑兔子	-7.04116568	acg
ㄏㄟ-ㄉㄠ	黑刀	-7.17149945	acg
ㄏㄟ-ㄐㄧㄚ-ㄠˋ-ㄐㄧㄚ-ㄕㄡˋ	黑加奧加獸	-6.17843815	acg
ㄏㄟ-ㄐㄧㄚ-ㄌㄨˇ-ㄍㄜ-ㄕㄡˋ	黑加魯哥獸	-6.17843815	acg
ㄏㄟ-ㄍㄨˇ-ㄌㄚ-ㄕㄡˋ	黑古拉獸	-6.60980192	acg
ㄏㄟ-ㄇㄧㄥˊ-ㄑㄩㄢˋ	黑名券	-7.04116568	acg
ㄏㄟ-ㄒㄧㄠˋ-ㄌㄧㄡˊ-ㄌㄧˊ	黑咲瑠璃	-6.60980192	acg
ㄏㄟ-ㄔㄥˊ-ㄒㄩㄥ-ㄙˇ-ㄌㄤˊ	黑城凶死郎	-6.17843815	acg
ㄏㄟ-ㄑㄧˊ-ㄑㄧㄢ-ㄙㄨㄟˋ	黑埼千歲	-6.60980192	acg
ㄏㄟ-ㄧㄝˋ-ㄅㄛˊ-ㄐㄩㄝˊ	黑夜伯爵	-6.60980192	acg
ㄏㄟ-ㄐㄧㄤ-ㄐㄩㄣ	黑將軍	-7.04116568	acg
ㄏㄟ-ㄔㄨㄢ-ㄙㄢ-ㄋㄞˋ	黑川三奈	-6.60980192	acg
ㄏㄟ-ㄔㄨㄢ-ㄑㄧㄢ-ㄑㄧㄡ	黑川千秋	-6.60980192	acg
ㄏㄟ-ㄔㄨㄢ-ㄉㄚˋ-ㄐㄧㄝˋ	黑川大介	-6.60980192	acg
ㄏㄟ-ㄔㄨㄢ-ㄉㄚˋ-ㄗㄠˋ	黑川大造	-6.60980192	acg
ㄏㄟ-ㄉㄧˋ-ㄙ	黑帝斯	-7.04116568	acg
ㄏㄟ-ㄉㄧˋ-ㄙ-ㄕㄡˋ	黑帝斯獸	-6.60980192	acg
ㄏㄟ-ㄨˋ-ㄎㄨㄥ	黑悟空	-7.04116568	acg
ㄏㄟ-ㄙ-ㄌㄚ	黑斯拉	-7.04116568	acg
ㄏㄟ-ㄢˋ-ㄍㄨㄤ-ㄙㄨˋ-ㄆㄠˋ	黑暗光速砲	-6.17843815	acg
ㄏㄟ-ㄢˋ-ㄍㄨㄥ-ㄐㄩㄝˊ	黑暗公爵	-6.60980192	acg
ㄏㄟ-ㄢˋ-ㄊㄧㄢ-ㄕˇ	黑暗天使	-6.60980192	acg
ㄏㄟ-ㄢˋ-ㄑㄧㄤˊ-ㄌㄧˋ-ㄧㄣ-ㄅㄛ	黑暗強力音波	-5.74707439	acg
ㄏㄟ-ㄢˋ-ㄓㄢˋ-ㄉㄡˋ-ㄅㄠˋ-ㄌㄨㄥˊ-ㄕㄡˋ	黑暗戰鬥暴龍獸	-5.74707439	acg
ㄏㄟ-ㄢˋ-ㄐㄧㄠˋ-ㄓㄤˇ	黑暗教長	-6.60980192	acg
ㄏㄟ-ㄢˋ-ㄧㄡˊ-ㄑㄧˊ-ㄅㄧㄥ	黑暗游騎兵	-6.17843815	acg
ㄏㄟ-ㄢˋ-ㄨˋ-ㄓˊ	黑暗物質	-6.60980192	acg
ㄏㄟ-ㄢˋ-ㄨˋ-ㄓˊ-ㄒㄧㄥˊ-ㄋㄥˊ-ㄊㄧㄢ-ㄕˇ-ㄍㄤ-ㄉㄢˋ	黑暗物質型能天使鋼彈	-5.74707439	acg
ㄏㄟ-ㄢˋ-ㄕㄣˊ-ㄇㄧㄠˋ	黑暗神廟	-6.60980192	acg
ㄏㄟ-ㄢˋ-ㄕㄥˋ-ㄉㄧㄢˋ	黑暗聖殿	-6.60980192	acg
ㄏㄟ-ㄢˋ-ㄒㄧ-ㄧˋ-ㄕㄡˋ	黑暗蜥蜴獸	-6.17843815	acg
ㄏㄟ-ㄢˋ-ㄒㄩㄣˋ-ㄩˋ-ㄕ	黑暗訓育師	-6.17843815	acg
ㄏㄟ-ㄢˋ-ㄎㄞˇ-ㄌㄨㄥˊ-ㄕㄡˋ	黑暗鎧龍獸	-6.17843815	acg
ㄏㄟ-ㄢˋ-ㄌㄧㄥˊ-ㄏㄨㄣˊ	黑暗靈魂	-6.60980192	acg
ㄏㄟ-ㄢˋ-ㄌㄧㄥˇ-ㄓㄨˇ	黑暗領主	-6.60980192	acg
ㄏㄟ-ㄢˋ-ㄌㄧㄥˇ-ㄩˋ	黑暗領域	-6.60980192	acg
ㄏㄟ-ㄢˋ-ㄑㄧˊ-ㄕˋ	黑暗騎士	-6.60980192	acg
ㄏㄟ-ㄢˋ-ㄑㄧˊ-ㄕˋ-ㄍㄨㄟ-ㄌㄞˊ	黑暗騎士歸來	-5.74707439	acg
ㄏㄟ-ㄢˋ-ㄉㄧㄢˇ-ㄒㄧㄣ	黑暗點心	-6.60980192	acg
ㄏㄟ-ㄧㄠˋ-ㄕˊ-ㄒㄧㄤˋ	黑曜石像	-6.60980192	acg
ㄏㄟ-ㄧㄠˋ-ㄕㄥˋ-ㄙㄨㄛˇ	黑曜聖所	-6.60980192	acg
ㄏㄟ-ㄕㄨ	黑書	-7.17149945	acg
ㄏㄟ-ㄇㄨˋ-ㄧㄤˊ-ㄇㄟˇ	黑木洋美	-6.60980192	acg
ㄏㄟ-ㄊㄠˊ-ㄏㄞˇ-ㄗㄟˊ-ㄊㄨㄢˊ	黑桃海賊團	-6.17843815	acg
ㄏㄟ-ㄡ-ㄎㄜˋ	黑歐克	-7.04116568	acg
ㄏㄟ-ㄅㄧˇ	黑比	-7.17149945	acg
ㄏㄟ-ㄉㄨㄥˋ-ㄒㄧㄥ-ㄖㄣˊ	黑洞星人	-6.60980192	acg
ㄏㄟ-ㄔㄠˊ-ㄗㄨㄥˇ-ㄙ	黑潮總司	-6.60980192	acg
ㄏㄟ-ㄧㄢ-ㄌㄨㄥˊ	黑煙龍	-7.04116568	acg
ㄏㄟ-ㄔˋ-ㄊㄧㄢ-ㄕˇ-ㄕㄡˋ	黑熾天使獸	-6.17843815	acg
ㄏㄟ-ㄕ-ㄕㄡˋ	黑獅獸	-7.04116568	acg
ㄏㄟ-ㄒㄩㄢˊ-ㄋㄟˋ	黑玄內	-7.04116568	acg
ㄏㄟ-ㄇㄟˊ-ㄍㄨㄟ	黑玫瑰	-7.04116568	acg
ㄏㄟ-ㄊㄧㄢˊ-ㄐㄧㄡˇ-ㄋㄞˇ	黑田久乃	-6.60980192	acg
ㄏㄟ-ㄊㄧㄢˊ-ㄌㄧㄡˊ-ㄇㄟˇ-ㄗˇ	黑田留美子	-6.17843815	acg
ㄏㄟ-ㄊㄧㄢˊ-ㄇㄠˋ	黑田茂	-7.04116568	acg
ㄏㄟ-ㄏㄨㄚˋ-ㄇㄧㄢˋ	黑畫面	-7.04116568	acg
ㄏㄟ-ㄅㄞˊ-ㄕㄨㄤ-ㄕㄚˋ	黑白雙煞	-6.60980192	acg
ㄏㄟ-ㄕˊ-ㄗㄨˊ-ㄉㄚˋ-ㄏㄨㄣˋ-ㄓㄢˋ	黑石族大混戰	-5.74707439	acg
ㄏㄟ-ㄕˊ-ㄉㄨㄥˋ-ㄒㄩㄝˋ	黑石洞穴	-6.60980192	acg
ㄏㄟ-ㄕㄣˊ-ㄉㄚˋ-ㄋㄢˊ	黑神大男	-6.60980192	acg
ㄏㄟ-ㄕㄣˊ-ㄍㄨㄛ-ㄔㄨㄢˊ-ㄑㄧˊ	黑神鍋傳奇	-6.17843815	acg
ㄏㄟ-ㄩˇ-ㄑㄧㄢ-ㄧㄥˇ	黑羽千影	-6.60980192	acg
ㄏㄟ-ㄩˇ-ㄎㄨㄞˋ-ㄉㄡˇ	黑羽快斗	-6.60980192	acg
ㄏㄟ-ㄩˇ-ㄉㄠˋ-ㄧ	黑羽盜一	-6.60980192	acg
ㄏㄟ-ㄩˇ-ㄇㄟˇ-ㄕㄚ	黑羽美砂	-6.60980192	acg
ㄏㄟ-ㄧˋ-ㄒㄧㄢˋ-ㄎㄨ	黑翼陷窟	-6.60980192	acg
ㄏㄟ-ㄔㄨㄢˊ-ㄔㄨㄢˊ-ㄑㄧˊ	黑船傳奇	-6.60980192	acg
ㄏㄟ-ㄙㄜˋ-ㄍㄨㄤ-ㄒㄧㄢˋ	黑色光線	-6.60980192	acg
ㄏㄟ-ㄙㄜˋ-ㄓㄢˋ-ㄕㄣˊ	黑色戰神	-6.60980192	acg
ㄏㄟ-ㄙㄜˋ-ㄒㄩㄢˋ-ㄈㄥ	黑色旋風	-6.60980192	acg
ㄏㄟ-ㄙㄜˋ-ㄔˋ-ㄅㄤˇ	黑色翅膀	-6.60980192	acg
ㄏㄟ-ㄙㄜˋ-ㄒㄧ-ㄓㄨㄤ-ㄖㄣˊ	黑色西裝人	-6.17843815	acg
ㄏㄟ-ㄙㄜˋ-ㄅㄧㄢ-ㄏㄣˊ	黑色鞭痕	-6.60980192	acg
ㄏㄟ-ㄙㄜˋ-ㄍㄠ-ㄉㄧˋ	黑色高地	-6.60980192	acg
ㄏㄟ-ㄙㄜˋ-ㄍㄠ-ㄉㄧˋ-ㄕˊ-ㄧㄢˋ-ㄕˋ	黑色高地實驗室	-5.74707439	acg
ㄏㄟ-ㄙㄜˋ-ㄍㄠ-ㄉㄧˋ-ㄉㄨㄥ-ㄓㄢˋ	黑色高地東站	-5.74707439	acg
ㄏㄟ-ㄏㄨㄚ-ㄑㄧˋ-ㄩㄝ-ㄓㄜˇ	黑花契約者	-6.17843815	acg
ㄏㄟ-ㄈㄨˊ-ㄈㄣˋ	黑蝠鱝	-7.04116568	acg
ㄏㄟ-ㄐㄧㄝ-ㄉㄚˇ-ㄕㄡˇ	黑街打手	-6.60980192	acg
ㄏㄟ-ㄐㄧㄝ-ㄕㄥˋ-ㄊㄨˊ	黑街聖徒	-6.60980192	acg
ㄏㄟ-ㄅㄠˋ-ㄔㄨㄢˊ-ㄑㄧˊ	黑豹傳奇	-6.60980192	acg
ㄏㄟ-ㄉㄚˊ-ㄎㄜˋ	黑達克	-7.04116568	acg
ㄏㄟ-ㄧㄣˊ-ㄐㄧㄝˊ-ㄌㄨㄛˋ	黑銀傑洛	-6.60980192	acg
ㄏㄟ-ㄊㄧㄝˇ-ㄊㄨㄢˊ	黑鐵團	-7.04116568	acg
ㄏㄟ-ㄍㄨㄢ	黑關	-7.17149945	acg
ㄏㄟ-ㄧㄤˊ-ㄖˋ	黑陽日	-7.04116568	acg
ㄏㄟ-ㄨˋ	黑霧	-7.17149945	acg
ㄏㄟ-ㄑㄧˊ-ㄕˋ-ㄅㄠˋ-ㄈㄥ-ㄕㄣˊ-ㄒㄧㄠˇ-ㄉㄨㄟˋ-ㄐㄧ	黑騎士暴風神小隊機	-5.74707439	acg
ㄏㄟ-ㄑㄧˊ-ㄕˋ-ㄆㄛˋ-ㄏㄨㄞˋ-ㄕㄣˊ-ㄒㄧㄠˇ-ㄉㄨㄟˋ-ㄐㄧ	黑騎士破壞神小隊機	-5.74707439	acg
ㄏㄟ-ㄇㄟˋ-ㄇㄛˊ	黑魅魔	-7.04116568	acg
ㄏㄟ-ㄇㄛˊ	黑魔	-7.17149945	acg
ㄏㄟ-ㄇㄛˊ-ㄉㄠˋ	黑魔道	-7.04116568	acg
ㄏㄟ-ㄧㄥ-ㄕㄡˋ	黑鷹獸	-7.04116568	acg
ㄏㄟ-ㄧㄥ-ㄐㄧˋ-ㄏㄨㄚˋ	黑鷹計劃	-6.60980192	acg
ㄉㄞˋ-ㄦˊ	黛兒	-7.17149945	acg
ㄉㄞˋ-ㄋㄚˋ	黛娜	-7.17149945	acg
ㄉㄞˋ-ㄢ	黛安	-7.17149945	acg
ㄉㄞˋ-ㄆㄛ	黛波	-7.17149945	acg
ㄉㄞˋ-ㄆㄛ-ㄌㄚ	黛波拉	-7.04116568	acg
ㄉㄞˋ-ㄦˇ-ㄈㄣ	黛爾芬	-7.04116568	acg
ㄉㄞˋ-ㄙ	黛絲	-7.17149945	acg
ㄉㄞˋ-ㄨㄟˊ-ㄌㄞˊ-ㄉㄜˊ	黛維萊德	-6.60980192	acg
ㄉㄞˋ-ㄑㄧㄢˋ	黛茜	-7.17149945	acg
ㄉㄞˋ-ㄌㄧㄢˊ	黛蓮	-7.17149945	acg
ㄉㄞˋ-ㄒㄧ-ㄍㄨㄥ-ㄓㄨˇ	黛西公主	-6.60980192	acg
ㄉㄧㄢˇ-ㄒㄧㄣ-ㄋㄚˋ-ㄋㄚˋ-ㄨㄤˊ-ㄍㄨㄛˊ	點心娜娜王國	-5.74707439	acg
ㄢˋ-ㄖㄣˋ-ㄑㄧˊ-ㄕˋ-ㄊㄨㄢˊ	黯刃騎士團	-6.17843815	acg
ㄢˋ-ㄧㄥˇ-ㄓ-ㄒㄧㄣ	黯影之心	-6.60980192	acg
ㄢˋ-ㄧㄥˇ-ㄇㄧˊ-ㄓㄡˋ	黯影謎咒	-6.60980192	acg
ㄢˋ-ㄉㄢˋ-ㄑㄧˊ-ㄕˋ	黯淡騎士	-6.60980192	acg
ㄕㄨˇ-ㄉㄢˇ-ㄇㄧㄠˋ-ㄙㄨㄢˋ	鼠膽妙算	-6.60980192	acg
ㄕㄨˇ-ㄅㄟˋ-ㄒㄧㄠˇ-ㄔㄥˊ	鼠輩小城	-6.60980192	acg
ㄕㄨˇ-ㄅㄟˋ-ㄍㄨㄞˋ-ㄉㄠˋ	鼠輩怪盜	-6.60980192	acg
ㄅㄧˊ-ㄕˇ-ㄕㄡˋ	鼻屎獸	-7.04116568	acg
ㄑㄧˊ-ㄌㄜˋ-ㄙ	齊勒斯	-7.04116568	acg
ㄑㄧˊ-ㄊㄧㄢ-ㄨˋ-ㄎㄨㄥ-ㄕㄡˋ	齊天悟空獸	-6.17843815	acg
ㄑㄧˊ-ㄑㄧㄚˋ-ㄌㄨㄥˊ	齊恰龍	-7.04116568	acg
ㄑㄧˊ-ㄍㄜˊ	齊格	-7.17149945	acg
ㄑㄧˊ-ㄍㄜˊ-ㄈㄨˊ-ㄌㄧˇ-ㄉㄜˊ	齊格弗里德	-6.17843815	acg
ㄑㄧˊ-ㄦˇ	齊爾	-7.17149945	acg
ㄑㄧˊ-ㄦˇ-ㄇㄥˊ-ㄍㄜˊ	齊爾蒙格	-6.60980192	acg
ㄑㄧˊ-ㄌㄧˇ-ㄢ	齊禮安	-7.04116568	acg
ㄑㄧˊ-ㄇㄛˋ	齊莫	-7.17149945	acg
ㄑㄧˊ-ㄊㄥˊ-ㄧㄤˊ-ㄗˇ	齊藤洋子	-6.60980192	acg
ㄑㄧˊ-ㄌㄨˇ-ㄉㄜˊ	齊魯德	-7.04116568	acg
ㄔˇ-ㄌㄨㄣˊ-ㄒㄧˋ-ㄌㄧㄝˋ	齒輪系列	-6.60980192	acg
ㄌㄨㄥˊ-ㄖㄣˊ	龍人	-7.17149945	acg
ㄌㄨㄥˊ-ㄗˇ-ㄕㄡˋ	龍仔獸	-7.04116568	acg
ㄌㄨㄥˊ-ㄩㄢˊ	龍圓	-7.17149945	acg
ㄌㄨㄥˊ-ㄔㄥˊ-ㄇㄧㄥˊ-ㄖˋ-ㄒㄧㄤ	龍城明日香	-6.17843815	acg
ㄌㄨㄥˊ-ㄊㄞˋ-ㄌㄨㄛˋ-ㄙ	龍太洛斯	-6.60980192	acg
ㄌㄨㄥˊ-ㄑㄧˊ	龍奇	-7.17149945	acg
ㄌㄨㄥˊ-ㄍㄨㄥ-ㄐㄧ-ㄗˇ	龍宮姬子	-6.60980192	acg
ㄌㄨㄥˊ-ㄍㄨㄥ-ㄩㄢˋ-ㄕㄥˋ-ㄗㄞ	龍宮院聖哉	-6.17843815	acg
ㄌㄨㄥˊ-ㄅㄠˇ	龍寶	-7.17149945	acg
ㄌㄨㄥˊ-ㄑㄧˊ-ㄋㄨˇ	龍崎努	-7.04116568	acg
ㄌㄨㄥˊ-ㄑㄧˊ-ㄌㄧㄥˊ	龍崎怜	-7.04116568	acg
ㄌㄨㄥˊ-ㄑㄧˊ-ㄒㄩㄣ	龍崎薰	-7.04116568	acg
ㄌㄨㄥˊ-ㄔㄥˊ-ㄨㄤˇ-ㄌㄨˋ	龍成網路	-6.60980192	acg
ㄌㄨㄥˊ-ㄐㄩㄢˇ-ㄈㄥ-ㄖㄡˊ-ㄖㄡˊ	龍捲風柔柔	-6.17843815	acg
ㄌㄨㄥˊ-ㄉㄡˇ	龍斗	-7.17149945	acg
ㄌㄨㄥˊ-ㄗㄨˊ-ㄔㄨㄢˊ-ㄕㄨㄛ	龍族傳說	-6.60980192	acg
ㄌㄨㄥˊ-ㄗㄨˊ-ㄆㄧㄣ-ㄊㄨˊ	龍族拼圖	-6.60980192	acg
ㄌㄨㄥˊ-ㄗㄨˊ-ㄐㄧㄠˋ-ㄧˋ	龍族教義	-6.60980192	acg
ㄌㄨㄥˊ-ㄓㄨㄚˇ-ㄍㄤ-ㄉㄢˋ	龍爪鋼彈	-6.60980192	acg
ㄌㄨㄥˊ-ㄧㄝˊ	龍爺	-7.17149945	acg
ㄌㄨㄥˊ-ㄧㄚˊ	龍牙	-7.17149945	acg
ㄌㄨㄥˊ-ㄧㄚˊ-ㄖㄣˋ	龍牙刃	-7.04116568	acg
ㄌㄨㄥˊ-ㄉㄜ˙-ㄒㄩㄣˊ-ㄑㄧㄡˊ	龍的尋求	-6.60980192	acg
ㄌㄨㄥˊ-ㄇㄧㄢˊ-ㄒㄧㄝˊ-ㄊㄧㄠˊ-ㄓㄜˇ	龍眠協調者	-6.17843815	acg
ㄌㄨㄥˊ-ㄕㄜˊ-ㄌㄢˊ-ㄓ-ㄌㄤˊ	龍舌蘭之狼	-6.17843815	acg
ㄌㄨㄥˊ-ㄕㄜˊ-ㄕㄡˋ	龍蛇獸	-7.04116568	acg
ㄌㄨㄥˊ-ㄒㄧㄚ-ㄕㄡˋ	龍蝦獸	-7.04116568	acg
ㄌㄨㄥˊ-ㄚ-ㄔㄚˊ	龍阿茶	-7.04116568	acg
ㄌㄨㄥˊ-ㄍㄨˇ-ㄓ-ㄈㄨˇ	龍骨之斧	-6.60980192	acg
ㄌㄨㄥˊ-ㄍㄨˇ-ㄈㄨˇ	龍骨斧	-7.04116568	acg
ㄌㄨㄥˊ-ㄉㄡˋ-ㄑㄧㄡˊ-ㄌㄧㄢˊ-ㄇㄥˊ	龍鬥球聯盟	-6.17843815	acg
ㄌㄨㄥˊ-ㄏㄨㄣˊ	龍魂	-7.17149945	acg
ㄌㄨㄥˊ-ㄇㄛˊ-ㄉㄠˇ-ㄕˋ	龍魔導士	-6.60980192	acg
ㄌㄨㄥˊ-ㄌㄨㄥˊ-ㄩˇ-ㄓㄨㄥ-ㄍㄡˇ	龍龍與忠狗	-6.17843815	acg
ㄆㄤˊ-ㄎㄜˋ-ㄏㄚ-ㄙㄚˋ-ㄊㄜˋ	龐克哈薩特	-6.17843815	acg
ㄆㄤˊ-ㄎㄜˋ-ㄓ-ㄓㄨ-ㄖㄣˊ	龐克蜘蛛人	-6.17843815	acg
ㄆㄤˊ-ㄉㄚˋ-ㄍㄨˇ-ㄞ	龐大古埃	-6.60980192	acg
ㄆㄤˊ-ㄇㄨˇ	龐姆	-7.17149945	acg
ㄆㄤˊ-ㄉㄜˊ-ㄕㄤˋ-ㄒㄧㄠˋ	龐德上校	-6.60980192	acg
ㄆㄤˊ-ㄍㄜˊ	龐格	-7.17149945	acg
ㄍㄨㄥ-ㄊㄜˋ-ㄨㄤˊ	龔特王	-7.04116568	acg
ㄍㄨㄟ-ㄐㄧㄥˇ-ㄌㄧㄡˋ-ㄌㄤˊ	龜井六郎	-6.60980192	acg
ㄍㄨㄟ-ㄐㄧㄥˇ-ㄒㄧㄣ-ㄓ-ㄓㄨˋ	龜井新之助	-6.17843815	acg
ㄍㄨㄟ-ㄐㄧㄥˇ-ㄓㄥˋ-ㄓˋ	龜井正志	-6.60980192	acg
ㄍㄨㄟ-ㄧㄚˇ-ㄇㄨˇ	龜亞姆	-7.04116568	acg
ㄍㄨㄟ-ㄆㄞˋ-ㄑㄧˋ-ㄍㄨㄥ	龜派氣功	-6.60980192	acg
ㄍㄨㄟ-ㄊㄡˊ-ㄜˋ-ㄌㄧㄥˊ	龜頭惡靈	-6.60980192	acg
ㄍㄨㄟ-ㄍㄨㄟ	龜龜	-7.17149945	acg
